ISO-10303-21;
HEADER;
FILE_DESCRIPTION (( 'STEP AP214' ),
    '1' );
FILE_NAME ('fin_asm2.STEP',
    '2026-03-12T12:02:00',
    ( '' ),
    ( '' ),
    'SwSTEP 2.0',
    'SolidWorks 2023',
    '' );
FILE_SCHEMA (( 'AUTOMOTIVE_DESIGN' ));
ENDSEC;

DATA;
#1 = VECTOR ( 'NONE', #5256, 1000.000000000000000 ) ;
#2 = LINE ( 'NONE', #3475, #4867 ) ;
#3 = CARTESIAN_POINT ( 'NONE',  ( 23.59999999999999432, 0.000000000000000000, 0.1499999999999999944 ) ) ;
#4 = CIRCLE ( 'NONE', #3113, 6.049999999999999822 ) ;
#5 = ORIENTED_EDGE ( 'NONE', *, *, #344, .F. ) ;
#6 = ORIENTED_EDGE ( 'NONE', *, *, #891, .F. ) ;
#7 = DIRECTION ( 'NONE',  ( -1.000000000000000000, -0.000000000000000000, -0.000000000000000000 ) ) ;
#8 = ORIENTED_EDGE ( 'NONE', *, *, #2559, .T. ) ;
#9 = VECTOR ( 'NONE', #3222, 1000.000000000000000 ) ;
#10 = LINE ( 'NONE', #5331, #2886 ) ;
#11 = CARTESIAN_POINT ( 'NONE',  ( 1.500000000000002220, -2.763066821399118744, 7.121905987407648020 ) ) ;
#12 = EDGE_LOOP ( 'NONE', ( #3879, #1377, #3027, #5818 ) ) ;
#13 = CIRCLE ( 'NONE', #6233, 3.500000000000003109 ) ;
#14 = DIRECTION ( 'NONE',  ( -0.000000000000000000, -0.000000000000000000, -1.000000000000000000 ) ) ;
#15 = FACE_OUTER_BOUND ( 'NONE', #1544, .T. ) ;
#16 = EDGE_LOOP ( 'NONE', ( #1400, #5452, #904, #3929, #2256 ) ) ;
#17 = DIRECTION ( 'NONE',  ( -1.000000000000000000, 0.000000000000000000, 1.577021341797097807E-16 ) ) ;
#18 = ORIENTED_EDGE ( 'NONE', *, *, #6035, .T. ) ;
#19 = CARTESIAN_POINT ( 'NONE',  ( 0.000000000000000000, 7.100000000000003197, 9.000000000000001776 ) ) ;
#20 = CARTESIAN_POINT ( 'NONE',  ( -47.19999999999999574, 5.500000000000000000, 24.72882059609970895 ) ) ;
#21 = CARTESIAN_POINT ( 'NONE',  ( 29.59999999999999787, 2.318934680004526516, 8.696122236369051350 ) ) ;
#22 = PLANE ( 'NONE',  #2476 ) ;
#23 = CARTESIAN_POINT ( 'NONE',  ( -8.827416997969503853, 29.50000000000000000, 0.000000000000000000 ) ) ;
#24 = ADVANCED_FACE ( 'NONE', ( #922 ), #3497, .T. ) ;
#25 = CARTESIAN_POINT ( 'NONE',  ( 22.10000000000000142, 8.100000000000003197, -7.450000000000001066 ) ) ;
#26 = DIRECTION ( 'NONE',  ( 0.000000000000000000, 7.112366251504907509E-15, -1.000000000000000000 ) ) ;
#27 = ORIENTED_EDGE ( 'NONE', *, *, #1397, .F. ) ;
#28 = ADVANCED_FACE ( 'NONE', ( #2346 ), #5863, .F. ) ;
#29 = ORIENTED_EDGE ( 'NONE', *, *, #3925, .T. ) ;
#30 = ADVANCED_FACE ( 'NONE', ( #5414 ), #2936, .F. ) ;
#31 = AXIS2_PLACEMENT_3D ( 'NONE', #5445, #5897, #3881 ) ;
#32 = LINE ( 'NONE', #5637, #307 ) ;
#33 = DIRECTION ( 'NONE',  ( 1.000000000000000000, 0.000000000000000000, 0.000000000000000000 ) ) ;
#34 = CARTESIAN_POINT ( 'NONE',  ( 1.500000000000001554, 1.030637635557567044, 3.864943216164022477 ) ) ;
#35 = EDGE_LOOP ( 'NONE', ( #864, #2008, #1819, #1206 ) ) ;
#36 = ORIENTED_EDGE ( 'NONE', *, *, #1519, .T. ) ;
#37 = CARTESIAN_POINT ( 'NONE',  ( 36.59999999999999432, 1.030637635557567044, 3.864943216164022477 ) ) ;
#38 = ADVANCED_FACE ( 'NONE', ( #2449 ), #3399, .F. ) ;
#39 = VERTEX_POINT ( 'NONE', #3954 ) ;
#40 = VECTOR ( 'NONE', #1757, 1000.000000000000000 ) ;
#41 = LINE ( 'NONE', #3903, #1636 ) ;
#42 = CARTESIAN_POINT ( 'NONE',  ( 1.500000000000000000, 0.000000000000000000, 4.000000000000000000 ) ) ;
#43 = AXIS2_PLACEMENT_3D ( 'NONE', #2050, #173, #4980 ) ;
#44 = ORIENTED_EDGE ( 'NONE', *, *, #654, .T. ) ;
#45 = DIRECTION ( 'NONE',  ( -1.000000000000000000, -0.000000000000000000, -0.000000000000000000 ) ) ;
#46 = CARTESIAN_POINT ( 'NONE',  ( 15.20000000000000284, 23.75000000000000355, -6.250000000000000888 ) ) ;
#47 = ORIENTED_EDGE ( 'NONE', *, *, #568, .T. ) ;
#48 = AXIS2_PLACEMENT_3D ( 'NONE', #23, #1537, #5449 ) ;
#49 = DIRECTION ( 'NONE',  ( 0.000000000000000000, -1.162264728904460753E-14, -1.000000000000000000 ) ) ;
#50 = ORIENTED_EDGE ( 'NONE', *, *, #3203, .T. ) ;
#51 = LINE ( 'NONE', #3463, #1935 ) ;
#52 = CARTESIAN_POINT ( 'NONE',  ( -6.799999999999999822, 6.999999999999999112, 2.650000000000000799 ) ) ;
#53 = DIRECTION ( 'NONE',  ( 0.000000000000000000, 1.000000000000000000, 1.294569758191647155E-16 ) ) ;
#54 = CIRCLE ( 'NONE', #3054, 5.000000000000000888 ) ;
#55 = DIRECTION ( 'NONE',  ( -3.273063162220390819E-16, -0.000000000000000000, -1.000000000000000000 ) ) ;
#56 = DIRECTION ( 'NONE',  ( 1.000000000000000000, 0.000000000000000000, 0.000000000000000000 ) ) ;
#57 = VECTOR ( 'NONE', #609, 1000.000000000000000 ) ;
#58 = DIRECTION ( 'NONE',  ( 0.000000000000000000, 0.000000000000000000, 1.000000000000000000 ) ) ;
#59 = CARTESIAN_POINT ( 'NONE',  ( 23.59999999999999432, -10.60302848086181804, -13.13818223212012626 ) ) ;
#60 = CARTESIAN_POINT ( 'NONE',  ( 13.80000000000000249, 9.000000000000007105, 0.000000000000000000 ) ) ;
#61 = VERTEX_POINT ( 'NONE', #5930 ) ;
#62 = AXIS2_PLACEMENT_3D ( 'NONE', #4091, #5122, #2685 ) ;
#63 = ORIENTED_EDGE ( 'NONE', *, *, #6108, .T. ) ;
#64 = ADVANCED_FACE ( 'NONE', ( #987 ), #5478, .F. ) ;
#65 = AXIS2_PLACEMENT_3D ( 'NONE', #3623, #6191, #3171 ) ;
#66 = CARTESIAN_POINT ( 'NONE',  ( 22.10000000000000142, 7.100000000000003197, 8.999999999999998224 ) ) ;
#67 = LINE ( 'NONE', #3934, #1701 ) ;
#68 = DIRECTION ( 'NONE',  ( 0.000000000000000000, 0.000000000000000000, -1.000000000000000000 ) ) ;
#69 = EDGE_CURVE ( 'NONE', #382, #3961, #3659, .T. ) ;
#70 = ORIENTED_EDGE ( 'NONE', *, *, #4281, .T. ) ;
#71 = CARTESIAN_POINT ( 'NONE',  ( 37.59999999999999432, 8.572527594031474176E-16, -6.850000000000002309 ) ) ;
#72 = ORIENTED_EDGE ( 'NONE', *, *, #3602, .T. ) ;
#73 = AXIS2_PLACEMENT_3D ( 'NONE', #751, #2731, #4327 ) ;
#74 = EDGE_CURVE ( 'NONE', #839, #1815, #4497, .T. ) ;
#75 = EDGE_CURVE ( 'NONE', #5861, #5093, #5106, .T. ) ;
#76 = LINE ( 'NONE', #2047, #2369 ) ;
#77 = DIRECTION ( 'NONE',  ( 1.000000000000000000, 0.000000000000000000, 0.000000000000000000 ) ) ;
#78 = CIRCLE ( 'NONE', #5773, 7.000000000000000888 ) ;
#79 = VERTEX_POINT ( 'NONE', #180 ) ;
#80 = EDGE_CURVE ( 'NONE', #4856, #260, #529, .T. ) ;
#81 = PLANE ( 'NONE',  #43 ) ;
#82 = DIRECTION ( 'NONE',  ( -1.000000000000000000, -0.000000000000000000, -0.000000000000000000 ) ) ;
#83 = ORIENTED_EDGE ( 'NONE', *, *, #974, .F. ) ;
#84 = AXIS2_PLACEMENT_3D ( 'NONE', #96, #5486, #2976 ) ;
#85 = EDGE_CURVE ( 'NONE', #1815, #1127, #2546, .T. ) ;
#86 = CARTESIAN_POINT ( 'NONE',  ( 13.60000000000000497, 29.50000000000000711, 0.000000000000000000 ) ) ;
#87 = ORIENTED_EDGE ( 'NONE', *, *, #5353, .T. ) ;
#88 = CARTESIAN_POINT ( 'NONE',  ( 0.000000000000000000, 29.50000000000000000, 8.999999999999998224 ) ) ;
#89 = CARTESIAN_POINT ( 'NONE',  ( 23.59999999999999432, 1.030637635557567044, 8.864943216164022033 ) ) ;
#90 = PLANE ( 'NONE',  #4027 ) ;
#91 = AXIS2_PLACEMENT_3D ( 'NONE', #6254, #4857, #2385 ) ;
#92 = CARTESIAN_POINT ( 'NONE',  ( 22.10000000000000142, 6.803368632346540323E-15, 8.999999999999998224 ) ) ;
#93 = CARTESIAN_POINT ( 'NONE',  ( 20.59999999999999787, -10.60302848086181804, -13.13818223212012626 ) ) ;
#94 = LINE ( 'NONE', #2093, #882 ) ;
#95 = AXIS2_PLACEMENT_3D ( 'NONE', #3548, #1651, #1191 ) ;
#96 = CARTESIAN_POINT ( 'NONE',  ( 31.59999999999999787, 0.000000000000000000, 0.1499999999999999944 ) ) ;
#97 = DIRECTION ( 'NONE',  ( -1.000000000000000000, -0.000000000000000000, -0.000000000000000000 ) ) ;
#98 = VERTEX_POINT ( 'NONE', #89 ) ;
#99 = ORIENTED_EDGE ( 'NONE', *, *, #2807, .T. ) ;
#100 = VECTOR ( 'NONE', #531, 1000.000000000000000 ) ;
#101 = CARTESIAN_POINT ( 'NONE',  ( 1.500000000000000000, 0.000000000000000000, 0.1499999999999999944 ) ) ;
#102 = CARTESIAN_POINT ( 'NONE',  ( 1.500000000000002220, -2.763066821399118744, 7.121905987407648020 ) ) ;
#103 = CIRCLE ( 'NONE', #3941, 9.000000000000000000 ) ;
#104 = ORIENTED_EDGE ( 'NONE', *, *, #2684, .F. ) ;
#105 = CARTESIAN_POINT ( 'NONE',  ( 24.59999999999999787, 0.000000000000000000, 0.000000000000000000 ) ) ;
#106 = EDGE_LOOP ( 'NONE', ( #3366, #2885, #5120, #1209 ) ) ;
#107 = CIRCLE ( 'NONE', #6220, 7.000000000000000888 ) ;
#108 = LINE ( 'NONE', #4065, #4561 ) ;
#109 = ORIENTED_EDGE ( 'NONE', *, *, #4881, .F. ) ;
#110 = DIRECTION ( 'NONE',  ( -1.000000000000000000, -0.000000000000000000, -0.000000000000000000 ) ) ;
#111 = FACE_BOUND ( 'NONE', #1700, .T. ) ;
#112 = CIRCLE ( 'NONE', #930, 7.000000000000000888 ) ;
#113 = ORIENTED_EDGE ( 'NONE', *, *, #4987, .F. ) ;
#114 = EDGE_CURVE ( 'NONE', #5613, #4801, #597, .T. ) ;
#115 = ADVANCED_FACE ( 'NONE', ( #4108 ), #1048, .F. ) ;
#116 = DIRECTION ( 'NONE',  ( -1.000000000000000000, -0.000000000000000000, -0.000000000000000000 ) ) ;
#117 = ORIENTED_EDGE ( 'NONE', *, *, #2092, .F. ) ;
#118 = DIRECTION ( 'NONE',  ( 0.000000000000000000, -1.000000000000000000, 1.294569758191647155E-16 ) ) ;
#119 = CARTESIAN_POINT ( 'NONE',  ( 1.500000000000001554, 1.030637635557567044, 3.864943216164022477 ) ) ;
#120 = LINE ( 'NONE', #3584, #6219 ) ;
#121 = CARTESIAN_POINT ( 'NONE',  ( 24.10000000000000497, 29.50000000000000000, -8.999999999999998224 ) ) ;
#122 = CARTESIAN_POINT ( 'NONE',  ( 29.59999999999999787, 0.000000000000000000, 0.1499999999999999944 ) ) ;
#123 = EDGE_CURVE ( 'NONE', #3963, #1312, #5317, .T. ) ;
#124 = DIRECTION ( 'NONE',  ( 0.000000000000000000, 0.000000000000000000, -1.000000000000000000 ) ) ;
#125 = DIRECTION ( 'NONE',  ( -1.000000000000000000, -0.000000000000000000, -0.000000000000000000 ) ) ;
#126 = DIRECTION ( 'NONE',  ( 0.000000000000000000, -1.000000000000000000, -0.000000000000000000 ) ) ;
#127 = ORIENTED_EDGE ( 'NONE', *, *, #2567, .T. ) ;
#128 = EDGE_LOOP ( 'NONE', ( #1353, #2245, #6037, #4060, #2623, #4982 ) ) ;
#129 = FACE_OUTER_BOUND ( 'NONE', #5534, .T. ) ;
#130 = LINE ( 'NONE', #102, #6406 ) ;
#131 = ORIENTED_EDGE ( 'NONE', *, *, #2641, .T. ) ;
#132 = LINE ( 'NONE', #2656, #763 ) ;
#133 = ORIENTED_EDGE ( 'NONE', *, *, #3519, .F. ) ;
#134 = DIRECTION ( 'NONE',  ( 0.000000000000000000, 0.000000000000000000, -1.000000000000000000 ) ) ;
#135 = CARTESIAN_POINT ( 'NONE',  ( 25.59999999999999787, 0.000000000000000000, 7.150000000000002132 ) ) ;
#136 = ORIENTED_EDGE ( 'NONE', *, *, #1673, .T. ) ;
#137 = DIRECTION ( 'NONE',  ( -1.000000000000000000, -0.000000000000000000, -0.000000000000000000 ) ) ;
#138 = CARTESIAN_POINT ( 'NONE',  ( 21.59999999999999787, 0.000000000000000000, 0.000000000000000000 ) ) ;
#139 = VECTOR ( 'NONE', #5986, 1000.000000000000000 ) ;
#140 = VERTEX_POINT ( 'NONE', #52 ) ;
#141 = CIRCLE ( 'NONE', #4708, 7.000000000000000888 ) ;
#142 = ADVANCED_FACE ( 'NONE', ( #630 ), #1625, .F. ) ;
#143 = CARTESIAN_POINT ( 'NONE',  ( 34.60000000000000142, 1.030637635557567044, 3.864943216164022477 ) ) ;
#144 = ORIENTED_EDGE ( 'NONE', *, *, #3174, .F. ) ;
#145 = DIRECTION ( 'NONE',  ( -1.278665952808456908E-16, 1.000000000000000000, -0.000000000000000000 ) ) ;
#146 = DIRECTION ( 'NONE',  ( 1.000000000000000000, 0.000000000000000000, -0.000000000000000000 ) ) ;
#147 = DIRECTION ( 'NONE',  ( -1.000000000000000000, -0.000000000000000000, -0.000000000000000000 ) ) ;
#148 = DIRECTION ( 'NONE',  ( 0.000000000000000000, 0.000000000000000000, -1.000000000000000000 ) ) ;
#149 = DIRECTION ( 'NONE',  ( 0.000000000000000000, -1.000000000000000000, 0.000000000000000000 ) ) ;
#150 = EDGE_CURVE ( 'NONE', #1509, #3204, #2521, .T. ) ;
#151 = VECTOR ( 'NONE', #1796, 1000.000000000000000 ) ;
#152 = SHAPE_REPRESENTATION ( 'fin_asm2', ( #3015, #6341, #3637 ), #5813 ) ;
#153 = APPLICATION_CONTEXT ( 'automotive_design' ) ;
#154 = EDGE_CURVE ( 'NONE', #4773, #39, #6089, .T. ) ;
#155 = CIRCLE ( 'NONE', #2737, 7.000000000000000888 ) ;
#156 = ADVANCED_FACE ( 'NONE', ( #4534 ), #5109, .T. ) ;
#157 = LINE ( 'NONE', #1598, #1607 ) ;
#158 = VERTEX_POINT ( 'NONE', #3583 ) ;
#159 = DIRECTION ( 'NONE',  ( 0.000000000000000000, 0.000000000000000000, 1.000000000000000000 ) ) ;
#160 = DIRECTION ( 'NONE',  ( 1.000000000000000000, 0.000000000000000000, 0.000000000000000000 ) ) ;
#161 = EDGE_CURVE ( 'NONE', #98, #1792, #3162, .T. ) ;
#162 = ORIENTED_EDGE ( 'NONE', *, *, #2194, .F. ) ;
#163 = VERTEX_POINT ( 'NONE', #6026 ) ;
#164 = CIRCLE ( 'NONE', #3778, 7.000000000000000888 ) ;
#165 = CARTESIAN_POINT ( 'NONE',  ( 1.500000000000000000, 0.000000000000000000, 7.150000000000000355 ) ) ;
#166 = DIRECTION ( 'NONE',  ( 0.000000000000000000, 1.000000000000000000, -1.858632295689441920E-15 ) ) ;
#167 = VECTOR ( 'NONE', #4674, 1000.000000000000000 ) ;
#168 = VERTEX_POINT ( 'NONE', #5570 ) ;
#169 = CARTESIAN_POINT ( 'NONE',  ( 1.500000000000000000, 8.572527594031473190E-16, -6.850000000000000533 ) ) ;
#170 = ORIENTED_EDGE ( 'NONE', *, *, #2761, .F. ) ;
#171 = CARTESIAN_POINT ( 'NONE',  ( 28.59999999999999787, 1.030637635557567044, 8.864943216164022033 ) ) ;
#172 = ORIENTED_EDGE ( 'NONE', *, *, #5144, .T. ) ;
#173 = DIRECTION ( 'NONE',  ( 1.000000000000000000, 0.000000000000000000, 0.000000000000000000 ) ) ;
#174 = DIRECTION ( 'NONE',  ( 0.000000000000000000, 0.000000000000000000, -1.000000000000000000 ) ) ;
#175 = ORIENTED_EDGE ( 'NONE', *, *, #2972, .F. ) ;
#176 = AXIS2_PLACEMENT_3D ( 'NONE', #2073, #1575, #6007 ) ;
#177 = DIRECTION ( 'NONE',  ( 0.000000000000000000, 7.112366251504907509E-15, -1.000000000000000000 ) ) ;
#178 = VERTEX_POINT ( 'NONE', #2025 ) ;
#179 = CARTESIAN_POINT ( 'NONE',  ( 29.04974746830583143, 20.25000000000000711, 6.249999999999999112 ) ) ;
#180 = CARTESIAN_POINT ( 'NONE',  ( 41.60000000000000142, -4.365952903884278591, -5.321604448520052877 ) ) ;
#181 = CARTESIAN_POINT ( 'NONE',  ( 35.60000000000000142, 0.000000000000000000, 0.1499999999999999944 ) ) ;
#182 = DIRECTION ( 'NONE',  ( -1.000000000000000000, -0.000000000000000000, -0.000000000000000000 ) ) ;
#183 = EDGE_CURVE ( 'NONE', #3600, #1118, #6048, .T. ) ;
#184 = ADVANCED_FACE ( 'NONE', ( #2117 ), #1562, .T. ) ;
#185 = DIRECTION ( 'NONE',  ( 0.000000000000000000, 0.000000000000000000, -1.000000000000000000 ) ) ;
#186 = CARTESIAN_POINT ( 'NONE',  ( 30.59999999999999432, -4.261960596893380249, 5.702989453486133620 ) ) ;
#187 = ORIENTED_EDGE ( 'NONE', *, *, #1022, .F. ) ;
#188 = FACE_OUTER_BOUND ( 'NONE', #5453, .T. ) ;
#189 = PLANE ( 'NONE',  #5485 ) ;
#190 = ORIENTED_EDGE ( 'NONE', *, *, #2889, .T. ) ;
#191 = EDGE_CURVE ( 'NONE', #5100, #2068, #5216, .T. ) ;
#192 = AXIS2_PLACEMENT_3D ( 'NONE', #3844, #2279, #6281 ) ;
#193 = EDGE_CURVE ( 'NONE', #1287, #6074, #1168, .T. ) ;
#194 = CARTESIAN_POINT ( 'NONE',  ( 25.59999999999999787, 0.000000000000000000, 0.1499999999999999944 ) ) ;
#195 = DIRECTION ( 'NONE',  ( 0.000000000000000000, 0.000000000000000000, -1.000000000000000000 ) ) ;
#196 = ORIENTED_EDGE ( 'NONE', *, *, #4268, .T. ) ;
#197 = CARTESIAN_POINT ( 'NONE',  ( 26.59999999999999787, 1.030637635557567044, 3.864943216164022477 ) ) ;
#198 = AXIS2_PLACEMENT_3D ( 'NONE', #4731, #2289, #2258 ) ;
#199 = VERTEX_POINT ( 'NONE', #1199 ) ;
#200 = EDGE_CURVE ( 'NONE', #2408, #3781, #2620, .T. ) ;
#201 = DIRECTION ( 'NONE',  ( -1.000000000000000000, 0.000000000000000000, 2.478176394252579169E-16 ) ) ;
#202 = ORIENTED_EDGE ( 'NONE', *, *, #4476, .F. ) ;
#203 = DIRECTION ( 'NONE',  ( 0.000000000000000000, -1.548860246407863583E-16, -1.000000000000000000 ) ) ;
#204 = ORIENTED_EDGE ( 'NONE', *, *, #3249, .T. ) ;
#205 = AXIS2_PLACEMENT_3D ( 'NONE', #1418, #4900, #867 ) ;
#206 = CARTESIAN_POINT ( 'NONE',  ( 21.59999999999999787, 8.572527594031474176E-16, -6.850000000000002309 ) ) ;
#207 = VERTEX_POINT ( 'NONE', #4265 ) ;
#208 = DIRECTION ( 'NONE',  ( 0.000000000000000000, 0.000000000000000000, -1.000000000000000000 ) ) ;
#209 = CIRCLE ( 'NONE', #6327, 3.000000000000000444 ) ;
#210 = DIRECTION ( 'NONE',  ( 1.000000000000000000, 0.000000000000000000, 0.000000000000000000 ) ) ;
#211 = CARTESIAN_POINT ( 'NONE',  ( 39.59999999999999432, 2.318934680004526516, 8.696122236369051350 ) ) ;
#212 = CARTESIAN_POINT ( 'NONE',  ( 19.59999999999999787, 1.030637635557567044, 3.864943216164022477 ) ) ;
#213 = AXIS2_PLACEMENT_3D ( 'NONE', #2244, #3708, #2858 ) ;
#214 = LINE ( 'NONE', #3506, #926 ) ;
#215 = ORIENTED_EDGE ( 'NONE', *, *, #3277, .T. ) ;
#216 = DIRECTION ( 'NONE',  ( 0.000000000000000000, 0.000000000000000000, -1.000000000000000000 ) ) ;
#217 = ORIENTED_EDGE ( 'NONE', *, *, #5710, .F. ) ;
#218 = CARTESIAN_POINT ( 'NONE',  ( 29.04974746830583143, 22.00000000000000711, -6.250000000000000888 ) ) ;
#219 = VECTOR ( 'NONE', #1615, 1000.000000000000000 ) ;
#220 = DIRECTION ( 'NONE',  ( 0.000000000000000000, 0.000000000000000000, -1.000000000000000000 ) ) ;
#221 = VERTEX_POINT ( 'NONE', #271 ) ;
#222 = CARTESIAN_POINT ( 'NONE',  ( 21.59999999999999787, 0.000000000000000000, 0.1499999999999999944 ) ) ;
#223 = EDGE_CURVE ( 'NONE', #1571, #5650, #1257, .T. ) ;
#224 = PLANE ( 'NONE',  #1616 ) ;
#225 = VERTEX_POINT ( 'NONE', #2732 ) ;
#226 = ORIENTED_EDGE ( 'NONE', *, *, #85, .F. ) ;
#227 = EDGE_CURVE ( 'NONE', #4038, #1990, #1723, .T. ) ;
#228 = CARTESIAN_POINT ( 'NONE',  ( 0.000000000000000000, 29.50000000000000711, -7.249999999999999112 ) ) ;
#229 = EDGE_CURVE ( 'NONE', #4046, #1347, #4295, .T. ) ;
#230 = ORIENTED_EDGE ( 'NONE', *, *, #769, .F. ) ;
#231 = EDGE_CURVE ( 'NONE', #2384, #2812, #2822, .T. ) ;
#232 = DIRECTION ( 'NONE',  ( 1.577021341797097314E-16, -1.000000000000000000, 0.000000000000000000 ) ) ;
#233 = ORIENTED_EDGE ( 'NONE', *, *, #2361, .F. ) ;
#234 = LINE ( 'NONE', #2211, #2379 ) ;
#235 = ORIENTED_EDGE ( 'NONE', *, *, #4082, .T. ) ;
#236 = CARTESIAN_POINT ( 'NONE',  ( 33.60000000000000142, -2.763066821399118744, 7.121905987407648020 ) ) ;
#237 = CARTESIAN_POINT ( 'NONE',  ( 24.10000000000000497, 7.099999999999999645, -9.000000000000001776 ) ) ;
#238 = CYLINDRICAL_SURFACE ( 'NONE', #4976, 6.049999999999999822 ) ;
#239 = CARTESIAN_POINT ( 'NONE',  ( 13.60000000000000497, 29.50000000000000711, 0.000000000000000000 ) ) ;
#240 = AXIS2_PLACEMENT_3D ( 'NONE', #4141, #5603, #3134 ) ;
#241 = PLANE ( 'NONE',  #4872 ) ;
#242 = ORIENTED_EDGE ( 'NONE', *, *, #618, .T. ) ;
#243 = CARTESIAN_POINT ( 'NONE',  ( 36.59999999999999432, 1.030637635557567044, 3.864943216164022477 ) ) ;
#244 = ORIENTED_EDGE ( 'NONE', *, *, #5258, .T. ) ;
#245 = PLANE ( 'NONE',  #4011 ) ;
#246 = AXIS2_PLACEMENT_3D ( 'NONE', #745, #1714, #3736 ) ;
#247 = DIRECTION ( 'NONE',  ( 0.000000000000000000, 0.000000000000000000, -1.000000000000000000 ) ) ;
#248 = ORIENTED_EDGE ( 'NONE', *, *, #1673, .F. ) ;
#249 = VECTOR ( 'NONE', #409, 1000.000000000000000 ) ;
#250 = FACE_OUTER_BOUND ( 'NONE', #1285, .T. ) ;
#251 = DIRECTION ( 'NONE',  ( -1.000000000000000000, -0.000000000000000000, -0.000000000000000000 ) ) ;
#252 = ORIENTED_EDGE ( 'NONE', *, *, #2833, .F. ) ;
#253 = VECTOR ( 'NONE', #4206, 1000.000000000000000 ) ;
#254 = ORIENTED_EDGE ( 'NONE', *, *, #4035, .T. ) ;
#255 = EDGE_CURVE ( 'NONE', #6064, #3318, #6258, .T. ) ;
#256 = LINE ( 'NONE', #836, #4768 ) ;
#257 = EDGE_CURVE ( 'NONE', #5318, #4445, #5321, .T. ) ;
#258 = CARTESIAN_POINT ( 'NONE',  ( 13.60000000000000497, 29.50000000000000711, 0.1500000000000008271 ) ) ;
#259 = ORIENTED_EDGE ( 'NONE', *, *, #1527, .F. ) ;
#260 = VERTEX_POINT ( 'NONE', #3711 ) ;
#261 = DIRECTION ( 'NONE',  ( 0.000000000000000000, 0.000000000000000000, -1.000000000000000000 ) ) ;
#262 = EDGE_LOOP ( 'NONE', ( #5058, #217 ) ) ;
#263 = CIRCLE ( 'NONE', #3685, 1.749999999999998890 ) ;
#264 = EDGE_CURVE ( 'NONE', #392, #3893, #330, .T. ) ;
#265 = EDGE_CURVE ( 'NONE', #5693, #2023, #6215, .T. ) ;
#266 = EDGE_CURVE ( 'NONE', #1175, #6064, #2703, .T. ) ;
#267 = CARTESIAN_POINT ( 'NONE',  ( 22.10000000000000142, 8.099999999999999645, -8.000000000000000000 ) ) ;
#268 = CIRCLE ( 'NONE', #275, 5.000000000000000888 ) ;
#269 = ORIENTED_EDGE ( 'NONE', *, *, #4788, .T. ) ;
#270 = DIRECTION ( 'NONE',  ( 0.000000000000000000, 0.000000000000000000, -1.000000000000000000 ) ) ;
#271 = CARTESIAN_POINT ( 'NONE',  ( 22.10000000000000142, 7.099999999999999645, -8.450000000000001066 ) ) ;
#272 = LINE ( 'NONE', #4755, #4750 ) ;
#273 = CARTESIAN_POINT ( 'NONE',  ( 22.10000000000000142, 8.100000000000003197, 7.450000000000001066 ) ) ;
#274 = CIRCLE ( 'NONE', #387, 7.000000000000000888 ) ;
#275 = AXIS2_PLACEMENT_3D ( 'NONE', #4334, #4302, #788 ) ;
#276 = CARTESIAN_POINT ( 'NONE',  ( 32.59999999999999432, -2.762069023147042390, -6.931785952275175688 ) ) ;
#277 = ORIENTED_EDGE ( 'NONE', *, *, #3036, .F. ) ;
#278 = DIRECTION ( 'NONE',  ( -1.000000000000000000, -1.504111723692325477E-16, 0.000000000000000000 ) ) ;
#279 = ORIENTED_EDGE ( 'NONE', *, *, #4113, .F. ) ;
#280 = CARTESIAN_POINT ( 'NONE',  ( 29.59999999999999787, 8.572527594031474176E-16, -6.850000000000002309 ) ) ;
#281 = CIRCLE ( 'NONE', #1719, 5.000000000000000888 ) ;
#282 = PLANE ( 'NONE',  #2778 ) ;
#283 = EDGE_LOOP ( 'NONE', ( #4670, #5708, #1914, #4543 ) ) ;
#284 = AXIS2_PLACEMENT_3D ( 'NONE', #4730, #5090, #2127 ) ;
#285 = PRESENTATION_STYLE_ASSIGNMENT (( #1274 ) ) ;
#286 = CARTESIAN_POINT ( 'NONE',  ( -52.69999999999999574, 5.500000000000000000, 24.72882059609970895 ) ) ;
#287 = VERTEX_POINT ( 'NONE', #6280 ) ;
#288 = ORIENTED_EDGE ( 'NONE', *, *, #5474, .F. ) ;
#289 = AXIS2_PLACEMENT_3D ( 'NONE', #2959, #5853, #491 ) ;
#290 = LINE ( 'NONE', #4741, #5598 ) ;
#291 = ORIENTED_EDGE ( 'NONE', *, *, #75, .T. ) ;
#292 = CIRCLE ( 'NONE', #1019, 10.00000000000000000 ) ;
#293 = ORIENTED_EDGE ( 'NONE', *, *, #746, .T. ) ;
#294 = DIRECTION ( 'NONE',  ( 0.000000000000000000, 0.000000000000000000, -1.000000000000000000 ) ) ;
#295 = ORIENTED_EDGE ( 'NONE', *, *, #3718, .T. ) ;
#296 = CIRCLE ( 'NONE', #1120, 7.000000000000000888 ) ;
#297 = DIRECTION ( 'NONE',  ( -1.000000000000000000, -0.000000000000000000, -0.000000000000000000 ) ) ;
#298 = VERTEX_POINT ( 'NONE', #4691 ) ;
#299 = DIRECTION ( 'NONE',  ( 0.000000000000000000, 0.000000000000000000, 1.000000000000000000 ) ) ;
#300 = FACE_OUTER_BOUND ( 'NONE', #2393, .T. ) ;
#301 = FACE_OUTER_BOUND ( 'NONE', #3251, .T. ) ;
#302 = ADVANCED_FACE ( 'NONE', ( #1821 ), #692, .F. ) ;
#303 = CIRCLE ( 'NONE', #1539, 5.499999999999998224 ) ;
#304 = DIRECTION ( 'NONE',  ( -1.000000000000000000, -0.000000000000000000, -0.000000000000000000 ) ) ;
#305 = CIRCLE ( 'NONE', #1126, 5.000000000000000000 ) ;
#306 = ADVANCED_FACE ( 'NONE', ( #782 ), #4203, .T. ) ;
#307 = VECTOR ( 'NONE', #2153, 1000.000000000000000 ) ;
#308 = DIRECTION ( 'NONE',  ( -1.000000000000000000, 0.000000000000000000, 0.000000000000000000 ) ) ;
#309 = ORIENTED_EDGE ( 'NONE', *, *, #6035, .F. ) ;
#310 = DIRECTION ( 'NONE',  ( 0.000000000000000000, 0.000000000000000000, -1.000000000000000000 ) ) ;
#311 = VERTEX_POINT ( 'NONE', #6152 ) ;
#312 = LINE ( 'NONE', #2314, #4529 ) ;
#313 = EDGE_CURVE ( 'NONE', #3835, #1320, #3039, .T. ) ;
#314 = DIRECTION ( 'NONE',  ( -1.000000000000000000, 0.000000000000000000, -0.000000000000000000 ) ) ;
#315 = DIRECTION ( 'NONE',  ( -1.000000000000000000, -1.504111723692325477E-16, 0.000000000000000000 ) ) ;
#316 = ORIENTED_EDGE ( 'NONE', *, *, #4681, .F. ) ;
#317 = VECTOR ( 'NONE', #4014, 1000.000000000000000 ) ;
#318 = CARTESIAN_POINT ( 'NONE',  ( 28.59999999999999787, 0.000000000000000000, 0.1499999999999999944 ) ) ;
#319 = CARTESIAN_POINT ( 'NONE',  ( 1.500000000000000000, 0.000000000000000000, 0.000000000000000000 ) ) ;
#320 = VERTEX_POINT ( 'NONE', #5755 ) ;
#321 = VERTEX_POINT ( 'NONE', #3679 ) ;
#322 = CARTESIAN_POINT ( 'NONE',  ( 13.80000000000000249, 1.000000000000000444, -7.450000000000001066 ) ) ;
#323 = CARTESIAN_POINT ( 'NONE',  ( 39.59999999999999432, 2.606424087848269178, -8.614322577793585012 ) ) ;
#324 = VERTEX_POINT ( 'NONE', #1230 ) ;
#325 = DIRECTION ( 'NONE',  ( 0.000000000000000000, 0.000000000000000000, -1.000000000000000000 ) ) ;
#326 = ORIENTED_EDGE ( 'NONE', *, *, #1771, .T. ) ;
#327 = LINE ( 'NONE', #1720, #4361 ) ;
#328 = ORIENTED_EDGE ( 'NONE', *, *, #3452, .T. ) ;
#329 = LINE ( 'NONE', #2305, #5151 ) ;
#330 = LINE ( 'NONE', #2306, #2932 ) ;
#331 = DIRECTION ( 'NONE',  ( -1.000000000000000000, -0.000000000000000000, -0.000000000000000000 ) ) ;
#332 = CARTESIAN_POINT ( 'NONE',  ( 1.500000000000001554, 1.030637635557567044, 3.864943216164022477 ) ) ;
#333 = EDGE_CURVE ( 'NONE', #5597, #4233, #2303, .T. ) ;
#334 = AXIS2_PLACEMENT_3D ( 'NONE', #3650, #1142, #3527 ) ;
#335 = DIRECTION ( 'NONE',  ( -1.000000000000000000, -0.000000000000000000, -0.000000000000000000 ) ) ;
#336 = ORIENTED_EDGE ( 'NONE', *, *, #4163, .T. ) ;
#337 = LINE ( 'NONE', #3230, #2651 ) ;
#338 = ADVANCED_FACE ( 'NONE', ( #300 ), #2278, .T. ) ;
#339 = ORIENTED_EDGE ( 'NONE', *, *, #5949, .T. ) ;
#340 = LINE ( 'NONE', #2773, #3190 ) ;
#341 = DIRECTION ( 'NONE',  ( -1.000000000000000000, -0.000000000000000000, -0.000000000000000000 ) ) ;
#342 = CARTESIAN_POINT ( 'NONE',  ( 15.20000000000000462, 29.50000000000000000, -7.999999999999996447 ) ) ;
#343 = AXIS2_PLACEMENT_3D ( 'NONE', #2579, #2059, #2637 ) ;
#344 = EDGE_CURVE ( 'NONE', #2723, #4381, #814, .T. ) ;
#345 = CIRCLE ( 'NONE', #2940, 10.00000000000000178 ) ;
#346 = CARTESIAN_POINT ( 'NONE',  ( 22.59999999999999432, 2.318934680004526960, 8.696122236369053127 ) ) ;
#347 = ADVANCED_FACE ( 'NONE', ( #1954 ), #6349, .T. ) ;
#348 = DIRECTION ( 'NONE',  ( 1.000000000000000000, 0.000000000000000000, 0.000000000000000000 ) ) ;
#349 = ORIENTED_EDGE ( 'NONE', *, *, #691, .T. ) ;
#350 = VERTEX_POINT ( 'NONE', #458 ) ;
#351 = AXIS2_PLACEMENT_3D ( 'NONE', #2809, #315, #2418 ) ;
#352 = DIRECTION ( 'NONE',  ( -1.000000000000000000, -0.000000000000000000, -0.000000000000000000 ) ) ;
#353 = CARTESIAN_POINT ( 'NONE',  ( 1.500000000000000000, -4.261960596893379360, 5.702989453486133620 ) ) ;
#354 = CIRCLE ( 'NONE', #4510, 5.000000000000000000 ) ;
#355 = EDGE_LOOP ( 'NONE', ( #686, #172, #3643, #1265 ) ) ;
#356 = ORIENTED_EDGE ( 'NONE', *, *, #766, .T. ) ;
#357 = DIRECTION ( 'NONE',  ( 0.000000000000000000, 0.000000000000000000, -1.000000000000000000 ) ) ;
#358 = ORIENTED_EDGE ( 'NONE', *, *, #670, .F. ) ;
#359 = ORIENTED_EDGE ( 'NONE', *, *, #4309, .F. ) ;
#360 = DIRECTION ( 'NONE',  ( 1.000000000000000000, 0.000000000000000000, 0.000000000000000000 ) ) ;
#361 = CARTESIAN_POINT ( 'NONE',  ( 24.59999999999999787, -2.762069023147044167, -6.931785952275177465 ) ) ;
#362 = DIRECTION ( 'NONE',  ( 1.000000000000000000, 0.000000000000000000, 0.000000000000000000 ) ) ;
#363 = DIRECTION ( 'NONE',  ( 0.000000000000000000, 0.000000000000000000, 1.000000000000000000 ) ) ;
#364 = CIRCLE ( 'NONE', #5136, 5.000000000000000000 ) ;
#365 = CYLINDRICAL_SURFACE ( 'NONE', #1226, 10.00000000000000000 ) ;
#366 = ORIENTED_EDGE ( 'NONE', *, *, #3486, .T. ) ;
#367 = DIRECTION ( 'NONE',  ( 1.000000000000000000, 0.000000000000000000, 0.000000000000000000 ) ) ;
#368 = ORIENTED_EDGE ( 'NONE', *, *, #229, .T. ) ;
#369 = CARTESIAN_POINT ( 'NONE',  ( 37.59999999999999432, 1.158410705710341659, -3.828587812352703956 ) ) ;
#370 = DIRECTION ( 'NONE',  ( 0.000000000000000000, 0.000000000000000000, -1.000000000000000000 ) ) ;
#371 = CARTESIAN_POINT ( 'NONE',  ( 19.86927765092148945, 10.25000000000000888, 0.000000000000000000 ) ) ;
#372 = AXIS2_PLACEMENT_3D ( 'NONE', #4212, #5673, #6193 ) ;
#373 = ADVANCED_FACE ( 'NONE', ( #5888 ), #2862, .F. ) ;
#374 = CIRCLE ( 'NONE', #685, 5.000000000000000888 ) ;
#375 = EDGE_CURVE ( 'NONE', #4988, #3893, #1919, .T. ) ;
#376 = AXIS2_PLACEMENT_3D ( 'NONE', #3324, #5722, #2213 ) ;
#377 = CARTESIAN_POINT ( 'NONE',  ( 27.59999999999999787, 1.030637635557567044, 8.864943216164022033 ) ) ;
#378 = DIRECTION ( 'NONE',  ( 1.000000000000000000, 0.000000000000000000, 0.000000000000000000 ) ) ;
#379 = ORIENTED_EDGE ( 'NONE', *, *, #6021, .T. ) ;
#380 = EDGE_CURVE ( 'NONE', #5681, #1982, #2958, .T. ) ;
#381 = ORIENTED_EDGE ( 'NONE', *, *, #819, .T. ) ;
#382 = VERTEX_POINT ( 'NONE', #4814 ) ;
#383 = CIRCLE ( 'NONE', #4325, 5.000000000000000888 ) ;
#384 = EDGE_CURVE ( 'NONE', #3218, #553, #4702, .T. ) ;
#385 = DIRECTION ( 'NONE',  ( -1.000000000000000000, -0.000000000000000000, -0.000000000000000000 ) ) ;
#386 = DIRECTION ( 'NONE',  ( 1.000000000000000000, 0.000000000000000000, 0.000000000000000000 ) ) ;
#387 = AXIS2_PLACEMENT_3D ( 'NONE', #4304, #5380, #3336 ) ;
#388 = ORIENTED_EDGE ( 'NONE', *, *, #2720, .F. ) ;
#389 = VERTEX_POINT ( 'NONE', #361 ) ;
#390 = DIRECTION ( 'NONE',  ( 0.000000000000000000, 0.000000000000000000, -1.000000000000000000 ) ) ;
#391 = EDGE_CURVE ( 'NONE', #4046, #4314, #5532, .T. ) ;
#392 = VERTEX_POINT ( 'NONE', #3457 ) ;
#393 = APPLICATION_CONTEXT ( 'automotive_design' ) ;
#394 = AXIS2_PLACEMENT_3D ( 'NONE', #4118, #6133, #637 ) ;
#395 = DIRECTION ( 'NONE',  ( 0.000000000000000000, 0.000000000000000000, 1.000000000000000000 ) ) ;
#396 = EDGE_LOOP ( 'NONE', ( #1869, #5130, #5556, #4639 ) ) ;
#397 = CARTESIAN_POINT ( 'NONE',  ( -38.10000000000000142, 4.499999999999995559, 2.650000000000000799 ) ) ;
#398 = DIRECTION ( 'NONE',  ( -1.000000000000000000, -0.000000000000000000, -0.000000000000000000 ) ) ;
#399 = DIRECTION ( 'NONE',  ( -1.000000000000000000, -1.504111723692325477E-16, 0.000000000000000000 ) ) ;
#400 = CARTESIAN_POINT ( 'NONE',  ( 0.000000000000000000, 29.50000000000000711, 0.000000000000000000 ) ) ;
#401 = CIRCLE ( 'NONE', #3418, 9.000000000000000000 ) ;
#402 = LINE ( 'NONE', #6319, #1752 ) ;
#403 = EDGE_LOOP ( 'NONE', ( #5520, #1289, #242, #3720, #4544, #5519, #1491, #2188, #2966 ) ) ;
#404 = DIRECTION ( 'NONE',  ( 1.000000000000000000, 0.000000000000000000, 0.000000000000000000 ) ) ;
#405 = AXIS2_PLACEMENT_3D ( 'NONE', #4223, #4257, #3216 ) ;
#406 = ORIENTED_EDGE ( 'NONE', *, *, #3537, .F. ) ;
#407 = DIRECTION ( 'NONE',  ( 0.000000000000000000, 0.000000000000000000, -1.000000000000000000 ) ) ;
#408 = DIRECTION ( 'NONE',  ( -1.000000000000000000, -0.000000000000000000, -0.000000000000000000 ) ) ;
#409 = DIRECTION ( 'NONE',  ( -1.000000000000000000, -0.000000000000000000, -0.000000000000000000 ) ) ;
#410 = AXIS2_PLACEMENT_3D ( 'NONE', #4726, #4269, #1336 ) ;
#411 = DIRECTION ( 'NONE',  ( 0.000000000000000000, 0.000000000000000000, -1.000000000000000000 ) ) ;
#412 = CARTESIAN_POINT ( 'NONE',  ( 26.59999999999999787, 1.030637635557567044, 3.864943216164022477 ) ) ;
#413 = AXIS2_PLACEMENT_3D ( 'NONE', #2997, #5991, #983 ) ;
#414 = VERTEX_POINT ( 'NONE', #846 ) ;
#415 = ORIENTED_EDGE ( 'NONE', *, *, #2081, .F. ) ;
#416 = ORIENTED_EDGE ( 'NONE', *, *, #2874, .T. ) ;
#417 = ADVANCED_FACE ( 'NONE', ( #3908 ), #4459, .T. ) ;
#418 = DIRECTION ( 'NONE',  ( 0.000000000000000000, 0.000000000000000000, -1.000000000000000000 ) ) ;
#419 = DIRECTION ( 'NONE',  ( 0.000000000000000000, 0.000000000000000000, 1.000000000000000000 ) ) ;
#420 = ORIENTED_EDGE ( 'NONE', *, *, #3992, .T. ) ;
#421 = EDGE_CURVE ( 'NONE', #5626, #4687, #1359, .T. ) ;
#422 = ORIENTED_EDGE ( 'NONE', *, *, #5629, .T. ) ;
#423 = CARTESIAN_POINT ( 'NONE',  ( -47.19999999999999574, 5.500000000000000000, 5.000000000000004441 ) ) ;
#424 = ORIENTED_EDGE ( 'NONE', *, *, #4313, .F. ) ;
#425 = ADVANCED_FACE ( 'NONE', ( #912 ), #5407, .T. ) ;
#426 = ADVANCED_FACE ( 'NONE', ( #879 ), #2375, .T. ) ;
#427 = DIRECTION ( 'NONE',  ( 1.000000000000000000, 0.000000000000000000, 0.000000000000000000 ) ) ;
#428 = DIRECTION ( 'NONE',  ( 0.000000000000000000, 0.000000000000000000, -1.000000000000000000 ) ) ;
#429 = ORIENTED_EDGE ( 'NONE', *, *, #6028, .F. ) ;
#430 = CARTESIAN_POINT ( 'NONE',  ( 15.20000000000000462, 29.50000000000000000, 7.999999999999996447 ) ) ;
#431 = CARTESIAN_POINT ( 'NONE',  ( 22.10000000000000142, 20.25000000000000711, 7.999999999999998224 ) ) ;
#432 = EDGE_LOOP ( 'NONE', ( #559, #3862, #3200, #226 ) ) ;
#433 = DIRECTION ( 'NONE',  ( 1.000000000000000000, 0.000000000000000000, 0.000000000000000000 ) ) ;
#434 = CARTESIAN_POINT ( 'NONE',  ( 22.59999999999999432, 2.606424087848269178, -8.614322577793585012 ) ) ;
#435 = ORIENTED_EDGE ( 'NONE', *, *, #1334, .T. ) ;
#436 = CARTESIAN_POINT ( 'NONE',  ( 22.10000000000000142, 2.400000000000003020, 4.599999999999992539 ) ) ;
#437 = ORIENTED_EDGE ( 'NONE', *, *, #3371, .F. ) ;
#438 = LINE ( 'NONE', #4050, #2236 ) ;
#439 = DIRECTION ( 'NONE',  ( -1.000000000000000000, -0.000000000000000000, -0.000000000000000000 ) ) ;
#440 = DIRECTION ( 'NONE',  ( 1.000000000000000000, 0.000000000000000000, 0.000000000000000000 ) ) ;
#441 = CYLINDRICAL_SURFACE ( 'NONE', #575, 10.00000000000000178 ) ;
#442 = DIRECTION ( 'NONE',  ( 0.000000000000000000, 1.000000000000000000, -2.478176394252590410E-15 ) ) ;
#443 = AXIS2_PLACEMENT_3D ( 'NONE', #3871, #398, #2927 ) ;
#444 = VERTEX_POINT ( 'NONE', #6412 ) ;
#445 = ORIENTED_EDGE ( 'NONE', *, *, #4826, .T. ) ;
#446 = LINE ( 'NONE', #5808, #2481 ) ;
#447 = DIRECTION ( 'NONE',  ( 1.000000000000000000, 0.000000000000000000, 0.000000000000000000 ) ) ;
#448 = ORIENTED_EDGE ( 'NONE', *, *, #3043, .F. ) ;
#449 = EDGE_LOOP ( 'NONE', ( #5164, #3050, #3019, #4844 ) ) ;
#450 = LINE ( 'NONE', #2503, #3468 ) ;
#451 = CIRCLE ( 'NONE', #4191, 5.000000000000000000 ) ;
#452 = ORIENTED_EDGE ( 'NONE', *, *, #4709, .T. ) ;
#453 = ADVANCED_FACE ( 'NONE', ( #5302 ), #3945, .F. ) ;
#454 = EDGE_CURVE ( 'NONE', #5093, #6143, #490, .T. ) ;
#455 = AXIS2_PLACEMENT_3D ( 'NONE', #1856, #881, #4297 ) ;
#456 = CARTESIAN_POINT ( 'NONE',  ( 20.59999999999999787, -10.60302848086181804, -13.13818223212012626 ) ) ;
#457 = ORIENTED_EDGE ( 'NONE', *, *, #5710, .T. ) ;
#458 = CARTESIAN_POINT ( 'NONE',  ( 22.10000000000000142, 7.100000000000003197, 8.450000000000001066 ) ) ;
#459 = DIRECTION ( 'NONE',  ( -1.000000000000000000, -0.000000000000000000, -0.000000000000000000 ) ) ;
#460 = ORIENTED_EDGE ( 'NONE', *, *, #3796, .T. ) ;
#461 = CARTESIAN_POINT ( 'NONE',  ( 1.500000000000000000, 0.000000000000000000, 0.1499999999999999944 ) ) ;
#462 = ADVANCED_FACE ( 'NONE', ( #3391 ), #6315, .F. ) ;
#463 = AXIS2_PLACEMENT_3D ( 'NONE', #3381, #4871, #419 ) ;
#464 = EDGE_CURVE ( 'NONE', #6118, #592, #5950, .T. ) ;
#465 = CARTESIAN_POINT ( 'NONE',  ( 35.60000000000000142, 0.000000000000000000, 7.150000000000002132 ) ) ;
#466 = CIRCLE ( 'NONE', #3168, 10.00000000000000178 ) ;
#467 = ORIENTED_EDGE ( 'NONE', *, *, #1844, .F. ) ;
#468 = PLANE ( 'NONE',  #4631 ) ;
#469 = ORIENTED_EDGE ( 'NONE', *, *, #114, .F. ) ;
#470 = LINE ( 'NONE', #5479, #1833 ) ;
#471 = CARTESIAN_POINT ( 'NONE',  ( 22.10000000000000142, 8.100000000000003197, 7.450000000000001066 ) ) ;
#472 = LINE ( 'NONE', #3957, #866 ) ;
#473 = MECHANICAL_DESIGN_GEOMETRIC_PRESENTATION_REPRESENTATION (  '', ( #2022 ), #5657 ) ;
#474 = DIRECTION ( 'NONE',  ( 0.000000000000000000, 0.000000000000000000, -1.000000000000000000 ) ) ;
#475 = CARTESIAN_POINT ( 'NONE',  ( 26.59999999999999787, -4.261960596893380249, 5.702989453486133620 ) ) ;
#476 = CIRCLE ( 'NONE', #5454, 9.000000000000000000 ) ;
#477 = EDGE_LOOP ( 'NONE', ( #2957, #5287, #5435, #1158, #2607, #2694, #131, #4010, #6414, #3376, #204, #4193, #1247, #3170, #5523, #5780, #415 ) ) ;
#478 = ORIENTED_EDGE ( 'NONE', *, *, #380, .F. ) ;
#479 = DIRECTION ( 'NONE',  ( 0.000000000000000000, 0.000000000000000000, 1.000000000000000000 ) ) ;
#480 =( NAMED_UNIT ( * ) SI_UNIT ( $, .STERADIAN. ) SOLID_ANGLE_UNIT ( ) );
#481 = ORIENTED_EDGE ( 'NONE', *, *, #1215, .T. ) ;
#482 = ORIENTED_EDGE ( 'NONE', *, *, #1682, .T. ) ;
#483 = DIRECTION ( 'NONE',  ( 0.000000000000000000, 0.000000000000000000, 1.000000000000000000 ) ) ;
#484 = AXIS2_PLACEMENT_3D ( 'NONE', #6234, #1772, #796 ) ;
#485 = ORIENTED_EDGE ( 'NONE', *, *, #4597, .F. ) ;
#486 = CIRCLE ( 'NONE', #6298, 5.000000000000000000 ) ;
#487 = PLANE ( 'NONE',  #5903 ) ;
#488 = CARTESIAN_POINT ( 'NONE',  ( 22.10000000000000142, 20.25000000000000711, 6.249999999999999112 ) ) ;
#489 = ORIENTED_EDGE ( 'NONE', *, *, #3684, .F. ) ;
#490 = LINE ( 'NONE', #2472, #4182 ) ;
#491 = DIRECTION ( 'NONE',  ( 0.000000000000000000, 0.000000000000000000, -1.000000000000000000 ) ) ;
#492 = ORIENTED_EDGE ( 'NONE', *, *, #3726, .T. ) ;
#493 = CYLINDRICAL_SURFACE ( 'NONE', #4928, 5.000000000000000000 ) ;
#494 = EDGE_CURVE ( 'NONE', #1982, #4687, #3326, .T. ) ;
#495 = DIRECTION ( 'NONE',  ( 0.000000000000000000, 0.000000000000000000, -1.000000000000000000 ) ) ;
#496 = EDGE_LOOP ( 'NONE', ( #1623, #5992, #3624, #1403 ) ) ;
#497 = CARTESIAN_POINT ( 'NONE',  ( 1.500000000000002220, -2.763066821399118744, 7.121905987407648020 ) ) ;
#498 = ORIENTED_EDGE ( 'NONE', *, *, #577, .F. ) ;
#499 = DIRECTION ( 'NONE',  ( 0.000000000000000000, 1.294569758191647155E-16, -1.000000000000000000 ) ) ;
#500 = CIRCLE ( 'NONE', #5165, 10.00000000000000000 ) ;
#501 = DIRECTION ( 'NONE',  ( -0.000000000000000000, -0.000000000000000000, -1.000000000000000000 ) ) ;
#502 = CARTESIAN_POINT ( 'NONE',  ( 23.59999999999999432, -10.35047573531249654, 13.63583152989489911 ) ) ;
#503 = EDGE_CURVE ( 'NONE', #5693, #324, #4493, .T. ) ;
#504 = AXIS2_PLACEMENT_3D ( 'NONE', #6425, #501, #2486 ) ;
#505 = ADVANCED_FACE ( 'NONE', ( #2601 ), #5073, .F. ) ;
#506 = FACE_BOUND ( 'NONE', #4583, .T. ) ;
#507 = DIRECTION ( 'NONE',  ( 0.000000000000000000, 0.000000000000000000, -1.000000000000000000 ) ) ;
#508 = ORIENTED_EDGE ( 'NONE', *, *, #2923, .F. ) ;
#509 = ORIENTED_EDGE ( 'NONE', *, *, #1765, .T. ) ;
#510 = AXIS2_PLACEMENT_3D ( 'NONE', #646, #1155, #1646 ) ;
#511 = VECTOR ( 'NONE', #4426, 1000.000000000000000 ) ;
#512 = FACE_OUTER_BOUND ( 'NONE', #3636, .T. ) ;
#513 = CARTESIAN_POINT ( 'NONE',  ( 33.60000000000000142, 1.030637635557567044, 3.864943216164022477 ) ) ;
#514 = CIRCLE ( 'NONE', #5082, 7.000000000000000888 ) ;
#515 = CARTESIAN_POINT ( 'NONE',  ( 34.60000000000000142, 0.000000000000000000, 0.1499999999999999944 ) ) ;
#516 = VERTEX_POINT ( 'NONE', #5500 ) ;
#517 = EDGE_LOOP ( 'NONE', ( #1355, #4732, #4270, #5643 ) ) ;
#518 = DIRECTION ( 'NONE',  ( 0.000000000000000000, 0.000000000000000000, 1.000000000000000000 ) ) ;
#519 = EDGE_LOOP ( 'NONE', ( #714, #6203, #508, #429 ) ) ;
#520 = AXIS2_PLACEMENT_3D ( 'NONE', #3951, #6385, #1465 ) ;
#521 = DIRECTION ( 'NONE',  ( 0.000000000000000000, 0.000000000000000000, 1.000000000000000000 ) ) ;
#522 = ORIENTED_EDGE ( 'NONE', *, *, #6101, .T. ) ;
#523 = LINE ( 'NONE', #5561, #1374 ) ;
#524 = DIRECTION ( 'NONE',  ( 1.000000000000000000, 0.000000000000000000, 0.000000000000000000 ) ) ;
#525 = ORIENTED_EDGE ( 'NONE', *, *, #2083, .T. ) ;
#526 = DIRECTION ( 'NONE',  ( 1.000000000000000000, -0.000000000000000000, -0.000000000000000000 ) ) ;
#527 = ORIENTED_EDGE ( 'NONE', *, *, #454, .T. ) ;
#528 = LINE ( 'NONE', #5862, #3179 ) ;
#529 = LINE ( 'NONE', #3100, #2929 ) ;
#530 = DIRECTION ( 'NONE',  ( 0.000000000000000000, -1.000000000000000000, 1.548860246407863829E-16 ) ) ;
#531 = DIRECTION ( 'NONE',  ( -1.000000000000000000, -0.000000000000000000, -0.000000000000000000 ) ) ;
#532 = CARTESIAN_POINT ( 'NONE',  ( 35.60000000000000142, 0.000000000000000000, 0.1499999999999999944 ) ) ;
#533 = ADVANCED_FACE ( 'NONE', ( #4068 ), #1554, .T. ) ;
#534 = EDGE_CURVE ( 'NONE', #2738, #3944, #141, .T. ) ;
#535 = CARTESIAN_POINT ( 'NONE',  ( 29.59999999999999787, -2.762069023147044167, -6.931785952275177465 ) ) ;
#536 = DIRECTION ( 'NONE',  ( 0.000000000000000000, 0.000000000000000000, -1.000000000000000000 ) ) ;
#537 = LINE ( 'NONE', #1056, #4651 ) ;
#538 = VERTEX_POINT ( 'NONE', #1007 ) ;
#539 = ORIENTED_EDGE ( 'NONE', *, *, #1413, .F. ) ;
#540 = EDGE_CURVE ( 'NONE', #1087, #4809, #4587, .T. ) ;
#541 = ADVANCED_FACE ( 'NONE', ( #2079 ), #2992, .F. ) ;
#542 = EDGE_CURVE ( 'NONE', #98, #4648, #1164, .T. ) ;
#543 = CARTESIAN_POINT ( 'NONE',  ( -39.69999999999999574, 14.50000000000000355, 0.000000000000000000 ) ) ;
#544 = FILL_AREA_STYLE_COLOUR ( '', #3377 ) ;
#545 = CYLINDRICAL_SURFACE ( 'NONE', #1100, 3.000000000000000444 ) ;
#546 = EDGE_LOOP ( 'NONE', ( #2783, #3593, #2770, #5917 ) ) ;
#547 = EDGE_LOOP ( 'NONE', ( #1928, #5782, #2479, #4985, #235, #3378, #1543, #5660, #5738 ) ) ;
#548 = EDGE_CURVE ( 'NONE', #4801, #4227, #2105, .T. ) ;
#549 = AXIS2_PLACEMENT_3D ( 'NONE', #6378, #4914, #5852 ) ;
#550 = CARTESIAN_POINT ( 'NONE',  ( 29.04974746830583143, 1.000000000000007772, 1.199999999999995737 ) ) ;
#551 = CYLINDRICAL_SURFACE ( 'NONE', #3958, 5.000000000000000000 ) ;
#552 = VECTOR ( 'NONE', #6173, 1000.000000000000000 ) ;
#553 = VERTEX_POINT ( 'NONE', #1102 ) ;
#554 = CARTESIAN_POINT ( 'NONE',  ( -8.300000000000002487, 6.999999999999999112, 2.650000000000000799 ) ) ;
#555 = FACE_OUTER_BOUND ( 'NONE', #3385, .T. ) ;
#556 = ORIENTED_EDGE ( 'NONE', *, *, #4589, .F. ) ;
#557 = AXIS2_PLACEMENT_3D ( 'NONE', #423, #3900, #3481 ) ;
#558 = CARTESIAN_POINT ( 'NONE',  ( 13.80000000000000249, 20.00000000000000355, 6.735557395310443009E-16 ) ) ;
#559 = ORIENTED_EDGE ( 'NONE', *, *, #2444, .F. ) ;
#560 = DIRECTION ( 'NONE',  ( -1.000000000000000000, -0.000000000000000000, -0.000000000000000000 ) ) ;
#561 = DIRECTION ( 'NONE',  ( -0.000000000000000000, -0.000000000000000000, -1.000000000000000000 ) ) ;
#562 = CYLINDRICAL_SURFACE ( 'NONE', #2351, 5.000000000000000000 ) ;
#563 = VECTOR ( 'NONE', #5758, 1000.000000000000000 ) ;
#564 = DIRECTION ( 'NONE',  ( 0.000000000000000000, 0.000000000000000000, -1.000000000000000000 ) ) ;
#565 = CARTESIAN_POINT ( 'NONE',  ( 32.59999999999999432, -2.763066821399118744, 7.121905987407648020 ) ) ;
#566 = STYLED_ITEM ( 'NONE', ( #1030 ), #1901 ) ;
#567 = CARTESIAN_POINT ( 'NONE',  ( -47.19999999999999574, 5.500000000000000000, -4.999999999999993783 ) ) ;
#568 = EDGE_CURVE ( 'NONE', #2530, #805, #655, .T. ) ;
#569 = CARTESIAN_POINT ( 'NONE',  ( 21.59999999999999787, -2.762069023147044167, -6.931785952275177465 ) ) ;
#570 = CARTESIAN_POINT ( 'NONE',  ( 1.500000000000000000, 8.572527594031473190E-16, -6.850000000000000533 ) ) ;
#571 = ORIENTED_EDGE ( 'NONE', *, *, #257, .T. ) ;
#572 = AXIS2_PLACEMENT_3D ( 'NONE', #1739, #3180, #1244 ) ;
#573 = VERTEX_POINT ( 'NONE', #3517 ) ;
#574 = EDGE_CURVE ( 'NONE', #1246, #1185, #2728, .T. ) ;
#575 = AXIS2_PLACEMENT_3D ( 'NONE', #4929, #2490, #6429 ) ;
#576 = CARTESIAN_POINT ( 'NONE',  ( -47.19999999999999574, 0.000000000000000000, 5.000000000000006217 ) ) ;
#577 = EDGE_CURVE ( 'NONE', #5412, #140, #5009, .T. ) ;
#578 = LINE ( 'NONE', #2861, #5574 ) ;
#579 = VERTEX_POINT ( 'NONE', #2538 ) ;
#580 = CARTESIAN_POINT ( 'NONE',  ( -47.19999999999999574, 0.000000000000000000, -2.699999999999995293 ) ) ;
#581 = ORIENTED_EDGE ( 'NONE', *, *, #5699, .T. ) ;
#582 = EDGE_CURVE ( 'NONE', #2404, #5616, #523, .T. ) ;
#583 = AXIS2_PLACEMENT_3D ( 'NONE', #4274, #3367, #407 ) ;
#584 = VECTOR ( 'NONE', #2903, 1000.000000000000000 ) ;
#585 = PRODUCT_DEFINITION_SHAPE ( 'NONE', 'NONE',  #6432 ) ;
#586 = CARTESIAN_POINT ( 'NONE',  ( -47.19999999999999574, 5.500000000000000000, -2.699999999999993960 ) ) ;
#587 = ADVANCED_FACE ( 'NONE', ( #2630 ), #81, .F. ) ;
#588 = CARTESIAN_POINT ( 'NONE',  ( 28.59999999999999787, 0.000000000000000000, 0.000000000000000000 ) ) ;
#589 = EDGE_LOOP ( 'NONE', ( #2813, #6134, #4449, #2781 ) ) ;
#590 = DIRECTION ( 'NONE',  ( -0.000000000000000000, -0.000000000000000000, -1.000000000000000000 ) ) ;
#591 = LINE ( 'NONE', #1072, #4032 ) ;
#592 = VERTEX_POINT ( 'NONE', #2144 ) ;
#593 = AXIS2_PLACEMENT_3D ( 'NONE', #6361, #960, #3073 ) ;
#594 = CARTESIAN_POINT ( 'NONE',  ( 1.500000000000000000, 0.000000000000000000, 7.150000000000000355 ) ) ;
#595 = ORIENTED_EDGE ( 'NONE', *, *, #4961, .T. ) ;
#596 = DIRECTION ( 'NONE',  ( 0.000000000000000000, 1.294569758191647155E-16, 1.000000000000000000 ) ) ;
#597 = LINE ( 'NONE', #1533, #5940 ) ;
#598 = DIRECTION ( 'NONE',  ( 1.000000000000000000, 0.000000000000000000, 0.000000000000000000 ) ) ;
#599 = AXIS2_PLACEMENT_3D ( 'NONE', #3299, #790, #3400 ) ;
#600 = CARTESIAN_POINT ( 'NONE',  ( 1.500000000000001554, 1.030637635557567044, 3.864943216164022477 ) ) ;
#601 = PLANE ( 'NONE',  #2628 ) ;
#602 = DIRECTION ( 'NONE',  ( -0.000000000000000000, -0.000000000000000000, -1.000000000000000000 ) ) ;
#603 = AXIS2_PLACEMENT_3D ( 'NONE', #2522, #3563, #1117 ) ;
#604 = DIRECTION ( 'NONE',  ( 0.000000000000000000, 0.000000000000000000, -1.000000000000000000 ) ) ;
#605 = DIRECTION ( 'NONE',  ( 0.000000000000000000, 0.000000000000000000, -1.000000000000000000 ) ) ;
#606 = ORIENTED_EDGE ( 'NONE', *, *, #5304, .T. ) ;
#607 = VERTEX_POINT ( 'NONE', #3093 ) ;
#608 = AXIS2_PLACEMENT_3D ( 'NONE', #3402, #3466, #2349 ) ;
#609 = DIRECTION ( 'NONE',  ( -1.000000000000000000, -0.000000000000000000, -0.000000000000000000 ) ) ;
#610 = DIRECTION ( 'NONE',  ( 0.000000000000000000, 0.000000000000000000, -1.000000000000000000 ) ) ;
#611 = CIRCLE ( 'NONE', #1124, 7.000000000000000888 ) ;
#612 = CIRCLE ( 'NONE', #3106, 7.000000000000000888 ) ;
#613 = EDGE_LOOP ( 'NONE', ( #5793, #6253, #6169, #668 ) ) ;
#614 = CARTESIAN_POINT ( 'NONE',  ( 30.59999999999999432, 0.000000000000000000, 0.000000000000000000 ) ) ;
#615 = VERTEX_POINT ( 'NONE', #4134 ) ;
#616 = ADVANCED_FACE ( 'NONE', ( #1493 ), #4039, .T. ) ;
#617 = CARTESIAN_POINT ( 'NONE',  ( 35.60000000000000142, 2.606424087848269178, -8.614322577793585012 ) ) ;
#618 = EDGE_CURVE ( 'NONE', #5233, #1318, #4086, .T. ) ;
#619 = CARTESIAN_POINT ( 'NONE',  ( -47.19999999999999574, 5.500000000000000000, -2.699999999999993960 ) ) ;
#620 = VERTEX_POINT ( 'NONE', #2725 ) ;
#621 = DIRECTION ( 'NONE',  ( 0.000000000000000000, 0.000000000000000000, -1.000000000000000000 ) ) ;
#622 = CARTESIAN_POINT ( 'NONE',  ( 27.59999999999999787, 0.000000000000000000, 0.1499999999999999944 ) ) ;
#623 = CIRCLE ( 'NONE', #6019, 10.00000000000000000 ) ;
#624 = ORIENTED_EDGE ( 'NONE', *, *, #6231, .T. ) ;
#625 = ADVANCED_FACE ( 'NONE', ( #3283, #775 ), #5201, .T. ) ;
#626 = CIRCLE ( 'NONE', #5406, 10.00000000000000178 ) ;
#627 = CARTESIAN_POINT ( 'NONE',  ( 39.59999999999999432, -4.261960596893379360, 5.702989453486132732 ) ) ;
#628 = ORIENTED_EDGE ( 'NONE', *, *, #4279, .F. ) ;
#629 = DIRECTION ( 'NONE',  ( 0.000000000000000000, 0.000000000000000000, -1.000000000000000000 ) ) ;
#630 = FACE_OUTER_BOUND ( 'NONE', #4343, .T. ) ;
#631 = CARTESIAN_POINT ( 'NONE',  ( 18.59999999999999787, 0.000000000000000000, 0.000000000000000000 ) ) ;
#632 = CARTESIAN_POINT ( 'NONE',  ( 35.60000000000000142, 0.000000000000000000, 0.000000000000000000 ) ) ;
#633 = DIRECTION ( 'NONE',  ( -1.000000000000000000, -0.000000000000000000, -0.000000000000000000 ) ) ;
#634 = LINE ( 'NONE', #4633, #4625 ) ;
#635 = ORIENTED_EDGE ( 'NONE', *, *, #3787, .F. ) ;
#636 = DIRECTION ( 'NONE',  ( -1.000000000000000000, -0.000000000000000000, -0.000000000000000000 ) ) ;
#637 = DIRECTION ( 'NONE',  ( 0.000000000000000000, 0.000000000000000000, -1.000000000000000000 ) ) ;
#638 = EDGE_LOOP ( 'NONE', ( #3565, #6172, #6275, #6122, #5027, #1663, #5937 ) ) ;
#639 = EDGE_LOOP ( 'NONE', ( #6020, #2131, #2447, #6150, #6332, #3264, #914, #4128, #1076 ) ) ;
#640 = DIRECTION ( 'NONE',  ( 0.000000000000000000, 0.000000000000000000, -1.000000000000000000 ) ) ;
#641 = LINE ( 'NONE', #5123, #2456 ) ;
#642 = ORIENTED_EDGE ( 'NONE', *, *, #1025, .T. ) ;
#643 = DIRECTION ( 'NONE',  ( 1.000000000000000000, 0.000000000000000000, 0.000000000000000000 ) ) ;
#644 = EDGE_LOOP ( 'NONE', ( #2902, #5289, #6238, #2625 ) ) ;
#645 = AXIS2_PLACEMENT_3D ( 'NONE', #1992, #3982, #1016 ) ;
#646 = CARTESIAN_POINT ( 'NONE',  ( 30.59999999999999432, -10.60302848086181804, -13.13818223212012626 ) ) ;
#647 = DIRECTION ( 'NONE',  ( -1.000000000000000000, -0.000000000000000000, -0.000000000000000000 ) ) ;
#648 = ORIENTED_EDGE ( 'NONE', *, *, #5590, .F. ) ;
#649 = DIRECTION ( 'NONE',  ( -0.000000000000000000, 1.000000000000000000, 0.000000000000000000 ) ) ;
#650 = CARTESIAN_POINT ( 'NONE',  ( 28.59999999999999787, 1.158410705710341659, -3.828587812352703956 ) ) ;
#651 = EDGE_CURVE ( 'NONE', #2049, #5985, #3045, .T. ) ;
#652 = AXIS2_PLACEMENT_3D ( 'NONE', #5173, #721, #4785 ) ;
#653 = ORIENTED_EDGE ( 'NONE', *, *, #6417, .T. ) ;
#654 = EDGE_CURVE ( 'NONE', #768, #5230, #5229, .T. ) ;
#655 = CIRCLE ( 'NONE', #963, 5.000000000000000000 ) ;
#656 = DIRECTION ( 'NONE',  ( 0.000000000000000000, 0.000000000000000000, -1.000000000000000000 ) ) ;
#657 = ORIENTED_EDGE ( 'NONE', *, *, #4012, .F. ) ;
#658 = FACE_OUTER_BOUND ( 'NONE', #3589, .T. ) ;
#659 = DIRECTION ( 'NONE',  ( 1.000000000000000000, 0.000000000000000000, 0.000000000000000000 ) ) ;
#660 = DIRECTION ( 'NONE',  ( 0.000000000000000000, 0.000000000000000000, -1.000000000000000000 ) ) ;
#661 = EDGE_CURVE ( 'NONE', #158, #5014, #1846, .T. ) ;
#662 = DIRECTION ( 'NONE',  ( -1.000000000000000000, -0.000000000000000000, -0.000000000000000000 ) ) ;
#663 = VECTOR ( 'NONE', #5799, 1000.000000000000000 ) ;
#664 = EDGE_CURVE ( 'NONE', #5531, #2629, #2756, .T. ) ;
#665 = CARTESIAN_POINT ( 'NONE',  ( 31.59999999999999787, -2.763066821399118744, 7.121905987407648020 ) ) ;
#666 = AXIS2_PLACEMENT_3D ( 'NONE', #3810, #5822, #3293 ) ;
#667 = FACE_OUTER_BOUND ( 'NONE', #797, .T. ) ;
#668 = ORIENTED_EDGE ( 'NONE', *, *, #6391, .F. ) ;
#669 = FACE_OUTER_BOUND ( 'NONE', #1766, .T. ) ;
#670 = EDGE_CURVE ( 'NONE', #3823, #1509, #6208, .T. ) ;
#671 = DIRECTION ( 'NONE',  ( 1.000000000000000000, 0.000000000000000000, -1.445602896647339656E-16 ) ) ;
#672 = ORIENTED_EDGE ( 'NONE', *, *, #4042, .T. ) ;
#673 = CARTESIAN_POINT ( 'NONE',  ( 38.59999999999999432, -10.60302848086181804, -13.13818223212012626 ) ) ;
#674 = LINE ( 'NONE', #6137, #5053 ) ;
#675 = VECTOR ( 'NONE', #2810, 1000.000000000000000 ) ;
#676 = ORIENTED_EDGE ( 'NONE', *, *, #4634, .T. ) ;
#677 = DIRECTION ( 'NONE',  ( 1.000000000000000000, 0.000000000000000000, 0.000000000000000000 ) ) ;
#678 = ORIENTED_EDGE ( 'NONE', *, *, #4563, .T. ) ;
#679 = AXIS2_PLACEMENT_3D ( 'NONE', #758, #3780, #367 ) ;
#680 = DIRECTION ( 'NONE',  ( -1.000000000000000000, -0.000000000000000000, -0.000000000000000000 ) ) ;
#681 = LINE ( 'NONE', #3640, #1867 ) ;
#682 = ORIENTED_EDGE ( 'NONE', *, *, #333, .F. ) ;
#683 = EDGE_LOOP ( 'NONE', ( #4427, #435, #3689, #2203 ) ) ;
#684 = DIRECTION ( 'NONE',  ( 0.000000000000000000, 0.000000000000000000, -1.000000000000000000 ) ) ;
#685 = AXIS2_PLACEMENT_3D ( 'NONE', #1198, #2116, #5632 ) ;
#686 = ORIENTED_EDGE ( 'NONE', *, *, #3329, .F. ) ;
#687 = AXIS2_PLACEMENT_3D ( 'NONE', #34, #1882, #3018 ) ;
#688 = CARTESIAN_POINT ( 'NONE',  ( 13.80000000000000249, 8.100000000000003197, 8.000000000000000000 ) ) ;
#689 = VERTEX_POINT ( 'NONE', #2206 ) ;
#690 = DIRECTION ( 'NONE',  ( 0.000000000000000000, 0.000000000000000000, 1.000000000000000000 ) ) ;
#691 = EDGE_CURVE ( 'NONE', #4326, #3218, #6372, .T. ) ;
#692 = PLANE ( 'NONE',  #1999 ) ;
#693 = FACE_OUTER_BOUND ( 'NONE', #6209, .T. ) ;
#694 = DIRECTION ( 'NONE',  ( 0.000000000000000000, 0.000000000000000000, 1.000000000000000000 ) ) ;
#695 = EDGE_CURVE ( 'NONE', #4227, #5310, #5261, .T. ) ;
#696 = VECTOR ( 'NONE', #5184, 1000.000000000000000 ) ;
#697 = DIRECTION ( 'NONE',  ( 0.000000000000000000, 0.000000000000000000, -1.000000000000000000 ) ) ;
#698 = ORIENTED_EDGE ( 'NONE', *, *, #3996, .F. ) ;
#699 = LINE ( 'NONE', #5148, #6396 ) ;
#700 = EDGE_CURVE ( 'NONE', #4288, #2789, #5689, .T. ) ;
#701 = VERTEX_POINT ( 'NONE', #4746 ) ;
#702 = DIRECTION ( 'NONE',  ( 1.000000000000000000, 0.000000000000000000, 0.000000000000000000 ) ) ;
#703 = CARTESIAN_POINT ( 'NONE',  ( 22.10000000000000142, 29.50000000000000000, 7.999999999999996447 ) ) ;
#704 = VERTEX_POINT ( 'NONE', #6240 ) ;
#705 = EDGE_CURVE ( 'NONE', #3124, #1132, #5735, .T. ) ;
#706 = FACE_BOUND ( 'NONE', #5874, .T. ) ;
#707 = FACE_OUTER_BOUND ( 'NONE', #1035, .T. ) ;
#708 = EDGE_LOOP ( 'NONE', ( #3927, #4284, #5837, #2755 ) ) ;
#709 = VECTOR ( 'NONE', #5448, 1000.000000000000000 ) ;
#710 = ORIENTED_EDGE ( 'NONE', *, *, #4071, .F. ) ;
#711 = LINE ( 'NONE', #4189, #1 ) ;
#712 = AXIS2_PLACEMENT_3D ( 'NONE', #5497, #3733, #1675 ) ;
#713 = VERTEX_POINT ( 'NONE', #4779 ) ;
#714 = ORIENTED_EDGE ( 'NONE', *, *, #1692, .F. ) ;
#715 = CARTESIAN_POINT ( 'NONE',  ( 24.10000000000000497, 29.50000000000000000, 8.999999999999998224 ) ) ;
#716 = ORIENTED_EDGE ( 'NONE', *, *, #3209, .F. ) ;
#717 = CARTESIAN_POINT ( 'NONE',  ( -6.800000000000001599, 4.499999999999999112, -2.649999999999999023 ) ) ;
#718 = ORIENTED_EDGE ( 'NONE', *, *, #503, .T. ) ;
#719 = CARTESIAN_POINT ( 'NONE',  ( 21.59999999999999787, 1.030637635557567044, 3.864943216164022477 ) ) ;
#720 = AXIS2_PLACEMENT_3D ( 'NONE', #5720, #3805, #5785 ) ;
#721 = DIRECTION ( 'NONE',  ( -1.000000000000000000, -0.000000000000000000, -0.000000000000000000 ) ) ;
#722 = LINE ( 'NONE', #4692, #3313 ) ;
#723 = CARTESIAN_POINT ( 'NONE',  ( 1.500000000000002220, -2.763066821399118744, 7.121905987407648020 ) ) ;
#724 = AXIS2_PLACEMENT_3D ( 'NONE', #4782, #779, #4358 ) ;
#725 = LINE ( 'NONE', #4147, #3526 ) ;
#726 = ORIENTED_EDGE ( 'NONE', *, *, #1538, .T. ) ;
#727 = CARTESIAN_POINT ( 'NONE',  ( 21.59999999999999787, 0.000000000000000000, 0.1499999999999999944 ) ) ;
#728 = ORIENTED_EDGE ( 'NONE', *, *, #2843, .F. ) ;
#729 = CARTESIAN_POINT ( 'NONE',  ( 20.59999999999999787, 2.606424087848269178, -8.614322577793585012 ) ) ;
#730 = DIRECTION ( 'NONE',  ( 0.000000000000000000, 0.000000000000000000, -1.000000000000000000 ) ) ;
#731 = CARTESIAN_POINT ( 'NONE',  ( 29.04974746830583143, 20.25000000000000711, -6.250000000000000888 ) ) ;
#732 = ORIENTED_EDGE ( 'NONE', *, *, #2045, .T. ) ;
#733 = EDGE_CURVE ( 'NONE', #1982, #1087, #5020, .T. ) ;
#734 = EDGE_CURVE ( 'NONE', #2977, #607, #4715, .T. ) ;
#735 = CARTESIAN_POINT ( 'NONE',  ( 1.500000000000000000, 0.000000000000000000, 0.1499999999999999944 ) ) ;
#736 = DIRECTION ( 'NONE',  ( 1.000000000000000000, 0.000000000000000000, 0.000000000000000000 ) ) ;
#737 = ORIENTED_EDGE ( 'NONE', *, *, #5078, .F. ) ;
#738 = ADVANCED_FACE ( 'NONE', ( #1254 ), #3248, .F. ) ;
#739 = EDGE_CURVE ( 'NONE', #1988, #4716, #345, .T. ) ;
#740 = ORIENTED_EDGE ( 'NONE', *, *, #5103, .T. ) ;
#741 = EDGE_CURVE ( 'NONE', #5308, #298, #2419, .T. ) ;
#742 = DIRECTION ( 'NONE',  ( 0.000000000000000000, 0.000000000000000000, 1.000000000000000000 ) ) ;
#743 = DIRECTION ( 'NONE',  ( -1.000000000000000000, 0.000000000000000000, 0.000000000000000000 ) ) ;
#744 = VERTEX_POINT ( 'NONE', #4807 ) ;
#745 = CARTESIAN_POINT ( 'NONE',  ( 15.20000000000000462, 29.50000000000000000, 0.000000000000000000 ) ) ;
#746 = EDGE_CURVE ( 'NONE', #5721, #841, #2333, .T. ) ;
#747 = VERTEX_POINT ( 'NONE', #6307 ) ;
#748 = PRESENTATION_STYLE_ASSIGNMENT (( #5692 ) ) ;
#749 = AXIS2_PLACEMENT_3D ( 'NONE', #3225, #5662, #4722 ) ;
#750 = ORIENTED_EDGE ( 'NONE', *, *, #944, .T. ) ;
#751 = CARTESIAN_POINT ( 'NONE',  ( 1.500000000000000000, 0.000000000000000000, 0.000000000000000000 ) ) ;
#752 = DIRECTION ( 'NONE',  ( 0.000000000000000000, 0.000000000000000000, -1.000000000000000000 ) ) ;
#753 = DIRECTION ( 'NONE',  ( -1.000000000000000000, -0.000000000000000000, -0.000000000000000000 ) ) ;
#754 = CARTESIAN_POINT ( 'NONE',  ( 8.225974270706696956, 29.50000000000000711, 3.499999999999999556 ) ) ;
#755 = AXIS2_PLACEMENT_3D ( 'NONE', #1913, #2009, #5399 ) ;
#756 = CARTESIAN_POINT ( 'NONE',  ( -47.19999999999999574, 5.500000000000000000, 2.700000000000008171 ) ) ;
#757 = ORIENTED_EDGE ( 'NONE', *, *, #4789, .F. ) ;
#758 = CARTESIAN_POINT ( 'NONE',  ( -47.19999999999999574, 5.500000000000000000, 5.000000000000004441 ) ) ;
#759 = ORIENTED_EDGE ( 'NONE', *, *, #2233, .F. ) ;
#760 = DIRECTION ( 'NONE',  ( 0.000000000000000000, -1.982541115402062546E-15, -1.000000000000000000 ) ) ;
#761 = DIRECTION ( 'NONE',  ( 1.000000000000000000, 0.000000000000000000, -0.000000000000000000 ) ) ;
#762 = ORIENTED_EDGE ( 'NONE', *, *, #4713, .F. ) ;
#763 = VECTOR ( 'NONE', #2563, 1000.000000000000000 ) ;
#764 = FILL_AREA_STYLE ('',( #3237 ) ) ;
#765 = DIRECTION ( 'NONE',  ( 1.000000000000000000, 0.000000000000000000, 0.000000000000000000 ) ) ;
#766 = EDGE_CURVE ( 'NONE', #3758, #3730, #5327, .T. ) ;
#767 = ORIENTED_EDGE ( 'NONE', *, *, #4268, .F. ) ;
#768 = VERTEX_POINT ( 'NONE', #4974 ) ;
#769 = EDGE_CURVE ( 'NONE', #2431, #1500, #5881, .T. ) ;
#770 = CIRCLE ( 'NONE', #2020, 9.000000000000000000 ) ;
#771 = DIRECTION ( 'NONE',  ( 0.000000000000000000, 0.000000000000000000, -1.000000000000000000 ) ) ;
#772 = VERTEX_POINT ( 'NONE', #4905 ) ;
#773 = EDGE_CURVE ( 'NONE', #1185, #5907, #6261, .T. ) ;
#774 = VERTEX_POINT ( 'NONE', #1516 ) ;
#775 = FACE_BOUND ( 'NONE', #4783, .T. ) ;
#776 = VERTEX_POINT ( 'NONE', #4418 ) ;
#777 = VECTOR ( 'NONE', #1903, 1000.000000000000000 ) ;
#778 = EDGE_CURVE ( 'NONE', #5681, #199, #450, .T. ) ;
#779 = DIRECTION ( 'NONE',  ( -0.000000000000000000, -0.000000000000000000, -1.000000000000000000 ) ) ;
#780 = ORIENTED_EDGE ( 'NONE', *, *, #1449, .T. ) ;
#781 = CARTESIAN_POINT ( 'NONE',  ( 1.500000000000000000, 4.898587196589412829E-16, -4.000000000000000000 ) ) ;
#782 = FACE_OUTER_BOUND ( 'NONE', #5846, .T. ) ;
#783 = DIRECTION ( 'NONE',  ( -1.000000000000000000, -0.000000000000000000, -0.000000000000000000 ) ) ;
#784 = PLANE ( 'NONE',  #869 ) ;
#785 = VECTOR ( 'NONE', #145, 1000.000000000000000 ) ;
#786 = CARTESIAN_POINT ( 'NONE',  ( -50.70000000000000284, 5.500000000000000000, -2.699999999999993072 ) ) ;
#787 = VERTEX_POINT ( 'NONE', #4483 ) ;
#788 = DIRECTION ( 'NONE',  ( 0.000000000000000000, 0.000000000000000000, -1.000000000000000000 ) ) ;
#789 = ORIENTED_EDGE ( 'NONE', *, *, #2716, .F. ) ;
#790 = DIRECTION ( 'NONE',  ( 1.000000000000000000, 0.000000000000000000, 0.000000000000000000 ) ) ;
#791 = CARTESIAN_POINT ( 'NONE',  ( 13.80000000000000249, 1.000000000000000444, -7.450000000000001066 ) ) ;
#792 = LINE ( 'NONE', #1897, #1485 ) ;
#793 = ORIENTED_EDGE ( 'NONE', *, *, #4671, .F. ) ;
#794 = AXIS2_PLACEMENT_3D ( 'NONE', #1444, #5056, #730 ) ;
#795 = CARTESIAN_POINT ( 'NONE',  ( 0.000000000000000000, 7.100000000000003197, 8.450000000000001066 ) ) ;
#796 = DIRECTION ( 'NONE',  ( 0.000000000000000000, 0.000000000000000000, 1.000000000000000000 ) ) ;
#797 = EDGE_LOOP ( 'NONE', ( #4979, #918, #4899, #1197 ) ) ;
#798 = ORIENTED_EDGE ( 'NONE', *, *, #5584, .T. ) ;
#799 = VECTOR ( 'NONE', #4981, 1000.000000000000000 ) ;
#800 = UNCERTAINTY_MEASURE_WITH_UNIT (LENGTH_MEASURE( 1.000000000000000082E-05 ), #5593, 'distance_accuracy_value', 'NONE');
#801 = DIRECTION ( 'NONE',  ( 0.000000000000000000, 0.000000000000000000, 1.000000000000000000 ) ) ;
#802 = DIRECTION ( 'NONE',  ( 1.000000000000000000, 0.000000000000000000, 0.000000000000000000 ) ) ;
#803 = APPLICATION_PROTOCOL_DEFINITION ( 'draft international standard', 'automotive_design', 1998, #1708 ) ;
#804 = ORIENTED_EDGE ( 'NONE', *, *, #5989, .T. ) ;
#805 = VERTEX_POINT ( 'NONE', #5365 ) ;
#806 = DIRECTION ( 'NONE',  ( -1.000000000000000000, -0.000000000000000000, -0.000000000000000000 ) ) ;
#807 = ORIENTED_EDGE ( 'NONE', *, *, #661, .T. ) ;
#808 = EDGE_CURVE ( 'NONE', #5367, #4359, #6161, .T. ) ;
#809 = CIRCLE ( 'NONE', #4244, 10.00000000000000000 ) ;
#810 = EDGE_CURVE ( 'NONE', #6251, #1945, #3767, .T. ) ;
#811 =( LENGTH_UNIT ( ) NAMED_UNIT ( * ) SI_UNIT ( .MILLI., .METRE. ) );
#812 = ORIENTED_EDGE ( 'NONE', *, *, #1492, .F. ) ;
#813 = CARTESIAN_POINT ( 'NONE',  ( 0.000000000000000000, 0.000000000000000000, 0.1499999999999999944 ) ) ;
#814 = LINE ( 'NONE', #2796, #6362 ) ;
#815 = DIRECTION ( 'NONE',  ( 0.000000000000000000, 0.000000000000000000, -1.000000000000000000 ) ) ;
#816 = AXIS2_PLACEMENT_3D ( 'NONE', #1282, #4285, #1250 ) ;
#817 = CARTESIAN_POINT ( 'NONE',  ( 13.80000000000000249, 8.099999999999999645, -8.000000000000000000 ) ) ;
#818 = VECTOR ( 'NONE', #1331, 1000.000000000000000 ) ;
#819 = EDGE_CURVE ( 'NONE', #2834, #2895, #1788, .T. ) ;
#820 = ADVANCED_FACE ( 'NONE', ( #3384 ), #3863, .F. ) ;
#821 = ADVANCED_FACE ( 'NONE', ( #5494 ), #1034, .T. ) ;
#822 = LINE ( 'NONE', #4241, #4772 ) ;
#823 = ORIENTED_EDGE ( 'NONE', *, *, #6111, .F. ) ;
#824 = CARTESIAN_POINT ( 'NONE',  ( 22.59999999999999432, 0.000000000000000000, 0.000000000000000000 ) ) ;
#825 = EDGE_LOOP ( 'NONE', ( #6342, #70, #2391, #678, #5851, #4301, #1666, #6140, #1713 ) ) ;
#826 = FACE_OUTER_BOUND ( 'NONE', #3605, .T. ) ;
#827 = CARTESIAN_POINT ( 'NONE',  ( -39.69999999999999574, 7.000000000000006217, 5.000000000000000000 ) ) ;
#828 = LINE ( 'NONE', #5901, #5121 ) ;
#829 = CIRCLE ( 'NONE', #2277, 10.00000000000000000 ) ;
#830 = CARTESIAN_POINT ( 'NONE',  ( 24.59999999999999787, 1.030637635557567044, 8.864943216164022033 ) ) ;
#831 = AXIS2_PLACEMENT_3D ( 'NONE', #4098, #2599, #77 ) ;
#832 = PLANE ( 'NONE',  #3804 ) ;
#833 = ORIENTED_EDGE ( 'NONE', *, *, #1807, .T. ) ;
#834 = ORIENTED_EDGE ( 'NONE', *, *, #6148, .F. ) ;
#835 = EDGE_LOOP ( 'NONE', ( #3734, #4973 ) ) ;
#836 = CARTESIAN_POINT ( 'NONE',  ( -50.70000000000000284, 5.500000000000000000, 24.72882059609970895 ) ) ;
#837 = DIRECTION ( 'NONE',  ( -1.000000000000000000, -0.000000000000000000, -0.000000000000000000 ) ) ;
#838 = ORIENTED_EDGE ( 'NONE', *, *, #2807, .F. ) ;
#839 = VERTEX_POINT ( 'NONE', #2920 ) ;
#840 = DIRECTION ( 'NONE',  ( 1.000000000000000000, 0.000000000000000000, 0.000000000000000000 ) ) ;
#841 = VERTEX_POINT ( 'NONE', #1484 ) ;
#842 = EDGE_CURVE ( 'NONE', #3937, #163, #1947, .T. ) ;
#843 = PLANE ( 'NONE',  #213 ) ;
#844 = EDGE_LOOP ( 'NONE', ( #5275, #5425, #5805, #1610 ) ) ;
#845 = CARTESIAN_POINT ( 'NONE',  ( 34.60000000000000142, 1.030637635557567044, 3.864943216164022477 ) ) ;
#846 = CARTESIAN_POINT ( 'NONE',  ( 13.60000000000000497, 29.50000000000000711, 3.499999999999999556 ) ) ;
#847 = DIRECTION ( 'NONE',  ( -1.000000000000000000, -0.000000000000000000, -0.000000000000000000 ) ) ;
#848 = DIRECTION ( 'NONE',  ( 0.000000000000000000, 0.000000000000000000, -1.000000000000000000 ) ) ;
#849 = EDGE_CURVE ( 'NONE', #3779, #5252, #4501, .T. ) ;
#850 = EDGE_CURVE ( 'NONE', #5970, #4551, #4187, .T. ) ;
#851 = DIRECTION ( 'NONE',  ( 0.000000000000000000, -1.162264728904460753E-14, -1.000000000000000000 ) ) ;
#852 = ORIENTED_EDGE ( 'NONE', *, *, #695, .T. ) ;
#853 = CARTESIAN_POINT ( 'NONE',  ( 23.59999999999999432, -4.261960596893379360, 5.702989453486132732 ) ) ;
#854 = ORIENTED_EDGE ( 'NONE', *, *, #2918, .F. ) ;
#855 = DIRECTION ( 'NONE',  ( 1.000000000000000000, 0.000000000000000000, 0.000000000000000000 ) ) ;
#856 = DIRECTION ( 'NONE',  ( 0.000000000000000000, 0.000000000000000000, -1.000000000000000000 ) ) ;
#857 = DIRECTION ( 'NONE',  ( 0.000000000000000000, 0.000000000000000000, -1.000000000000000000 ) ) ;
#858 = ADVANCED_FACE ( 'NONE', ( #3450 ), #2366, .T. ) ;
#859 = VECTOR ( 'NONE', #1883, 1000.000000000000000 ) ;
#860 = EDGE_CURVE ( 'NONE', #4093, #3464, #3368, .T. ) ;
#861 = VECTOR ( 'NONE', #3704, 1000.000000000000000 ) ;
#862 = PLANE ( 'NONE',  #1824 ) ;
#863 = VERTEX_POINT ( 'NONE', #2465 ) ;
#864 = ORIENTED_EDGE ( 'NONE', *, *, #3714, .F. ) ;
#865 = ORIENTED_EDGE ( 'NONE', *, *, #2170, .T. ) ;
#866 = VECTOR ( 'NONE', #3500, 1000.000000000000000 ) ;
#867 = DIRECTION ( 'NONE',  ( 0.000000000000000000, -1.162264728904460753E-14, -1.000000000000000000 ) ) ;
#868 = CARTESIAN_POINT ( 'NONE',  ( 39.59999999999999432, 0.000000000000000000, 0.1499999999999999944 ) ) ;
#869 = AXIS2_PLACEMENT_3D ( 'NONE', #6282, #3845, #3775 ) ;
#870 = ORIENTED_EDGE ( 'NONE', *, *, #4789, .T. ) ;
#871 = EDGE_LOOP ( 'NONE', ( #3390, #1253, #4063, #424 ) ) ;
#872 = CARTESIAN_POINT ( 'NONE',  ( 24.59999999999999787, 1.030637635557567044, 3.864943216164022477 ) ) ;
#873 = ORIENTED_EDGE ( 'NONE', *, *, #2002, .F. ) ;
#874 = AXIS2_PLACEMENT_3D ( 'NONE', #2981, #3568, #4479 ) ;
#875 = CARTESIAN_POINT ( 'NONE',  ( 20.59999999999999787, -2.763066821399118744, 7.121905987407648020 ) ) ;
#876 = FACE_OUTER_BOUND ( 'NONE', #4626, .T. ) ;
#877 = VERTEX_POINT ( 'NONE', #5947 ) ;
#878 = CARTESIAN_POINT ( 'NONE',  ( 1.500000000000000000, 8.572527594031473190E-16, -6.850000000000000533 ) ) ;
#879 = FACE_OUTER_BOUND ( 'NONE', #644, .T. ) ;
#880 = CARTESIAN_POINT ( 'NONE',  ( 41.60000000000000142, -2.763066821399118744, 7.121905987407648020 ) ) ;
#881 = DIRECTION ( 'NONE',  ( -1.000000000000000000, -0.000000000000000000, -0.000000000000000000 ) ) ;
#882 = VECTOR ( 'NONE', #1146, 1000.000000000000000 ) ;
#883 = CARTESIAN_POINT ( 'NONE',  ( 26.59999999999999787, 0.000000000000000000, 0.1499999999999999944 ) ) ;
#884 = ORIENTED_EDGE ( 'NONE', *, *, #3707, .F. ) ;
#885 = CARTESIAN_POINT ( 'NONE',  ( 32.59999999999999432, 2.606424087848269178, -8.614322577793585012 ) ) ;
#886 = LINE ( 'NONE', #1340, #3072 ) ;
#887 = CARTESIAN_POINT ( 'NONE',  ( 1.500000000000000000, 8.572527594031473190E-16, -6.850000000000000533 ) ) ;
#888 = CARTESIAN_POINT ( 'NONE',  ( 21.59999999999999787, -10.60302848086181804, -13.13818223212012626 ) ) ;
#889 = CIRCLE ( 'NONE', #2032, 10.00000000000000000 ) ;
#890 = AXIS2_PLACEMENT_3D ( 'NONE', #1077, #1561, #690 ) ;
#891 = EDGE_CURVE ( 'NONE', #5093, #5861, #3152, .T. ) ;
#892 = EDGE_CURVE ( 'NONE', #1792, #5772, #451, .T. ) ;
#893 = AXIS2_PLACEMENT_3D ( 'NONE', #515, #4480, #610 ) ;
#894 = DIRECTION ( 'NONE',  ( 0.000000000000000000, -1.162264728904460753E-14, -1.000000000000000000 ) ) ;
#895 = DIRECTION ( 'NONE',  ( 0.000000000000000000, 0.000000000000000000, -1.000000000000000000 ) ) ;
#896 = ORIENTED_EDGE ( 'NONE', *, *, #1566, .F. ) ;
#897 = VERTEX_POINT ( 'NONE', #6371 ) ;
#898 = ADVANCED_FACE ( 'NONE', ( #1423 ), #2985, .T. ) ;
#899 = CIRCLE ( 'NONE', #6093, 10.00000000000000000 ) ;
#900 = ADVANCED_FACE ( 'NONE', ( #5587 ), #1128, .F. ) ;
#901 = LINE ( 'NONE', #3827, #3000 ) ;
#902 = CARTESIAN_POINT ( 'NONE',  ( 13.80000000000000249, 8.099999999999999645, -8.000000000000000000 ) ) ;
#903 = AXIS2_PLACEMENT_3D ( 'NONE', #1116, #3109, #1268 ) ;
#904 = ORIENTED_EDGE ( 'NONE', *, *, #2402, .T. ) ;
#905 = ORIENTED_EDGE ( 'NONE', *, *, #85, .T. ) ;
#906 = CARTESIAN_POINT ( 'NONE',  ( 41.60000000000000142, 0.000000000000000000, 0.000000000000000000 ) ) ;
#907 = ORIENTED_EDGE ( 'NONE', *, *, #6421, .F. ) ;
#908 = DIRECTION ( 'NONE',  ( 0.000000000000000000, 0.000000000000000000, 1.000000000000000000 ) ) ;
#909 = CIRCLE ( 'NONE', #3303, 5.000000000000000888 ) ;
#910 = FACE_OUTER_BOUND ( 'NONE', #3874, .T. ) ;
#911 = ORIENTED_EDGE ( 'NONE', *, *, #1557, .T. ) ;
#912 = FACE_OUTER_BOUND ( 'NONE', #4249, .T. ) ;
#913 = DIRECTION ( 'NONE',  ( -1.000000000000000000, -0.000000000000000000, -0.000000000000000000 ) ) ;
#914 = ORIENTED_EDGE ( 'NONE', *, *, #4640, .F. ) ;
#915 = CARTESIAN_POINT ( 'NONE',  ( 18.59999999999999787, 1.158410705710341659, -3.828587812352703956 ) ) ;
#916 = AXIS2_PLACEMENT_3D ( 'NONE', #1994, #5313, #4926 ) ;
#917 = CARTESIAN_POINT ( 'NONE',  ( 19.59999999999999787, 2.318934680004526516, 8.696122236369051350 ) ) ;
#918 = ORIENTED_EDGE ( 'NONE', *, *, #2273, .T. ) ;
#919 = DIRECTION ( 'NONE',  ( 1.504111723692325477E-16, -1.000000000000000000, 0.000000000000000000 ) ) ;
#920 = CIRCLE ( 'NONE', #405, 10.00000000000000000 ) ;
#921 = VECTOR ( 'NONE', #3743, 1000.000000000000000 ) ;
#922 = FACE_OUTER_BOUND ( 'NONE', #589, .T. ) ;
#923 = CARTESIAN_POINT ( 'NONE',  ( 36.59999999999999432, -10.35047573531249654, 13.63583152989489911 ) ) ;
#924 = LINE ( 'NONE', #5347, #3514 ) ;
#925 = DIRECTION ( 'NONE',  ( -1.000000000000000000, -0.000000000000000000, -0.000000000000000000 ) ) ;
#926 = VECTOR ( 'NONE', #1029, 1000.000000000000000 ) ;
#927 = DIRECTION ( 'NONE',  ( 0.000000000000000000, 0.000000000000000000, -1.000000000000000000 ) ) ;
#928 = EDGE_CURVE ( 'NONE', #350, #2076, #2596, .T. ) ;
#929 = FACE_OUTER_BOUND ( 'NONE', #4831, .T. ) ;
#930 = AXIS2_PLACEMENT_3D ( 'NONE', #4624, #5533, #3579 ) ;
#931 = ORIENTED_EDGE ( 'NONE', *, *, #3964, .T. ) ;
#932 = ORIENTED_EDGE ( 'NONE', *, *, #734, .F. ) ;
#933 = EDGE_CURVE ( 'NONE', #774, #2615, #3572, .T. ) ;
#934 = AXIS2_PLACEMENT_3D ( 'NONE', #588, #3668, #5622 ) ;
#935 = DIRECTION ( 'NONE',  ( -1.000000000000000000, -0.000000000000000000, -0.000000000000000000 ) ) ;
#936 = CARTESIAN_POINT ( 'NONE',  ( 22.59999999999999432, 1.030637635557567044, 8.864943216164022033 ) ) ;
#937 = EDGE_CURVE ( 'NONE', #5159, #79, #2532, .T. ) ;
#938 = VERTEX_POINT ( 'NONE', #71 ) ;
#939 = ORIENTED_EDGE ( 'NONE', *, *, #5353, .F. ) ;
#940 = DIRECTION ( 'NONE',  ( -1.000000000000000000, -0.000000000000000000, -0.000000000000000000 ) ) ;
#941 = VERTEX_POINT ( 'NONE', #580 ) ;
#942 = ADVANCED_FACE ( 'NONE', ( #3118 ), #4517, .T. ) ;
#943 = DIRECTION ( 'NONE',  ( 0.000000000000000000, 0.000000000000000000, -1.000000000000000000 ) ) ;
#944 = EDGE_CURVE ( 'NONE', #3980, #4747, #4919, .T. ) ;
#945 = FACE_OUTER_BOUND ( 'NONE', #1918, .T. ) ;
#946 = ORIENTED_EDGE ( 'NONE', *, *, #5704, .F. ) ;
#947 = CARTESIAN_POINT ( 'NONE',  ( 32.59999999999999432, 1.158410705710341659, -3.828587812352703956 ) ) ;
#948 = DIRECTION ( 'NONE',  ( -1.000000000000000000, -0.000000000000000000, -0.000000000000000000 ) ) ;
#949 = VERTEX_POINT ( 'NONE', #5065 ) ;
#950 = DIRECTION ( 'NONE',  ( 1.000000000000000000, 0.000000000000000000, 0.000000000000000000 ) ) ;
#951 = CARTESIAN_POINT ( 'NONE',  ( 37.59999999999999432, 0.000000000000000000, 0.1499999999999999944 ) ) ;
#952 = ORIENTED_EDGE ( 'NONE', *, *, #5400, .F. ) ;
#953 = DIRECTION ( 'NONE',  ( 0.000000000000000000, 0.000000000000000000, -1.000000000000000000 ) ) ;
#954 = DIRECTION ( 'NONE',  ( -1.000000000000000000, 0.000000000000000000, 0.000000000000000000 ) ) ;
#955 = CARTESIAN_POINT ( 'NONE',  ( 29.04974746830583143, 2.400000000000003020, 1.199999999999992406 ) ) ;
#956 = DIRECTION ( 'NONE',  ( 0.000000000000000000, 0.000000000000000000, -1.000000000000000000 ) ) ;
#957 = DIRECTION ( 'NONE',  ( 0.000000000000000000, 0.000000000000000000, -1.000000000000000000 ) ) ;
#958 = VECTOR ( 'NONE', #561, 1000.000000000000000 ) ;
#959 = DIRECTION ( 'NONE',  ( -1.000000000000000000, -1.504111723692325477E-16, 0.000000000000000000 ) ) ;
#960 = DIRECTION ( 'NONE',  ( 1.000000000000000000, 0.000000000000000000, 0.000000000000000000 ) ) ;
#961 = AXIS2_PLACEMENT_3D ( 'NONE', #4884, #2405, #4390 ) ;
#962 = VERTEX_POINT ( 'NONE', #1064 ) ;
#963 = AXIS2_PLACEMENT_3D ( 'NONE', #4620, #137, #2110 ) ;
#964 = CARTESIAN_POINT ( 'NONE',  ( 19.86927765092148945, 14.50000000000000711, 0.000000000000000000 ) ) ;
#965 = LINE ( 'NONE', #6402, #57 ) ;
#966 = ORIENTED_EDGE ( 'NONE', *, *, #1326, .F. ) ;
#967 = ORIENTED_EDGE ( 'NONE', *, *, #4555, .T. ) ;
#968 = CARTESIAN_POINT ( 'NONE',  ( 27.59999999999999787, 1.158410705710341659, -3.828587812352703956 ) ) ;
#969 = AXIS2_PLACEMENT_3D ( 'NONE', #3818, #1933, #6359 ) ;
#970 = ORIENTED_EDGE ( 'NONE', *, *, #154, .T. ) ;
#971 = EDGE_CURVE ( 'NONE', #6386, #2231, #132, .T. ) ;
#972 = CIRCLE ( 'NONE', #5338, 5.000000000000000000 ) ;
#973 = CARTESIAN_POINT ( 'NONE',  ( 13.80000000000000249, 23.75000000000000355, -6.250000000000000888 ) ) ;
#974 = EDGE_CURVE ( 'NONE', #1118, #199, #1271, .T. ) ;
#975 = CYLINDRICAL_SURFACE ( 'NONE', #1760, 10.00000000000000000 ) ;
#976 = ORIENTED_EDGE ( 'NONE', *, *, #421, .F. ) ;
#977 = DIRECTION ( 'NONE',  ( 0.000000000000000000, 0.000000000000000000, 1.000000000000000000 ) ) ;
#978 = DIRECTION ( 'NONE',  ( -1.000000000000000000, -0.000000000000000000, -0.000000000000000000 ) ) ;
#979 = ORIENTED_EDGE ( 'NONE', *, *, #2440, .T. ) ;
#980 = DIRECTION ( 'NONE',  ( 1.000000000000000000, -0.000000000000000000, -0.000000000000000000 ) ) ;
#981 = AXIS2_PLACEMENT_3D ( 'NONE', #6300, #6336, #2395 ) ;
#982 = EDGE_CURVE ( 'NONE', #1129, #2846, #1092, .T. ) ;
#983 = DIRECTION ( 'NONE',  ( -1.000000000000000000, 0.000000000000000000, -0.000000000000000000 ) ) ;
#984 = CIRCLE ( 'NONE', #1497, 5.000000000000000000 ) ;
#985 = EDGE_LOOP ( 'NONE', ( #1115, #2199, #4650, #83 ) ) ;
#986 = DIRECTION ( 'NONE',  ( 0.000000000000000000, 0.000000000000000000, -1.000000000000000000 ) ) ;
#987 = FACE_OUTER_BOUND ( 'NONE', #355, .T. ) ;
#988 = CARTESIAN_POINT ( 'NONE',  ( 13.80000000000000249, 8.099999999999999645, -8.000000000000000000 ) ) ;
#989 = FACE_OUTER_BOUND ( 'NONE', #2042, .T. ) ;
#990 = DIRECTION ( 'NONE',  ( 0.000000000000000000, 0.000000000000000000, -1.000000000000000000 ) ) ;
#991 = PLANE ( 'NONE',  #3902 ) ;
#992 = CARTESIAN_POINT ( 'NONE',  ( -43.29999999999999716, 14.50000000000000355, 5.000000000000000000 ) ) ;
#993 = AXIS2_PLACEMENT_3D ( 'NONE', #3525, #5508, #1401 ) ;
#994 = ORIENTED_EDGE ( 'NONE', *, *, #5549, .T. ) ;
#995 = CARTESIAN_POINT ( 'NONE',  ( 30.59999999999999432, 0.000000000000000000, 0.1499999999999999944 ) ) ;
#996 = DIRECTION ( 'NONE',  ( 0.000000000000000000, 0.000000000000000000, 1.000000000000000000 ) ) ;
#997 = DIRECTION ( 'NONE',  ( 1.000000000000000000, 0.000000000000000000, 0.000000000000000000 ) ) ;
#998 = ORIENTED_EDGE ( 'NONE', *, *, #5060, .T. ) ;
#999 = ORIENTED_EDGE ( 'NONE', *, *, #2122, .F. ) ;
#1000 = DIRECTION ( 'NONE',  ( 0.000000000000000000, 0.000000000000000000, -1.000000000000000000 ) ) ;
#1001 = AXIS2_PLACEMENT_3D ( 'NONE', #319, #1904, #2422 ) ;
#1002 = ORIENTED_EDGE ( 'NONE', *, *, #2096, .T. ) ;
#1003 = AXIS2_PLACEMENT_3D ( 'NONE', #5835, #3305, #3788 ) ;
#1004 = CARTESIAN_POINT ( 'NONE',  ( 1.500000000000002220, -10.35047573531249654, 13.63583152989489911 ) ) ;
#1005 = DIRECTION ( 'NONE',  ( -1.000000000000000000, -0.000000000000000000, -0.000000000000000000 ) ) ;
#1006 = ORIENTED_EDGE ( 'NONE', *, *, #114, .T. ) ;
#1007 = CARTESIAN_POINT ( 'NONE',  ( 33.60000000000000142, 2.318934680004526516, 8.696122236369051350 ) ) ;
#1008 = CARTESIAN_POINT ( 'NONE',  ( 20.59999999999999787, 8.572527594031474176E-16, -6.850000000000002309 ) ) ;
#1009 = EDGE_CURVE ( 'NONE', #5071, #2082, #6059, .T. ) ;
#1010 = ORIENTED_EDGE ( 'NONE', *, *, #5904, .T. ) ;
#1011 = EDGE_CURVE ( 'NONE', #2930, #1132, #4614, .T. ) ;
#1012 = CIRCLE ( 'NONE', #1631, 6.049999999999999822 ) ;
#1013 = DIRECTION ( 'NONE',  ( 1.000000000000000000, 0.000000000000000000, 0.000000000000000000 ) ) ;
#1014 = EDGE_LOOP ( 'NONE', ( #5212, #5979, #6306, #2727 ) ) ;
#1015 = FACE_OUTER_BOUND ( 'NONE', #1085, .T. ) ;
#1016 = DIRECTION ( 'NONE',  ( 0.000000000000000000, -1.000000000000000000, 2.478176394252590410E-15 ) ) ;
#1017 = DIRECTION ( 'NONE',  ( -1.000000000000000000, 0.000000000000000000, 0.000000000000000000 ) ) ;
#1018 = EDGE_CURVE ( 'NONE', #207, #1870, #4126, .T. ) ;
#1019 = AXIS2_PLACEMENT_3D ( 'NONE', #3392, #4101, #2145 ) ;
#1020 = DIRECTION ( 'NONE',  ( 1.000000000000000000, 0.000000000000000000, 0.000000000000000000 ) ) ;
#1021 = CARTESIAN_POINT ( 'NONE',  ( 37.59999999999999432, -10.35047573531249654, 13.63583152989489911 ) ) ;
#1022 = EDGE_CURVE ( 'NONE', #1127, #3176, #3147, .T. ) ;
#1023 = CYLINDRICAL_SURFACE ( 'NONE', #2030, 5.499999999999998224 ) ;
#1024 = CARTESIAN_POINT ( 'NONE',  ( 37.59999999999999432, 0.000000000000000000, 0.1499999999999999944 ) ) ;
#1025 = EDGE_CURVE ( 'NONE', #620, #4931, #4404, .T. ) ;
#1026 = EDGE_LOOP ( 'NONE', ( #1137, #3183, #4192, #624 ) ) ;
#1027 = ORIENTED_EDGE ( 'NONE', *, *, #6421, .T. ) ;
#1028 = AXIS2_PLACEMENT_3D ( 'NONE', #6013, #2659, #3121 ) ;
#1029 = DIRECTION ( 'NONE',  ( 0.000000000000000000, -1.000000000000000000, 0.000000000000000000 ) ) ;
#1030 = PRESENTATION_STYLE_ASSIGNMENT (( #5424 ) ) ;
#1031 = CIRCLE ( 'NONE', #2591, 1.749999999999998890 ) ;
#1032 = LINE ( 'NONE', #2560, #4323 ) ;
#1033 = ORIENTED_EDGE ( 'NONE', *, *, #1286, .T. ) ;
#1034 = CYLINDRICAL_SURFACE ( 'NONE', #2003, 5.000000000000000000 ) ;
#1035 = EDGE_LOOP ( 'NONE', ( #4136, #4883, #6052, #3851, #4695, #3724, #309, #1650, #2126 ) ) ;
#1036 = AXIS2_PLACEMENT_3D ( 'NONE', #4464, #5960, #17 ) ;
#1037 = DIRECTION ( 'NONE',  ( 1.000000000000000000, 0.000000000000000000, -3.154042683594195614E-16 ) ) ;
#1038 = CARTESIAN_POINT ( 'NONE',  ( 18.59999999999999787, 0.000000000000000000, 0.1499999999999999944 ) ) ;
#1039 = ORIENTED_EDGE ( 'NONE', *, *, #4307, .T. ) ;
#1040 = DIRECTION ( 'NONE',  ( -1.000000000000000000, -0.000000000000000000, -0.000000000000000000 ) ) ;
#1041 = DIRECTION ( 'NONE',  ( -0.000000000000000000, -1.000000000000000000, -0.000000000000000000 ) ) ;
#1042 = ORIENTED_EDGE ( 'NONE', *, *, #3876, .T. ) ;
#1043 = EDGE_CURVE ( 'NONE', #260, #516, #3302, .T. ) ;
#1044 = LINE ( 'NONE', #1927, #3215 ) ;
#1045 = VERTEX_POINT ( 'NONE', #3784 ) ;
#1046 = DIRECTION ( 'NONE',  ( 0.000000000000000000, 0.000000000000000000, -1.000000000000000000 ) ) ;
#1047 = EDGE_CURVE ( 'NONE', #1953, #221, #4766, .T. ) ;
#1048 = PLANE ( 'NONE',  #334 ) ;
#1049 = DIRECTION ( 'NONE',  ( 0.000000000000000000, -4.074853802630083799E-16, -1.000000000000000000 ) ) ;
#1050 = LINE ( 'NONE', #5481, #2995 ) ;
#1051 = DIRECTION ( 'NONE',  ( -1.000000000000000000, -0.000000000000000000, -0.000000000000000000 ) ) ;
#1052 = ADVANCED_FACE ( 'NONE', ( #3338, #5766 ), #2838, .T. ) ;
#1053 = CARTESIAN_POINT ( 'NONE',  ( 37.59999999999999432, 0.000000000000000000, 0.000000000000000000 ) ) ;
#1054 = EDGE_CURVE ( 'NONE', #4551, #5970, #3669, .T. ) ;
#1055 = CARTESIAN_POINT ( 'NONE',  ( 1.500000000000000000, 0.000000000000000000, 0.1499999999999999944 ) ) ;
#1056 = CARTESIAN_POINT ( 'NONE',  ( -6.799999999999999822, 4.499999999999999112, 2.650000000000000799 ) ) ;
#1057 = ORIENTED_EDGE ( 'NONE', *, *, #4908, .F. ) ;
#1058 = ORIENTED_EDGE ( 'NONE', *, *, #3883, .F. ) ;
#1059 = EDGE_CURVE ( 'NONE', #298, #3963, #828, .T. ) ;
#1060 = CLOSED_SHELL ( 'NONE', ( #3089, #6228, #4873, #5483, #5592, #5514, #820, #616, #2357, #3633, #1735, #3913, #4199, #2798, #4879, #4166, #4439, #1171, #942, #2371, #4509, #1676, #2526, #3666, #1977, #5911, #5935, #28, #5029, #1121, #5188, #2250, #4129, #3885, #505, #302, #541, #3838, #4701, #1529, #4519, #3164, #64, #2172, #625, #2048, #2566, #2281, #5505, #3319, #453, #3362, #3286, #5189, #1052, #3553, #4875, #4798, #5674, #2753, #30, #858, #738, #4477, #426, #1172, #5218, #462, #2604, #6018, #4678 ) ) ;
#1061 = DIRECTION ( 'NONE',  ( 0.000000000000000000, 0.000000000000000000, -1.000000000000000000 ) ) ;
#1062 = CARTESIAN_POINT ( 'NONE',  ( 20.59999999999999787, 1.158410705710341659, -3.828587812352703956 ) ) ;
#1063 = VERTEX_POINT ( 'NONE', #4796 ) ;
#1064 = CARTESIAN_POINT ( 'NONE',  ( -52.69999999999999574, 5.500000000000000000, -2.699999999999992184 ) ) ;
#1065 = ORIENTED_EDGE ( 'NONE', *, *, #1644, .F. ) ;
#1066 = AXIS2_PLACEMENT_3D ( 'NONE', #1461, #5437, #1853 ) ;
#1067 = DIRECTION ( 'NONE',  ( -1.000000000000000000, 0.000000000000000000, -0.000000000000000000 ) ) ;
#1068 = CARTESIAN_POINT ( 'NONE',  ( 0.000000000000000000, 0.000000000000000000, 0.000000000000000000 ) ) ;
#1069 = VECTOR ( 'NONE', #2238, 1000.000000000000000 ) ;
#1070 = ORIENTED_EDGE ( 'NONE', *, *, #80, .T. ) ;
#1071 = DIRECTION ( 'NONE',  ( 1.000000000000000000, 0.000000000000000000, 0.000000000000000000 ) ) ;
#1072 = CARTESIAN_POINT ( 'NONE',  ( 22.10000000000000142, 21.50000000000000000, 7.999999999999998224 ) ) ;
#1073 = ORIENTED_EDGE ( 'NONE', *, *, #2400, .F. ) ;
#1074 = AXIS2_PLACEMENT_3D ( 'NONE', #888, #2387, #3887 ) ;
#1075 = CARTESIAN_POINT ( 'NONE',  ( -43.69999999999999574, 5.500000000000000000, -4.999999999999994671 ) ) ;
#1076 = ORIENTED_EDGE ( 'NONE', *, *, #548, .F. ) ;
#1077 = CARTESIAN_POINT ( 'NONE',  ( 1.500000000000002220, -10.35047573531249654, 13.63583152989489911 ) ) ;
#1078 = CARTESIAN_POINT ( 'NONE',  ( 1.500000000000002220, -10.35047573531249654, 13.63583152989489911 ) ) ;
#1079 = CARTESIAN_POINT ( 'NONE',  ( 13.80000000000000249, 8.099999999999999645, -7.450000000000001066 ) ) ;
#1080 = CYLINDRICAL_SURFACE ( 'NONE', #4655, 5.000000000000000000 ) ;
#1081 = FACE_OUTER_BOUND ( 'NONE', #4652, .T. ) ;
#1082 = DIRECTION ( 'NONE',  ( -1.000000000000000000, -0.000000000000000000, -0.000000000000000000 ) ) ;
#1083 = DIRECTION ( 'NONE',  ( -1.000000000000000000, -0.000000000000000000, -0.000000000000000000 ) ) ;
#1084 = CARTESIAN_POINT ( 'NONE',  ( 31.59999999999999787, 0.000000000000000000, 0.000000000000000000 ) ) ;
#1085 = EDGE_LOOP ( 'NONE', ( #1737, #2595 ) ) ;
#1086 = EDGE_CURVE ( 'NONE', #5557, #3717, #1372, .T. ) ;
#1087 = VERTEX_POINT ( 'NONE', #342 ) ;
#1088 = EDGE_CURVE ( 'NONE', #2898, #5639, #3854, .T. ) ;
#1089 = CIRCLE ( 'NONE', #6083, 5.499999999999998224 ) ;
#1090 = CARTESIAN_POINT ( 'NONE',  ( 31.59999999999999787, 0.000000000000000000, 7.150000000000002132 ) ) ;
#1091 = VERTEX_POINT ( 'NONE', #6256 ) ;
#1092 = LINE ( 'NONE', #6075, #2420 ) ;
#1093 = EDGE_CURVE ( 'NONE', #2679, #1415, #2317, .T. ) ;
#1094 = EDGE_CURVE ( 'NONE', #4326, #1922, #4860, .T. ) ;
#1095 = ORIENTED_EDGE ( 'NONE', *, *, #6148, .T. ) ;
#1096 = AXIS2_PLACEMENT_3D ( 'NONE', #5311, #5764, #1303 ) ;
#1097 = CIRCLE ( 'NONE', #1192, 7.999999999999996447 ) ;
#1098 = CARTESIAN_POINT ( 'NONE',  ( -47.19999999999999574, 5.500000000000000000, -4.999999999999993783 ) ) ;
#1099 = LINE ( 'NONE', #4066, #219 ) ;
#1100 = AXIS2_PLACEMENT_3D ( 'NONE', #2529, #4360, #68 ) ;
#1101 = EDGE_LOOP ( 'NONE', ( #5568, #5405, #1279, #3275 ) ) ;
#1102 = CARTESIAN_POINT ( 'NONE',  ( 30.59999999999999432, -4.365952903884279479, -5.321604448520053765 ) ) ;
#1103 = CARTESIAN_POINT ( 'NONE',  ( 25.59999999999999787, -2.762069023147044167, -6.931785952275177465 ) ) ;
#1104 = ORIENTED_EDGE ( 'NONE', *, *, #4476, .T. ) ;
#1105 = DIRECTION ( 'NONE',  ( 2.891205793294679312E-16, 0.000000000000000000, 1.000000000000000000 ) ) ;
#1106 = ORIENTED_EDGE ( 'NONE', *, *, #6266, .T. ) ;
#1107 = DIRECTION ( 'NONE',  ( -1.000000000000000000, -0.000000000000000000, -0.000000000000000000 ) ) ;
#1108 = DIRECTION ( 'NONE',  ( 1.000000000000000000, 0.000000000000000000, 0.000000000000000000 ) ) ;
#1109 = CARTESIAN_POINT ( 'NONE',  ( 1.500000000000000000, 0.000000000000000000, 0.1499999999999999944 ) ) ;
#1110 = LINE ( 'NONE', #2090, #100 ) ;
#1111 = DIRECTION ( 'NONE',  ( 1.000000000000000000, 0.000000000000000000, 0.000000000000000000 ) ) ;
#1112 = CIRCLE ( 'NONE', #2774, 10.00000000000000178 ) ;
#1113 = CARTESIAN_POINT ( 'NONE',  ( 35.60000000000000142, 2.318934680004526516, 8.696122236369051350 ) ) ;
#1114 = VECTOR ( 'NONE', #1831, 1000.000000000000000 ) ;
#1115 = ORIENTED_EDGE ( 'NONE', *, *, #3803, .T. ) ;
#1116 = CARTESIAN_POINT ( 'NONE',  ( 28.59999999999999787, 1.158410705710341659, -3.828587812352703956 ) ) ;
#1117 = DIRECTION ( 'NONE',  ( 0.000000000000000000, 0.000000000000000000, 1.000000000000000000 ) ) ;
#1118 = VERTEX_POINT ( 'NONE', #4306 ) ;
#1119 = ORIENTED_EDGE ( 'NONE', *, *, #4315, .F. ) ;
#1120 = AXIS2_PLACEMENT_3D ( 'NONE', #5885, #4941, #1425 ) ;
#1121 = ADVANCED_FACE ( 'NONE', ( #6290, #5246 ), #6393, .F. ) ;
#1122 = CARTESIAN_POINT ( 'NONE',  ( -39.69999999999999574, 14.50000000000000355, 0.000000000000000000 ) ) ;
#1123 = CARTESIAN_POINT ( 'NONE',  ( 29.04974746830583143, 2.400000000000003020, 4.599999999999992539 ) ) ;
#1124 = AXIS2_PLACEMENT_3D ( 'NONE', #3639, #680, #2535 ) ;
#1125 = EDGE_CURVE ( 'NONE', #1778, #2655, #1342, .T. ) ;
#1126 = AXIS2_PLACEMENT_3D ( 'NONE', #1494, #524, #6413 ) ;
#1127 = VERTEX_POINT ( 'NONE', #2907 ) ;
#1128 = PLANE ( 'NONE',  #1269 ) ;
#1129 = VERTEX_POINT ( 'NONE', #4276 ) ;
#1130 = CIRCLE ( 'NONE', #1545, 7.000000000000000888 ) ;
#1131 = EDGE_CURVE ( 'NONE', #2960, #6213, #4610, .T. ) ;
#1132 = VERTEX_POINT ( 'NONE', #2350 ) ;
#1133 = EDGE_CURVE ( 'NONE', #61, #4988, #792, .T. ) ;
#1134 = CARTESIAN_POINT ( 'NONE',  ( 41.60000000000000142, 1.158410705710341659, -3.828587812352703956 ) ) ;
#1135 = CARTESIAN_POINT ( 'NONE',  ( -39.69999999999999574, 14.50000000000000355, -3.000000000000000444 ) ) ;
#1136 = CIRCLE ( 'NONE', #4155, 10.00000000000000178 ) ;
#1137 = ORIENTED_EDGE ( 'NONE', *, *, #741, .T. ) ;
#1138 = EDGE_CURVE ( 'NONE', #5300, #5326, #6326, .T. ) ;
#1139 = DIRECTION ( 'NONE',  ( -1.000000000000000000, -0.000000000000000000, -0.000000000000000000 ) ) ;
#1140 = ORIENTED_EDGE ( 'NONE', *, *, #1234, .F. ) ;
#1141 = DIRECTION ( 'NONE',  ( 0.000000000000000000, 0.000000000000000000, -1.000000000000000000 ) ) ;
#1142 = DIRECTION ( 'NONE',  ( 1.000000000000000000, 0.000000000000000000, 0.000000000000000000 ) ) ;
#1143 = CARTESIAN_POINT ( 'NONE',  ( 1.500000000000000000, 0.000000000000000000, 0.1499999999999999944 ) ) ;
#1144 = DIRECTION ( 'NONE',  ( -1.000000000000000000, -0.000000000000000000, -0.000000000000000000 ) ) ;
#1145 = DIRECTION ( 'NONE',  ( -1.000000000000000000, -0.000000000000000000, -0.000000000000000000 ) ) ;
#1146 = DIRECTION ( 'NONE',  ( 1.000000000000000000, 0.000000000000000000, 0.000000000000000000 ) ) ;
#1147 = ORIENTED_EDGE ( 'NONE', *, *, #540, .F. ) ;
#1148 = LINE ( 'NONE', #3140, #2979 ) ;
#1149 = CARTESIAN_POINT ( 'NONE',  ( 20.59999999999999787, 0.000000000000000000, 0.000000000000000000 ) ) ;
#1150 = ORIENTED_EDGE ( 'NONE', *, *, #1519, .F. ) ;
#1151 = DIRECTION ( 'NONE',  ( 1.000000000000000000, 0.000000000000000000, 0.000000000000000000 ) ) ;
#1152 = DIRECTION ( 'NONE',  ( 0.000000000000000000, 0.000000000000000000, -1.000000000000000000 ) ) ;
#1153 = ORIENTED_EDGE ( 'NONE', *, *, #6260, .F. ) ;
#1154 = ORIENTED_EDGE ( 'NONE', *, *, #5989, .F. ) ;
#1155 = DIRECTION ( 'NONE',  ( -1.000000000000000000, -0.000000000000000000, -0.000000000000000000 ) ) ;
#1156 = DIRECTION ( 'NONE',  ( 1.000000000000000000, 0.000000000000000000, -2.478176394252579169E-16 ) ) ;
#1157 = ORIENTED_EDGE ( 'NONE', *, *, #75, .F. ) ;
#1158 = ORIENTED_EDGE ( 'NONE', *, *, #769, .T. ) ;
#1159 = DIRECTION ( 'NONE',  ( 0.000000000000000000, 1.000000000000000000, -1.548860246407863583E-16 ) ) ;
#1160 = VECTOR ( 'NONE', #4659, 1000.000000000000000 ) ;
#1161 = ORIENTED_EDGE ( 'NONE', *, *, #5733, .T. ) ;
#1162 = EDGE_CURVE ( 'NONE', #5014, #3462, #2315, .T. ) ;
#1163 = EDGE_CURVE ( 'NONE', #5914, #4840, #4810, .T. ) ;
#1164 = CIRCLE ( 'NONE', #1902, 5.000000000000000000 ) ;
#1165 = LINE ( 'NONE', #1686, #3325 ) ;
#1166 = VERTEX_POINT ( 'NONE', #565 ) ;
#1167 = FACE_OUTER_BOUND ( 'NONE', #6105, .T. ) ;
#1168 = LINE ( 'NONE', #2514, #6366 ) ;
#1169 = CARTESIAN_POINT ( 'NONE',  ( 26.59999999999999787, -10.60302848086181804, -13.13818223212012626 ) ) ;
#1170 = CARTESIAN_POINT ( 'NONE',  ( 22.10000000000000142, 7.100000000000003197, 8.450000000000001066 ) ) ;
#1171 = ADVANCED_FACE ( 'NONE', ( #4438 ), #2454, .F. ) ;
#1172 = ADVANCED_FACE ( 'NONE', ( #1441 ), #601, .F. ) ;
#1173 = DIRECTION ( 'NONE',  ( 0.000000000000000000, 0.000000000000000000, -1.000000000000000000 ) ) ;
#1174 = VECTOR ( 'NONE', #2640, 1000.000000000000000 ) ;
#1175 = VERTEX_POINT ( 'NONE', #2939 ) ;
#1176 = DIRECTION ( 'NONE',  ( -1.000000000000000000, -1.504111723692325477E-16, 0.000000000000000000 ) ) ;
#1177 = ORIENTED_EDGE ( 'NONE', *, *, #3964, .F. ) ;
#1178 = CARTESIAN_POINT ( 'NONE',  ( 13.80000000000000249, 20.25000000000000711, 6.249999999999999112 ) ) ;
#1179 = CYLINDRICAL_SURFACE ( 'NONE', #4446, 5.000000000000000000 ) ;
#1180 = ORIENTED_EDGE ( 'NONE', *, *, #971, .T. ) ;
#1181 = AXIS2_PLACEMENT_3D ( 'NONE', #3311, #2785, #5841 ) ;
#1182 = CARTESIAN_POINT ( 'NONE',  ( 33.60000000000000142, 0.000000000000000000, 7.150000000000002132 ) ) ;
#1183 = CARTESIAN_POINT ( 'NONE',  ( 21.59999999999999787, -10.35047573531249654, 13.63583152989489911 ) ) ;
#1184 = EDGE_LOOP ( 'NONE', ( #1498, #3172, #4865, #4679, #1010, #5325, #3825, #522, #5429 ) ) ;
#1185 = VERTEX_POINT ( 'NONE', #4960 ) ;
#1186 = CIRCLE ( 'NONE', #4733, 7.000000000000000888 ) ;
#1187 = FACE_OUTER_BOUND ( 'NONE', #5345, .T. ) ;
#1188 = DIRECTION ( 'NONE',  ( 2.891205793294679312E-16, 0.000000000000000000, 1.000000000000000000 ) ) ;
#1189 = ORIENTED_EDGE ( 'NONE', *, *, #3447, .F. ) ;
#1190 = VERTEX_POINT ( 'NONE', #4469 ) ;
#1191 = DIRECTION ( 'NONE',  ( 0.000000000000000000, 0.000000000000000000, -1.000000000000000000 ) ) ;
#1192 = AXIS2_PLACEMENT_3D ( 'NONE', #6053, #2183, #4171 ) ;
#1193 = VERTEX_POINT ( 'NONE', #1966 ) ;
#1194 = CIRCLE ( 'NONE', #1937, 10.00000000000000000 ) ;
#1195 = EDGE_CURVE ( 'NONE', #2138, #4242, #5644, .T. ) ;
#1196 = DIRECTION ( 'NONE',  ( -1.000000000000000000, -0.000000000000000000, -0.000000000000000000 ) ) ;
#1197 = ORIENTED_EDGE ( 'NONE', *, *, #4002, .F. ) ;
#1198 = CARTESIAN_POINT ( 'NONE',  ( 34.60000000000000142, 1.158410705710341659, -3.828587812352703956 ) ) ;
#1199 = CARTESIAN_POINT ( 'NONE',  ( 15.20000000000000284, 23.75000000000000355, 6.249999999999999112 ) ) ;
#1200 = DIRECTION ( 'NONE',  ( -1.000000000000000000, -0.000000000000000000, -0.000000000000000000 ) ) ;
#1201 = DIRECTION ( 'NONE',  ( 0.000000000000000000, 0.000000000000000000, -1.000000000000000000 ) ) ;
#1202 = EDGE_CURVE ( 'NONE', #5137, #4320, #472, .T. ) ;
#1203 = VECTOR ( 'NONE', #604, 1000.000000000000000 ) ;
#1204 = EDGE_CURVE ( 'NONE', #5650, #538, #6374, .T. ) ;
#1205 = CARTESIAN_POINT ( 'NONE',  ( 22.10000000000000142, 7.099999999999999645, -9.000000000000001776 ) ) ;
#1206 = ORIENTED_EDGE ( 'NONE', *, *, #651, .F. ) ;
#1207 = EDGE_CURVE ( 'NONE', #4041, #2679, #2217, .T. ) ;
#1208 = CYLINDRICAL_SURFACE ( 'NONE', #4009, 4.249999999999998224 ) ;
#1209 = ORIENTED_EDGE ( 'NONE', *, *, #5144, .F. ) ;
#1210 = CARTESIAN_POINT ( 'NONE',  ( -40.70000000000000284, 9.000000000000000000, -2.700000000000008615 ) ) ;
#1211 = CARTESIAN_POINT ( 'NONE',  ( 1.500000000000001554, 1.030637635557567044, 3.864943216164022477 ) ) ;
#1212 = ADVANCED_FACE ( 'NONE', ( #1081 ), #3532, .F. ) ;
#1213 = ORIENTED_EDGE ( 'NONE', *, *, #5078, .T. ) ;
#1214 = AXIS2_PLACEMENT_3D ( 'NONE', #4526, #82, #1393 ) ;
#1215 = EDGE_CURVE ( 'NONE', #2590, #2738, #6164, .T. ) ;
#1216 = DIRECTION ( 'NONE',  ( -1.000000000000000000, -0.000000000000000000, -0.000000000000000000 ) ) ;
#1217 = DIRECTION ( 'NONE',  ( 0.000000000000000000, -1.000000000000000000, 0.000000000000000000 ) ) ;
#1218 = ORIENTED_EDGE ( 'NONE', *, *, #2561, .F. ) ;
#1219 = VECTOR ( 'NONE', #2505, 1000.000000000000000 ) ;
#1220 = VERTEX_POINT ( 'NONE', #4537 ) ;
#1221 = LINE ( 'NONE', #2815, #1640 ) ;
#1222 = VECTOR ( 'NONE', #3701, 1000.000000000000000 ) ;
#1223 = VERTEX_POINT ( 'NONE', #2583 ) ;
#1224 = CARTESIAN_POINT ( 'NONE',  ( 20.59999999999999787, 2.318934680004526960, 8.696122236369053127 ) ) ;
#1225 = ORIENTED_EDGE ( 'NONE', *, *, #6032, .T. ) ;
#1226 = AXIS2_PLACEMENT_3D ( 'NONE', #6353, #1891, #2343 ) ;
#1227 = ORIENTED_EDGE ( 'NONE', *, *, #3454, .T. ) ;
#1228 = LINE ( 'NONE', #2338, #1408 ) ;
#1229 = CIRCLE ( 'NONE', #3842, 9.000000000000000000 ) ;
#1230 = CARTESIAN_POINT ( 'NONE',  ( 40.59999999999999432, -4.365952903884279479, -5.321604448520053765 ) ) ;
#1231 = FACE_BOUND ( 'NONE', #2730, .T. ) ;
#1232 = CYLINDRICAL_SURFACE ( 'NONE', #6383, 10.00000000000000000 ) ;
#1233 = AXIS2_PLACEMENT_3D ( 'NONE', #5886, #2925, #1459 ) ;
#1234 = EDGE_CURVE ( 'NONE', #4648, #2404, #1488, .T. ) ;
#1235 = FACE_OUTER_BOUND ( 'NONE', #2921, .T. ) ;
#1236 = VERTEX_POINT ( 'NONE', #4991 ) ;
#1237 = CARTESIAN_POINT ( 'NONE',  ( 39.59999999999999432, -10.60302848086181804, -13.13818223212012626 ) ) ;
#1238 = ORIENTED_EDGE ( 'NONE', *, *, #5856, .T. ) ;
#1239 = CARTESIAN_POINT ( 'NONE',  ( 29.04974746830583143, 23.75000000000000355, -6.250000000000000888 ) ) ;
#1240 = CARTESIAN_POINT ( 'NONE',  ( 18.59999999999999787, 2.606424087848269178, -8.614322577793585012 ) ) ;
#1241 = ORIENTED_EDGE ( 'NONE', *, *, #3404, .T. ) ;
#1242 = EDGE_CURVE ( 'NONE', #5230, #2049, #354, .T. ) ;
#1243 = EDGE_CURVE ( 'NONE', #5814, #3758, #5745, .T. ) ;
#1244 = DIRECTION ( 'NONE',  ( 0.000000000000000000, 0.000000000000000000, 1.000000000000000000 ) ) ;
#1245 = CARTESIAN_POINT ( 'NONE',  ( 30.59999999999999432, 8.572527594031474176E-16, -6.850000000000002309 ) ) ;
#1246 = VERTEX_POINT ( 'NONE', #4052 ) ;
#1247 = ORIENTED_EDGE ( 'NONE', *, *, #2491, .T. ) ;
#1248 = EDGE_CURVE ( 'NONE', #1905, #747, #5482, .T. ) ;
#1249 = SHAPE_REPRESENTATION ( 'fin', ( #831 ), #1976 ) ;
#1250 = DIRECTION ( 'NONE',  ( 0.000000000000000000, 0.000000000000000000, -1.000000000000000000 ) ) ;
#1251 = DIRECTION ( 'NONE',  ( 1.000000000000000000, 0.000000000000000000, 0.000000000000000000 ) ) ;
#1252 = ORIENTED_EDGE ( 'NONE', *, *, #4307, .F. ) ;
#1253 = ORIENTED_EDGE ( 'NONE', *, *, #5823, .T. ) ;
#1254 = FACE_OUTER_BOUND ( 'NONE', #1721, .T. ) ;
#1255 = EDGE_LOOP ( 'NONE', ( #1876, #4707, #5925, #2057 ) ) ;
#1256 = DIRECTION ( 'NONE',  ( 0.000000000000000000, 0.000000000000000000, -1.000000000000000000 ) ) ;
#1257 = CIRCLE ( 'NONE', #2726, 5.000000000000000888 ) ;
#1258 = ORIENTED_EDGE ( 'NONE', *, *, #5549, .F. ) ;
#1259 = CARTESIAN_POINT ( 'NONE',  ( 38.59999999999999432, 0.000000000000000000, 0.1499999999999999944 ) ) ;
#1260 = DIRECTION ( 'NONE',  ( -1.000000000000000000, -0.000000000000000000, -0.000000000000000000 ) ) ;
#1261 = FACE_BOUND ( 'NONE', #2709, .T. ) ;
#1262 = CARTESIAN_POINT ( 'NONE',  ( 19.59999999999999787, -2.762069023147044167, -6.931785952275177465 ) ) ;
#1263 = AXIS2_PLACEMENT_3D ( 'NONE', #3317, #840, #2819 ) ;
#1264 = DIRECTION ( 'NONE',  ( 1.000000000000000000, -0.000000000000000000, -0.000000000000000000 ) ) ;
#1265 = ORIENTED_EDGE ( 'NONE', *, *, #3917, .F. ) ;
#1266 = FACE_OUTER_BOUND ( 'NONE', #6364, .T. ) ;
#1267 = EDGE_LOOP ( 'NONE', ( #5677, #3747 ) ) ;
#1268 = DIRECTION ( 'NONE',  ( 0.000000000000000000, 0.000000000000000000, 1.000000000000000000 ) ) ;
#1269 = AXIS2_PLACEMENT_3D ( 'NONE', #105, #4646, #6010 ) ;
#1270 = DIRECTION ( 'NONE',  ( -1.000000000000000000, -0.000000000000000000, -0.000000000000000000 ) ) ;
#1271 = LINE ( 'NONE', #2103, #5021 ) ;
#1272 = ORIENTED_EDGE ( 'NONE', *, *, #548, .T. ) ;
#1273 = AXIS2_PLACEMENT_3D ( 'NONE', #502, #1051, #3467 ) ;
#1274 = SURFACE_STYLE_USAGE ( .BOTH. , #2100 ) ;
#1275 = EDGE_CURVE ( 'NONE', #579, #158, #3158, .T. ) ;
#1276 = DIRECTION ( 'NONE',  ( 0.000000000000000000, 0.000000000000000000, -1.000000000000000000 ) ) ;
#1277 = EDGE_LOOP ( 'NONE', ( #2944, #460, #3487, #2180, #5420, #5363, #3417, #2991, #3697, #1302, #1911, #6365, #2668, #2852, #3757, #6243, #1095, #525, #2994, #1681, #72 ) ) ;
#1278 = AXIS2_PLACEMENT_3D ( 'NONE', #3860, #802, #2850 ) ;
#1279 = ORIENTED_EDGE ( 'NONE', *, *, #2054, .F. ) ;
#1280 = EDGE_CURVE ( 'NONE', #6043, #5014, #155, .T. ) ;
#1281 = AXIS2_PLACEMENT_3D ( 'NONE', #2321, #3755, #4252 ) ;
#1282 = CARTESIAN_POINT ( 'NONE',  ( 28.59999999999999787, 0.000000000000000000, 0.000000000000000000 ) ) ;
#1283 = PLANE ( 'NONE',  #4300 ) ;
#1284 = EDGE_CURVE ( 'NONE', #2912, #1166, #5539, .T. ) ;
#1285 = EDGE_LOOP ( 'NONE', ( #4375, #5955, #4350, #2104, #3495, #3692, #5528, #2302, #5267 ) ) ;
#1286 = EDGE_CURVE ( 'NONE', #1287, #1922, #5231, .T. ) ;
#1287 = VERTEX_POINT ( 'NONE', #3166 ) ;
#1288 = DIRECTION ( 'NONE',  ( 0.000000000000000000, 0.000000000000000000, -1.000000000000000000 ) ) ;
#1289 = ORIENTED_EDGE ( 'NONE', *, *, #3078, .T. ) ;
#1290 = AXIS2_PLACEMENT_3D ( 'NONE', #4177, #2586, #124 ) ;
#1291 = DIRECTION ( 'NONE',  ( -1.000000000000000000, -0.000000000000000000, -0.000000000000000000 ) ) ;
#1292 = VECTOR ( 'NONE', #1082, 1000.000000000000000 ) ;
#1293 = ORIENTED_EDGE ( 'NONE', *, *, #2320, .T. ) ;
#1294 = CARTESIAN_POINT ( 'NONE',  ( 15.20000000000000462, 29.50000000000000711, 3.499999999999999556 ) ) ;
#1295 = CARTESIAN_POINT ( 'NONE',  ( 1.500000000000000000, 0.000000000000000000, 0.1499999999999999944 ) ) ;
#1296 = CARTESIAN_POINT ( 'NONE',  ( 33.60000000000000142, -10.60302848086181804, -13.13818223212012626 ) ) ;
#1297 = CARTESIAN_POINT ( 'NONE',  ( 13.80000000000000249, 8.100000000000003197, 8.000000000000000000 ) ) ;
#1298 = AXIS2_PLACEMENT_3D ( 'NONE', #845, #5819, #1784 ) ;
#1299 = LINE ( 'NONE', #1399, #2691 ) ;
#1300 = ORIENTED_EDGE ( 'NONE', *, *, #654, .F. ) ;
#1301 = CARTESIAN_POINT ( 'NONE',  ( 18.59999999999999787, 0.000000000000000000, 0.1499999999999999944 ) ) ;
#1302 = ORIENTED_EDGE ( 'NONE', *, *, #1326, .T. ) ;
#1303 = DIRECTION ( 'NONE',  ( 0.000000000000000000, 0.000000000000000000, -1.000000000000000000 ) ) ;
#1304 = AXIS2_PLACEMENT_3D ( 'NONE', #4771, #4310, #4342 ) ;
#1305 = CARTESIAN_POINT ( 'NONE',  ( 1.500000000000001554, 1.030637635557567044, 3.864943216164022477 ) ) ;
#1306 = DIRECTION ( 'NONE',  ( 2.891205793294679312E-16, 0.000000000000000000, 1.000000000000000000 ) ) ;
#1307 = VECTOR ( 'NONE', #5150, 1000.000000000000000 ) ;
#1308 =( NAMED_UNIT ( * ) SI_UNIT ( $, .STERADIAN. ) SOLID_ANGLE_UNIT ( ) );
#1309 = CYLINDRICAL_SURFACE ( 'NONE', #3401, 5.000000000000000000 ) ;
#1310 = EDGE_LOOP ( 'NONE', ( #5686, #2382, #5811, #4444 ) ) ;
#1311 = ORIENTED_EDGE ( 'NONE', *, *, #2452, .F. ) ;
#1312 = VERTEX_POINT ( 'NONE', #2121 ) ;
#1313 = EDGE_CURVE ( 'NONE', #79, #1246, #1800, .T. ) ;
#1314 = PRODUCT_DEFINITION_CONTEXT ( 'detailed design', #3048, 'design' ) ;
#1315 = CARTESIAN_POINT ( 'NONE',  ( 13.60000000000000497, 29.50000000000000711, 0.000000000000000000 ) ) ;
#1316 = DIRECTION ( 'NONE',  ( -1.000000000000000000, -0.000000000000000000, -0.000000000000000000 ) ) ;
#1317 = ADVANCED_FACE ( 'NONE', ( #5086 ), #3713, .T. ) ;
#1318 = VERTEX_POINT ( 'NONE', #2152 ) ;
#1319 = CIRCLE ( 'NONE', #2574, 5.000000000000000000 ) ;
#1320 = VERTEX_POINT ( 'NONE', #2612 ) ;
#1321 = CARTESIAN_POINT ( 'NONE',  ( 18.59999999999999787, -2.762069023147042390, -6.931785952275175688 ) ) ;
#1322 = VERTEX_POINT ( 'NONE', #4144 ) ;
#1323 = ADVANCED_BREP_SHAPE_REPRESENTATION ( '', ( #2029, #831 ), #1345 ) ;
#1324 = ADVANCED_FACE ( 'NONE', ( #4599 ), #1232, .F. ) ;
#1325 = CIRCLE ( 'NONE', #4340, 10.00000000000000000 ) ;
#1326 = EDGE_CURVE ( 'NONE', #6084, #3705, #2672, .T. ) ;
#1327 = CARTESIAN_POINT ( 'NONE',  ( 32.59999999999999432, 0.000000000000000000, 0.1499999999999999944 ) ) ;
#1328 = ORIENTED_EDGE ( 'NONE', *, *, #2170, .F. ) ;
#1329 = CARTESIAN_POINT ( 'NONE',  ( 23.59999999999999432, 2.318934680004526516, 8.696122236369051350 ) ) ;
#1330 = CARTESIAN_POINT ( 'NONE',  ( -36.60000000000000142, 6.999999999999995559, -2.649999999999991473 ) ) ;
#1331 = DIRECTION ( 'NONE',  ( -1.000000000000000000, -0.000000000000000000, -0.000000000000000000 ) ) ;
#1332 = CARTESIAN_POINT ( 'NONE',  ( 1.500000000000000000, -4.261960596893379360, 5.702989453486133620 ) ) ;
#1333 = CIRCLE ( 'NONE', #1962, 5.000000000000000888 ) ;
#1334 = EDGE_CURVE ( 'NONE', #2000, #3980, #5665, .T. ) ;
#1335 = AXIS2_PLACEMENT_3D ( 'NONE', #6156, #6128, #1173 ) ;
#1336 = DIRECTION ( 'NONE',  ( 0.000000000000000000, 0.000000000000000000, 1.000000000000000000 ) ) ;
#1337 = ORIENTED_EDGE ( 'NONE', *, *, #5655, .T. ) ;
#1338 = DIRECTION ( 'NONE',  ( -1.000000000000000000, -0.000000000000000000, -0.000000000000000000 ) ) ;
#1339 = EDGE_LOOP ( 'NONE', ( #2510, #136, #4324, #366, #3430, #2763, #3806, #2230, #2331 ) ) ;
#1340 = CARTESIAN_POINT ( 'NONE',  ( 1.500000000000002220, -2.763066821399118744, 7.121905987407648020 ) ) ;
#1341 = FACE_OUTER_BOUND ( 'NONE', #5843, .T. ) ;
#1342 = LINE ( 'NONE', #1406, #2735 ) ;
#1343 = AXIS2_PLACEMENT_3D ( 'NONE', #6277, #4751, #1850 ) ;
#1344 = CARTESIAN_POINT ( 'NONE',  ( 34.60000000000000142, 0.000000000000000000, 0.000000000000000000 ) ) ;
#1345 =( GEOMETRIC_REPRESENTATION_CONTEXT ( 3 ) GLOBAL_UNCERTAINTY_ASSIGNED_CONTEXT ( ( #1511 ) ) GLOBAL_UNIT_ASSIGNED_CONTEXT ( ( #5163, #2660, #4164 ) ) REPRESENTATION_CONTEXT ( 'NONE', 'WORKASPACE' ) );
#1346 = LINE ( 'NONE', #1868, #2658 ) ;
#1347 = VERTEX_POINT ( 'NONE', #5635 ) ;
#1348 = ORIENTED_EDGE ( 'NONE', *, *, #503, .F. ) ;
#1349 = EDGE_LOOP ( 'NONE', ( #1428, #6411, #5548, #4822 ) ) ;
#1350 = CARTESIAN_POINT ( 'NONE',  ( 39.59999999999999432, 0.000000000000000000, 0.000000000000000000 ) ) ;
#1351 = DIRECTION ( 'NONE',  ( 0.000000000000000000, 1.000000000000000000, 0.000000000000000000 ) ) ;
#1352 = EDGE_LOOP ( 'NONE', ( #5297, #4059, #5810, #3052 ) ) ;
#1353 = ORIENTED_EDGE ( 'NONE', *, *, #3198, .F. ) ;
#1354 = DIRECTION ( 'NONE',  ( -1.000000000000000000, -0.000000000000000000, -0.000000000000000000 ) ) ;
#1355 = ORIENTED_EDGE ( 'NONE', *, *, #3404, .F. ) ;
#1356 = CARTESIAN_POINT ( 'NONE',  ( 41.60000000000000142, 7.409113134841484549E-16, 6.049999999999999822 ) ) ;
#1357 = VERTEX_POINT ( 'NONE', #1660 ) ;
#1358 = CARTESIAN_POINT ( 'NONE',  ( 28.59999999999999787, 8.572527594031474176E-16, -6.850000000000002309 ) ) ;
#1359 = LINE ( 'NONE', #1429, #1474 ) ;
#1360 = DIRECTION ( 'NONE',  ( 0.000000000000000000, 0.000000000000000000, -1.000000000000000000 ) ) ;
#1361 = EDGE_CURVE ( 'NONE', #350, #178, #3104, .T. ) ;
#1362 = CARTESIAN_POINT ( 'NONE',  ( 31.59999999999999787, 1.158410705710341659, -3.828587812352703956 ) ) ;
#1363 = EDGE_CURVE ( 'NONE', #4314, #4046, #1592, .T. ) ;
#1364 = CARTESIAN_POINT ( 'NONE',  ( 24.59999999999999787, -10.60302848086181804, -13.13818223212012626 ) ) ;
#1365 = ORIENTED_EDGE ( 'NONE', *, *, #4918, .F. ) ;
#1366 = DIRECTION ( 'NONE',  ( 0.000000000000000000, 0.000000000000000000, -1.000000000000000000 ) ) ;
#1367 = ORIENTED_EDGE ( 'NONE', *, *, #2524, .T. ) ;
#1368 = CARTESIAN_POINT ( 'NONE',  ( 22.10000000000000142, 8.100000000000003197, 8.000000000000000000 ) ) ;
#1369 = EDGE_CURVE ( 'NONE', #2023, #4518, #4817, .T. ) ;
#1370 = EDGE_CURVE ( 'NONE', #5895, #3024, #2013, .T. ) ;
#1371 = LINE ( 'NONE', #3369, #3936 ) ;
#1372 = LINE ( 'NONE', #3403, #663 ) ;
#1373 = AXIS2_PLACEMENT_3D ( 'NONE', #3001, #210, #4235 ) ;
#1374 = VECTOR ( 'NONE', #5101, 1000.000000000000000 ) ;
#1375 = LINE ( 'NONE', #1412, #3580 ) ;
#1376 = DIRECTION ( 'NONE',  ( -1.000000000000000000, -0.000000000000000000, -0.000000000000000000 ) ) ;
#1377 = ORIENTED_EDGE ( 'NONE', *, *, #4705, .F. ) ;
#1378 = APPLICATION_CONTEXT ( 'automotive_design' ) ;
#1379 = ORIENTED_EDGE ( 'NONE', *, *, #4278, .T. ) ;
#1380 = VERTEX_POINT ( 'NONE', #1627 ) ;
#1381 = CARTESIAN_POINT ( 'NONE',  ( 38.59999999999999432, 8.572527594031474176E-16, -6.850000000000002309 ) ) ;
#1382 = CARTESIAN_POINT ( 'NONE',  ( 31.59999999999999787, 2.606424087848269178, -8.614322577793585012 ) ) ;
#1383 = VECTOR ( 'NONE', #6217, 1000.000000000000000 ) ;
#1384 = ORIENTED_EDGE ( 'NONE', *, *, #5816, .T. ) ;
#1385 = ORIENTED_EDGE ( 'NONE', *, *, #4504, .T. ) ;
#1386 = DIRECTION ( 'NONE',  ( 0.000000000000000000, 0.000000000000000000, -1.000000000000000000 ) ) ;
#1387 = ORIENTED_EDGE ( 'NONE', *, *, #5222, .F. ) ;
#1388 = MECHANICAL_DESIGN_GEOMETRIC_PRESENTATION_REPRESENTATION (  '', ( #566 ), #5971 ) ;
#1389 = PLANE ( 'NONE',  #1848 ) ;
#1390 = DIRECTION ( 'NONE',  ( 1.000000000000000000, 0.000000000000000000, 0.000000000000000000 ) ) ;
#1391 = ORIENTED_EDGE ( 'NONE', *, *, #3412, .T. ) ;
#1392 = CARTESIAN_POINT ( 'NONE',  ( 8.225974270706696956, 29.50000000000000711, 0.000000000000000000 ) ) ;
#1393 = DIRECTION ( 'NONE',  ( 0.000000000000000000, 0.000000000000000000, 1.000000000000000000 ) ) ;
#1394 = CIRCLE ( 'NONE', #5037, 7.000000000000000888 ) ;
#1395 = ORIENTED_EDGE ( 'NONE', *, *, #161, .T. ) ;
#1396 = DIRECTION ( 'NONE',  ( -1.000000000000000000, -0.000000000000000000, -0.000000000000000000 ) ) ;
#1397 = EDGE_CURVE ( 'NONE', #5597, #2738, #3619, .T. ) ;
#1398 = AXIS2_PLACEMENT_3D ( 'NONE', #3107, #1791, #1860 ) ;
#1399 = CARTESIAN_POINT ( 'NONE',  ( 1.500000000000000000, -4.365952903884278591, -5.321604448520052877 ) ) ;
#1400 = ORIENTED_EDGE ( 'NONE', *, *, #3087, .F. ) ;
#1401 = DIRECTION ( 'NONE',  ( 0.000000000000000000, 0.000000000000000000, -1.000000000000000000 ) ) ;
#1402 = EDGE_CURVE ( 'NONE', #2895, #414, #3586, .T. ) ;
#1403 = ORIENTED_EDGE ( 'NONE', *, *, #6380, .F. ) ;
#1404 = CARTESIAN_POINT ( 'NONE',  ( 29.59999999999999787, 0.000000000000000000, 0.000000000000000000 ) ) ;
#1405 = DIRECTION ( 'NONE',  ( -0.000000000000000000, 0.000000000000000000, 1.000000000000000000 ) ) ;
#1406 = CARTESIAN_POINT ( 'NONE',  ( 30.59999999999999432, 2.606424087848269178, -8.614322577793585012 ) ) ;
#1407 = VECTOR ( 'NONE', #5898, 1000.000000000000000 ) ;
#1408 = VECTOR ( 'NONE', #5301, 1000.000000000000000 ) ;
#1409 = EDGE_CURVE ( 'NONE', #260, #3176, #6154, .T. ) ;
#1410 = EDGE_CURVE ( 'NONE', #2679, #4041, #2426, .T. ) ;
#1411 = AXIS2_PLACEMENT_3D ( 'NONE', #1722, #6214, #3710 ) ;
#1412 = CARTESIAN_POINT ( 'NONE',  ( 22.10000000000000142, 23.75000000000000355, -6.250000000000000888 ) ) ;
#1413 = EDGE_CURVE ( 'NONE', #3823, #3864, #1910, .T. ) ;
#1414 = DIRECTION ( 'NONE',  ( 0.000000000000000000, 0.000000000000000000, -1.000000000000000000 ) ) ;
#1415 = VERTEX_POINT ( 'NONE', #3196 ) ;
#1416 = ORIENTED_EDGE ( 'NONE', *, *, #4156, .F. ) ;
#1417 = CIRCLE ( 'NONE', #84, 7.000000000000000888 ) ;
#1418 = CARTESIAN_POINT ( 'NONE',  ( 39.59999999999999432, -10.35047573531249654, 13.63583152989489911 ) ) ;
#1419 = DIRECTION ( 'NONE',  ( 0.000000000000000000, 1.294569758191647155E-16, -1.000000000000000000 ) ) ;
#1420 = VECTOR ( 'NONE', #2060, 1000.000000000000000 ) ;
#1421 = ORIENTED_EDGE ( 'NONE', *, *, #1761, .T. ) ;
#1422 = ORIENTED_EDGE ( 'NONE', *, *, #2293, .F. ) ;
#1423 = FACE_OUTER_BOUND ( 'NONE', #1352, .T. ) ;
#1424 = ORIENTED_EDGE ( 'NONE', *, *, #6390, .F. ) ;
#1425 = DIRECTION ( 'NONE',  ( 0.000000000000000000, 0.000000000000000000, -1.000000000000000000 ) ) ;
#1426 = CIRCLE ( 'NONE', #4967, 7.000000000000000888 ) ;
#1427 = DIRECTION ( 'NONE',  ( -1.000000000000000000, -0.000000000000000000, -0.000000000000000000 ) ) ;
#1428 = ORIENTED_EDGE ( 'NONE', *, *, #5430, .F. ) ;
#1429 = CARTESIAN_POINT ( 'NONE',  ( 22.10000000000000142, 21.50000000000000000, 7.999999999999998224 ) ) ;
#1430 = CARTESIAN_POINT ( 'NONE',  ( -47.19999999999999574, -1.734723475976807094E-15, 24.72882059609970895 ) ) ;
#1431 = ORIENTED_EDGE ( 'NONE', *, *, #4749, .F. ) ;
#1432 = DIRECTION ( 'NONE',  ( 0.000000000000000000, 0.000000000000000000, 1.000000000000000000 ) ) ;
#1433 = AXIS2_PLACEMENT_3D ( 'NONE', #3003, #3033, #5051 ) ;
#1434 = DIRECTION ( 'NONE',  ( 0.000000000000000000, 0.000000000000000000, -1.000000000000000000 ) ) ;
#1435 = VERTEX_POINT ( 'NONE', #2705 ) ;
#1436 = CARTESIAN_POINT ( 'NONE',  ( 27.59999999999999787, 0.000000000000000000, 0.000000000000000000 ) ) ;
#1437 = CIRCLE ( 'NONE', #4133, 10.00000000000000178 ) ;
#1438 = CARTESIAN_POINT ( 'NONE',  ( 24.10000000000000497, 6.066309438144025414E-17, -8.450000000000001066 ) ) ;
#1439 = LINE ( 'NONE', #3955, #5682 ) ;
#1440 = CARTESIAN_POINT ( 'NONE',  ( -52.69999999999999574, 38.49999999999999289, 5.000000000000006217 ) ) ;
#1441 = FACE_OUTER_BOUND ( 'NONE', #5705, .T. ) ;
#1442 = CIRCLE ( 'NONE', #4461, 5.000000000000000888 ) ;
#1443 = CARTESIAN_POINT ( 'NONE',  ( 22.10000000000000142, 7.100000000000003197, 9.000000000000001776 ) ) ;
#1444 = CARTESIAN_POINT ( 'NONE',  ( 0.000000000000000000, 0.000000000000000000, 0.000000000000000000 ) ) ;
#1445 = CIRCLE ( 'NONE', #2593, 3.500000000000003109 ) ;
#1446 = ORIENTED_EDGE ( 'NONE', *, *, #3198, .T. ) ;
#1447 = EDGE_CURVE ( 'NONE', #1653, #2156, #972, .T. ) ;
#1448 = ORIENTED_EDGE ( 'NONE', *, *, #2923, .T. ) ;
#1449 = EDGE_CURVE ( 'NONE', #4288, #3480, #2216, .T. ) ;
#1450 = CIRCLE ( 'NONE', #5196, 7.000000000000000888 ) ;
#1451 = CARTESIAN_POINT ( 'NONE',  ( 20.59999999999999787, 2.318934680004526516, 8.696122236369051350 ) ) ;
#1452 = CARTESIAN_POINT ( 'NONE',  ( 19.59999999999999787, -10.35047573531249654, 13.63583152989489911 ) ) ;
#1453 = ORIENTED_EDGE ( 'NONE', *, *, #4160, .T. ) ;
#1454 = ORIENTED_EDGE ( 'NONE', *, *, #4002, .T. ) ;
#1455 = CARTESIAN_POINT ( 'NONE',  ( 13.80000000000000249, 21.50000000000000000, 7.999999999999998224 ) ) ;
#1456 = ADVANCED_FACE ( 'NONE', ( #4330 ), #2799, .F. ) ;
#1457 = ORIENTED_EDGE ( 'NONE', *, *, #1207, .T. ) ;
#1458 = CARTESIAN_POINT ( 'NONE',  ( 1.500000000000000000, -4.261960596893379360, 5.702989453486133620 ) ) ;
#1459 = DIRECTION ( 'NONE',  ( 0.000000000000000000, 0.000000000000000000, -1.000000000000000000 ) ) ;
#1460 = ORIENTED_EDGE ( 'NONE', *, *, #2571, .T. ) ;
#1461 = CARTESIAN_POINT ( 'NONE',  ( 1.500000000000002220, -10.35047573531249654, 13.63583152989489911 ) ) ;
#1462 = CARTESIAN_POINT ( 'NONE',  ( 29.59999999999999787, 0.000000000000000000, 0.1499999999999999944 ) ) ;
#1463 = ORIENTED_EDGE ( 'NONE', *, *, #5350, .T. ) ;
#1464 = CARTESIAN_POINT ( 'NONE',  ( 1.500000000000001554, 1.030637635557567044, 3.864943216164022477 ) ) ;
#1465 = DIRECTION ( 'NONE',  ( 0.000000000000000000, 0.000000000000000000, 1.000000000000000000 ) ) ;
#1466 = ORIENTED_EDGE ( 'NONE', *, *, #4001, .T. ) ;
#1467 = DIRECTION ( 'NONE',  ( 1.000000000000000000, 0.000000000000000000, 0.000000000000000000 ) ) ;
#1468 = ORIENTED_EDGE ( 'NONE', *, *, #1877, .T. ) ;
#1469 = DIRECTION ( 'NONE',  ( 0.000000000000000000, 0.000000000000000000, -1.000000000000000000 ) ) ;
#1470 = DIRECTION ( 'NONE',  ( 1.000000000000000000, 0.000000000000000000, 0.000000000000000000 ) ) ;
#1471 = CARTESIAN_POINT ( 'NONE',  ( 22.59999999999999432, -10.60302848086181804, -13.13818223212012626 ) ) ;
#1472 = DIRECTION ( 'NONE',  ( 0.000000000000000000, 0.000000000000000000, -1.000000000000000000 ) ) ;
#1473 = FACE_OUTER_BOUND ( 'NONE', #496, .T. ) ;
#1474 = VECTOR ( 'NONE', #3427, 1000.000000000000000 ) ;
#1475 = ORIENTED_EDGE ( 'NONE', *, *, #3629, .T. ) ;
#1476 = VERTEX_POINT ( 'NONE', #5337 ) ;
#1477 = EDGE_CURVE ( 'NONE', #4716, #1778, #54, .T. ) ;
#1478 = LINE ( 'NONE', #6367, #2165 ) ;
#1479 = CARTESIAN_POINT ( 'NONE',  ( 1.500000000000001554, 1.030637635557567044, 3.864943216164022477 ) ) ;
#1480 = DIRECTION ( 'NONE',  ( 0.000000000000000000, 0.000000000000000000, -1.000000000000000000 ) ) ;
#1481 = ORIENTED_EDGE ( 'NONE', *, *, #1761, .F. ) ;
#1482 = EDGE_CURVE ( 'NONE', #389, #4417, #5790, .T. ) ;
#1483 = ORIENTED_EDGE ( 'NONE', *, *, #4163, .F. ) ;
#1484 = CARTESIAN_POINT ( 'NONE',  ( 0.000000000000000000, 7.000000000000000000, 8.450000000000001066 ) ) ;
#1485 = VECTOR ( 'NONE', #4339, 1000.000000000000000 ) ;
#1486 = ORIENTED_EDGE ( 'NONE', *, *, #773, .F. ) ;
#1487 = EDGE_CURVE ( 'NONE', #2590, #5146, #2378, .T. ) ;
#1488 = CIRCLE ( 'NONE', #1273, 10.00000000000000000 ) ;
#1489 = CARTESIAN_POINT ( 'NONE',  ( -38.10000000000000142, 4.499999999999995559, -2.649999999999991473 ) ) ;
#1490 = DIRECTION ( 'NONE',  ( 1.000000000000000000, 0.000000000000000000, 0.000000000000000000 ) ) ;
#1491 = ORIENTED_EDGE ( 'NONE', *, *, #2477, .F. ) ;
#1492 = EDGE_CURVE ( 'NONE', #1892, #3823, #6061, .T. ) ;
#1493 = FACE_OUTER_BOUND ( 'NONE', #432, .T. ) ;
#1494 = CARTESIAN_POINT ( 'NONE',  ( 25.59999999999999787, 1.030637635557567044, 3.864943216164022477 ) ) ;
#1495 = VERTEX_POINT ( 'NONE', #4816 ) ;
#1496 = DIRECTION ( 'NONE',  ( -1.000000000000000000, -0.000000000000000000, -0.000000000000000000 ) ) ;
#1497 = AXIS2_PLACEMENT_3D ( 'NONE', #1122, #4218, #6199 ) ;
#1498 = ORIENTED_EDGE ( 'NONE', *, *, #1009, .T. ) ;
#1499 = DIRECTION ( 'NONE',  ( -0.000000000000000000, 0.000000000000000000, 1.000000000000000000 ) ) ;
#1500 = VERTEX_POINT ( 'NONE', #1297 ) ;
#1501 = DIRECTION ( 'NONE',  ( 0.000000000000000000, 0.000000000000000000, 1.000000000000000000 ) ) ;
#1502 = CARTESIAN_POINT ( 'NONE',  ( 1.500000000000000000, 8.572527594031473190E-16, -6.850000000000000533 ) ) ;
#1503 = DIRECTION ( 'NONE',  ( 0.000000000000000000, -1.162264728904460753E-14, -1.000000000000000000 ) ) ;
#1504 = CIRCLE ( 'NONE', #2232, 7.000000000000000888 ) ;
#1505 = LINE ( 'NONE', #1443, #6077 ) ;
#1506 = DIRECTION ( 'NONE',  ( 1.000000000000000000, 0.000000000000000000, 0.000000000000000000 ) ) ;
#1507 = VECTOR ( 'NONE', #5569, 1000.000000000000000 ) ;
#1508 = ORIENTED_EDGE ( 'NONE', *, *, #1284, .T. ) ;
#1509 = VERTEX_POINT ( 'NONE', #1262 ) ;
#1510 = AXIS2_PLACEMENT_3D ( 'NONE', #6181, #4753, #299 ) ;
#1511 = UNCERTAINTY_MEASURE_WITH_UNIT (LENGTH_MEASURE( 1.000000000000000082E-05 ), #5163, 'distance_accuracy_value', 'NONE');
#1512 = CARTESIAN_POINT ( 'NONE',  ( 38.59999999999999432, 0.000000000000000000, 0.1499999999999999944 ) ) ;
#1513 = DIRECTION ( 'NONE',  ( -0.000000000000000000, -0.000000000000000000, -1.000000000000000000 ) ) ;
#1514 = CARTESIAN_POINT ( 'NONE',  ( 1.500000000000002220, -10.35047573531249654, 13.63583152989489911 ) ) ;
#1515 = VERTEX_POINT ( 'NONE', #3875 ) ;
#1516 = CARTESIAN_POINT ( 'NONE',  ( 18.59999999999999787, -2.763066821399118744, 7.121905987407648020 ) ) ;
#1517 = CIRCLE ( 'NONE', #4641, 5.000000000000000000 ) ;
#1518 = ORIENTED_EDGE ( 'NONE', *, *, #4987, .T. ) ;
#1519 = EDGE_CURVE ( 'NONE', #3462, #1190, #2632, .T. ) ;
#1520 = ADVANCED_FACE ( 'NONE', ( #4851 ), #1886, .T. ) ;
#1521 = FACE_OUTER_BOUND ( 'NONE', #2146, .T. ) ;
#1522 = DIRECTION ( 'NONE',  ( -1.000000000000000000, -0.000000000000000000, -0.000000000000000000 ) ) ;
#1523 = EDGE_LOOP ( 'NONE', ( #2635, #5149, #4221, #2109 ) ) ;
#1524 = CARTESIAN_POINT ( 'NONE',  ( 19.59999999999999787, 0.000000000000000000, 0.1499999999999999944 ) ) ;
#1525 = CARTESIAN_POINT ( 'NONE',  ( 22.59999999999999432, 8.572527594031474176E-16, -6.850000000000002309 ) ) ;
#1526 = ORIENTED_EDGE ( 'NONE', *, *, #3242, .F. ) ;
#1527 = EDGE_CURVE ( 'NONE', #1166, #4033, #3259, .T. ) ;
#1528 = AXIS2_PLACEMENT_3D ( 'NONE', #1084, #4638, #605 ) ;
#1529 = ADVANCED_FACE ( 'NONE', ( #3359 ), #784, .F. ) ;
#1530 = DIRECTION ( 'NONE',  ( 1.000000000000000000, 0.000000000000000000, 0.000000000000000000 ) ) ;
#1531 = ORIENTED_EDGE ( 'NONE', *, *, #2829, .F. ) ;
#1532 = FACE_OUTER_BOUND ( 'NONE', #4586, .T. ) ;
#1533 = CARTESIAN_POINT ( 'NONE',  ( 1.500000000000000000, -4.261960596893379360, 5.702989453486133620 ) ) ;
#1534 = LINE ( 'NONE', #955, #1420 ) ;
#1535 = CIRCLE ( 'NONE', #1742, 6.049999999999999822 ) ;
#1536 = FACE_OUTER_BOUND ( 'NONE', #4886, .T. ) ;
#1537 = DIRECTION ( 'NONE',  ( 1.000000000000000000, -0.000000000000000000, -0.000000000000000000 ) ) ;
#1538 = EDGE_CURVE ( 'NONE', #2812, #5252, #2899, .T. ) ;
#1539 = AXIS2_PLACEMENT_3D ( 'NONE', #586, #5128, #1037 ) ;
#1540 = DIRECTION ( 'NONE',  ( 0.000000000000000000, 0.000000000000000000, -1.000000000000000000 ) ) ;
#1541 = CARTESIAN_POINT ( 'NONE',  ( 1.500000000000000000, -4.365952903884278591, -5.321604448520052877 ) ) ;
#1542 = DIRECTION ( 'NONE',  ( 0.000000000000000000, 0.000000000000000000, -1.000000000000000000 ) ) ;
#1543 = ORIENTED_EDGE ( 'NONE', *, *, #4071, .T. ) ;
#1544 = EDGE_LOOP ( 'NONE', ( #1042, #4898, #5963, #1695 ) ) ;
#1545 = AXIS2_PLACEMENT_3D ( 'NONE', #5792, #3295, #3878 ) ;
#1546 =( NAMED_UNIT ( * ) PLANE_ANGLE_UNIT ( ) SI_UNIT ( $, .RADIAN. ) );
#1547 = CIRCLE ( 'NONE', #6230, 5.000000000000000888 ) ;
#1548 = CARTESIAN_POINT ( 'NONE',  ( 27.59999999999999787, 0.000000000000000000, 7.150000000000002132 ) ) ;
#1549 = EDGE_LOOP ( 'NONE', ( #4841, #2665, #2365, #6068 ) ) ;
#1550 = VECTOR ( 'NONE', #647, 1000.000000000000000 ) ;
#1551 = FACE_BOUND ( 'NONE', #5439, .T. ) ;
#1552 = ORIENTED_EDGE ( 'NONE', *, *, #3444, .F. ) ;
#1553 = PRODUCT_DEFINITION_FORMATION_WITH_SPECIFIED_SOURCE ( 'ANY', '', #1667, .NOT_KNOWN. ) ;
#1554 = CYLINDRICAL_SURFACE ( 'NONE', #1684, 5.000000000000000000 ) ;
#1555 = CARTESIAN_POINT ( 'NONE',  ( 38.59999999999999432, 1.030637635557567044, 8.864943216164022033 ) ) ;
#1556 = ORIENTED_EDGE ( 'NONE', *, *, #1449, .F. ) ;
#1557 = EDGE_CURVE ( 'NONE', #6419, #6147, #3744, .T. ) ;
#1558 = LINE ( 'NONE', #434, #1972 ) ;
#1559 = PRODUCT_DEFINITION_SHAPE ( 'NONE', 'NONE',  #6054 ) ;
#1560 = ORIENTED_EDGE ( 'NONE', *, *, #4394, .T. ) ;
#1561 = DIRECTION ( 'NONE',  ( -1.000000000000000000, -0.000000000000000000, -0.000000000000000000 ) ) ;
#1562 = CYLINDRICAL_SURFACE ( 'NONE', #240, 5.000000000000000000 ) ;
#1563 = CARTESIAN_POINT ( 'NONE',  ( 18.59999999999999787, 1.030637635557567044, 3.864943216164022477 ) ) ;
#1564 = DIRECTION ( 'NONE',  ( -1.000000000000000000, -0.000000000000000000, -0.000000000000000000 ) ) ;
#1565 = CARTESIAN_POINT ( 'NONE',  ( -0.002000000000002000178, 0.000000000000000000, -6.049999999999999822 ) ) ;
#1566 = EDGE_CURVE ( 'NONE', #1905, #6419, #4197, .T. ) ;
#1567 = EDGE_CURVE ( 'NONE', #1347, #5398, #3776, .T. ) ;
#1568 = DIRECTION ( 'NONE',  ( 1.000000000000000000, 0.000000000000000000, 0.000000000000000000 ) ) ;
#1569 = CARTESIAN_POINT ( 'NONE',  ( 24.59999999999999787, 0.000000000000000000, 0.000000000000000000 ) ) ;
#1570 = DIRECTION ( 'NONE',  ( 0.000000000000000000, 0.000000000000000000, -1.000000000000000000 ) ) ;
#1571 = VERTEX_POINT ( 'NONE', #3258 ) ;
#1572 = ORIENTED_EDGE ( 'NONE', *, *, #231, .F. ) ;
#1573 = AXIS2_PLACEMENT_3D ( 'NONE', #4945, #2438, #4362 ) ;
#1574 = DIRECTION ( 'NONE',  ( 0.000000000000000000, 0.000000000000000000, -1.000000000000000000 ) ) ;
#1575 = DIRECTION ( 'NONE',  ( 1.000000000000000000, 0.000000000000000000, 0.000000000000000000 ) ) ;
#1576 = ORIENTED_EDGE ( 'NONE', *, *, #1889, .F. ) ;
#1577 = DIRECTION ( 'NONE',  ( 1.000000000000000000, -0.000000000000000000, -0.000000000000000000 ) ) ;
#1578 = ORIENTED_EDGE ( 'NONE', *, *, #3330, .T. ) ;
#1579 = VECTOR ( 'NONE', #4321, 1000.000000000000000 ) ;
#1580 = DIRECTION ( 'NONE',  ( -1.000000000000000000, 0.000000000000000000, -0.000000000000000000 ) ) ;
#1581 = VECTOR ( 'NONE', #3370, 1000.000000000000000 ) ;
#1582 = EDGE_LOOP ( 'NONE', ( #5215, #6067, #1293, #1743 ) ) ;
#1583 = CARTESIAN_POINT ( 'NONE',  ( 24.59999999999999787, 0.000000000000000000, 0.1499999999999999944 ) ) ;
#1584 = DIRECTION ( 'NONE',  ( 0.000000000000000000, 0.000000000000000000, -1.000000000000000000 ) ) ;
#1585 = ORIENTED_EDGE ( 'NONE', *, *, #5939, .F. ) ;
#1586 = VECTOR ( 'NONE', #1832, 1000.000000000000000 ) ;
#1587 = LINE ( 'NONE', #717, #2493 ) ;
#1588 = ORIENTED_EDGE ( 'NONE', *, *, #4034, .T. ) ;
#1589 = CARTESIAN_POINT ( 'NONE',  ( 1.500000000000000000, 7.409113134841484549E-16, 6.049999999999999822 ) ) ;
#1590 = DIRECTION ( 'NONE',  ( 0.000000000000000000, 0.000000000000000000, 1.000000000000000000 ) ) ;
#1591 = CARTESIAN_POINT ( 'NONE',  ( 25.59999999999999787, 2.318934680004526516, 8.696122236369051350 ) ) ;
#1592 = CIRCLE ( 'NONE', #2319, 7.249999999999999112 ) ;
#1593 = DIRECTION ( 'NONE',  ( 0.000000000000000000, 0.000000000000000000, -1.000000000000000000 ) ) ;
#1594 = CARTESIAN_POINT ( 'NONE',  ( 39.59999999999999432, 0.000000000000000000, 0.1499999999999999944 ) ) ;
#1595 = ADVANCED_FACE ( 'NONE', ( #1759 ), #5271, .F. ) ;
#1596 = AXIS2_PLACEMENT_3D ( 'NONE', #3431, #2961, #3949 ) ;
#1597 = EDGE_CURVE ( 'NONE', #6197, #620, #2219, .T. ) ;
#1598 = CARTESIAN_POINT ( 'NONE',  ( 34.60000000000000142, 2.606424087848269178, -8.614322577793585012 ) ) ;
#1599 = EDGE_LOOP ( 'NONE', ( #5008, #6403, #4897, #6363 ) ) ;
#1600 = FACE_OUTER_BOUND ( 'NONE', #1826, .T. ) ;
#1601 = LINE ( 'NONE', #570, #5687 ) ;
#1602 = ORIENTED_EDGE ( 'NONE', *, *, #574, .F. ) ;
#1603 = AXIS2_PLACEMENT_3D ( 'NONE', #5769, #4373, #5834 ) ;
#1604 = ORIENTED_EDGE ( 'NONE', *, *, #2922, .T. ) ;
#1605 = EDGE_CURVE ( 'NONE', #689, #877, #5857, .T. ) ;
#1606 = EDGE_CURVE ( 'NONE', #701, #163, #6247, .T. ) ;
#1607 = VECTOR ( 'NONE', #1662, 1000.000000000000000 ) ;
#1608 = CARTESIAN_POINT ( 'NONE',  ( -40.70000000000000284, 0.000000000000000000, 8.449999999999999289 ) ) ;
#1609 = CARTESIAN_POINT ( 'NONE',  ( 1.500000000000002220, -10.35047573531249654, 13.63583152989489911 ) ) ;
#1610 = ORIENTED_EDGE ( 'NONE', *, *, #6032, .F. ) ;
#1611 = DIRECTION ( 'NONE',  ( 1.000000000000000000, 0.000000000000000000, 0.000000000000000000 ) ) ;
#1612 = EDGE_LOOP ( 'NONE', ( #5468, #1859, #1604, #2887, #2324, #6201, #1422, #4484, #3274 ) ) ;
#1613 = ADVANCED_FACE ( 'NONE', ( #1923 ), #493, .T. ) ;
#1614 = AXIS2_PLACEMENT_3D ( 'NONE', #1237, #5477, #2024 ) ;
#1615 = DIRECTION ( 'NONE',  ( -1.000000000000000000, -0.000000000000000000, -0.000000000000000000 ) ) ;
#1616 = AXIS2_PLACEMENT_3D ( 'NONE', #5192, #736, #2717 ) ;
#1617 = EDGE_LOOP ( 'NONE', ( #635, #2544, #798, #4293 ) ) ;
#1618 = DIRECTION ( 'NONE',  ( 0.000000000000000000, 0.000000000000000000, -1.000000000000000000 ) ) ;
#1619 = FACE_OUTER_BOUND ( 'NONE', #2952, .T. ) ;
#1620 = ORIENTED_EDGE ( 'NONE', *, *, #191, .F. ) ;
#1621 = AXIS2_PLACEMENT_3D ( 'NONE', #2680, #636, #4150 ) ;
#1622 = LINE ( 'NONE', #5046, #3950 ) ;
#1623 = ORIENTED_EDGE ( 'NONE', *, *, #4564, .T. ) ;
#1624 = DIRECTION ( 'NONE',  ( -1.000000000000000000, 0.000000000000000000, 1.445602896647339656E-16 ) ) ;
#1625 = CYLINDRICAL_SURFACE ( 'NONE', #1899, 10.00000000000000178 ) ;
#1626 = FACE_OUTER_BOUND ( 'NONE', #4948, .T. ) ;
#1627 = CARTESIAN_POINT ( 'NONE',  ( 22.10000000000000142, 23.75000000000000355, -6.250000000000000888 ) ) ;
#1628 = AXIS2_PLACEMENT_3D ( 'NONE', #3257, #2733, #2797 ) ;
#1629 = CYLINDRICAL_SURFACE ( 'NONE', #3947, 7.000000000000000000 ) ;
#1630 = DIRECTION ( 'NONE',  ( -1.000000000000000000, 0.000000000000000000, 0.000000000000000000 ) ) ;
#1631 = AXIS2_PLACEMENT_3D ( 'NONE', #4167, #3094, #5074 ) ;
#1632 = ORIENTED_EDGE ( 'NONE', *, *, #1195, .F. ) ;
#1633 = LINE ( 'NONE', #6131, #1307 ) ;
#1634 = DIRECTION ( 'NONE',  ( 0.000000000000000000, 0.000000000000000000, -1.000000000000000000 ) ) ;
#1635 = ORIENTED_EDGE ( 'NONE', *, *, #4237, .T. ) ;
#1636 = VECTOR ( 'NONE', #6344, 1000.000000000000000 ) ;
#1637 = DIRECTION ( 'NONE',  ( -1.000000000000000000, -0.000000000000000000, -0.000000000000000000 ) ) ;
#1638 = ADVANCED_FACE ( 'NONE', ( #6382 ), #3911, .T. ) ;
#1639 = CARTESIAN_POINT ( 'NONE',  ( -40.70000000000000284, 0.000000000000000000, 2.700000000000006839 ) ) ;
#1640 = VECTOR ( 'NONE', #6237, 1000.000000000000000 ) ;
#1641 = AXIS2_PLACEMENT_3D ( 'NONE', #2897, #978, #2509 ) ;
#1642 = ORIENTED_EDGE ( 'NONE', *, *, #746, .F. ) ;
#1643 = ORIENTED_EDGE ( 'NONE', *, *, #2320, .F. ) ;
#1644 = EDGE_CURVE ( 'NONE', #5887, #4381, #5651, .T. ) ;
#1645 = CIRCLE ( 'NONE', #3006, 3.499999999999999556 ) ;
#1646 = DIRECTION ( 'NONE',  ( 0.000000000000000000, 0.000000000000000000, 1.000000000000000000 ) ) ;
#1647 = EDGE_CURVE ( 'NONE', #2397, #2413, #3165, .T. ) ;
#1648 = SHAPE_REPRESENTATION_RELATIONSHIP ( 'NONE' , 'NONE' ,  #1249, #3269 ) ;
#1649 = ORIENTED_EDGE ( 'NONE', *, *, #3560, .T. ) ;
#1650 = ORIENTED_EDGE ( 'NONE', *, *, #200, .F. ) ;
#1651 = DIRECTION ( 'NONE',  ( 1.000000000000000000, 0.000000000000000000, 0.000000000000000000 ) ) ;
#1652 = CIRCLE ( 'NONE', #1343, 5.000000000000000000 ) ;
#1653 = VERTEX_POINT ( 'NONE', #5410 ) ;
#1654 = AXIS2_PLACEMENT_3D ( 'NONE', #6346, #1005, #6376 ) ;
#1655 = CARTESIAN_POINT ( 'NONE',  ( 24.10000000000000497, 6.999556998288668262E-15, 8.450000000000001066 ) ) ;
#1656 = ORIENTED_EDGE ( 'NONE', *, *, #2006, .F. ) ;
#1657 = CARTESIAN_POINT ( 'NONE',  ( 31.59999999999999787, 2.318934680004526516, 8.696122236369051350 ) ) ;
#1658 = DIRECTION ( 'NONE',  ( -1.000000000000000000, -0.000000000000000000, -0.000000000000000000 ) ) ;
#1659 = DIRECTION ( 'NONE',  ( 0.000000000000000000, 0.000000000000000000, 1.000000000000000000 ) ) ;
#1660 = CARTESIAN_POINT ( 'NONE',  ( 18.59999999999999787, 7.409113134841484549E-16, 6.049999999999999822 ) ) ;
#1661 = CYLINDRICAL_SURFACE ( 'NONE', #2377, 3.499999999999999556 ) ;
#1662 = DIRECTION ( 'NONE',  ( -1.000000000000000000, -0.000000000000000000, -0.000000000000000000 ) ) ;
#1663 = ORIENTED_EDGE ( 'NONE', *, *, #1313, .T. ) ;
#1664 = FACE_OUTER_BOUND ( 'NONE', #5503, .T. ) ;
#1665 = CARTESIAN_POINT ( 'NONE',  ( 1.500000000000000000, 0.000000000000000000, 0.000000000000000000 ) ) ;
#1666 = ORIENTED_EDGE ( 'NONE', *, *, #4918, .T. ) ;
#1667 = PRODUCT ( 'fin', 'fin', '', ( #3702 ) ) ;
#1668 = LINE ( 'NONE', #3661, #167 ) ;
#1669 = CARTESIAN_POINT ( 'NONE',  ( -52.69999999999999574, 0.000000000000000000, -2.699999999999993516 ) ) ;
#1670 = ORIENTED_EDGE ( 'NONE', *, *, #3837, .F. ) ;
#1671 = DIRECTION ( 'NONE',  ( -1.000000000000000000, -0.000000000000000000, -0.000000000000000000 ) ) ;
#1672 = EDGE_LOOP ( 'NONE', ( #117, #1531, #5740, #4738 ) ) ;
#1673 = EDGE_CURVE ( 'NONE', #2846, #4622, #4617, .T. ) ;
#1674 = AXIS2_PLACEMENT_3D ( 'NONE', #4017, #4049, #5994 ) ;
#1675 = DIRECTION ( 'NONE',  ( 0.000000000000000000, 0.000000000000000000, -1.000000000000000000 ) ) ;
#1676 = ADVANCED_FACE ( 'NONE', ( #4428 ), #1957, .T. ) ;
#1677 = LINE ( 'NONE', #4585, #6132 ) ;
#1678 = ORIENTED_EDGE ( 'NONE', *, *, #5849, .F. ) ;
#1679 = ORIENTED_EDGE ( 'NONE', *, *, #1163, .F. ) ;
#1680 = AXIS2_PLACEMENT_3D ( 'NONE', #6081, #6016, #1618 ) ;
#1681 = ORIENTED_EDGE ( 'NONE', *, *, #3046, .T. ) ;
#1682 = EDGE_CURVE ( 'NONE', #4966, #3448, #4917, .T. ) ;
#1683 = ADVANCED_FACE ( 'NONE', ( #4286 ), #4318, .T. ) ;
#1684 = AXIS2_PLACEMENT_3D ( 'NONE', #4489, #45, #2017 ) ;
#1685 = EDGE_CURVE ( 'NONE', #2082, #1741, #5127, .T. ) ;
#1686 = CARTESIAN_POINT ( 'NONE',  ( 1.500000000000000000, 8.572527594031473190E-16, -6.850000000000000533 ) ) ;
#1687 = EDGE_LOOP ( 'NONE', ( #5227, #2650, #2603, #4482 ) ) ;
#1688 = PLANE ( 'NONE',  #2554 ) ;
#1689 = CARTESIAN_POINT ( 'NONE',  ( 29.59999999999999787, 1.030637635557567044, 3.864943216164022477 ) ) ;
#1690 = CARTESIAN_POINT ( 'NONE',  ( 32.59999999999999432, 1.030637635557567044, 8.864943216164022033 ) ) ;
#1691 = DIRECTION ( 'NONE',  ( 0.000000000000000000, 0.000000000000000000, 1.000000000000000000 ) ) ;
#1692 = EDGE_CURVE ( 'NONE', #4622, #5623, #3270, .T. ) ;
#1693 = CARTESIAN_POINT ( 'NONE',  ( 22.59999999999999432, -4.261960596893380249, 5.702989453486133620 ) ) ;
#1694 = AXIS2_PLACEMENT_3D ( 'NONE', #3652, #182, #6058 ) ;
#1695 = ORIENTED_EDGE ( 'NONE', *, *, #1936, .F. ) ;
#1696 = DIRECTION ( 'NONE',  ( 0.000000000000000000, -0.000000000000000000, -1.000000000000000000 ) ) ;
#1697 = VERTEX_POINT ( 'NONE', #323 ) ;
#1698 = FACE_OUTER_BOUND ( 'NONE', #5690, .T. ) ;
#1699 = CARTESIAN_POINT ( 'NONE',  ( 30.59999999999999432, 0.000000000000000000, 0.000000000000000000 ) ) ;
#1700 = EDGE_LOOP ( 'NONE', ( #5102, #1073 ) ) ;
#1701 = VECTOR ( 'NONE', #1574, 1000.000000000000000 ) ;
#1702 = CARTESIAN_POINT ( 'NONE',  ( 22.10000000000000142, 8.939421783461135992E-15, -8.449999999999999289 ) ) ;
#1703 = DIRECTION ( 'NONE',  ( -1.000000000000000000, 0.000000000000000000, 0.000000000000000000 ) ) ;
#1704 = CIRCLE ( 'NONE', #1603, 10.00000000000000000 ) ;
#1705 = EDGE_LOOP ( 'NONE', ( #5377, #3771, #737, #5880 ) ) ;
#1706 = ORIENTED_EDGE ( 'NONE', *, *, #4272, .F. ) ;
#1707 = CIRCLE ( 'NONE', #5759, 1.749999999999998890 ) ;
#1708 = APPLICATION_CONTEXT ( 'automotive_design' ) ;
#1709 = CARTESIAN_POINT ( 'NONE',  ( -43.29999999999999716, 38.49999999999999289, 2.700000000000006839 ) ) ;
#1710 = DIRECTION ( 'NONE',  ( 0.000000000000000000, 0.000000000000000000, 1.000000000000000000 ) ) ;
#1711 = EDGE_LOOP ( 'NONE', ( #3021, #3117, #5200, #4868 ) ) ;
#1712 = CIRCLE ( 'NONE', #4231, 9.000000000000000000 ) ;
#1713 = ORIENTED_EDGE ( 'NONE', *, *, #2178, .T. ) ;
#1714 = DIRECTION ( 'NONE',  ( -1.000000000000000000, -0.000000000000000000, -0.000000000000000000 ) ) ;
#1715 = ADVANCED_FACE ( 'NONE', ( #1909 ), #5292, .T. ) ;
#1716 = CIRCLE ( 'NONE', #4423, 4.000000000000000000 ) ;
#1717 = ORIENTED_EDGE ( 'NONE', *, *, #1728, .T. ) ;
#1718 = ADVANCED_FACE ( 'NONE', ( #3828 ), #1809, .T. ) ;
#1719 = AXIS2_PLACEMENT_3D ( 'NONE', #1062, #3049, #1480 ) ;
#1720 = CARTESIAN_POINT ( 'NONE',  ( 38.59999999999999432, 2.606424087848269178, -8.614322577793585012 ) ) ;
#1721 = EDGE_LOOP ( 'NONE', ( #3612, #789, #1475, #967 ) ) ;
#1722 = CARTESIAN_POINT ( 'NONE',  ( 30.59999999999999432, 1.030637635557567044, 3.864943216164022477 ) ) ;
#1723 = LINE ( 'NONE', #1330, #40 ) ;
#1724 = DIRECTION ( 'NONE',  ( 1.000000000000000000, 0.000000000000000000, 0.000000000000000000 ) ) ;
#1725 = EDGE_CURVE ( 'NONE', #3752, #1697, #4096, .T. ) ;
#1726 = DIRECTION ( 'NONE',  ( -1.000000000000000000, -0.000000000000000000, -0.000000000000000000 ) ) ;
#1727 = AXIS2_PLACEMENT_3D ( 'NONE', #1569, #4964, #507 ) ;
#1728 = EDGE_CURVE ( 'NONE', #2663, #3935, #6368, .T. ) ;
#1729 = VECTOR ( 'NONE', #2257, 1000.000000000000000 ) ;
#1730 = DIRECTION ( 'NONE',  ( 1.000000000000000000, 0.000000000000000000, 0.000000000000000000 ) ) ;
#1731 = EDGE_LOOP ( 'NONE', ( #4465, #4697, #884, #5262 ) ) ;
#1732 = CARTESIAN_POINT ( 'NONE',  ( 19.86927765092148945, 14.50000000000000711, 0.000000000000000000 ) ) ;
#1733 = ORIENTED_EDGE ( 'NONE', *, *, #1047, .F. ) ;
#1734 = CYLINDRICAL_SURFACE ( 'NONE', #4436, 10.00000000000000000 ) ;
#1735 = ADVANCED_FACE ( 'NONE', ( #2360 ), #1283, .F. ) ;
#1736 = DIRECTION ( 'NONE',  ( -1.000000000000000000, -0.000000000000000000, -0.000000000000000000 ) ) ;
#1737 = ORIENTED_EDGE ( 'NONE', *, *, #4748, .F. ) ;
#1738 = AXIS2_PLACEMENT_3D ( 'NONE', #4669, #341, #4795 ) ;
#1739 = CARTESIAN_POINT ( 'NONE',  ( 1.500000000000001554, 1.030637635557567044, 3.864943216164022477 ) ) ;
#1740 = LINE ( 'NONE', #4219, #4222 ) ;
#1741 = VERTEX_POINT ( 'NONE', #2916 ) ;
#1742 = AXIS2_PLACEMENT_3D ( 'NONE', #5865, #1932, #956 ) ;
#1743 = ORIENTED_EDGE ( 'NONE', *, *, #4748, .T. ) ;
#1744 = CARTESIAN_POINT ( 'NONE',  ( 23.59999999999999432, 0.000000000000000000, 7.150000000000002132 ) ) ;
#1745 = CIRCLE ( 'NONE', #3521, 6.049999999999999822 ) ;
#1746 = VECTOR ( 'NONE', #1955, 1000.000000000000000 ) ;
#1747 = ITEM_DEFINED_TRANSFORMATION ( 'NONE', 'NONE', #6341,  #831 ) ;
#1748 = ORIENTED_EDGE ( 'NONE', *, *, #1363, .F. ) ;
#1749 = ORIENTED_EDGE ( 'NONE', *, *, #2962, .T. ) ;
#1750 = CARTESIAN_POINT ( 'NONE',  ( 1.500000000000002220, -2.763066821399118744, 7.121905987407648020 ) ) ;
#1751 = ORIENTED_EDGE ( 'NONE', *, *, #2368, .T. ) ;
#1752 = VECTOR ( 'NONE', #3260, 1000.000000000000000 ) ;
#1753 = DIRECTION ( 'NONE',  ( -1.000000000000000000, -0.000000000000000000, -0.000000000000000000 ) ) ;
#1754 = ORIENTED_EDGE ( 'NONE', *, *, #6144, .T. ) ;
#1755 = CARTESIAN_POINT ( 'NONE',  ( 36.59999999999999432, 0.000000000000000000, 0.000000000000000000 ) ) ;
#1756 = VECTOR ( 'NONE', #116, 1000.000000000000000 ) ;
#1757 = DIRECTION ( 'NONE',  ( -1.000000000000000000, -5.782411586589351722E-16, 0.000000000000000000 ) ) ;
#1758 = FACE_OUTER_BOUND ( 'NONE', #2748, .T. ) ;
#1759 = FACE_OUTER_BOUND ( 'NONE', #6399, .T. ) ;
#1760 = AXIS2_PLACEMENT_3D ( 'NONE', #456, #3867, #4911 ) ;
#1761 = EDGE_CURVE ( 'NONE', #4488, #311, #2119, .T. ) ;
#1762 = CARTESIAN_POINT ( 'NONE',  ( 36.59999999999999432, 1.158410705710341659, -3.828587812352703956 ) ) ;
#1763 = ORIENTED_EDGE ( 'NONE', *, *, #5867, .T. ) ;
#1764 = DIRECTION ( 'NONE',  ( 1.000000000000000000, 0.000000000000000000, 0.000000000000000000 ) ) ;
#1765 = EDGE_CURVE ( 'NONE', #3234, #1236, #4901, .T. ) ;
#1766 = EDGE_LOOP ( 'NONE', ( #4168, #4026, #1463, #1578 ) ) ;
#1767 = CYLINDRICAL_SURFACE ( 'NONE', #2552, 5.000000000000000000 ) ;
#1768 = LINE ( 'NONE', #1240, #2678 ) ;
#1769 = VERTEX_POINT ( 'NONE', #5323 ) ;
#1770 = EDGE_CURVE ( 'NONE', #4931, #2023, #164, .T. ) ;
#1771 = EDGE_CURVE ( 'NONE', #4488, #1956, #4777, .T. ) ;
#1772 = DIRECTION ( 'NONE',  ( -1.000000000000000000, -0.000000000000000000, -0.000000000000000000 ) ) ;
#1773 = ORIENTED_EDGE ( 'NONE', *, *, #1094, .T. ) ;
#1774 = ORIENTED_EDGE ( 'NONE', *, *, #1888, .F. ) ;
#1775 = DIRECTION ( 'NONE',  ( -1.000000000000000000, -0.000000000000000000, -0.000000000000000000 ) ) ;
#1776 = DIRECTION ( 'NONE',  ( -1.000000000000000000, -0.000000000000000000, -0.000000000000000000 ) ) ;
#1777 = CARTESIAN_POINT ( 'NONE',  ( 0.000000000000000000, 0.000000000000000000, 0.000000000000000000 ) ) ;
#1778 = VERTEX_POINT ( 'NONE', #1382 ) ;
#1779 = ORIENTED_EDGE ( 'NONE', *, *, #5422, .T. ) ;
#1780 = CARTESIAN_POINT ( 'NONE',  ( -43.29999999999999716, 14.50000000000000355, 0.000000000000000000 ) ) ;
#1781 = EDGE_LOOP ( 'NONE', ( #2220, #2740, #4714, #3832 ) ) ;
#1782 = CARTESIAN_POINT ( 'NONE',  ( 34.60000000000000142, -4.365952903884279479, -5.321604448520053765 ) ) ;
#1783 = ORIENTED_EDGE ( 'NONE', *, *, #4034, .F. ) ;
#1784 = DIRECTION ( 'NONE',  ( 0.000000000000000000, 0.000000000000000000, -1.000000000000000000 ) ) ;
#1785 = DIRECTION ( 'NONE',  ( 1.000000000000000000, 0.000000000000000000, 0.000000000000000000 ) ) ;
#1786 = DIRECTION ( 'NONE',  ( 0.000000000000000000, 0.000000000000000000, -1.000000000000000000 ) ) ;
#1787 = DIRECTION ( 'NONE',  ( 1.000000000000000000, 0.000000000000000000, 0.000000000000000000 ) ) ;
#1788 = CIRCLE ( 'NONE', #3250, 3.499999999999999556 ) ;
#1789 = DIRECTION ( 'NONE',  ( -1.000000000000000000, 0.000000000000000000, 0.000000000000000000 ) ) ;
#1790 = ORIENTED_EDGE ( 'NONE', *, *, #6063, .F. ) ;
#1791 = DIRECTION ( 'NONE',  ( 1.000000000000000000, 0.000000000000000000, 0.000000000000000000 ) ) ;
#1792 = VERTEX_POINT ( 'NONE', #936 ) ;
#1793 = DIRECTION ( 'NONE',  ( 0.000000000000000000, 0.000000000000000000, -1.000000000000000000 ) ) ;
#1794 = AXIS2_PLACEMENT_3D ( 'NONE', #5428, #4877, #1386 ) ;
#1795 = CARTESIAN_POINT ( 'NONE',  ( 1.500000000000001332, 14.50000000000000355, 0.000000000000000000 ) ) ;
#1796 = DIRECTION ( 'NONE',  ( -1.000000000000000000, -0.000000000000000000, -0.000000000000000000 ) ) ;
#1797 = ORIENTED_EDGE ( 'NONE', *, *, #4552, .T. ) ;
#1798 = ADVANCED_FACE ( 'NONE', ( #2884 ), #5776, .T. ) ;
#1799 = ADVANCED_FACE ( 'NONE', ( #3897 ), #4379, .F. ) ;
#1800 = CIRCLE ( 'NONE', #1694, 10.00000000000000178 ) ;
#1801 = DIRECTION ( 'NONE',  ( 0.000000000000000000, 0.000000000000000000, -1.000000000000000000 ) ) ;
#1802 = FACE_OUTER_BOUND ( 'NONE', #3434, .T. ) ;
#1803 = EDGE_LOOP ( 'NONE', ( #539, #5829, #4181, #1424 ) ) ;
#1804 = EDGE_CURVE ( 'NONE', #689, #4854, #770, .T. ) ;
#1805 = VECTOR ( 'NONE', #5395, 1000.000000000000000 ) ;
#1806 = ORIENTED_EDGE ( 'NONE', *, *, #1397, .T. ) ;
#1807 = EDGE_CURVE ( 'NONE', #2834, #772, #2071, .T. ) ;
#1808 = CARTESIAN_POINT ( 'NONE',  ( 36.59999999999999432, -2.763066821399118744, 7.121905987407648020 ) ) ;
#1809 = CYLINDRICAL_SURFACE ( 'NONE', #6276, 5.000000000000000000 ) ;
#1810 = APPLICATION_PROTOCOL_DEFINITION ( 'draft international standard', 'automotive_design', 1998, #393 ) ;
#1811 = ORIENTED_EDGE ( 'NONE', *, *, #4709, .F. ) ;
#1812 = ORIENTED_EDGE ( 'NONE', *, *, #265, .F. ) ;
#1813 = DIRECTION ( 'NONE',  ( 1.000000000000000000, 0.000000000000000000, 0.000000000000000000 ) ) ;
#1814 = ADVANCED_FACE ( 'NONE', ( #3080 ), #5942, .T. ) ;
#1815 = VERTEX_POINT ( 'NONE', #576 ) ;
#1816 = CIRCLE ( 'NONE', #1290, 7.000000000000000888 ) ;
#1817 = FACE_OUTER_BOUND ( 'NONE', #1339, .T. ) ;
#1818 = VECTOR ( 'NONE', #1893, 1000.000000000000000 ) ;
#1819 = ORIENTED_EDGE ( 'NONE', *, *, #2613, .F. ) ;
#1820 = CARTESIAN_POINT ( 'NONE',  ( 35.60000000000000142, -10.35047573531249654, 13.63583152989489911 ) ) ;
#1821 = FACE_OUTER_BOUND ( 'NONE', #449, .T. ) ;
#1822 = CARTESIAN_POINT ( 'NONE',  ( 26.59999999999999787, 2.318934680004526516, 8.696122236369051350 ) ) ;
#1823 = DIRECTION ( 'NONE',  ( -1.000000000000000000, -0.000000000000000000, -0.000000000000000000 ) ) ;
#1824 = AXIS2_PLACEMENT_3D ( 'NONE', #6329, #378, #6294 ) ;
#1825 = CARTESIAN_POINT ( 'NONE',  ( -47.19999999999999574, 5.500000000000000000, 2.700000000000008171 ) ) ;
#1826 = EDGE_LOOP ( 'NONE', ( #3655, #4878, #1154, #2754 ) ) ;
#1827 = DIRECTION ( 'NONE',  ( 1.000000000000000000, 0.000000000000000000, 0.000000000000000000 ) ) ;
#1828 = ORIENTED_EDGE ( 'NONE', *, *, #2053, .F. ) ;
#1829 = CARTESIAN_POINT ( 'NONE',  ( 1.500000000000001554, 1.030637635557567044, 3.864943216164022477 ) ) ;
#1830 = CIRCLE ( 'NONE', #5990, 10.00000000000000178 ) ;
#1831 = DIRECTION ( 'NONE',  ( 1.000000000000000000, 0.000000000000000000, 0.000000000000000000 ) ) ;
#1832 = DIRECTION ( 'NONE',  ( 0.000000000000000000, 0.000000000000000000, -1.000000000000000000 ) ) ;
#1833 = VECTOR ( 'NONE', #530, 1000.000000000000000 ) ;
#1834 = CYLINDRICAL_SURFACE ( 'NONE', #1003, 10.00000000000000178 ) ;
#1835 = ORIENTED_EDGE ( 'NONE', *, *, #3714, .T. ) ;
#1836 = ORIENTED_EDGE ( 'NONE', *, *, #4188, .T. ) ;
#1837 = CIRCLE ( 'NONE', #394, 3.000000000000000444 ) ;
#1838 = ADVANCED_FACE ( 'NONE', ( #1944 ), #3476, .T. ) ;
#1839 = LINE ( 'NONE', #6094, #2488 ) ;
#1840 = DIRECTION ( 'NONE',  ( -1.000000000000000000, -0.000000000000000000, -0.000000000000000000 ) ) ;
#1841 = ITEM_DEFINED_TRANSFORMATION ( 'NONE', 'NONE', #3637,  #831 ) ;
#1842 = ORIENTED_EDGE ( 'NONE', *, *, #2291, .F. ) ;
#1843 = VECTOR ( 'NONE', #2062, 1000.000000000000000 ) ;
#1844 = EDGE_CURVE ( 'NONE', #3937, #3472, #965, .T. ) ;
#1845 = ORIENTED_EDGE ( 'NONE', *, *, #6175, .T. ) ;
#1846 = LINE ( 'NONE', #4259, #552 ) ;
#1847 = ORIENTED_EDGE ( 'NONE', *, *, #5816, .F. ) ;
#1848 = AXIS2_PLACEMENT_3D ( 'NONE', #2893, #4880, #1916 ) ;
#1849 = EDGE_CURVE ( 'NONE', #538, #5124, #1915, .T. ) ;
#1850 = DIRECTION ( 'NONE',  ( 0.000000000000000000, 0.000000000000000000, -1.000000000000000000 ) ) ;
#1851 = ORIENTED_EDGE ( 'NONE', *, *, #1369, .T. ) ;
#1852 = CARTESIAN_POINT ( 'NONE',  ( 13.80000000000000249, 2.400000000000003020, 2.899999999999992362 ) ) ;
#1853 = DIRECTION ( 'NONE',  ( 0.000000000000000000, 0.000000000000000000, 1.000000000000000000 ) ) ;
#1854 = FACE_OUTER_BOUND ( 'NONE', #3098, .T. ) ;
#1855 = CIRCLE ( 'NONE', #5496, 9.000000000000000000 ) ;
#1856 = CARTESIAN_POINT ( 'NONE',  ( 32.59999999999999432, 1.030637635557567044, 3.864943216164022477 ) ) ;
#1857 = CIRCLE ( 'NONE', #2070, 6.049999999999999822 ) ;
#1858 = DIRECTION ( 'NONE',  ( -1.000000000000000000, -0.000000000000000000, -0.000000000000000000 ) ) ;
#1859 = ORIENTED_EDGE ( 'NONE', *, *, #6063, .T. ) ;
#1860 = DIRECTION ( 'NONE',  ( 0.000000000000000000, 0.000000000000000000, -1.000000000000000000 ) ) ;
#1861 = ORIENTED_EDGE ( 'NONE', *, *, #5733, .F. ) ;
#1862 = DIRECTION ( 'NONE',  ( 0.000000000000000000, 0.000000000000000000, -1.000000000000000000 ) ) ;
#1863 = CARTESIAN_POINT ( 'NONE',  ( 34.60000000000000142, -10.35047573531249654, 13.63583152989489911 ) ) ;
#1864 = DIRECTION ( 'NONE',  ( 1.000000000000000000, 0.000000000000000000, 0.000000000000000000 ) ) ;
#1865 = AXIS2_PLACEMENT_3D ( 'NONE', #951, #2933, #2965 ) ;
#1866 = CYLINDRICAL_SURFACE ( 'NONE', #1281, 5.500000000000000000 ) ;
#1867 = VECTOR ( 'NONE', #3607, 1000.000000000000000 ) ;
#1868 = CARTESIAN_POINT ( 'NONE',  ( 22.10000000000000142, 1.000000000000007772, 1.199999999999995737 ) ) ;
#1869 = ORIENTED_EDGE ( 'NONE', *, *, #4994, .F. ) ;
#1870 = VERTEX_POINT ( 'NONE', #5001 ) ;
#1871 = CARTESIAN_POINT ( 'NONE',  ( 8.225974270706696956, 29.50000000000000711, 0.000000000000000000 ) ) ;
#1872 = DIRECTION ( 'NONE',  ( 0.000000000000000000, 1.000000000000000000, 1.294569758191647155E-16 ) ) ;
#1873 = ORIENTED_EDGE ( 'NONE', *, *, #5779, .T. ) ;
#1874 = ORIENTED_EDGE ( 'NONE', *, *, #6107, .F. ) ;
#1875 = DIRECTION ( 'NONE',  ( -1.000000000000000000, -0.000000000000000000, -0.000000000000000000 ) ) ;
#1876 = ORIENTED_EDGE ( 'NONE', *, *, #4910, .F. ) ;
#1877 = EDGE_CURVE ( 'NONE', #2688, #2076, #67, .T. ) ;
#1878 = EDGE_CURVE ( 'NONE', #841, #3480, #2005, .T. ) ;
#1879 = CARTESIAN_POINT ( 'NONE',  ( 30.59999999999999432, -10.35047573531249654, 13.63583152989489911 ) ) ;
#1880 = DIRECTION ( 'NONE',  ( 0.000000000000000000, 7.112366251504907509E-15, -1.000000000000000000 ) ) ;
#1881 = ORIENTED_EDGE ( 'NONE', *, *, #1234, .T. ) ;
#1882 = DIRECTION ( 'NONE',  ( -1.000000000000000000, -0.000000000000000000, -0.000000000000000000 ) ) ;
#1883 = DIRECTION ( 'NONE',  ( 0.000000000000000000, 1.000000000000000000, 0.000000000000000000 ) ) ;
#1884 = CARTESIAN_POINT ( 'NONE',  ( 24.10000000000000497, 7.099999999999999645, -9.000000000000001776 ) ) ;
#1885 = AXIS2_PLACEMENT_3D ( 'NONE', #20, #3436, #954 ) ;
#1886 = CYLINDRICAL_SURFACE ( 'NONE', #5226, 5.000000000000000000 ) ;
#1887 = ADVANCED_FACE ( 'NONE', ( #2947 ), #5913, .T. ) ;
#1888 = EDGE_CURVE ( 'NONE', #2156, #2000, #3681, .T. ) ;
#1889 = EDGE_CURVE ( 'NONE', #4944, #2590, #4515, .T. ) ;
#1890 = AXIS2_PLACEMENT_3D ( 'NONE', #1438, #1963, #2484 ) ;
#1891 = DIRECTION ( 'NONE',  ( -1.000000000000000000, -0.000000000000000000, -0.000000000000000000 ) ) ;
#1892 = VERTEX_POINT ( 'NONE', #5553 ) ;
#1893 = DIRECTION ( 'NONE',  ( 0.000000000000000000, -4.074853802630083306E-16, -1.000000000000000000 ) ) ;
#1894 = ORIENTED_EDGE ( 'NONE', *, *, #5388, .F. ) ;
#1895 = DIRECTION ( 'NONE',  ( 1.000000000000000000, 0.000000000000000000, 0.000000000000000000 ) ) ;
#1896 = CARTESIAN_POINT ( 'NONE',  ( 40.59999999999999432, 2.318934680004526516, 8.696122236369051350 ) ) ;
#1897 = CARTESIAN_POINT ( 'NONE',  ( 13.80000000000000249, 8.100000000000003197, 7.450000000000001066 ) ) ;
#1898 = EDGE_CURVE ( 'NONE', #2404, #5310, #5341, .T. ) ;
#1899 = AXIS2_PLACEMENT_3D ( 'NONE', #1078, #2609, #3616 ) ;
#1900 = ORIENTED_EDGE ( 'NONE', *, *, #3053, .T. ) ;
#1901 = MANIFOLD_SOLID_BREP ( 'Split1[1]', #6249 ) ;
#1902 = AXIS2_PLACEMENT_3D ( 'NONE', #4525, #3125, #621 ) ;
#1903 = DIRECTION ( 'NONE',  ( 0.000000000000000000, 1.000000000000000000, 0.000000000000000000 ) ) ;
#1904 = DIRECTION ( 'NONE',  ( -1.000000000000000000, -0.000000000000000000, -0.000000000000000000 ) ) ;
#1905 = VERTEX_POINT ( 'NONE', #5061 ) ;
#1906 = ORIENTED_EDGE ( 'NONE', *, *, #3128, .F. ) ;
#1907 = VERTEX_POINT ( 'NONE', #5521 ) ;
#1908 = CYLINDRICAL_SURFACE ( 'NONE', #5697, 7.249999999999999112 ) ;
#1909 = FACE_OUTER_BOUND ( 'NONE', #2917, .T. ) ;
#1910 = CIRCLE ( 'NONE', #2113, 10.00000000000000178 ) ;
#1911 = ORIENTED_EDGE ( 'NONE', *, *, #4384, .T. ) ;
#1912 = ORIENTED_EDGE ( 'NONE', *, *, #3044, .T. ) ;
#1913 = CARTESIAN_POINT ( 'NONE',  ( 33.60000000000000142, 0.000000000000000000, 0.1499999999999999944 ) ) ;
#1914 = ORIENTED_EDGE ( 'NONE', *, *, #2197, .T. ) ;
#1915 = CIRCLE ( 'NONE', #3261, 5.000000000000000000 ) ;
#1916 = DIRECTION ( 'NONE',  ( 0.000000000000000000, 0.000000000000000000, -1.000000000000000000 ) ) ;
#1917 = FACE_OUTER_BOUND ( 'NONE', #3512, .T. ) ;
#1918 = EDGE_LOOP ( 'NONE', ( #2791, #3473, #6130, #3060 ) ) ;
#1919 = LINE ( 'NONE', #2825, #6155 ) ;
#1920 = CARTESIAN_POINT ( 'NONE',  ( -43.29999999999999716, 14.50000000000000355, 5.000000000000000000 ) ) ;
#1921 = AXIS2_PLACEMENT_3D ( 'NONE', #2909, #4441, #58 ) ;
#1922 = VERTEX_POINT ( 'NONE', #3047 ) ;
#1923 = FACE_OUTER_BOUND ( 'NONE', #5154, .T. ) ;
#1924 = EDGE_CURVE ( 'NONE', #1127, #4392, #4105, .T. ) ;
#1925 = AXIS2_PLACEMENT_3D ( 'NONE', #6095, #602, #1630 ) ;
#1926 = EDGE_CURVE ( 'NONE', #4608, #2949, #466, .T. ) ;
#1927 = CARTESIAN_POINT ( 'NONE',  ( 13.80000000000000249, 20.25000000000000711, -6.250000000000000888 ) ) ;
#1928 = ORIENTED_EDGE ( 'NONE', *, *, #4958, .T. ) ;
#1929 = LINE ( 'NONE', #4466, #5768 ) ;
#1930 = EDGE_LOOP ( 'NONE', ( #812, #762, #6042, #358 ) ) ;
#1931 = FACE_OUTER_BOUND ( 'NONE', #3551, .T. ) ;
#1932 = DIRECTION ( 'NONE',  ( 1.000000000000000000, 0.000000000000000000, 0.000000000000000000 ) ) ;
#1933 = DIRECTION ( 'NONE',  ( 1.278665952808457648E-16, -1.000000000000000000, 0.000000000000000000 ) ) ;
#1934 = ADVANCED_FACE ( 'NONE', ( #250 ), #5217, .T. ) ;
#1935 = VECTOR ( 'NONE', #3880, 1000.000000000000000 ) ;
#1936 = EDGE_CURVE ( 'NONE', #2984, #1945, #4611, .T. ) ;
#1937 = AXIS2_PLACEMENT_3D ( 'NONE', #1183, #3756, #5646 ) ;
#1938 = DIRECTION ( 'NONE',  ( -1.000000000000000000, -0.000000000000000000, -0.000000000000000000 ) ) ;
#1939 = CARTESIAN_POINT ( 'NONE',  ( 18.59999999999999787, 0.000000000000000000, 7.150000000000002132 ) ) ;
#1940 = ORIENTED_EDGE ( 'NONE', *, *, #6186, .F. ) ;
#1941 = VERTEX_POINT ( 'NONE', #1608 ) ;
#1942 = ORIENTED_EDGE ( 'NONE', *, *, #1997, .T. ) ;
#1943 = CYLINDRICAL_SURFACE ( 'NONE', #3628, 4.249999999999998224 ) ;
#1944 = FACE_OUTER_BOUND ( 'NONE', #546, .T. ) ;
#1945 = VERTEX_POINT ( 'NONE', #1182 ) ;
#1946 = ORIENTED_EDGE ( 'NONE', *, *, #3726, .F. ) ;
#1947 = LINE ( 'NONE', #6405, #2828 ) ;
#1948 = VECTOR ( 'NONE', #5010, 1000.000000000000000 ) ;
#1949 = ORIENTED_EDGE ( 'NONE', *, *, #5779, .F. ) ;
#1950 = DIRECTION ( 'NONE',  ( -0.000000000000000000, 1.000000000000000000, -0.000000000000000000 ) ) ;
#1951 = CIRCLE ( 'NONE', #5588, 9.000000000000000000 ) ;
#1952 = CARTESIAN_POINT ( 'NONE',  ( 15.20000000000000462, 23.75000000000000000, -8.000000000000003553 ) ) ;
#1953 = VERTEX_POINT ( 'NONE', #1702 ) ;
#1954 = FACE_OUTER_BOUND ( 'NONE', #3254, .T. ) ;
#1955 = DIRECTION ( 'NONE',  ( 1.000000000000000000, 0.000000000000000000, 0.000000000000000000 ) ) ;
#1956 = VERTEX_POINT ( 'NONE', #3114 ) ;
#1957 = CYLINDRICAL_SURFACE ( 'NONE', #5555, 1.749999999999998002 ) ;
#1958 = CARTESIAN_POINT ( 'NONE',  ( 1.500000000000002220, -10.35047573531249654, 13.63583152989489911 ) ) ;
#1959 = ORIENTED_EDGE ( 'NONE', *, *, #2252, .T. ) ;
#1960 = CARTESIAN_POINT ( 'NONE',  ( 22.10000000000000142, 7.100000000000002309, -8.999999999999998224 ) ) ;
#1961 = CIRCLE ( 'NONE', #5076, 3.500000000000003109 ) ;
#1962 = AXIS2_PLACEMENT_3D ( 'NONE', #3489, #459, #4460 ) ;
#1963 = DIRECTION ( 'NONE',  ( 0.000000000000000000, 1.000000000000000000, -4.105854381010193828E-16 ) ) ;
#1964 = DIRECTION ( 'NONE',  ( -1.000000000000000000, -0.000000000000000000, -0.000000000000000000 ) ) ;
#1965 = DIRECTION ( 'NONE',  ( 1.000000000000000000, 0.000000000000000000, 0.000000000000000000 ) ) ;
#1966 = CARTESIAN_POINT ( 'NONE',  ( 13.80000000000000249, 1.000000000000007772, 1.199999999999995737 ) ) ;
#1967 = ADVANCED_FACE ( 'NONE', ( #129 ), #6103, .T. ) ;
#1968 = CIRCLE ( 'NONE', #3729, 3.500000000000003109 ) ;
#1969 = EDGE_CURVE ( 'NONE', #1870, #3549, #984, .T. ) ;
#1970 = CARTESIAN_POINT ( 'NONE',  ( 26.59999999999999787, 0.000000000000000000, 0.000000000000000000 ) ) ;
#1971 = CARTESIAN_POINT ( 'NONE',  ( -6.392474825692380689E-16, 18.75000000000000355, 5.204748896376249713E-16 ) ) ;
#1972 = VECTOR ( 'NONE', #4397, 1000.000000000000000 ) ;
#1973 = EDGE_LOOP ( 'NONE', ( #4684, #5186, #3148, #3907 ) ) ;
#1974 = ORIENTED_EDGE ( 'NONE', *, *, #2496, .T. ) ;
#1975 = ADVANCED_FACE ( 'NONE', ( #706, #5157 ), #3598, .T. ) ;
#1976 =( GEOMETRIC_REPRESENTATION_CONTEXT ( 3 ) GLOBAL_UNCERTAINTY_ASSIGNED_CONTEXT ( ( #800 ) ) GLOBAL_UNIT_ASSIGNED_CONTEXT ( ( #5593, #4037, #3123 ) ) REPRESENTATION_CONTEXT ( 'NONE', 'WORKASPACE' ) );
#1977 = ADVANCED_FACE ( 'NONE', ( #2134 ), #3695, .T. ) ;
#1978 = FACE_OUTER_BOUND ( 'NONE', #5921, .T. ) ;
#1979 = ORIENTED_EDGE ( 'NONE', *, *, #3236, .T. ) ;
#1980 = ORIENTED_EDGE ( 'NONE', *, *, #4597, .T. ) ;
#1981 = DIRECTION ( 'NONE',  ( 0.000000000000000000, -1.000000000000000000, 0.000000000000000000 ) ) ;
#1982 = VERTEX_POINT ( 'NONE', #4123 ) ;
#1983 = DIRECTION ( 'NONE',  ( -1.000000000000000000, -0.000000000000000000, -0.000000000000000000 ) ) ;
#1984 = CYLINDRICAL_SURFACE ( 'NONE', #2497, 7.000000000000000000 ) ;
#1985 = VERTEX_POINT ( 'NONE', #3144 ) ;
#1986 = CARTESIAN_POINT ( 'NONE',  ( 26.59999999999999787, 0.000000000000000000, 0.1499999999999999944 ) ) ;
#1987 = DIRECTION ( 'NONE',  ( 0.000000000000000000, 0.000000000000000000, -1.000000000000000000 ) ) ;
#1988 = VERTEX_POINT ( 'NONE', #5095 ) ;
#1989 = LINE ( 'NONE', #3979, #2795 ) ;
#1990 = VERTEX_POINT ( 'NONE', #2653 ) ;
#1991 = LINE ( 'NONE', #5962, #6291 ) ;
#1992 = CARTESIAN_POINT ( 'NONE',  ( 29.04974746830583143, 1.000000000000007772, 1.199999999999995737 ) ) ;
#1993 = FACE_OUTER_BOUND ( 'NONE', #3977, .T. ) ;
#1994 = CARTESIAN_POINT ( 'NONE',  ( 35.60000000000000142, 0.000000000000000000, 0.000000000000000000 ) ) ;
#1995 = DIRECTION ( 'NONE',  ( 0.000000000000000000, 0.000000000000000000, 1.000000000000000000 ) ) ;
#1996 = DIRECTION ( 'NONE',  ( 1.000000000000000000, 0.000000000000000000, 0.000000000000000000 ) ) ;
#1997 = EDGE_CURVE ( 'NONE', #516, #3989, #5614, .T. ) ;
#1998 = DIRECTION ( 'NONE',  ( 0.000000000000000000, 0.000000000000000000, 1.000000000000000000 ) ) ;
#1999 = AXIS2_PLACEMENT_3D ( 'NONE', #237, #3742, #2214 ) ;
#2000 = VERTEX_POINT ( 'NONE', #4643 ) ;
#2001 = ORIENTED_EDGE ( 'NONE', *, *, #1878, .T. ) ;
#2002 = EDGE_CURVE ( 'NONE', #6404, #321, #4520, .T. ) ;
#2003 = AXIS2_PLACEMENT_3D ( 'NONE', #3020, #1875, #483 ) ;
#2004 = DIRECTION ( 'NONE',  ( -1.000000000000000000, -0.000000000000000000, -0.000000000000000000 ) ) ;
#2005 = LINE ( 'NONE', #2499, #6073 ) ;
#2006 = EDGE_CURVE ( 'NONE', #4320, #6285, #1668, .T. ) ;
#2007 = CARTESIAN_POINT ( 'NONE',  ( 19.59999999999999787, 1.030637635557567044, 8.864943216164022033 ) ) ;
#2008 = ORIENTED_EDGE ( 'NONE', *, *, #4281, .F. ) ;
#2009 = DIRECTION ( 'NONE',  ( -1.000000000000000000, -0.000000000000000000, -0.000000000000000000 ) ) ;
#2010 = VECTOR ( 'NONE', #2168, 1000.000000000000000 ) ;
#2011 = ORIENTED_EDGE ( 'NONE', *, *, #2083, .F. ) ;
#2012 = ADVANCED_FACE ( 'NONE', ( #5645 ), #3210, .T. ) ;
#2013 = CIRCLE ( 'NONE', #5028, 5.000000000000000000 ) ;
#2014 = DIRECTION ( 'NONE',  ( 0.000000000000000000, 0.000000000000000000, 1.000000000000000000 ) ) ;
#2015 = EDGE_CURVE ( 'NONE', #4966, #949, #4103, .T. ) ;
#2016 = EDGE_LOOP ( 'NONE', ( #1157, #6 ) ) ;
#2017 = DIRECTION ( 'NONE',  ( 0.000000000000000000, 0.000000000000000000, 1.000000000000000000 ) ) ;
#2018 = CARTESIAN_POINT ( 'NONE',  ( 30.59999999999999432, 0.000000000000000000, 7.150000000000002132 ) ) ;
#2019 = EDGE_LOOP ( 'NONE', ( #6015, #3648, #4937, #3077, #3974, #5204, #3268, #3749 ) ) ;
#2020 = AXIS2_PLACEMENT_3D ( 'NONE', #2816, #447, #4415 ) ;
#2021 = LINE ( 'NONE', #2511, #317 ) ;
#2022 = STYLED_ITEM ( 'NONE', ( #285 ), #2029 ) ;
#2023 = VERTEX_POINT ( 'NONE', #6165 ) ;
#2024 = DIRECTION ( 'NONE',  ( 0.000000000000000000, 7.112366251504907509E-15, -1.000000000000000000 ) ) ;
#2025 = CARTESIAN_POINT ( 'NONE',  ( 22.10000000000000142, 6.870694089831527394E-15, 8.449999999999997513 ) ) ;
#2026 = CARTESIAN_POINT ( 'NONE',  ( 13.80000000000000249, 1.000000000000006439, 7.450000000000001066 ) ) ;
#2027 = DIRECTION ( 'NONE',  ( -1.000000000000000000, -0.000000000000000000, -0.000000000000000000 ) ) ;
#2028 = CARTESIAN_POINT ( 'NONE',  ( 19.59999999999999787, 0.000000000000000000, 0.1499999999999999944 ) ) ;
#2029 = MANIFOLD_SOLID_BREP ( 'Cut-Extrude31', #1060 ) ;
#2030 = AXIS2_PLACEMENT_3D ( 'NONE', #5022, #3009, #4993 ) ;
#2031 = CARTESIAN_POINT ( 'NONE',  ( 13.80000000000000249, 29.50000000000000000, 0.000000000000000000 ) ) ;
#2032 = AXIS2_PLACEMENT_3D ( 'NONE', #923, #855, #4370 ) ;
#2033 = DIRECTION ( 'NONE',  ( -0.000000000000000000, 1.000000000000000000, 1.548860246407863583E-16 ) ) ;
#2034 = VECTOR ( 'NONE', #2246, 1000.000000000000000 ) ;
#2035 = DIRECTION ( 'NONE',  ( -1.000000000000000000, -0.000000000000000000, -0.000000000000000000 ) ) ;
#2036 = ORIENTED_EDGE ( 'NONE', *, *, #1409, .F. ) ;
#2037 = ORIENTED_EDGE ( 'NONE', *, *, #5068, .F. ) ;
#2038 = AXIS2_PLACEMENT_3D ( 'NONE', #1123, #3211, #166 ) ;
#2039 = CARTESIAN_POINT ( 'NONE',  ( 27.59999999999999787, -10.60302848086181804, -13.13818223212012626 ) ) ;
#2040 = SURFACE_SIDE_STYLE ('',( #5031 ) ) ;
#2041 = CARTESIAN_POINT ( 'NONE',  ( 13.80000000000000249, 20.25000000000000711, -6.250000000000000888 ) ) ;
#2042 = EDGE_LOOP ( 'NONE', ( #2182, #2600, #5719, #2619 ) ) ;
#2043 = VECTOR ( 'NONE', #2616, 1000.000000000000000 ) ;
#2044 = ORIENTED_EDGE ( 'NONE', *, *, #1286, .F. ) ;
#2045 = EDGE_CURVE ( 'NONE', #225, #1287, #3785, .T. ) ;
#2046 = CIRCLE ( 'NONE', #3904, 5.000000000000000888 ) ;
#2047 = CARTESIAN_POINT ( 'NONE',  ( 13.80000000000000249, 8.100000000000003197, 7.450000000000001066 ) ) ;
#2048 = ADVANCED_FACE ( 'NONE', ( #5385 ), #1866, .F. ) ;
#2049 = VERTEX_POINT ( 'NONE', #830 ) ;
#2050 = CARTESIAN_POINT ( 'NONE',  ( 40.59999999999999432, 0.000000000000000000, 0.000000000000000000 ) ) ;
#2051 = CARTESIAN_POINT ( 'NONE',  ( -39.69999999999999574, 7.000000000000006217, 5.000000000000000000 ) ) ;
#2052 = ORIENTED_EDGE ( 'NONE', *, *, #2122, .T. ) ;
#2053 = EDGE_CURVE ( 'NONE', #6049, #5100, #5250, .T. ) ;
#2054 = EDGE_CURVE ( 'NONE', #6197, #2530, #1704, .T. ) ;
#2055 = AXIS2_PLACEMENT_3D ( 'NONE', #715, #203, #1159 ) ;
#2056 = DIRECTION ( 'NONE',  ( 1.000000000000000000, 0.000000000000000000, 0.000000000000000000 ) ) ;
#2057 = ORIENTED_EDGE ( 'NONE', *, *, #6141, .F. ) ;
#2058 = LINE ( 'NONE', #2669, #4013 ) ;
#2059 = DIRECTION ( 'NONE',  ( 1.000000000000000000, 0.000000000000000000, 0.000000000000000000 ) ) ;
#2060 = DIRECTION ( 'NONE',  ( -1.000000000000000000, -0.000000000000000000, -0.000000000000000000 ) ) ;
#2061 = VECTOR ( 'NONE', #427, 1000.000000000000000 ) ;
#2062 = DIRECTION ( 'NONE',  ( 1.000000000000000000, 0.000000000000000000, 0.000000000000000000 ) ) ;
#2063 = DIRECTION ( 'NONE',  ( 0.000000000000000000, 0.000000000000000000, -1.000000000000000000 ) ) ;
#2064 = CIRCLE ( 'NONE', #205, 10.00000000000000000 ) ;
#2065 = CYLINDRICAL_SURFACE ( 'NONE', #5239, 5.000000000000000000 ) ;
#2066 = DIRECTION ( 'NONE',  ( 0.000000000000000000, 0.000000000000000000, -1.000000000000000000 ) ) ;
#2067 = CYLINDRICAL_SURFACE ( 'NONE', #3096, 5.000000000000000000 ) ;
#2068 = VERTEX_POINT ( 'NONE', #2842 ) ;
#2069 = ORIENTED_EDGE ( 'NONE', *, *, #3236, .F. ) ;
#2070 = AXIS2_PLACEMENT_3D ( 'NONE', #4299, #1858, #6284 ) ;
#2071 = LINE ( 'NONE', #3966, #5033 ) ;
#2072 = CIRCLE ( 'NONE', #5402, 7.000000000000000888 ) ;
#2073 = CARTESIAN_POINT ( 'NONE',  ( 22.59999999999999432, 0.000000000000000000, 0.000000000000000000 ) ) ;
#2074 = ORIENTED_EDGE ( 'NONE', *, *, #3120, .F. ) ;
#2075 = CARTESIAN_POINT ( 'NONE',  ( 29.04974746830583143, 22.00000000000000711, 6.249999999999999112 ) ) ;
#2076 = VERTEX_POINT ( 'NONE', #795 ) ;
#2077 = LINE ( 'NONE', #550, #2687 ) ;
#2078 = ORIENTED_EDGE ( 'NONE', *, *, #3483, .F. ) ;
#2079 = FACE_OUTER_BOUND ( 'NONE', #4953, .T. ) ;
#2080 = PLANE ( 'NONE',  #4137 ) ;
#2081 = EDGE_CURVE ( 'NONE', #5137, #1985, #263, .T. ) ;
#2082 = VERTEX_POINT ( 'NONE', #4280 ) ;
#2083 = EDGE_CURVE ( 'NONE', #3672, #1380, #1375, .T. ) ;
#2084 = DIRECTION ( 'NONE',  ( 0.000000000000000000, 0.000000000000000000, -1.000000000000000000 ) ) ;
#2085 = ORIENTED_EDGE ( 'NONE', *, *, #1597, .F. ) ;
#2086 = CARTESIAN_POINT ( 'NONE',  ( -8.300000000000002487, 4.499999999999999112, -2.649999999999999023 ) ) ;
#2087 = DIRECTION ( 'NONE',  ( 1.000000000000000000, -6.672013369141553384E-16, 0.000000000000000000 ) ) ;
#2088 = DIRECTION ( 'NONE',  ( 1.000000000000000000, 0.000000000000000000, 0.000000000000000000 ) ) ;
#2089 = EDGE_CURVE ( 'NONE', #5907, #2392, #5349, .T. ) ;
#2090 = CARTESIAN_POINT ( 'NONE',  ( 1.500000000000000000, 8.572527594031473190E-16, -6.850000000000000533 ) ) ;
#2091 = DIRECTION ( 'NONE',  ( 0.000000000000000000, 0.000000000000000000, -1.000000000000000000 ) ) ;
#2092 = EDGE_CURVE ( 'NONE', #1045, #4609, #5352, .T. ) ;
#2093 = CARTESIAN_POINT ( 'NONE',  ( 34.60000000000000142, -2.762069023147042390, -6.931785952275175688 ) ) ;
#2094 = ORIENTED_EDGE ( 'NONE', *, *, #542, .T. ) ;
#2095 = FACE_OUTER_BOUND ( 'NONE', #1781, .T. ) ;
#2096 = EDGE_CURVE ( 'NONE', #6074, #2442, #1394, .T. ) ;
#2097 = CARTESIAN_POINT ( 'NONE',  ( 25.59999999999999787, -10.35047573531249654, 13.63583152989489911 ) ) ;
#2098 = ORIENTED_EDGE ( 'NONE', *, *, #4788, .F. ) ;
#2099 = EDGE_LOOP ( 'NONE', ( #4812, #4152, #873, #2860 ) ) ;
#2100 = SURFACE_SIDE_STYLE ('',( #4579 ) ) ;
#2101 = FACE_OUTER_BOUND ( 'NONE', #1731, .T. ) ;
#2102 = ORIENTED_EDGE ( 'NONE', *, *, #5255, .T. ) ;
#2103 = CARTESIAN_POINT ( 'NONE',  ( 1.099114204119464366, 23.75000000000000355, 6.249999999999999112 ) ) ;
#2104 = ORIENTED_EDGE ( 'NONE', *, *, #5742, .T. ) ;
#2105 = CIRCLE ( 'NONE', #4290, 7.000000000000000888 ) ;
#2106 = DIRECTION ( 'NONE',  ( 0.000000000000000000, -1.000000000000000000, 1.858632295689442709E-15 ) ) ;
#2107 = DIRECTION ( 'NONE',  ( 0.000000000000000000, 0.000000000000000000, -1.000000000000000000 ) ) ;
#2108 = AXIS2_PLACEMENT_3D ( 'NONE', #197, #1671, #5524 ) ;
#2109 = ORIENTED_EDGE ( 'NONE', *, *, #695, .F. ) ;
#2110 = DIRECTION ( 'NONE',  ( 0.000000000000000000, 0.000000000000000000, -1.000000000000000000 ) ) ;
#2111 = CARTESIAN_POINT ( 'NONE',  ( -52.69999999999999574, 5.500000000000000000, 2.700000000000008171 ) ) ;
#2112 = EDGE_LOOP ( 'NONE', ( #5097, #2831, #5753, #4176 ) ) ;
#2113 = AXIS2_PLACEMENT_3D ( 'NONE', #3136, #5111, #1201 ) ;
#2114 = CARTESIAN_POINT ( 'NONE',  ( 37.59999999999999432, -10.60302848086181804, -13.13818223212012626 ) ) ;
#2115 = VERTEX_POINT ( 'NONE', #3786 ) ;
#2116 = DIRECTION ( 'NONE',  ( -1.000000000000000000, -0.000000000000000000, -0.000000000000000000 ) ) ;
#2117 = FACE_OUTER_BOUND ( 'NONE', #519, .T. ) ;
#2118 = DIRECTION ( 'NONE',  ( 1.000000000000000000, 0.000000000000000000, 0.000000000000000000 ) ) ;
#2119 = CIRCLE ( 'NONE', #1181, 5.499999999999998224 ) ;
#2120 = PLANE ( 'NONE',  #6113 ) ;
#2121 = CARTESIAN_POINT ( 'NONE',  ( 39.59999999999999432, 1.030637635557567044, 8.864943216164022033 ) ) ;
#2122 = EDGE_CURVE ( 'NONE', #5772, #2926, #5284, .T. ) ;
#2123 = AXIS2_PLACEMENT_3D ( 'NONE', #1344, #4862, #411 ) ;
#2124 = DIRECTION ( 'NONE',  ( 0.000000000000000000, -1.000000000000000000, 0.000000000000000000 ) ) ;
#2125 = ADVANCED_FACE ( 'NONE', ( #6360 ), #4735, .F. ) ;
#2126 = ORIENTED_EDGE ( 'NONE', *, *, #5153, .F. ) ;
#2127 = DIRECTION ( 'NONE',  ( -1.000000000000000000, 0.000000000000000000, 0.000000000000000000 ) ) ;
#2128 = FACE_OUTER_BOUND ( 'NONE', #4578, .T. ) ;
#2129 = EDGE_LOOP ( 'NONE', ( #1588, #2176, #4560, #4866 ) ) ;
#2130 = AXIS2_PLACEMENT_3D ( 'NONE', #3263, #2345, #2383 ) ;
#2131 = ORIENTED_EDGE ( 'NONE', *, *, #1242, .T. ) ;
#2132 = EDGE_CURVE ( 'NONE', #2646, #5495, #4829, .T. ) ;
#2133 = CIRCLE ( 'NONE', #4530, 7.000000000000000888 ) ;
#2134 = FACE_OUTER_BOUND ( 'NONE', #3861, .T. ) ;
#2135 = LINE ( 'NONE', #286, #4121 ) ;
#2136 = ORIENTED_EDGE ( 'NONE', *, *, #4950, .T. ) ;
#2137 = DIRECTION ( 'NONE',  ( -1.000000000000000000, -0.000000000000000000, -0.000000000000000000 ) ) ;
#2138 = VERTEX_POINT ( 'NONE', #3889 ) ;
#2139 = AXIS2_PLACEMENT_3D ( 'NONE', #3953, #560, #2545 ) ;
#2140 = PRODUCT_DEFINITION_SHAPE ( 'NONE', 'NONE',  #6431 ) ;
#2141 = DIRECTION ( 'NONE',  ( -1.000000000000000000, -0.000000000000000000, -0.000000000000000000 ) ) ;
#2142 = AXIS2_PLACEMENT_3D ( 'NONE', #5554, #2982, #2374 ) ;
#2143 = ORIENTED_EDGE ( 'NONE', *, *, #5462, .F. ) ;
#2144 = CARTESIAN_POINT ( 'NONE',  ( 26.59999999999999787, -4.365952903884279479, -5.321604448520053765 ) ) ;
#2145 = DIRECTION ( 'NONE',  ( 0.000000000000000000, -1.162264728904460753E-14, -1.000000000000000000 ) ) ;
#2146 = EDGE_LOOP ( 'NONE', ( #4005, #6273, #4805, #1258 ) ) ;
#2147 = DIRECTION ( 'NONE',  ( 1.000000000000000000, 0.000000000000000000, -2.478176394252579169E-16 ) ) ;
#2148 = EDGE_LOOP ( 'NONE', ( #4149, #3307, #3187, #5 ) ) ;
#2149 = LINE ( 'NONE', #5138, #785 ) ;
#2150 = CARTESIAN_POINT ( 'NONE',  ( 13.80000000000000249, 22.00000000000000711, 6.249999999999999112 ) ) ;
#2151 = DIRECTION ( 'NONE',  ( -1.000000000000000000, -0.000000000000000000, -0.000000000000000000 ) ) ;
#2152 = CARTESIAN_POINT ( 'NONE',  ( 28.59999999999999787, 2.318934680004526516, 8.696122236369051350 ) ) ;
#2153 = DIRECTION ( 'NONE',  ( 0.000000000000000000, 1.000000000000000000, -2.478176394252590410E-15 ) ) ;
#2154 = DIRECTION ( 'NONE',  ( 0.000000000000000000, 0.000000000000000000, 1.000000000000000000 ) ) ;
#2155 = CIRCLE ( 'NONE', #3197, 4.000000000000000000 ) ;
#2156 = VERTEX_POINT ( 'NONE', #377 ) ;
#2157 = LINE ( 'NONE', #4604, #2043 ) ;
#2158 = CARTESIAN_POINT ( 'NONE',  ( 34.60000000000000142, 2.606424087848269178, -8.614322577793585012 ) ) ;
#2159 = VERTEX_POINT ( 'NONE', #2352 ) ;
#2160 = EDGE_CURVE ( 'NONE', #4622, #3344, #2745, .T. ) ;
#2161 = CIRCLE ( 'NONE', #1433, 7.000000000000000888 ) ;
#2162 = ADVANCED_FACE ( 'NONE', ( #2457 ), #4962, .T. ) ;
#2163 = DIRECTION ( 'NONE',  ( -1.000000000000000000, -0.000000000000000000, -0.000000000000000000 ) ) ;
#2164 = DIRECTION ( 'NONE',  ( -1.000000000000000000, -0.000000000000000000, -0.000000000000000000 ) ) ;
#2165 = VECTOR ( 'NONE', #5322, 1000.000000000000000 ) ;
#2166 = VECTOR ( 'NONE', #5889, 1000.000000000000000 ) ;
#2167 = ORIENTED_EDGE ( 'NONE', *, *, #2283, .T. ) ;
#2168 = DIRECTION ( 'NONE',  ( -1.000000000000000000, -0.000000000000000000, -0.000000000000000000 ) ) ;
#2169 = ADVANCED_FACE ( 'NONE', ( #2519 ), #2065, .T. ) ;
#2170 = EDGE_CURVE ( 'NONE', #5580, #350, #1505, .T. ) ;
#2171 = ORIENTED_EDGE ( 'NONE', *, *, #1606, .T. ) ;
#2172 = ADVANCED_FACE ( 'NONE', ( #4055, #506 ), #6033, .T. ) ;
#2173 = VECTOR ( 'NONE', #3016, 1000.000000000000000 ) ;
#2174 = CARTESIAN_POINT ( 'NONE',  ( 29.59999999999999787, -4.365952903884278591, -5.321604448520052877 ) ) ;
#2175 = EDGE_LOOP ( 'NONE', ( #3083, #1508, #2098, #2978 ) ) ;
#2176 = ORIENTED_EDGE ( 'NONE', *, *, #3558, .T. ) ;
#2177 = CARTESIAN_POINT ( 'NONE',  ( 36.59999999999999432, 1.030637635557567044, 8.864943216164022033 ) ) ;
#2178 = EDGE_CURVE ( 'NONE', #4417, #382, #2229, .T. ) ;
#2179 = AXIS2_PLACEMENT_3D ( 'NONE', #6212, #1291, #395 ) ;
#2180 = ORIENTED_EDGE ( 'NONE', *, *, #3846, .T. ) ;
#2181 = DIRECTION ( 'NONE',  ( 1.000000000000000000, 0.000000000000000000, 0.000000000000000000 ) ) ;
#2182 = ORIENTED_EDGE ( 'NONE', *, *, #2996, .F. ) ;
#2183 = DIRECTION ( 'NONE',  ( -1.000000000000000000, -0.000000000000000000, -0.000000000000000000 ) ) ;
#2184 = DIRECTION ( 'NONE',  ( -1.000000000000000000, -0.000000000000000000, -0.000000000000000000 ) ) ;
#2185 = CARTESIAN_POINT ( 'NONE',  ( 26.59999999999999787, -2.763066821399118744, 7.121905987407648020 ) ) ;
#2186 = DIRECTION ( 'NONE',  ( 0.000000000000000000, 0.000000000000000000, -1.000000000000000000 ) ) ;
#2187 = CARTESIAN_POINT ( 'NONE',  ( 33.60000000000000142, 2.606424087848269178, -8.614322577793585012 ) ) ;
#2188 = ORIENTED_EDGE ( 'NONE', *, *, #4247, .F. ) ;
#2189 = CARTESIAN_POINT ( 'NONE',  ( 22.59999999999999432, -2.763066821399118744, 7.121905987407648020 ) ) ;
#2190 = ORIENTED_EDGE ( 'NONE', *, *, #5426, .F. ) ;
#2191 = DIRECTION ( 'NONE',  ( -1.000000000000000000, -0.000000000000000000, -0.000000000000000000 ) ) ;
#2192 = CARTESIAN_POINT ( 'NONE',  ( 26.59999999999999787, 2.318934680004526960, 8.696122236369053127 ) ) ;
#2193 = VERTEX_POINT ( 'NONE', #5934 ) ;
#2194 = EDGE_CURVE ( 'NONE', #5616, #2334, #4413, .T. ) ;
#2195 = DIRECTION ( 'NONE',  ( -1.000000000000000000, -0.000000000000000000, -0.000000000000000000 ) ) ;
#2196 = DIRECTION ( 'NONE',  ( 0.000000000000000000, 0.000000000000000000, 1.000000000000000000 ) ) ;
#2197 = EDGE_CURVE ( 'NONE', #3449, #1415, #2441, .T. ) ;
#2198 = EDGE_LOOP ( 'NONE', ( #388, #2701, #6167, #3910 ) ) ;
#2199 = ORIENTED_EDGE ( 'NONE', *, *, #1202, .T. ) ;
#2200 = EDGE_CURVE ( 'NONE', #5318, #744, #6394, .T. ) ;
#2201 = DIRECTION ( 'NONE',  ( 0.000000000000000000, 1.000000000000000000, 0.000000000000000000 ) ) ;
#2202 = DIRECTION ( 'NONE',  ( 1.000000000000000000, 0.000000000000000000, 0.000000000000000000 ) ) ;
#2203 = ORIENTED_EDGE ( 'NONE', *, *, #5134, .F. ) ;
#2204 = EDGE_CURVE ( 'NONE', #4654, #4417, #3587, .T. ) ;
#2205 = ORIENTED_EDGE ( 'NONE', *, *, #2482, .T. ) ;
#2206 = CARTESIAN_POINT ( 'NONE',  ( 40.59999999999999432, 2.606424087848269178, -8.614322577793585012 ) ) ;
#2207 = VECTOR ( 'NONE', #3554, 1000.000000000000000 ) ;
#2208 = ORIENTED_EDGE ( 'NONE', *, *, #5513, .F. ) ;
#2209 = ADVANCED_FACE ( 'NONE', ( #3470 ), #441, .F. ) ;
#2210 = VECTOR ( 'NONE', #5748, 1000.000000000000000 ) ;
#2211 = CARTESIAN_POINT ( 'NONE',  ( 1.500000000000002220, -2.763066821399118744, 7.121905987407648020 ) ) ;
#2212 = EDGE_LOOP ( 'NONE', ( #291, #527, #5928, #5132 ) ) ;
#2213 = DIRECTION ( 'NONE',  ( 0.000000000000000000, 0.000000000000000000, -1.000000000000000000 ) ) ;
#2214 = DIRECTION ( 'NONE',  ( 0.000000000000000000, -0.000000000000000000, 1.000000000000000000 ) ) ;
#2215 = CARTESIAN_POINT ( 'NONE',  ( -0.002000000000002000178, 0.000000000000000000, 0.000000000000000000 ) ) ;
#2216 = LINE ( 'NONE', #2249, #2840 ) ;
#2217 = CIRCLE ( 'NONE', #5330, 4.249999999999998224 ) ;
#2218 = DIRECTION ( 'NONE',  ( 0.000000000000000000, 0.000000000000000000, 1.000000000000000000 ) ) ;
#2219 = CIRCLE ( 'NONE', #4298, 7.000000000000000888 ) ;
#2220 = ORIENTED_EDGE ( 'NONE', *, *, #3046, .F. ) ;
#2221 = DIRECTION ( 'NONE',  ( -1.000000000000000000, -0.000000000000000000, -0.000000000000000000 ) ) ;
#2222 = ORIENTED_EDGE ( 'NONE', *, *, #1195, .T. ) ;
#2223 = CARTESIAN_POINT ( 'NONE',  ( 22.59999999999999432, 1.158410705710341659, -3.828587812352703956 ) ) ;
#2224 = CARTESIAN_POINT ( 'NONE',  ( 39.59999999999999432, 0.000000000000000000, 0.1499999999999999944 ) ) ;
#2225 = VERTEX_POINT ( 'NONE', #4022 ) ;
#2226 = VECTOR ( 'NONE', #980, 1000.000000000000000 ) ;
#2227 = CARTESIAN_POINT ( 'NONE',  ( 29.04974746830583143, 2.400000000000003020, 2.899999999999992362 ) ) ;
#2228 = LINE ( 'NONE', #4184, #3395 ) ;
#2229 = CIRCLE ( 'NONE', #5868, 5.000000000000000888 ) ;
#2230 = ORIENTED_EDGE ( 'NONE', *, *, #739, .T. ) ;
#2231 = VERTEX_POINT ( 'NONE', #25 ) ;
#2232 = AXIS2_PLACEMENT_3D ( 'NONE', #3850, #2286, #1366 ) ;
#2233 = EDGE_CURVE ( 'NONE', #897, #4201, #5042, .T. ) ;
#2234 = DIRECTION ( 'NONE',  ( 1.000000000000000000, 0.000000000000000000, 0.000000000000000000 ) ) ;
#2235 = ORIENTED_EDGE ( 'NONE', *, *, #808, .F. ) ;
#2236 = VECTOR ( 'NONE', #4956, 1000.000000000000000 ) ;
#2237 = ORIENTED_EDGE ( 'NONE', *, *, #123, .T. ) ;
#2238 = DIRECTION ( 'NONE',  ( 1.000000000000000000, 0.000000000000000000, 0.000000000000000000 ) ) ;
#2239 = CIRCLE ( 'NONE', #2139, 5.000000000000000000 ) ;
#2240 = ORIENTED_EDGE ( 'NONE', *, *, #3491, .F. ) ;
#2241 = ADVANCED_FACE ( 'NONE', ( #5999 ), #991, .T. ) ;
#2242 = EDGE_CURVE ( 'NONE', #2413, #3064, #364, .T. ) ;
#2243 = CIRCLE ( 'NONE', #1510, 7.000000000000000000 ) ;
#2244 = CARTESIAN_POINT ( 'NONE',  ( 31.59999999999999787, 0.000000000000000000, 0.000000000000000000 ) ) ;
#2245 = ORIENTED_EDGE ( 'NONE', *, *, #1997, .F. ) ;
#2246 = DIRECTION ( 'NONE',  ( -1.000000000000000000, -0.000000000000000000, -0.000000000000000000 ) ) ;
#2247 = CARTESIAN_POINT ( 'NONE',  ( 33.60000000000000142, 1.158410705710341659, -3.828587812352703956 ) ) ;
#2248 = DIRECTION ( 'NONE',  ( -1.000000000000000000, -0.000000000000000000, -0.000000000000000000 ) ) ;
#2249 = CARTESIAN_POINT ( 'NONE',  ( 0.000000000000000000, 7.000000000000000000, -8.449999999999999289 ) ) ;
#2250 = ADVANCED_FACE ( 'NONE', ( #3037 ), #1023, .T. ) ;
#2251 = CIRCLE ( 'NONE', #3294, 10.00000000000000178 ) ;
#2252 = EDGE_CURVE ( 'NONE', #6223, #2646, #1089, .T. ) ;
#2253 = CIRCLE ( 'NONE', #5892, 5.000000000000000000 ) ;
#2254 = CARTESIAN_POINT ( 'NONE',  ( 30.59999999999999432, -2.762069023147044167, -6.931785952275177465 ) ) ;
#2255 = CARTESIAN_POINT ( 'NONE',  ( 36.59999999999999432, 0.000000000000000000, 7.150000000000002132 ) ) ;
#2256 = ORIENTED_EDGE ( 'NONE', *, *, #2081, .T. ) ;
#2257 = DIRECTION ( 'NONE',  ( -0.000000000000000000, -0.000000000000000000, 1.000000000000000000 ) ) ;
#2258 = DIRECTION ( 'NONE',  ( 0.000000000000000000, 0.000000000000000000, 1.000000000000000000 ) ) ;
#2259 = ORIENTED_EDGE ( 'NONE', *, *, #928, .F. ) ;
#2260 = AXIS2_PLACEMENT_3D ( 'NONE', #2808, #1736, #4699 ) ;
#2261 = CARTESIAN_POINT ( 'NONE',  ( -43.29999999999999716, 7.000000000000006217, -5.000000000000000000 ) ) ;
#2262 = LINE ( 'NONE', #6200, #3287 ) ;
#2263 = VERTEX_POINT ( 'NONE', #4540 ) ;
#2264 = VECTOR ( 'NONE', #1564, 1000.000000000000000 ) ;
#2265 = ORIENTED_EDGE ( 'NONE', *, *, #3330, .F. ) ;
#2266 = CYLINDRICAL_SURFACE ( 'NONE', #5909, 10.00000000000000178 ) ;
#2267 = CIRCLE ( 'NONE', #5800, 5.000000000000000888 ) ;
#2268 = AXIS2_PLACEMENT_3D ( 'NONE', #5696, #753, #3809 ) ;
#2269 = ORIENTED_EDGE ( 'NONE', *, *, #2649, .F. ) ;
#2270 = CARTESIAN_POINT ( 'NONE',  ( 15.20000000000000284, 29.50000000000000000, 0.000000000000000000 ) ) ;
#2271 = VERTEX_POINT ( 'NONE', #535 ) ;
#2272 = AXIS2_PLACEMENT_3D ( 'NONE', #4853, #5240, #851 ) ;
#2273 = EDGE_CURVE ( 'NONE', #2960, #168, #94, .T. ) ;
#2274 = CARTESIAN_POINT ( 'NONE',  ( -40.70000000000000284, 6.999999999999994671, 49.74757862151242449 ) ) ;
#2275 = ORIENTED_EDGE ( 'NONE', *, *, #494, .T. ) ;
#2276 = CARTESIAN_POINT ( 'NONE',  ( 34.60000000000000142, -2.762069023147044167, -6.931785952275177465 ) ) ;
#2277 = AXIS2_PLACEMENT_3D ( 'NONE', #5475, #1013, #1434 ) ;
#2278 = CYLINDRICAL_SURFACE ( 'NONE', #3868, 7.000000000000000000 ) ;
#2279 = DIRECTION ( 'NONE',  ( 0.000000000000000000, 1.294569758191647155E-16, 1.000000000000000000 ) ) ;
#2280 = DIRECTION ( 'NONE',  ( -1.000000000000000000, -0.000000000000000000, -0.000000000000000000 ) ) ;
#2281 = ADVANCED_FACE ( 'NONE', ( #3654 ), #1208, .F. ) ;
#2282 = CIRCLE ( 'NONE', #4260, 7.000000000000000888 ) ;
#2283 = EDGE_CURVE ( 'NONE', #1769, #4416, #5973, .T. ) ;
#2284 = CYLINDRICAL_SURFACE ( 'NONE', #410, 10.00000000000000000 ) ;
#2285 = EDGE_LOOP ( 'NONE', ( #3139, #3564, #2772, #4876, #6369, #5183, #581, #3189, #3799 ) ) ;
#2286 = DIRECTION ( 'NONE',  ( -1.000000000000000000, -0.000000000000000000, -0.000000000000000000 ) ) ;
#2287 = ORIENTED_EDGE ( 'NONE', *, *, #1047, .T. ) ;
#2288 = DIRECTION ( 'NONE',  ( -1.000000000000000000, -0.000000000000000000, -0.000000000000000000 ) ) ;
#2289 = DIRECTION ( 'NONE',  ( -1.000000000000000000, -0.000000000000000000, -0.000000000000000000 ) ) ;
#2290 = CARTESIAN_POINT ( 'NONE',  ( 1.500000000000000000, 4.898587196589412829E-16, -4.000000000000000000 ) ) ;
#2291 = EDGE_CURVE ( 'NONE', #5181, #199, #3138, .T. ) ;
#2292 = ORIENTED_EDGE ( 'NONE', *, *, #1334, .F. ) ;
#2293 = EDGE_CURVE ( 'NONE', #2977, #6213, #1186, .T. ) ;
#2294 = DIRECTION ( 'NONE',  ( -1.000000000000000000, -0.000000000000000000, -0.000000000000000000 ) ) ;
#2295 = DIRECTION ( 'NONE',  ( -1.000000000000000000, 0.000000000000000000, 0.000000000000000000 ) ) ;
#2296 = ORIENTED_EDGE ( 'NONE', *, *, #5699, .F. ) ;
#2297 = ORIENTED_EDGE ( 'NONE', *, *, #6144, .F. ) ;
#2298 = DIRECTION ( 'NONE',  ( -0.000000000000000000, -1.000000000000000000, -0.000000000000000000 ) ) ;
#2299 = DIRECTION ( 'NONE',  ( -1.000000000000000000, -0.000000000000000000, -0.000000000000000000 ) ) ;
#2300 = ORIENTED_EDGE ( 'NONE', *, *, #4405, .F. ) ;
#2301 = DIRECTION ( 'NONE',  ( -1.000000000000000000, -0.000000000000000000, -0.000000000000000000 ) ) ;
#2302 = ORIENTED_EDGE ( 'NONE', *, *, #5621, .T. ) ;
#2303 = CIRCLE ( 'NONE', #749, 7.000000000000000888 ) ;
#2304 = EDGE_LOOP ( 'NONE', ( #5089, #4102, #5080, #2854 ) ) ;
#2305 = CARTESIAN_POINT ( 'NONE',  ( 20.59999999999999787, -2.762069023147042390, -6.931785952275175688 ) ) ;
#2306 = CARTESIAN_POINT ( 'NONE',  ( 22.10000000000000142, 1.000000000000006439, 7.450000000000001066 ) ) ;
#2307 = CARTESIAN_POINT ( 'NONE',  ( 1.500000000000000000, 0.000000000000000000, 7.150000000000000355 ) ) ;
#2308 = DIRECTION ( 'NONE',  ( 1.000000000000000000, 0.000000000000000000, 0.000000000000000000 ) ) ;
#2309 = AXIS2_PLACEMENT_3D ( 'NONE', #4289, #6274, #3800 ) ;
#2310 = DIRECTION ( 'NONE',  ( 1.000000000000000000, 0.000000000000000000, 0.000000000000000000 ) ) ;
#2311 = ORIENTED_EDGE ( 'NONE', *, *, #5869, .T. ) ;
#2312 = DIRECTION ( 'NONE',  ( -1.000000000000000000, -0.000000000000000000, -0.000000000000000000 ) ) ;
#2313 = VERTEX_POINT ( 'NONE', #3688 ) ;
#2314 = CARTESIAN_POINT ( 'NONE',  ( 1.500000000000001554, 1.030637635557567044, 8.864943216164022033 ) ) ;
#2315 = CIRCLE ( 'NONE', #1074, 10.00000000000000178 ) ;
#2316 = DIRECTION ( 'NONE',  ( 0.000000000000000000, 0.000000000000000000, 1.000000000000000000 ) ) ;
#2317 = LINE ( 'NONE', #371, #1581 ) ;
#2318 = ADVANCED_FACE ( 'NONE', ( #667 ), #2645, .F. ) ;
#2319 = AXIS2_PLACEMENT_3D ( 'NONE', #239, #4110, #694 ) ;
#2320 = EDGE_CURVE ( 'NONE', #4551, #6099, #634, .T. ) ;
#2321 = CARTESIAN_POINT ( 'NONE',  ( 19.86927765092148945, 14.50000000000000711, 0.000000000000000000 ) ) ;
#2322 = CARTESIAN_POINT ( 'NONE',  ( 19.59999999999999787, 1.030637635557567044, 3.864943216164022477 ) ) ;
#2323 = ORIENTED_EDGE ( 'NONE', *, *, #4240, .F. ) ;
#2324 = ORIENTED_EDGE ( 'NONE', *, *, #2759, .T. ) ;
#2325 = EDGE_CURVE ( 'NONE', #4139, #2789, #699, .T. ) ;
#2326 = ADVANCED_FACE ( 'NONE', ( #5088 ), #5055, .T. ) ;
#2327 = AXIS2_PLACEMENT_3D ( 'NONE', #5484, #5418, #927 ) ;
#2328 = FACE_OUTER_BOUND ( 'NONE', #1101, .T. ) ;
#2329 = DIRECTION ( 'NONE',  ( -1.000000000000000000, -0.000000000000000000, -0.000000000000000000 ) ) ;
#2330 = SHAPE_DEFINITION_REPRESENTATION ( #1559, #152 ) ;
#2331 = ORIENTED_EDGE ( 'NONE', *, *, #1477, .T. ) ;
#2332 = ORIENTED_EDGE ( 'NONE', *, *, #2363, .T. ) ;
#2333 = LINE ( 'NONE', #2853, #1579 ) ;
#2334 = VERTEX_POINT ( 'NONE', #2189 ) ;
#2335 =( NAMED_UNIT ( * ) SI_UNIT ( $, .STERADIAN. ) SOLID_ANGLE_UNIT ( ) );
#2336 = AXIS2_PLACEMENT_3D ( 'NONE', #719, #3615, #629 ) ;
#2337 = ORIENTED_EDGE ( 'NONE', *, *, #5035, .F. ) ;
#2338 = CARTESIAN_POINT ( 'NONE',  ( -43.29999999999999716, 7.000000000000006217, -5.000000000000000000 ) ) ;
#2339 = DIRECTION ( 'NONE',  ( -1.000000000000000000, -0.000000000000000000, -0.000000000000000000 ) ) ;
#2340 = DIRECTION ( 'NONE',  ( -1.000000000000000000, -0.000000000000000000, -0.000000000000000000 ) ) ;
#2341 = DIRECTION ( 'NONE',  ( 0.000000000000000000, 0.000000000000000000, 1.000000000000000000 ) ) ;
#2342 = CIRCLE ( 'NONE', #5882, 10.00000000000000000 ) ;
#2343 = DIRECTION ( 'NONE',  ( 0.000000000000000000, 0.000000000000000000, 1.000000000000000000 ) ) ;
#2344 = VERTEX_POINT ( 'NONE', #186 ) ;
#2345 = DIRECTION ( 'NONE',  ( -0.000000000000000000, 1.000000000000000000, 1.982541115402062546E-15 ) ) ;
#2346 = FACE_OUTER_BOUND ( 'NONE', #6278, .T. ) ;
#2347 = DIRECTION ( 'NONE',  ( 0.000000000000000000, 0.000000000000000000, -1.000000000000000000 ) ) ;
#2348 = VECTOR ( 'NONE', #2033, 1000.000000000000000 ) ;
#2349 = DIRECTION ( 'NONE',  ( 0.000000000000000000, 0.000000000000000000, -1.000000000000000000 ) ) ;
#2350 = CARTESIAN_POINT ( 'NONE',  ( 27.59999999999999787, 8.572527594031474176E-16, -6.850000000000002309 ) ) ;
#2351 = AXIS2_PLACEMENT_3D ( 'NONE', #3465, #1964, #4498 ) ;
#2352 = CARTESIAN_POINT ( 'NONE',  ( 28.59999999999999787, -2.763066821399118744, 7.121905987407648020 ) ) ;
#2353 = EDGE_CURVE ( 'NONE', #4608, #3752, #5671, .T. ) ;
#2354 = FACE_BOUND ( 'NONE', #5842, .T. ) ;
#2355 = ORIENTED_EDGE ( 'NONE', *, *, #4313, .T. ) ;
#2356 = EDGE_LOOP ( 'NONE', ( #1387, #1416 ) ) ;
#2357 = ADVANCED_FACE ( 'NONE', ( #3071 ), #4148, .T. ) ;
#2358 = VECTOR ( 'NONE', #5092, 1000.000000000000000 ) ;
#2359 = LINE ( 'NONE', #2394, #3620 ) ;
#2360 = FACE_OUTER_BOUND ( 'NONE', #4159, .T. ) ;
#2361 = EDGE_CURVE ( 'NONE', #949, #6043, #4420, .T. ) ;
#2362 = ORIENTED_EDGE ( 'NONE', *, *, #3604, .T. ) ;
#2363 = EDGE_CURVE ( 'NONE', #5210, #4516, #157, .T. ) ;
#2364 = AXIS2_PLACEMENT_3D ( 'NONE', #1795, #3783, #3853 ) ;
#2365 = ORIENTED_EDGE ( 'NONE', *, *, #3155, .F. ) ;
#2366 = CYLINDRICAL_SURFACE ( 'NONE', #1794, 5.000000000000000000 ) ;
#2367 = ORIENTED_EDGE ( 'NONE', *, *, #3008, .F. ) ;
#2368 = EDGE_CURVE ( 'NONE', #3280, #3041, #1816, .T. ) ;
#2369 = VECTOR ( 'NONE', #4036, 1000.000000000000000 ) ;
#2370 = CARTESIAN_POINT ( 'NONE',  ( 1.500000000000001554, 1.030637635557567044, 8.864943216164022033 ) ) ;
#2371 = ADVANCED_FACE ( 'NONE', ( #3588 ), #2708, .F. ) ;
#2372 = CARTESIAN_POINT ( 'NONE',  ( 40.59999999999999432, -4.261960596893380249, 5.702989453486133620 ) ) ;
#2373 = ORIENTED_EDGE ( 'NONE', *, *, #4001, .F. ) ;
#2374 = DIRECTION ( 'NONE',  ( 0.000000000000000000, 0.000000000000000000, -1.000000000000000000 ) ) ;
#2375 = PLANE ( 'NONE',  #549 ) ;
#2376 = LINE ( 'NONE', #6216, #6102 ) ;
#2377 = AXIS2_PLACEMENT_3D ( 'NONE', #3653, #5209, #3993 ) ;
#2378 = LINE ( 'NONE', #1332, #5447 ) ;
#2379 = VECTOR ( 'NONE', #1753, 1000.000000000000000 ) ;
#2380 = APPLICATION_CONTEXT ( 'automotive_design' ) ;
#2381 = CARTESIAN_POINT ( 'NONE',  ( -52.69999999999999574, 5.500000000000000000, 24.72882059609970895 ) ) ;
#2382 = ORIENTED_EDGE ( 'NONE', *, *, #265, .T. ) ;
#2383 = DIRECTION ( 'NONE',  ( 0.000000000000000000, -1.982541115402062546E-15, 1.000000000000000000 ) ) ;
#2384 = VERTEX_POINT ( 'NONE', #5576 ) ;
#2385 = DIRECTION ( 'NONE',  ( 0.000000000000000000, 0.000000000000000000, -1.000000000000000000 ) ) ;
#2386 = CARTESIAN_POINT ( 'NONE',  ( 35.60000000000000142, 8.572527594031474176E-16, -6.850000000000002309 ) ) ;
#2387 = DIRECTION ( 'NONE',  ( -1.000000000000000000, -0.000000000000000000, -0.000000000000000000 ) ) ;
#2388 =( GEOMETRIC_REPRESENTATION_CONTEXT ( 3 ) GLOBAL_UNCERTAINTY_ASSIGNED_CONTEXT ( ( #3991 ) ) GLOBAL_UNIT_ASSIGNED_CONTEXT ( ( #811, #4811, #2335 ) ) REPRESENTATION_CONTEXT ( 'NONE', 'WORKASPACE' ) );
#2389 = CARTESIAN_POINT ( 'NONE',  ( 1.500000000000000000, 8.572527594031473190E-16, -6.850000000000000533 ) ) ;
#2390 = DIRECTION ( 'NONE',  ( -1.000000000000000000, -0.000000000000000000, -0.000000000000000000 ) ) ;
#2391 = ORIENTED_EDGE ( 'NONE', *, *, #5393, .T. ) ;
#2392 = VERTEX_POINT ( 'NONE', #4696 ) ;
#2393 = EDGE_LOOP ( 'NONE', ( #3397, #445, #4277, #27 ) ) ;
#2394 = CARTESIAN_POINT ( 'NONE',  ( 36.59999999999999432, 2.606424087848269178, -8.614322577793585012 ) ) ;
#2395 = DIRECTION ( 'NONE',  ( 0.000000000000000000, 0.000000000000000000, -1.000000000000000000 ) ) ;
#2396 = EDGE_CURVE ( 'NONE', #4359, #2225, #5871, .T. ) ;
#2397 = VERTEX_POINT ( 'NONE', #1113 ) ;
#2398 = DIRECTION ( 'NONE',  ( 0.000000000000000000, 0.000000000000000000, -1.000000000000000000 ) ) ;
#2399 = ORIENTED_EDGE ( 'NONE', *, *, #5426, .T. ) ;
#2400 = EDGE_CURVE ( 'NONE', #6147, #747, #2751, .T. ) ;
#2401 = CARTESIAN_POINT ( 'NONE',  ( -43.69999999999999574, 5.500000000000000000, 5.000000000000004441 ) ) ;
#2402 = EDGE_CURVE ( 'NONE', #1380, #4320, #5211, .T. ) ;
#2403 = DIRECTION ( 'NONE',  ( 0.000000000000000000, 0.000000000000000000, -1.000000000000000000 ) ) ;
#2404 = VERTEX_POINT ( 'NONE', #853 ) ;
#2405 = DIRECTION ( 'NONE',  ( 1.000000000000000000, 1.278665952808456908E-16, -3.273063162220390819E-16 ) ) ;
#2406 = DIRECTION ( 'NONE',  ( -1.000000000000000000, -0.000000000000000000, -0.000000000000000000 ) ) ;
#2407 = VECTOR ( 'NONE', #3031, 1000.000000000000000 ) ;
#2408 = VERTEX_POINT ( 'NONE', #2255 ) ;
#2409 = DIRECTION ( 'NONE',  ( 0.000000000000000000, 0.000000000000000000, 1.000000000000000000 ) ) ;
#2410 = EDGE_CURVE ( 'NONE', #3318, #2926, #476, .T. ) ;
#2411 = AXIS2_PLACEMENT_3D ( 'NONE', #5335, #2339, #3357 ) ;
#2412 = CARTESIAN_POINT ( 'NONE',  ( 38.59999999999999432, -4.261960596893380249, 5.702989453486133620 ) ) ;
#2413 = VERTEX_POINT ( 'NONE', #4243 ) ;
#2414 = DIRECTION ( 'NONE',  ( 1.000000000000000000, 0.000000000000000000, 0.000000000000000000 ) ) ;
#2415 = ORIENTED_EDGE ( 'NONE', *, *, #5952, .T. ) ;
#2416 = DIRECTION ( 'NONE',  ( -1.000000000000000000, -0.000000000000000000, -0.000000000000000000 ) ) ;
#2417 = DIRECTION ( 'NONE',  ( 1.000000000000000000, 0.000000000000000000, 0.000000000000000000 ) ) ;
#2418 = DIRECTION ( 'NONE',  ( 0.000000000000000000, -1.000000000000000000, 0.000000000000000000 ) ) ;
#2419 = CIRCLE ( 'NONE', #1263, 9.000000000000000000 ) ;
#2420 = VECTOR ( 'NONE', #1611, 1000.000000000000000 ) ;
#2421 = DIRECTION ( 'NONE',  ( 0.000000000000000000, 0.000000000000000000, -1.000000000000000000 ) ) ;
#2422 = DIRECTION ( 'NONE',  ( 0.000000000000000000, 0.000000000000000000, 1.000000000000000000 ) ) ;
#2423 = ORIENTED_EDGE ( 'NONE', *, *, #4504, .F. ) ;
#2424 = VERTEX_POINT ( 'NONE', #885 ) ;
#2425 = ORIENTED_EDGE ( 'NONE', *, *, #1924, .T. ) ;
#2426 = CIRCLE ( 'NONE', #3372, 4.249999999999998224 ) ;
#2427 = DIRECTION ( 'NONE',  ( -1.000000000000000000, -0.000000000000000000, -0.000000000000000000 ) ) ;
#2428 = DIRECTION ( 'NONE',  ( 0.000000000000000000, 0.000000000000000000, 1.000000000000000000 ) ) ;
#2429 = VECTOR ( 'NONE', #1787, 1000.000000000000000 ) ;
#2430 = ORIENTED_EDGE ( 'NONE', *, *, #4983, .F. ) ;
#2431 = VERTEX_POINT ( 'NONE', #3297 ) ;
#2432 = CARTESIAN_POINT ( 'NONE',  ( 15.20000000000000462, 29.50000000000000711, 0.000000000000000000 ) ) ;
#2433 = ORIENTED_EDGE ( 'NONE', *, *, #4758, .T. ) ;
#2434 = AXIS2_PLACEMENT_3D ( 'NONE', #1452, #3994, #3507 ) ;
#2435 = DIRECTION ( 'NONE',  ( 0.000000000000000000, 0.000000000000000000, -1.000000000000000000 ) ) ;
#2436 = DIRECTION ( 'NONE',  ( -1.000000000000000000, -0.000000000000000000, -0.000000000000000000 ) ) ;
#2437 = ORIENTED_EDGE ( 'NONE', *, *, #534, .T. ) ;
#2438 = DIRECTION ( 'NONE',  ( -1.000000000000000000, -0.000000000000000000, -0.000000000000000000 ) ) ;
#2439 = DIRECTION ( 'NONE',  ( 1.000000000000000000, 0.000000000000000000, 0.000000000000000000 ) ) ;
#2440 = EDGE_CURVE ( 'NONE', #4524, #5166, #337, .T. ) ;
#2441 = CIRCLE ( 'NONE', #3272, 4.249999999999998224 ) ;
#2442 = VERTEX_POINT ( 'NONE', #5828 ) ;
#2443 = DIRECTION ( 'NONE',  ( -1.000000000000000000, -0.000000000000000000, -0.000000000000000000 ) ) ;
#2444 = EDGE_CURVE ( 'NONE', #311, #1815, #3177, .T. ) ;
#2445 = VECTOR ( 'NONE', #2942, 1000.000000000000000 ) ;
#2446 = DIRECTION ( 'NONE',  ( 0.000000000000000000, 1.982541115402062546E-15, -1.000000000000000000 ) ) ;
#2447 = ORIENTED_EDGE ( 'NONE', *, *, #651, .T. ) ;
#2448 = DIRECTION ( 'NONE',  ( 1.000000000000000000, 0.000000000000000000, 0.000000000000000000 ) ) ;
#2449 = FACE_OUTER_BOUND ( 'NONE', #3664, .T. ) ;
#2450 = PLANE ( 'NONE',  #5996 ) ;
#2451 = EDGE_CURVE ( 'NONE', #1380, #4106, #1707, .T. ) ;
#2452 = EDGE_CURVE ( 'NONE', #4041, #3449, #5276, .T. ) ;
#2453 = FACE_OUTER_BOUND ( 'NONE', #2212, .T. ) ;
#2454 = CYLINDRICAL_SURFACE ( 'NONE', #48, 7.999999999999996447 ) ;
#2455 = CIRCLE ( 'NONE', #73, 4.000000000000000000 ) ;
#2456 = VECTOR ( 'NONE', #4612, 1000.000000000000000 ) ;
#2457 = FACE_OUTER_BOUND ( 'NONE', #396, .T. ) ;
#2458 = FACE_OUTER_BOUND ( 'NONE', #844, .T. ) ;
#2459 = ORIENTED_EDGE ( 'NONE', *, *, #2889, .F. ) ;
#2460 = ORIENTED_EDGE ( 'NONE', *, *, #1370, .T. ) ;
#2461 = AXIS2_PLACEMENT_3D ( 'NONE', #1055, #5023, #4056 ) ;
#2462 = DIRECTION ( 'NONE',  ( -1.000000000000000000, -0.000000000000000000, -0.000000000000000000 ) ) ;
#2463 = ORIENTED_EDGE ( 'NONE', *, *, #1009, .F. ) ;
#2464 = ORIENTED_EDGE ( 'NONE', *, *, #892, .T. ) ;
#2465 = CARTESIAN_POINT ( 'NONE',  ( 22.10000000000000142, 1.000000000000007772, 1.199999999999995737 ) ) ;
#2466 = AXIS2_PLACEMENT_3D ( 'NONE', #1143, #4570, #1659 ) ;
#2467 = ORIENTED_EDGE ( 'NONE', *, *, #3036, .T. ) ;
#2468 = CYLINDRICAL_SURFACE ( 'NONE', #5489, 10.00000000000000178 ) ;
#2469 = CIRCLE ( 'NONE', #1528, 9.000000000000000000 ) ;
#2470 = DIRECTION ( 'NONE',  ( -1.000000000000000000, -0.000000000000000000, -0.000000000000000000 ) ) ;
#2471 = ORIENTED_EDGE ( 'NONE', *, *, #3962, .F. ) ;
#2472 = CARTESIAN_POINT ( 'NONE',  ( -43.69999999999999574, 5.500000000000000000, 24.72882059609970895 ) ) ;
#2473 = LINE ( 'NONE', #5372, #1746 ) ;
#2474 = ORIENTED_EDGE ( 'NONE', *, *, #4950, .F. ) ;
#2475 = DIRECTION ( 'NONE',  ( -1.000000000000000000, -0.000000000000000000, -0.000000000000000000 ) ) ;
#2476 = AXIS2_PLACEMENT_3D ( 'NONE', #4571, #5018, #2611 ) ;
#2477 = EDGE_CURVE ( 'NONE', #2930, #2812, #1504, .T. ) ;
#2478 = DIRECTION ( 'NONE',  ( 0.000000000000000000, 0.000000000000000000, 1.000000000000000000 ) ) ;
#2479 = ORIENTED_EDGE ( 'NONE', *, *, #2242, .T. ) ;
#2480 = DIRECTION ( 'NONE',  ( -1.000000000000000000, -0.000000000000000000, -0.000000000000000000 ) ) ;
#2481 = VECTOR ( 'NONE', #4838, 1000.000000000000000 ) ;
#2482 = EDGE_CURVE ( 'NONE', #3306, #1476, #3070, .T. ) ;
#2483 = CIRCLE ( 'NONE', #5264, 7.000000000000000888 ) ;
#2484 = DIRECTION ( 'NONE',  ( 0.000000000000000000, 4.105854381010193828E-16, 1.000000000000000000 ) ) ;
#2485 = CARTESIAN_POINT ( 'NONE',  ( 32.59999999999999432, 8.572527594031474176E-16, -6.850000000000002309 ) ) ;
#2486 = DIRECTION ( 'NONE',  ( -1.000000000000000000, 0.000000000000000000, 0.000000000000000000 ) ) ;
#2487 = CARTESIAN_POINT ( 'NONE',  ( 24.59999999999999787, 1.030637635557567044, 3.864943216164022477 ) ) ;
#2488 = VECTOR ( 'NONE', #1730, 1000.000000000000000 ) ;
#2489 = ADVANCED_FACE ( 'NONE', ( #4855 ), #4728, .T. ) ;
#2490 = DIRECTION ( 'NONE',  ( -1.000000000000000000, -0.000000000000000000, -0.000000000000000000 ) ) ;
#2491 = EDGE_CURVE ( 'NONE', #6386, #701, #5703, .T. ) ;
#2492 = CARTESIAN_POINT ( 'NONE',  ( 19.59999999999999787, 0.000000000000000000, 0.1499999999999999944 ) ) ;
#2493 = VECTOR ( 'NONE', #3159, 1000.000000000000000 ) ;
#2494 = ORIENTED_EDGE ( 'NONE', *, *, #5134, .T. ) ;
#2495 = EDGE_LOOP ( 'NONE', ( #3849, #1874 ) ) ;
#2496 = EDGE_CURVE ( 'NONE', #877, #324, #6179, .T. ) ;
#2497 = AXIS2_PLACEMENT_3D ( 'NONE', #2990, #2436, #3973 ) ;
#2498 = CARTESIAN_POINT ( 'NONE',  ( 22.10000000000000142, 23.75000000000000355, 8.000000000000000000 ) ) ;
#2499 = CARTESIAN_POINT ( 'NONE',  ( 0.000000000000000000, 7.000000000000000000, 49.74757862151242449 ) ) ;
#2500 = CARTESIAN_POINT ( 'NONE',  ( 31.59999999999999787, 0.000000000000000000, 0.1499999999999999944 ) ) ;
#2501 = ORIENTED_EDGE ( 'NONE', *, *, #4705, .T. ) ;
#2502 = ORIENTED_EDGE ( 'NONE', *, *, #2561, .T. ) ;
#2503 = CARTESIAN_POINT ( 'NONE',  ( 15.20000000000000284, 23.75000000000000355, 0.000000000000000000 ) ) ;
#2504 = ORIENTED_EDGE ( 'NONE', *, *, #1369, .F. ) ;
#2505 = DIRECTION ( 'NONE',  ( -1.000000000000000000, -0.000000000000000000, -0.000000000000000000 ) ) ;
#2506 = LINE ( 'NONE', #42, #5922 ) ;
#2507 = ORIENTED_EDGE ( 'NONE', *, *, #1567, .T. ) ;
#2508 = DIRECTION ( 'NONE',  ( 0.000000000000000000, -4.074853802630083799E-16, -1.000000000000000000 ) ) ;
#2509 = DIRECTION ( 'NONE',  ( 0.000000000000000000, 0.000000000000000000, -1.000000000000000000 ) ) ;
#2510 = ORIENTED_EDGE ( 'NONE', *, *, #4513, .T. ) ;
#2511 = CARTESIAN_POINT ( 'NONE',  ( 15.20000000000000462, 21.50000000000000000, -8.000000000000000000 ) ) ;
#2512 = ORIENTED_EDGE ( 'NONE', *, *, #5422, .F. ) ;
#2513 = CARTESIAN_POINT ( 'NONE',  ( 21.59999999999999787, 2.318934680004526516, 8.696122236369051350 ) ) ;
#2514 = CARTESIAN_POINT ( 'NONE',  ( 1.500000000000000000, -4.261960596893379360, 5.702989453486133620 ) ) ;
#2515 = CARTESIAN_POINT ( 'NONE',  ( 22.10000000000000142, 29.50000000000000000, -8.999999999999998224 ) ) ;
#2516 = DIRECTION ( 'NONE',  ( 0.000000000000000000, -1.548860246407863583E-16, 1.000000000000000000 ) ) ;
#2517 = CARTESIAN_POINT ( 'NONE',  ( 22.59999999999999432, 0.000000000000000000, 0.1499999999999999944 ) ) ;
#2518 = AXIS2_PLACEMENT_3D ( 'NONE', #6055, #1108, #5509 ) ;
#2519 = FACE_OUTER_BOUND ( 'NONE', #5746, .T. ) ;
#2520 = LINE ( 'NONE', #2943, #1203 ) ;
#2521 = CIRCLE ( 'NONE', #343, 5.000000000000000888 ) ;
#2522 = CARTESIAN_POINT ( 'NONE',  ( -39.69999999999999574, 14.50000000000000355, 0.000000000000000000 ) ) ;
#2523 = ORIENTED_EDGE ( 'NONE', *, *, #4470, .T. ) ;
#2524 = EDGE_CURVE ( 'NONE', #4609, #5531, #5355, .T. ) ;
#2525 = ORIENTED_EDGE ( 'NONE', *, *, #1361, .T. ) ;
#2526 = ADVANCED_FACE ( 'NONE', ( #1266 ), #4792, .F. ) ;
#2527 = AXIS2_PLACEMENT_3D ( 'NONE', #4558, #110, #357 ) ;
#2528 = DIRECTION ( 'NONE',  ( 0.000000000000000000, 7.112366251504907509E-15, -1.000000000000000000 ) ) ;
#2529 = CARTESIAN_POINT ( 'NONE',  ( -43.29999999999999716, 14.50000000000000355, 0.000000000000000000 ) ) ;
#2530 = VERTEX_POINT ( 'NONE', #5242 ) ;
#2531 = ADVANCED_FACE ( 'NONE', ( #5309 ), #4271, .T. ) ;
#2532 = CIRCLE ( 'NONE', #4090, 7.000000000000000000 ) ;
#2533 = EDGE_CURVE ( 'NONE', #4211, #389, #268, .T. ) ;
#2534 = ORIENTED_EDGE ( 'NONE', *, *, #5035, .T. ) ;
#2535 = DIRECTION ( 'NONE',  ( 0.000000000000000000, 0.000000000000000000, -1.000000000000000000 ) ) ;
#2536 = CARTESIAN_POINT ( 'NONE',  ( 1.500000000000000000, -4.365952903884278591, -5.321604448520052877 ) ) ;
#2537 = ORIENTED_EDGE ( 'NONE', *, *, #5823, .F. ) ;
#2538 = CARTESIAN_POINT ( 'NONE',  ( 20.59999999999999787, -2.762069023147044167, -6.931785952275177465 ) ) ;
#2539 = CYLINDRICAL_SURFACE ( 'NONE', #1214, 5.000000000000000000 ) ;
#2540 = ORIENTED_EDGE ( 'NONE', *, *, #1844, .T. ) ;
#2541 = AXIS2_PLACEMENT_3D ( 'NONE', #3, #5491, #1061 ) ;
#2542 = CARTESIAN_POINT ( 'NONE',  ( 24.59999999999999787, 2.318934680004526516, 8.696122236369051350 ) ) ;
#2543 = AXIS2_PLACEMENT_3D ( 'NONE', #3374, #6292, #5736 ) ;
#2544 = ORIENTED_EDGE ( 'NONE', *, *, #1086, .T. ) ;
#2545 = DIRECTION ( 'NONE',  ( 0.000000000000000000, 0.000000000000000000, -1.000000000000000000 ) ) ;
#2546 = LINE ( 'NONE', #5049, #958 ) ;
#2547 = CARTESIAN_POINT ( 'NONE',  ( 22.59999999999999432, 1.158410705710341659, -3.828587812352703956 ) ) ;
#2548 = CARTESIAN_POINT ( 'NONE',  ( 21.59999999999999787, -4.261960596893379360, 5.702989453486132732 ) ) ;
#2549 = DIRECTION ( 'NONE',  ( -1.000000000000000000, -0.000000000000000000, -0.000000000000000000 ) ) ;
#2550 = AXIS2_PLACEMENT_3D ( 'NONE', #1970, #1996, #5450 ) ;
#2551 = DIRECTION ( 'NONE',  ( -1.445602896647339656E-16, -0.000000000000000000, -1.000000000000000000 ) ) ;
#2552 = AXIS2_PLACEMENT_3D ( 'NONE', #1829, #5830, #3750 ) ;
#2553 = DIRECTION ( 'NONE',  ( -1.000000000000000000, -0.000000000000000000, -0.000000000000000000 ) ) ;
#2554 = AXIS2_PLACEMENT_3D ( 'NONE', #3678, #5048, #1624 ) ;
#2555 = FACE_OUTER_BOUND ( 'NONE', #613, .T. ) ;
#2556 = ORIENTED_EDGE ( 'NONE', *, *, #4120, .T. ) ;
#2557 = EDGE_LOOP ( 'NONE', ( #3891, #47, #1845, #5653, #5228, #1974, #1348, #3856, #2085 ) ) ;
#2558 = AXIS2_PLACEMENT_3D ( 'NONE', #1514, #3477, #6072 ) ;
#2559 = EDGE_CURVE ( 'NONE', #2263, #5639, #1716, .T. ) ;
#2560 = CARTESIAN_POINT ( 'NONE',  ( 28.59999999999999787, 2.318934680004526960, 8.696122236369053127 ) ) ;
#2561 = EDGE_CURVE ( 'NONE', #4518, #3752, #5360, .T. ) ;
#2562 = ORIENTED_EDGE ( 'NONE', *, *, #1313, .F. ) ;
#2563 = DIRECTION ( 'NONE',  ( 1.000000000000000000, -0.000000000000000000, -0.000000000000000000 ) ) ;
#2564 = CIRCLE ( 'NONE', #5884, 5.000000000000000000 ) ;
#2565 = ORIENTED_EDGE ( 'NONE', *, *, #2293, .T. ) ;
#2566 = ADVANCED_FACE ( 'NONE', ( #1015, #5378 ), #4533, .F. ) ;
#2567 = EDGE_CURVE ( 'NONE', #2384, #2271, #51, .T. ) ;
#2568 = DIRECTION ( 'NONE',  ( 0.000000000000000000, 0.000000000000000000, -1.000000000000000000 ) ) ;
#2569 = CARTESIAN_POINT ( 'NONE',  ( 18.59999999999999787, 7.409113134841484549E-16, 6.049999999999999822 ) ) ;
#2570 = ORIENTED_EDGE ( 'NONE', *, *, #1248, .T. ) ;
#2571 = EDGE_CURVE ( 'NONE', #2949, #4518, #2999, .T. ) ;
#2572 = DIRECTION ( 'NONE',  ( -1.000000000000000000, 0.000000000000000000, 0.000000000000000000 ) ) ;
#2573 = ORIENTED_EDGE ( 'NONE', *, *, #5749, .F. ) ;
#2574 = AXIS2_PLACEMENT_3D ( 'NONE', #6162, #761, #2316 ) ;
#2575 = EDGE_CURVE ( 'NONE', #5318, #392, #5015, .T. ) ;
#2576 = PLANE ( 'NONE',  #3631 ) ;
#2577 = ORIENTED_EDGE ( 'NONE', *, *, #664, .T. ) ;
#2578 = LINE ( 'NONE', #4627, #3493 ) ;
#2579 = CARTESIAN_POINT ( 'NONE',  ( 19.59999999999999787, 1.158410705710341659, -3.828587812352703956 ) ) ;
#2580 = CARTESIAN_POINT ( 'NONE',  ( -6.800000000000001599, 6.999999999999999112, -2.649999999999999023 ) ) ;
#2581 = VECTOR ( 'NONE', #4859, 1000.000000000000000 ) ;
#2582 = CARTESIAN_POINT ( 'NONE',  ( 19.59999999999999787, -2.763066821399118744, 7.121905987407648020 ) ) ;
#2583 = CARTESIAN_POINT ( 'NONE',  ( -47.19999999999999574, -1.734723475976807094E-15, -4.999999999999993783 ) ) ;
#2584 = CIRCLE ( 'NONE', #3105, 5.000000000000000000 ) ;
#2585 = AXIS2_PLACEMENT_3D ( 'NONE', #3651, #4109, #660 ) ;
#2586 = DIRECTION ( 'NONE',  ( -1.000000000000000000, -0.000000000000000000, -0.000000000000000000 ) ) ;
#2587 = CARTESIAN_POINT ( 'NONE',  ( 38.59999999999999432, 1.030637635557567044, 3.864943216164022477 ) ) ;
#2588 = DIRECTION ( 'NONE',  ( 1.000000000000000000, 0.000000000000000000, 0.000000000000000000 ) ) ;
#2589 = ORIENTED_EDGE ( 'NONE', *, *, #384, .F. ) ;
#2590 = VERTEX_POINT ( 'NONE', #5896 ) ;
#2591 = AXIS2_PLACEMENT_3D ( 'NONE', #2644, #4478, #185 ) ;
#2592 = DIRECTION ( 'NONE',  ( 0.000000000000000000, 0.000000000000000000, -1.000000000000000000 ) ) ;
#2593 = AXIS2_PLACEMENT_3D ( 'NONE', #3062, #1105, #2147 ) ;
#2594 = CARTESIAN_POINT ( 'NONE',  ( 22.10000000000000142, 22.00000000000000711, -6.250000000000000888 ) ) ;
#2595 = ORIENTED_EDGE ( 'NONE', *, *, #4356, .F. ) ;
#2596 = LINE ( 'NONE', #4549, #2010 ) ;
#2597 = ORIENTED_EDGE ( 'NONE', *, *, #3992, .F. ) ;
#2598 = DIRECTION ( 'NONE',  ( -1.445602896647339656E-16, -0.000000000000000000, -1.000000000000000000 ) ) ;
#2599 = DIRECTION ( 'NONE',  ( 0.000000000000000000, 0.000000000000000000, 1.000000000000000000 ) ) ;
#2600 = ORIENTED_EDGE ( 'NONE', *, *, #3120, .T. ) ;
#2601 = FACE_OUTER_BOUND ( 'NONE', #4287, .T. ) ;
#2602 = CARTESIAN_POINT ( 'NONE',  ( 1.500000000000001332, 14.50000000000000355, 0.000000000000000000 ) ) ;
#2603 = ORIENTED_EDGE ( 'NONE', *, *, #3533, .F. ) ;
#2604 = ADVANCED_FACE ( 'NONE', ( #1532 ), #468, .F. ) ;
#2605 = EDGE_CURVE ( 'NONE', #2413, #2313, #528, .T. ) ;
#2606 = CARTESIAN_POINT ( 'NONE',  ( 28.59999999999999787, -4.261960596893380249, 5.702989453486133620 ) ) ;
#2607 = ORIENTED_EDGE ( 'NONE', *, *, #6111, .T. ) ;
#2608 = DIRECTION ( 'NONE',  ( -0.000000000000000000, -0.000000000000000000, 1.000000000000000000 ) ) ;
#2609 = DIRECTION ( 'NONE',  ( -1.000000000000000000, -0.000000000000000000, -0.000000000000000000 ) ) ;
#2610 = DIRECTION ( 'NONE',  ( 0.000000000000000000, 0.000000000000000000, 1.000000000000000000 ) ) ;
#2611 = DIRECTION ( 'NONE',  ( -0.000000000000000000, 0.000000000000000000, 1.000000000000000000 ) ) ;
#2612 = CARTESIAN_POINT ( 'NONE',  ( 29.59999999999999787, 1.030637635557567044, 8.864943216164022033 ) ) ;
#2613 = EDGE_CURVE ( 'NONE', #5985, #3961, #1929, .T. ) ;
#2614 = DIRECTION ( 'NONE',  ( -1.000000000000000000, -0.000000000000000000, -0.000000000000000000 ) ) ;
#2615 = VERTEX_POINT ( 'NONE', #4399 ) ;
#2616 = DIRECTION ( 'NONE',  ( 1.000000000000000000, 0.000000000000000000, 0.000000000000000000 ) ) ;
#2617 = CYLINDRICAL_SURFACE ( 'NONE', #3511, 9.000000000000000000 ) ;
#2618 = EDGE_LOOP ( 'NONE', ( #6003, #44, #4209, #469 ) ) ;
#2619 = ORIENTED_EDGE ( 'NONE', *, *, #6060, .F. ) ;
#2620 = CIRCLE ( 'NONE', #5012, 7.000000000000000888 ) ;
#2621 = DIRECTION ( 'NONE',  ( -1.000000000000000000, 0.000000000000000000, 0.000000000000000000 ) ) ;
#2622 = DIRECTION ( 'NONE',  ( 1.504111723692325724E-16, -1.000000000000000000, 0.000000000000000000 ) ) ;
#2623 = ORIENTED_EDGE ( 'NONE', *, *, #6211, .T. ) ;
#2624 = DIRECTION ( 'NONE',  ( 0.000000000000000000, 0.000000000000000000, -1.000000000000000000 ) ) ;
#2625 = ORIENTED_EDGE ( 'NONE', *, *, #80, .F. ) ;
#2626 = VECTOR ( 'NONE', #6340, 1000.000000000000000 ) ;
#2627 = FACE_OUTER_BOUND ( 'NONE', #4767, .T. ) ;
#2628 = AXIS2_PLACEMENT_3D ( 'NONE', #5052, #3034, #6426 ) ;
#2629 = VERTEX_POINT ( 'NONE', #2513 ) ;
#2630 = FACE_OUTER_BOUND ( 'NONE', #2557, .T. ) ;
#2631 = ORIENTED_EDGE ( 'NONE', *, *, #2353, .F. ) ;
#2632 = CIRCLE ( 'NONE', #6271, 5.000000000000000888 ) ;
#2633 = EDGE_CURVE ( 'NONE', #1091, #3124, #5463, .T. ) ;
#2634 = CARTESIAN_POINT ( 'NONE',  ( 1.500000000000002220, 9.000000000000005329, 0.000000000000000000 ) ) ;
#2635 = ORIENTED_EDGE ( 'NONE', *, *, #4081, .T. ) ;
#2636 = DIRECTION ( 'NONE',  ( -1.000000000000000000, -0.000000000000000000, -0.000000000000000000 ) ) ;
#2637 = DIRECTION ( 'NONE',  ( 0.000000000000000000, 0.000000000000000000, -1.000000000000000000 ) ) ;
#2638 = LINE ( 'NONE', #3195, #2875 ) ;
#2639 = AXIS2_PLACEMENT_3D ( 'NONE', #6415, #950, #2931 ) ;
#2640 = DIRECTION ( 'NONE',  ( -1.000000000000000000, -0.000000000000000000, -0.000000000000000000 ) ) ;
#2641 = EDGE_CURVE ( 'NONE', #4988, #5601, #6387, .T. ) ;
#2642 = AXIS2_PLACEMENT_3D ( 'NONE', #5190, #2294, #894 ) ;
#2643 = EDGE_CURVE ( 'NONE', #4211, #5985, #3906, .T. ) ;
#2644 = CARTESIAN_POINT ( 'NONE',  ( 13.80000000000000249, 22.00000000000000711, -6.250000000000000888 ) ) ;
#2645 = CYLINDRICAL_SURFACE ( 'NONE', #6283, 10.00000000000000000 ) ;
#2646 = VERTEX_POINT ( 'NONE', #3398 ) ;
#2647 = DIRECTION ( 'NONE',  ( 0.000000000000000000, 7.112366251504907509E-15, -1.000000000000000000 ) ) ;
#2648 = CARTESIAN_POINT ( 'NONE',  ( 29.04974746830583143, 20.25000000000000711, 6.249999999999999112 ) ) ;
#2649 = EDGE_CURVE ( 'NONE', #3464, #1653, #5565, .T. ) ;
#2650 = ORIENTED_EDGE ( 'NONE', *, *, #4908, .T. ) ;
#2651 = VECTOR ( 'NONE', #6252, 1000.000000000000000 ) ;
#2652 = AXIS2_PLACEMENT_3D ( 'NONE', #4016, #1467, #4433 ) ;
#2653 = CARTESIAN_POINT ( 'NONE',  ( -38.10000000000000142, 6.999999999999994671, -2.649999999999991473 ) ) ;
#2654 = FACE_BOUND ( 'NONE', #262, .T. ) ;
#2655 = VERTEX_POINT ( 'NONE', #4922 ) ;
#2656 = CARTESIAN_POINT ( 'NONE',  ( 13.80000000000000249, 8.099999999999999645, -7.450000000000001066 ) ) ;
#2657 = ORIENTED_EDGE ( 'NONE', *, *, #3873, .F. ) ;
#2658 = VECTOR ( 'NONE', #442, 1000.000000000000000 ) ;
#2659 = DIRECTION ( 'NONE',  ( -0.000000000000000000, -0.000000000000000000, -1.000000000000000000 ) ) ;
#2660 =( NAMED_UNIT ( * ) PLANE_ANGLE_UNIT ( ) SI_UNIT ( $, .RADIAN. ) );
#2661 = VECTOR ( 'NONE', #348, 1000.000000000000000 ) ;
#2662 = VERTEX_POINT ( 'NONE', #3030 ) ;
#2663 = VERTEX_POINT ( 'NONE', #1960 ) ;
#2664 = CARTESIAN_POINT ( 'NONE',  ( 34.60000000000000142, 2.318934680004526516, 8.696122236369051350 ) ) ;
#2665 = ORIENTED_EDGE ( 'NONE', *, *, #6391, .T. ) ;
#2666 = CIRCLE ( 'NONE', #3505, 8.999999999999998224 ) ;
#2667 = DIRECTION ( 'NONE',  ( -5.782411586589351722E-16, 1.000000000000000000, 0.000000000000000000 ) ) ;
#2668 = ORIENTED_EDGE ( 'NONE', *, *, #5666, .T. ) ;
#2669 = CARTESIAN_POINT ( 'NONE',  ( 15.20000000000000284, 23.75000000000000355, 6.249999999999999112 ) ) ;
#2670 = DIRECTION ( 'NONE',  ( 0.000000000000000000, 0.000000000000000000, 1.000000000000000000 ) ) ;
#2671 = DIRECTION ( 'NONE',  ( 0.000000000000000000, 0.000000000000000000, 1.000000000000000000 ) ) ;
#2672 = LINE ( 'NONE', #273, #6168 ) ;
#2673 = EDGE_CURVE ( 'NONE', #4033, #4507, #2239, .T. ) ;
#2674 = EDGE_CURVE ( 'NONE', #938, #4906, #2133, .T. ) ;
#2675 = DIRECTION ( 'NONE',  ( 1.000000000000000000, 0.000000000000000000, 0.000000000000000000 ) ) ;
#2676 = ORIENTED_EDGE ( 'NONE', *, *, #5306, .F. ) ;
#2677 = DIRECTION ( 'NONE',  ( -0.000000000000000000, -0.000000000000000000, -1.000000000000000000 ) ) ;
#2678 = VECTOR ( 'NONE', #1270, 1000.000000000000000 ) ;
#2679 = VERTEX_POINT ( 'NONE', #2935 ) ;
#2680 = CARTESIAN_POINT ( 'NONE',  ( 1.500000000000001554, 1.030637635557567044, 3.864943216164022477 ) ) ;
#2681 = FACE_OUTER_BOUND ( 'NONE', #985, .T. ) ;
#2682 = ORIENTED_EDGE ( 'NONE', *, *, #1482, .F. ) ;
#2683 = EDGE_CURVE ( 'NONE', #2926, #98, #2964, .T. ) ;
#2684 = EDGE_CURVE ( 'NONE', #3814, #5067, #2967, .T. ) ;
#2685 = DIRECTION ( 'NONE',  ( 0.000000000000000000, 0.000000000000000000, -1.000000000000000000 ) ) ;
#2686 = CARTESIAN_POINT ( 'NONE',  ( 18.59999999999999787, 0.000000000000000000, 0.1499999999999999944 ) ) ;
#2687 = VECTOR ( 'NONE', #2141, 1000.000000000000000 ) ;
#2688 = VERTEX_POINT ( 'NONE', #19 ) ;
#2689 = EDGE_LOOP ( 'NONE', ( #3545, #3239, #1065, #5890 ) ) ;
#2690 = EDGE_CURVE ( 'NONE', #701, #3472, #1991, .T. ) ;
#2691 = VECTOR ( 'NONE', #5307, 1000.000000000000000 ) ;
#2692 = DIRECTION ( 'NONE',  ( 0.000000000000000000, 0.000000000000000000, -1.000000000000000000 ) ) ;
#2693 = CONTEXT_DEPENDENT_SHAPE_REPRESENTATION ( #6040, #2140 ) ;
#2694 = ORIENTED_EDGE ( 'NONE', *, *, #1133, .T. ) ;
#2695 = ORIENTED_EDGE ( 'NONE', *, *, #860, .F. ) ;
#2696 = FACE_OUTER_BOUND ( 'NONE', #4737, .T. ) ;
#2697 = CIRCLE ( 'NONE', #4054, 10.00000000000000000 ) ;
#2698 = ORIENTED_EDGE ( 'NONE', *, *, #2613, .T. ) ;
#2699 = MECHANICAL_DESIGN_GEOMETRIC_PRESENTATION_REPRESENTATION (  '', ( #5296 ), #2388 ) ;
#2700 = DIRECTION ( 'NONE',  ( -1.000000000000000000, -0.000000000000000000, -0.000000000000000000 ) ) ;
#2701 = ORIENTED_EDGE ( 'NONE', *, *, #494, .F. ) ;
#2702 = CARTESIAN_POINT ( 'NONE',  ( 19.59999999999999787, 0.000000000000000000, 7.150000000000002132 ) ) ;
#2703 = LINE ( 'NONE', #5235, #3760 ) ;
#2704 = CARTESIAN_POINT ( 'NONE',  ( 19.59999999999999787, 8.572527594031474176E-16, -6.850000000000002309 ) ) ;
#2705 = CARTESIAN_POINT ( 'NONE',  ( 31.59999999999999787, -4.261960596893379360, 5.702989453486132732 ) ) ;
#2706 = DIRECTION ( 'NONE',  ( -1.000000000000000000, -0.000000000000000000, -0.000000000000000000 ) ) ;
#2707 = VERTEX_POINT ( 'NONE', #1589 ) ;
#2708 = PLANE ( 'NONE',  #5248 ) ;
#2709 = EDGE_LOOP ( 'NONE', ( #5194, #5560 ) ) ;
#2710 = CARTESIAN_POINT ( 'NONE',  ( -39.69999999999999574, 14.50000000000000355, 5.000000000000000000 ) ) ;
#2711 = DIRECTION ( 'NONE',  ( 0.000000000000000000, 0.000000000000000000, 1.000000000000000000 ) ) ;
#2712 = ORIENTED_EDGE ( 'NONE', *, *, #3753, .T. ) ;
#2713 = PRODUCT_RELATED_PRODUCT_CATEGORY ( 'part', '', ( #1667 ) ) ;
#2714 =( REPRESENTATION_RELATIONSHIP ('NONE','NONE', #152, #1249 ) REPRESENTATION_RELATIONSHIP_WITH_TRANSFORMATION ( #1841 )SHAPE_REPRESENTATION_RELATIONSHIP( ) );
#2715 = DIRECTION ( 'NONE',  ( -1.000000000000000000, -0.000000000000000000, -0.000000000000000000 ) ) ;
#2716 = EDGE_CURVE ( 'NONE', #3857, #5557, #6400, .T. ) ;
#2717 = DIRECTION ( 'NONE',  ( 0.000000000000000000, 0.000000000000000000, -1.000000000000000000 ) ) ;
#2718 = ORIENTED_EDGE ( 'NONE', *, *, #391, .F. ) ;
#2719 = ORIENTED_EDGE ( 'NONE', *, *, #2829, .T. ) ;
#2720 = EDGE_CURVE ( 'NONE', #4687, #4809, #1097, .T. ) ;
#2721 = DIRECTION ( 'NONE',  ( 0.000000000000000000, 0.000000000000000000, -1.000000000000000000 ) ) ;
#2722 = ADVANCED_FACE ( 'NONE', ( #658 ), #6088, .F. ) ;
#2723 = VERTEX_POINT ( 'NONE', #3065 ) ;
#2724 = ORIENTED_EDGE ( 'NONE', *, *, #1770, .T. ) ;
#2725 = CARTESIAN_POINT ( 'NONE',  ( 40.59999999999999432, 0.000000000000000000, 7.150000000000002132 ) ) ;
#2726 = AXIS2_PLACEMENT_3D ( 'NONE', #2247, #3194, #4172 ) ;
#2727 = ORIENTED_EDGE ( 'NONE', *, *, #4237, .F. ) ;
#2728 = CIRCLE ( 'NONE', #5328, 5.000000000000000888 ) ;
#2729 = LINE ( 'NONE', #267, #4775 ) ;
#2730 = EDGE_LOOP ( 'NONE', ( #5036, #1585 ) ) ;
#2731 = DIRECTION ( 'NONE',  ( 1.000000000000000000, 0.000000000000000000, 0.000000000000000000 ) ) ;
#2732 = CARTESIAN_POINT ( 'NONE',  ( 29.59999999999999787, -2.763066821399118744, 7.121905987407648020 ) ) ;
#2733 = DIRECTION ( 'NONE',  ( -1.000000000000000000, -0.000000000000000000, -0.000000000000000000 ) ) ;
#2734 = DIRECTION ( 'NONE',  ( -1.000000000000000000, -1.504111723692325477E-16, 0.000000000000000000 ) ) ;
#2735 = VECTOR ( 'NONE', #925, 1000.000000000000000 ) ;
#2736 = DIRECTION ( 'NONE',  ( 1.000000000000000000, 0.000000000000000000, 0.000000000000000000 ) ) ;
#2737 = AXIS2_PLACEMENT_3D ( 'NONE', #5512, #5019, #2063 ) ;
#2738 = VERTEX_POINT ( 'NONE', #2702 ) ;
#2739 = DIRECTION ( 'NONE',  ( 1.000000000000000000, 0.000000000000000000, 0.000000000000000000 ) ) ;
#2740 = ORIENTED_EDGE ( 'NONE', *, *, #3087, .T. ) ;
#2741 = CARTESIAN_POINT ( 'NONE',  ( 22.10000000000000142, 23.75000000000000000, -7.999999999999998224 ) ) ;
#2742 = CARTESIAN_POINT ( 'NONE',  ( 23.59999999999999432, -2.763066821399118744, 7.121905987407648020 ) ) ;
#2743 = ORIENTED_EDGE ( 'NONE', *, *, #2496, .F. ) ;
#2744 = AXIS2_PLACEMENT_3D ( 'NONE', #4804, #3279, #4839 ) ;
#2745 = LINE ( 'NONE', #4341, #3895 ) ;
#2746 = LINE ( 'NONE', #4736, #3699 ) ;
#2747 = VECTOR ( 'NONE', #5711, 1000.000000000000000 ) ;
#2748 = EDGE_LOOP ( 'NONE', ( #3520, #3802, #3132, #3111, #698, #1189, #946, #5260 ) ) ;
#2749 = VERTEX_POINT ( 'NONE', #5081 ) ;
#2750 = EDGE_CURVE ( 'NONE', #2392, #805, #2578, .T. ) ;
#2751 = CIRCLE ( 'NONE', #1398, 6.049999999999999822 ) ;
#2752 = CYLINDRICAL_SURFACE ( 'NONE', #3940, 5.000000000000000000 ) ;
#2753 = ADVANCED_FACE ( 'NONE', ( #3552, #6123 ), #1688, .T. ) ;
#2754 = ORIENTED_EDGE ( 'NONE', *, *, #2567, .F. ) ;
#2755 = ORIENTED_EDGE ( 'NONE', *, *, #3412, .F. ) ;
#2756 = LINE ( 'NONE', #1224, #5118 ) ;
#2757 = VECTOR ( 'NONE', #2480, 1000.000000000000000 ) ;
#2758 = EDGE_LOOP ( 'NONE', ( #1311, #6381, #5883, #50 ) ) ;
#2759 = EDGE_CURVE ( 'NONE', #4516, #2960, #374, .T. ) ;
#2760 = CIRCLE ( 'NONE', #5675, 1.749999999999998890 ) ;
#2761 = EDGE_CURVE ( 'NONE', #6265, #3600, #4567, .T. ) ;
#2762 = CARTESIAN_POINT ( 'NONE',  ( 35.60000000000000142, -10.60302848086181804, -13.13818223212012626 ) ) ;
#2763 = ORIENTED_EDGE ( 'NONE', *, *, #3081, .T. ) ;
#2764 = CYLINDRICAL_SURFACE ( 'NONE', #376, 6.049999999999999822 ) ;
#2765 = DIRECTION ( 'NONE',  ( 1.000000000000000000, 0.000000000000000000, 0.000000000000000000 ) ) ;
#2766 = CARTESIAN_POINT ( 'NONE',  ( 24.59999999999999787, -4.365952903884279479, -5.321604448520053765 ) ) ;
#2767 = DIRECTION ( 'NONE',  ( -1.000000000000000000, -0.000000000000000000, -0.000000000000000000 ) ) ;
#2768 = AXIS2_PLACEMENT_3D ( 'NONE', #3502, #4575, #2066 ) ;
#2769 = CARTESIAN_POINT ( 'NONE',  ( 40.59999999999999432, 8.572527594031474176E-16, -6.850000000000002309 ) ) ;
#2770 = ORIENTED_EDGE ( 'NONE', *, *, #705, .F. ) ;
#2771 = DIRECTION ( 'NONE',  ( -1.000000000000000000, -0.000000000000000000, -0.000000000000000000 ) ) ;
#2772 = ORIENTED_EDGE ( 'NONE', *, *, #5943, .T. ) ;
#2773 = CARTESIAN_POINT ( 'NONE',  ( 28.59999999999999787, 2.606424087848269178, -8.614322577793585012 ) ) ;
#2774 = AXIS2_PLACEMENT_3D ( 'NONE', #1169, #4629, #5663 ) ;
#2775 = DIRECTION ( 'NONE',  ( 1.000000000000000000, -0.000000000000000000, -0.000000000000000000 ) ) ;
#2776 = DIRECTION ( 'NONE',  ( 1.000000000000000000, 0.000000000000000000, 0.000000000000000000 ) ) ;
#2777 = ORIENTED_EDGE ( 'NONE', *, *, #6100, .T. ) ;
#2778 = AXIS2_PLACEMENT_3D ( 'NONE', #5152, #3206, #314 ) ;
#2779 = DIRECTION ( 'NONE',  ( -1.000000000000000000, -0.000000000000000000, -0.000000000000000000 ) ) ;
#2780 = FACE_OUTER_BOUND ( 'NONE', #3595, .T. ) ;
#2781 = ORIENTED_EDGE ( 'NONE', *, *, #6175, .F. ) ;
#2782 = VECTOR ( 'NONE', #2435, 1000.000000000000000 ) ;
#2783 = ORIENTED_EDGE ( 'NONE', *, *, #4247, .T. ) ;
#2784 = CARTESIAN_POINT ( 'NONE',  ( 35.60000000000000142, 1.158410705710341659, -3.828587812352703956 ) ) ;
#2785 = DIRECTION ( 'NONE',  ( -0.000000000000000000, 0.000000000000000000, 1.000000000000000000 ) ) ;
#2786 = VECTOR ( 'NONE', #1983, 1000.000000000000000 ) ;
#2787 = CIRCLE ( 'NONE', #289, 7.000000000000000888 ) ;
#2788 = APPLICATION_PROTOCOL_DEFINITION ( 'draft international standard', 'automotive_design', 1998, #2380 ) ;
#2789 = VERTEX_POINT ( 'NONE', #3193 ) ;
#2790 = DIRECTION ( 'NONE',  ( 0.000000000000000000, 7.112366251504907509E-15, -1.000000000000000000 ) ) ;
#2791 = ORIENTED_EDGE ( 'NONE', *, *, #1275, .F. ) ;
#2792 = PRODUCT_DEFINITION ( 'UNKNOWN', '', #1553, #3932 ) ;
#2793 = ORIENTED_EDGE ( 'NONE', *, *, #1280, .F. ) ;
#2794 = DIRECTION ( 'NONE',  ( -1.000000000000000000, -0.000000000000000000, -0.000000000000000000 ) ) ;
#2795 = VECTOR ( 'NONE', #526, 1000.000000000000000 ) ;
#2796 = CARTESIAN_POINT ( 'NONE',  ( 1.500000000000002220, -2.763066821399118744, 7.121905987407648020 ) ) ;
#2797 = DIRECTION ( 'NONE',  ( 0.000000000000000000, 0.000000000000000000, -1.000000000000000000 ) ) ;
#2798 = ADVANCED_FACE ( 'NONE', ( #1167 ), #5108, .F. ) ;
#2799 = PLANE ( 'NONE',  #5965 ) ;
#2800 = EDGE_CURVE ( 'NONE', #4944, #774, #3582, .T. ) ;
#2801 = PRESENTATION_LAYER_ASSIGNMENT (  '', '', ( #5296 ) ) ;
#2802 = DIRECTION ( 'NONE',  ( -1.000000000000000000, 0.000000000000000000, 0.000000000000000000 ) ) ;
#2803 = ORIENTED_EDGE ( 'NONE', *, *, #2683, .F. ) ;
#2804 = CARTESIAN_POINT ( 'NONE',  ( 40.59999999999999432, -10.60302848086181804, -13.13818223212012626 ) ) ;
#2805 = ORIENTED_EDGE ( 'NONE', *, *, #3759, .T. ) ;
#2806 = DIRECTION ( 'NONE',  ( 1.000000000000000000, 0.000000000000000000, 0.000000000000000000 ) ) ;
#2807 = EDGE_CURVE ( 'NONE', #713, #2115, #5172, .T. ) ;
#2808 = CARTESIAN_POINT ( 'NONE',  ( 29.59999999999999787, -10.60302848086181804, -13.13818223212012626 ) ) ;
#2809 = CARTESIAN_POINT ( 'NONE',  ( 13.80000000000000249, 14.50000000000000533, 0.000000000000000000 ) ) ;
#2810 = DIRECTION ( 'NONE',  ( -1.000000000000000000, -0.000000000000000000, -0.000000000000000000 ) ) ;
#2811 = CARTESIAN_POINT ( 'NONE',  ( 23.59999999999999432, 2.606424087848269178, -8.614322577793585012 ) ) ;
#2812 = VERTEX_POINT ( 'NONE', #5535 ) ;
#2813 = ORIENTED_EDGE ( 'NONE', *, *, #2750, .F. ) ;
#2814 = ORIENTED_EDGE ( 'NONE', *, *, #1204, .F. ) ;
#2815 = CARTESIAN_POINT ( 'NONE',  ( -38.10000000000000142, 6.999999999999994671, -2.649999999999991473 ) ) ;
#2816 = CARTESIAN_POINT ( 'NONE',  ( 40.59999999999999432, 0.000000000000000000, 0.000000000000000000 ) ) ;
#2817 = VERTEX_POINT ( 'NONE', #88 ) ;
#2818 = VERTEX_POINT ( 'NONE', #3099 ) ;
#2819 = DIRECTION ( 'NONE',  ( 0.000000000000000000, 0.000000000000000000, -1.000000000000000000 ) ) ;
#2820 = ORIENTED_EDGE ( 'NONE', *, *, #842, .F. ) ;
#2821 = AXIS2_PLACEMENT_3D ( 'NONE', #4434, #4335, #6422 ) ;
#2822 = CIRCLE ( 'NONE', #1373, 10.00000000000000178 ) ;
#2823 = ORIENTED_EDGE ( 'NONE', *, *, #5258, .F. ) ;
#2824 = DIRECTION ( 'NONE',  ( -1.000000000000000000, -0.000000000000000000, -0.000000000000000000 ) ) ;
#2825 = CARTESIAN_POINT ( 'NONE',  ( 13.80000000000000249, 1.000000000000006439, 7.450000000000001066 ) ) ;
#2826 = FACE_OUTER_BOUND ( 'NONE', #4255, .T. ) ;
#2827 = CARTESIAN_POINT ( 'NONE',  ( -0.002000000000002000178, 7.409113134841484549E-16, 6.049999999999999822 ) ) ;
#2828 = VECTOR ( 'NONE', #2888, 1000.000000000000000 ) ;
#2829 = EDGE_CURVE ( 'NONE', #2629, #1045, #3591, .T. ) ;
#2830 = LINE ( 'NONE', #2381, #4048 ) ;
#2831 = ORIENTED_EDGE ( 'NONE', *, *, #1685, .F. ) ;
#2832 = DIRECTION ( 'NONE',  ( 0.000000000000000000, 0.000000000000000000, -1.000000000000000000 ) ) ;
#2833 = EDGE_CURVE ( 'NONE', #4320, #199, #2058, .T. ) ;
#2834 = VERTEX_POINT ( 'NONE', #4047 ) ;
#2835 = DIRECTION ( 'NONE',  ( 1.000000000000000000, 0.000000000000000000, 0.000000000000000000 ) ) ;
#2836 = AXIS2_PLACEMENT_3D ( 'NONE', #3601, #643, #2624 ) ;
#2837 = PLANE ( 'NONE',  #4450 ) ;
#2838 = PLANE ( 'NONE',  #3769 ) ;
#2839 = EDGE_CURVE ( 'NONE', #2115, #1990, #2149, .T. ) ;
#2840 = VECTOR ( 'NONE', #5573, 1000.000000000000000 ) ;
#2841 = ADVANCED_FACE ( 'NONE', ( #6025 ), #3649, .T. ) ;
#2842 = CARTESIAN_POINT ( 'NONE',  ( 23.59999999999999432, -4.365952903884278591, -5.321604448520052877 ) ) ;
#2843 = EDGE_CURVE ( 'NONE', #1435, #3112, #5249, .T. ) ;
#2844 = DIRECTION ( 'NONE',  ( -1.000000000000000000, -0.000000000000000000, -0.000000000000000000 ) ) ;
#2845 = ORIENTED_EDGE ( 'NONE', *, *, #4677, .T. ) ;
#2846 = VERTEX_POINT ( 'NONE', #1657 ) ;
#2847 = EDGE_CURVE ( 'NONE', #6118, #321, #3255, .T. ) ;
#2848 = AXIS2_PLACEMENT_3D ( 'NONE', #2227, #2715, #5583 ) ;
#2849 = CARTESIAN_POINT ( 'NONE',  ( 21.59999999999999787, 0.000000000000000000, 0.000000000000000000 ) ) ;
#2850 = DIRECTION ( 'NONE',  ( 0.000000000000000000, 0.000000000000000000, -1.000000000000000000 ) ) ;
#2851 = ORIENTED_EDGE ( 'NONE', *, *, #1018, .T. ) ;
#2852 = ORIENTED_EDGE ( 'NONE', *, *, #6221, .T. ) ;
#2853 = CARTESIAN_POINT ( 'NONE',  ( 0.000000000000000000, 7.000000000000000000, 8.449999999999999289 ) ) ;
#2854 = ORIENTED_EDGE ( 'NONE', *, *, #3406, .F. ) ;
#2855 = AXIS2_PLACEMENT_3D ( 'NONE', #2804, #404, #4821 ) ;
#2856 = DIRECTION ( 'NONE',  ( 0.000000000000000000, 0.000000000000000000, 1.000000000000000000 ) ) ;
#2857 = AXIS2_PLACEMENT_3D ( 'NONE', #3498, #3528, #3032 ) ;
#2858 = DIRECTION ( 'NONE',  ( 0.000000000000000000, 0.000000000000000000, -1.000000000000000000 ) ) ;
#2859 = AXIS2_PLACEMENT_3D ( 'NONE', #1755, #3741, #4721 ) ;
#2860 = ORIENTED_EDGE ( 'NONE', *, *, #4522, .F. ) ;
#2861 = CARTESIAN_POINT ( 'NONE',  ( 29.04974746830583143, 22.00000000000000711, -4.500000000000003553 ) ) ;
#2862 = CYLINDRICAL_SURFACE ( 'NONE', #1066, 10.00000000000000178 ) ;
#2863 = LINE ( 'NONE', #3226, #818 ) ;
#2864 = CARTESIAN_POINT ( 'NONE',  ( 18.59999999999999787, 0.000000000000000000, 0.000000000000000000 ) ) ;
#2865 = AXIS2_PLACEMENT_3D ( 'NONE', #3662, #4157, #2622 ) ;
#2866 = ORIENTED_EDGE ( 'NONE', *, *, #4122, .T. ) ;
#2867 = DIRECTION ( 'NONE',  ( 0.000000000000000000, 0.000000000000000000, -1.000000000000000000 ) ) ;
#2868 = VERTEX_POINT ( 'NONE', #5268 ) ;
#2869 = DIRECTION ( 'NONE',  ( -1.000000000000000000, -0.000000000000000000, -0.000000000000000000 ) ) ;
#2870 = AXIS2_PLACEMENT_3D ( 'NONE', #3173, #5117, #3721 ) ;
#2871 = CARTESIAN_POINT ( 'NONE',  ( 26.59999999999999787, 2.606424087848269178, -8.614322577793585012 ) ) ;
#2872 = CARTESIAN_POINT ( 'NONE',  ( 1.500000000000000000, 0.000000000000000000, 7.150000000000000355 ) ) ;
#2873 = EDGE_CURVE ( 'NONE', #2898, #4763, #2455, .T. ) ;
#2874 = EDGE_CURVE ( 'NONE', #2880, #744, #5668, .T. ) ;
#2875 = VECTOR ( 'NONE', #1200, 1000.000000000000000 ) ;
#2876 = CARTESIAN_POINT ( 'NONE',  ( 13.80000000000000249, 22.00000000000000711, -6.250000000000000888 ) ) ;
#2877 = CARTESIAN_POINT ( 'NONE',  ( 32.59999999999999432, 1.158410705710341659, -3.828587812352703956 ) ) ;
#2878 = ORIENTED_EDGE ( 'NONE', *, *, #5981, .F. ) ;
#2879 = ADVANCED_FACE ( 'NONE', ( #3224 ), #4813, .T. ) ;
#2880 = VERTEX_POINT ( 'NONE', #5694 ) ;
#2881 = CIRCLE ( 'NONE', #1738, 7.000000000000000888 ) ;
#2882 = EDGE_CURVE ( 'NONE', #2225, #2082, #5334, .T. ) ;
#2883 = DIRECTION ( 'NONE',  ( 1.000000000000000000, 0.000000000000000000, 0.000000000000000000 ) ) ;
#2884 = FACE_OUTER_BOUND ( 'NONE', #4263, .T. ) ;
#2885 = ORIENTED_EDGE ( 'NONE', *, *, #4718, .F. ) ;
#2886 = VECTOR ( 'NONE', #4486, 1000.000000000000000 ) ;
#2887 = ORIENTED_EDGE ( 'NONE', *, *, #3454, .F. ) ;
#2888 = DIRECTION ( 'NONE',  ( 0.000000000000000000, -1.000000000000000000, -1.294569758191647155E-16 ) ) ;
#2889 = EDGE_CURVE ( 'NONE', #5525, #2949, #4217, .T. ) ;
#2890 = ORIENTED_EDGE ( 'NONE', *, *, #2200, .T. ) ;
#2891 = VECTOR ( 'NONE', #2106, 1000.000000000000000 ) ;
#2892 = VECTOR ( 'NONE', #2439, 1000.000000000000000 ) ;
#2893 = CARTESIAN_POINT ( 'NONE',  ( 20.59999999999999787, 0.000000000000000000, 0.000000000000000000 ) ) ;
#2894 = DIRECTION ( 'NONE',  ( -1.000000000000000000, -0.000000000000000000, -0.000000000000000000 ) ) ;
#2895 = VERTEX_POINT ( 'NONE', #1294 ) ;
#2896 = DIRECTION ( 'NONE',  ( 0.000000000000000000, 0.000000000000000000, -1.000000000000000000 ) ) ;
#2897 = CARTESIAN_POINT ( 'NONE',  ( 20.59999999999999787, 0.000000000000000000, 0.1499999999999999944 ) ) ;
#2898 = VERTEX_POINT ( 'NONE', #781 ) ;
#2899 = LINE ( 'NONE', #3328, #1383 ) ;
#2900 = CIRCLE ( 'NONE', #1036, 5.499999999999998224 ) ;
#2901 = PLANE ( 'NONE',  #5606 ) ;
#2902 = ORIENTED_EDGE ( 'NONE', *, *, #3235, .T. ) ;
#2903 = DIRECTION ( 'NONE',  ( 1.000000000000000000, 0.000000000000000000, 0.000000000000000000 ) ) ;
#2904 = EDGE_LOOP ( 'NONE', ( #3735, #113, #4376, #2682 ) ) ;
#2905 = DIRECTION ( 'NONE',  ( -1.000000000000000000, -0.000000000000000000, -0.000000000000000000 ) ) ;
#2906 = DIRECTION ( 'NONE',  ( -1.000000000000000000, -0.000000000000000000, -0.000000000000000000 ) ) ;
#2907 = CARTESIAN_POINT ( 'NONE',  ( -47.19999999999999574, 0.000000000000000000, 2.700000000000006839 ) ) ;
#2908 = AXIS2_PLACEMENT_3D ( 'NONE', #4978, #4422, #521 ) ;
#2909 = CARTESIAN_POINT ( 'NONE',  ( 1.500000000000001554, 1.030637635557567044, 3.864943216164022477 ) ) ;
#2910 = DIRECTION ( 'NONE',  ( 1.000000000000000000, 0.000000000000000000, 0.000000000000000000 ) ) ;
#2911 = ORIENTED_EDGE ( 'NONE', *, *, #3122, .F. ) ;
#2912 = VERTEX_POINT ( 'NONE', #236 ) ;
#2913 = EDGE_LOOP ( 'NONE', ( #2820, #2540, #3451, #2171 ) ) ;
#2914 = EDGE_CURVE ( 'NONE', #1941, #839, #4234, .T. ) ;
#2915 = DIRECTION ( 'NONE',  ( 0.000000000000000000, 0.000000000000000000, -1.000000000000000000 ) ) ;
#2916 = CARTESIAN_POINT ( 'NONE',  ( 37.59999999999999432, 1.030637635557567044, 8.864943216164022033 ) ) ;
#2917 = EDGE_LOOP ( 'NONE', ( #4603, #1835, #4683, #1300 ) ) ;
#2918 = EDGE_CURVE ( 'NONE', #787, #207, #1228, .T. ) ;
#2919 = EDGE_LOOP ( 'NONE', ( #1812, #718, #1384, #5320, #5171, #3791, #642, #1811, #4170, #6296, #509, #5319, #356, #6139, #1027, #3663, #6174, #3608, #5294, #6272, #3364, #1751, #1225, #728, #5958, #4921, #1773, #2044, #3182, #1002, #3928, #6080, #2494, #2777, #3382, #1119, #1006, #1272, #852, #5729, #6180, #2805, #420, #5948, #482, #1039, #1806, #3899, #5778, #3740, #3285, #2968, #6110, #1560, #807, #2793, #6116, #29, #6257, #1620, #1828, #5972, #1635, #1365, #6192, #5193, #4727, #4312, #3570, #5401, #726, #4273, #1177, #3315, #994, #133, #5507, #3516, #3309, #2296, #932, #2565, #1454, #710, #2474, #18, #87, #3146, #1057, #190, #1460, #2504 ) ) ;
#2920 = CARTESIAN_POINT ( 'NONE',  ( -40.70000000000000284, 0.000000000000000000, 5.000000000000006217 ) ) ;
#2921 = EDGE_LOOP ( 'NONE', ( #5034, #833, #4119, #5977 ) ) ;
#2922 = EDGE_CURVE ( 'NONE', #2313, #4398, #4117, .T. ) ;
#2923 = EDGE_CURVE ( 'NONE', #1907, #3344, #4943, .T. ) ;
#2924 = LINE ( 'NONE', #6375, #2061 ) ;
#2925 = DIRECTION ( 'NONE',  ( 1.000000000000000000, 0.000000000000000000, 0.000000000000000000 ) ) ;
#2926 = VERTEX_POINT ( 'NONE', #1329 ) ;
#2927 = DIRECTION ( 'NONE',  ( 0.000000000000000000, 0.000000000000000000, -1.000000000000000000 ) ) ;
#2928 = CARTESIAN_POINT ( 'NONE',  ( -40.70000000000000284, 7.000000000000006217, -8.450000000000001066 ) ) ;
#2929 = VECTOR ( 'NONE', #2087, 1000.000000000000000 ) ;
#2930 = VERTEX_POINT ( 'NONE', #1358 ) ;
#2931 = DIRECTION ( 'NONE',  ( 0.000000000000000000, 0.000000000000000000, -1.000000000000000000 ) ) ;
#2932 = VECTOR ( 'NONE', #6182, 1000.000000000000000 ) ;
#2933 = DIRECTION ( 'NONE',  ( -1.000000000000000000, -0.000000000000000000, -0.000000000000000000 ) ) ;
#2934 = ORIENTED_EDGE ( 'NONE', *, *, #3837, .T. ) ;
#2935 = CARTESIAN_POINT ( 'NONE',  ( 1.500000000000001998, 10.25000000000000533, 0.000000000000000000 ) ) ;
#2936 = CYLINDRICAL_SURFACE ( 'NONE', #1885, 3.500000000000003109 ) ;
#2937 = CARTESIAN_POINT ( 'NONE',  ( 18.59999999999999787, -2.762069023147044167, -6.931785952275177465 ) ) ;
#2938 = LINE ( 'NONE', #471, #6005 ) ;
#2939 = CARTESIAN_POINT ( 'NONE',  ( 22.59999999999999432, -2.762069023147044167, -6.931785952275177465 ) ) ;
#2940 = AXIS2_PLACEMENT_3D ( 'NONE', #5781, #806, #2790 ) ;
#2941 = VECTOR ( 'NONE', #2776, 1000.000000000000000 ) ;
#2942 = DIRECTION ( 'NONE',  ( -1.000000000000000000, -0.000000000000000000, -0.000000000000000000 ) ) ;
#2943 = CARTESIAN_POINT ( 'NONE',  ( 22.10000000000000142, 20.25000000000000711, 6.249999999999999112 ) ) ;
#2944 = ORIENTED_EDGE ( 'NONE', *, *, #842, .T. ) ;
#2945 = AXIS2_PLACEMENT_3D ( 'NONE', #1021, #5417, #1503 ) ;
#2946 = CYLINDRICAL_SURFACE ( 'NONE', #5178, 5.000000000000000000 ) ;
#2947 = FACE_OUTER_BOUND ( 'NONE', #2285, .T. ) ;
#2948 = AXIS2_PLACEMENT_3D ( 'NONE', #5878, #837, #3416 ) ;
#2949 = VERTEX_POINT ( 'NONE', #5205 ) ;
#2950 = ORIENTED_EDGE ( 'NONE', *, *, #266, .T. ) ;
#2951 = DIRECTION ( 'NONE',  ( 0.000000000000000000, 0.000000000000000000, -1.000000000000000000 ) ) ;
#2952 = EDGE_LOOP ( 'NONE', ( #2430, #6011, #4229, #3575 ) ) ;
#2953 = ADVANCED_FACE ( 'NONE', ( #4690 ), #2764, .F. ) ;
#2954 = EDGE_CURVE ( 'NONE', #3864, #5146, #2243, .T. ) ;
#2955 = CARTESIAN_POINT ( 'NONE',  ( 37.59999999999999432, 2.606424087848269178, -8.614322577793585012 ) ) ;
#2956 = CYLINDRICAL_SURFACE ( 'NONE', #2908, 10.00000000000000000 ) ;
#2957 = ORIENTED_EDGE ( 'NONE', *, *, #3803, .F. ) ;
#2958 = LINE ( 'NONE', #430, #859 ) ;
#2959 = CARTESIAN_POINT ( 'NONE',  ( 25.59999999999999787, 0.000000000000000000, 0.1499999999999999944 ) ) ;
#2960 = VERTEX_POINT ( 'NONE', #2276 ) ;
#2961 = DIRECTION ( 'NONE',  ( 1.000000000000000000, 0.000000000000000000, 0.000000000000000000 ) ) ;
#2962 = EDGE_CURVE ( 'NONE', #4416, #1769, #2974, .T. ) ;
#2963 = ADVANCED_FACE ( 'NONE', ( #4264 ), #5754, .F. ) ;
#2964 = CIRCLE ( 'NONE', #5876, 5.000000000000000000 ) ;
#2965 = DIRECTION ( 'NONE',  ( 0.000000000000000000, 0.000000000000000000, -1.000000000000000000 ) ) ;
#2966 = ORIENTED_EDGE ( 'NONE', *, *, #2096, .F. ) ;
#2967 = LINE ( 'NONE', #497, #2757 ) ;
#2968 = ORIENTED_EDGE ( 'NONE', *, *, #3529, .F. ) ;
#2969 = CARTESIAN_POINT ( 'NONE',  ( 18.59999999999999787, -4.365952903884279479, -5.321604448520053765 ) ) ;
#2970 = FACE_BOUND ( 'NONE', #2016, .T. ) ;
#2971 = CARTESIAN_POINT ( 'NONE',  ( 1.500000000000001332, 14.50000000000000355, 0.000000000000000000 ) ) ;
#2972 = EDGE_CURVE ( 'NONE', #579, #3462, #329, .T. ) ;
#2973 = CIRCLE ( 'NONE', #176, 9.000000000000000000 ) ;
#2974 = CIRCLE ( 'NONE', #4538, 7.000000000000000000 ) ;
#2975 = DIRECTION ( 'NONE',  ( 1.000000000000000000, 0.000000000000000000, 0.000000000000000000 ) ) ;
#2976 = DIRECTION ( 'NONE',  ( 0.000000000000000000, 0.000000000000000000, -1.000000000000000000 ) ) ;
#2977 = VERTEX_POINT ( 'NONE', #4294 ) ;
#2978 = ORIENTED_EDGE ( 'NONE', *, *, #5627, .F. ) ;
#2979 = VECTOR ( 'NONE', #702, 1000.000000000000000 ) ;
#2980 = DIRECTION ( 'NONE',  ( 0.000000000000000000, 0.000000000000000000, -1.000000000000000000 ) ) ;
#2981 = CARTESIAN_POINT ( 'NONE',  ( 27.59999999999999787, 1.030637635557567044, 3.864943216164022477 ) ) ;
#2982 = DIRECTION ( 'NONE',  ( -1.000000000000000000, -0.000000000000000000, -0.000000000000000000 ) ) ;
#2983 = EDGE_LOOP ( 'NONE', ( #4245, #5806, #279, #3677 ) ) ;
#2984 = VERTEX_POINT ( 'NONE', #6279 ) ;
#2985 = CYLINDRICAL_SURFACE ( 'NONE', #4402, 9.000000000000000000 ) ;
#2986 = CIRCLE ( 'NONE', #3725, 7.000000000000000888 ) ;
#2987 = ORIENTED_EDGE ( 'NONE', *, *, #6211, .F. ) ;
#2988 = DIRECTION ( 'NONE',  ( -1.000000000000000000, -0.000000000000000000, -0.000000000000000000 ) ) ;
#2989 = AXIS2_PLACEMENT_3D ( 'NONE', #138, #4621, #684 ) ;
#2990 = CARTESIAN_POINT ( 'NONE',  ( 1.500000000000000000, 0.000000000000000000, 0.1499999999999999944 ) ) ;
#2991 = ORIENTED_EDGE ( 'NONE', *, *, #264, .T. ) ;
#2992 = PLANE ( 'NONE',  #4606 ) ;
#2993 = DIRECTION ( 'NONE',  ( 0.000000000000000000, 0.000000000000000000, 1.000000000000000000 ) ) ;
#2994 = ORIENTED_EDGE ( 'NONE', *, *, #2451, .T. ) ;
#2995 = VECTOR ( 'NONE', #55, 1000.000000000000000 ) ;
#2996 = EDGE_CURVE ( 'NONE', #3064, #2818, #2342, .T. ) ;
#2997 = CARTESIAN_POINT ( 'NONE',  ( 24.10000000000000497, 7.100000000000003197, 8.450000000000001066 ) ) ;
#2998 = ORIENTED_EDGE ( 'NONE', *, *, #6309, .F. ) ;
#2999 = LINE ( 'NONE', #4954, #584 ) ;
#3000 = VECTOR ( 'NONE', #3445, 1000.000000000000000 ) ;
#3001 = CARTESIAN_POINT ( 'NONE',  ( 28.59999999999999787, -10.60302848086181804, -13.13818223212012626 ) ) ;
#3002 = FACE_OUTER_BOUND ( 'NONE', #6339, .T. ) ;
#3003 = CARTESIAN_POINT ( 'NONE',  ( 25.59999999999999787, 0.000000000000000000, 0.1499999999999999944 ) ) ;
#3004 = CARTESIAN_POINT ( 'NONE',  ( 33.60000000000000142, 0.000000000000000000, 0.000000000000000000 ) ) ;
#3005 = ADVANCED_FACE ( 'NONE', ( #3082 ), #6348, .T. ) ;
#3006 = AXIS2_PLACEMENT_3D ( 'NONE', #86, #1496, #3914 ) ;
#3007 = EDGE_CURVE ( 'NONE', #615, #2984, #3079, .T. ) ;
#3008 = EDGE_CURVE ( 'NONE', #3658, #579, #281, .T. ) ;
#3009 = DIRECTION ( 'NONE',  ( -0.000000000000000000, -0.000000000000000000, -1.000000000000000000 ) ) ;
#3010 = DIRECTION ( 'NONE',  ( 0.000000000000000000, 0.000000000000000000, -1.000000000000000000 ) ) ;
#3011 = AXIS2_PLACEMENT_3D ( 'NONE', #4138, #2181, #3550 ) ;
#3012 = CARTESIAN_POINT ( 'NONE',  ( 1.500000000000000000, 0.000000000000000000, 7.150000000000000355 ) ) ;
#3013 = ORIENTED_EDGE ( 'NONE', *, *, #3406, .T. ) ;
#3014 = ORIENTED_EDGE ( 'NONE', *, *, #3174, .T. ) ;
#3015 = AXIS2_PLACEMENT_3D ( 'NONE', #1777, #5324, #2202 ) ;
#3016 = DIRECTION ( 'NONE',  ( 0.000000000000000000, 0.000000000000000000, -1.000000000000000000 ) ) ;
#3017 =( LENGTH_UNIT ( ) NAMED_UNIT ( * ) SI_UNIT ( .MILLI., .METRE. ) );
#3018 = DIRECTION ( 'NONE',  ( 0.000000000000000000, 0.000000000000000000, 1.000000000000000000 ) ) ;
#3019 = ORIENTED_EDGE ( 'NONE', *, *, #5704, .T. ) ;
#3020 = CARTESIAN_POINT ( 'NONE',  ( 18.59999999999999787, 1.158410705710341659, -3.828587812352703956 ) ) ;
#3021 = ORIENTED_EDGE ( 'NONE', *, *, #4781, .F. ) ;
#3022 = CARTESIAN_POINT ( 'NONE',  ( 37.59999999999999432, -2.762069023147044167, -6.931785952275177465 ) ) ;
#3023 = FACE_OUTER_BOUND ( 'NONE', #403, .T. ) ;
#3024 = VERTEX_POINT ( 'NONE', #2007 ) ;
#3025 = DIRECTION ( 'NONE',  ( 0.000000000000000000, 0.000000000000000000, -1.000000000000000000 ) ) ;
#3026 = LINE ( 'NONE', #4008, #1948 ) ;
#3027 = ORIENTED_EDGE ( 'NONE', *, *, #1402, .T. ) ;
#3028 = FACE_OUTER_BOUND ( 'NONE', #4712, .T. ) ;
#3029 = ORIENTED_EDGE ( 'NONE', *, *, #5177, .F. ) ;
#3030 = CARTESIAN_POINT ( 'NONE',  ( 0.000000000000000000, 7.099999999999999645, -8.450000000000001066 ) ) ;
#3031 = DIRECTION ( 'NONE',  ( -1.000000000000000000, -0.000000000000000000, -0.000000000000000000 ) ) ;
#3032 = DIRECTION ( 'NONE',  ( 0.000000000000000000, 0.000000000000000000, -1.000000000000000000 ) ) ;
#3033 = DIRECTION ( 'NONE',  ( -1.000000000000000000, -0.000000000000000000, -0.000000000000000000 ) ) ;
#3034 = DIRECTION ( 'NONE',  ( -1.000000000000000000, -1.278665952808456908E-16, 0.000000000000000000 ) ) ;
#3035 = ADVANCED_FACE ( 'NONE', ( #5976 ), #5032, .F. ) ;
#3036 = EDGE_CURVE ( 'NONE', #3658, #5531, #6092, .T. ) ;
#3037 = FACE_OUTER_BOUND ( 'NONE', #5288, .T. ) ;
#3038 = LINE ( 'NONE', #4443, #2348 ) ;
#3039 = CIRCLE ( 'NONE', #3660, 5.000000000000000000 ) ;
#3040 = CYLINDRICAL_SURFACE ( 'NONE', #3930, 7.000000000000000000 ) ;
#3041 = VERTEX_POINT ( 'NONE', #3508 ) ;
#3042 = EDGE_LOOP ( 'NONE', ( #8, #1391 ) ) ;
#3043 = EDGE_CURVE ( 'NONE', #4773, #5412, #6041, .T. ) ;
#3044 = EDGE_CURVE ( 'NONE', #1318, #3835, #1032, .T. ) ;
#3045 = CIRCLE ( 'NONE', #6050, 5.000000000000000000 ) ;
#3046 = EDGE_CURVE ( 'NONE', #4106, #3323, #2760, .T. ) ;
#3047 = CARTESIAN_POINT ( 'NONE',  ( 29.59999999999999787, 0.000000000000000000, 7.150000000000002132 ) ) ;
#3048 = APPLICATION_CONTEXT ( 'automotive_design' ) ;
#3049 = DIRECTION ( 'NONE',  ( -1.000000000000000000, -0.000000000000000000, -0.000000000000000000 ) ) ;
#3050 = ORIENTED_EDGE ( 'NONE', *, *, #5628, .T. ) ;
#3051 = AXIS2_PLACEMENT_3D ( 'NONE', #5916, #4382, #3969 ) ;
#3052 = ORIENTED_EDGE ( 'NONE', *, *, #1125, .T. ) ;
#3053 = EDGE_CURVE ( 'NONE', #3176, #3989, #3599, .T. ) ;
#3054 = AXIS2_PLACEMENT_3D ( 'NONE', #1362, #2308, #5374 ) ;
#3055 = FACE_OUTER_BOUND ( 'NONE', #6370, .T. ) ;
#3056 = FACE_BOUND ( 'NONE', #3042, .T. ) ;
#3057 = ORIENTED_EDGE ( 'NONE', *, *, #6021, .F. ) ;
#3058 = DIRECTION ( 'NONE',  ( 0.000000000000000000, -0.000000000000000000, 1.000000000000000000 ) ) ;
#3059 = CARTESIAN_POINT ( 'NONE',  ( 38.59999999999999432, -2.763066821399118744, 7.121905987407648020 ) ) ;
#3060 = ORIENTED_EDGE ( 'NONE', *, *, #661, .F. ) ;
#3061 = AXIS2_PLACEMENT_3D ( 'NONE', #101, #5456, #996 ) ;
#3062 = CARTESIAN_POINT ( 'NONE',  ( -47.19999999999999574, 5.500000000000000000, -2.699999999999993960 ) ) ;
#3063 = AXIS2_PLACEMENT_3D ( 'NONE', #4703, #1637, #3630 ) ;
#3064 = VERTEX_POINT ( 'NONE', #5492 ) ;
#3065 = CARTESIAN_POINT ( 'NONE',  ( 39.59999999999999432, -2.763066821399118744, 7.121905987407648020 ) ) ;
#3066 = CARTESIAN_POINT ( 'NONE',  ( -52.69999999999999574, 0.000000000000000000, 5.000000000000006217 ) ) ;
#3067 = CYLINDRICAL_SURFACE ( 'NONE', #5480, 7.000000000000000000 ) ;
#3068 = DIRECTION ( 'NONE',  ( -0.000000000000000000, -1.000000000000000000, -0.000000000000000000 ) ) ;
#3069 = CARTESIAN_POINT ( 'NONE',  ( 1.500000000000002220, -2.763066821399118744, 7.121905987407648020 ) ) ;
#3070 = CIRCLE ( 'NONE', #4940, 7.000000000000000888 ) ;
#3071 = FACE_OUTER_BOUND ( 'NONE', #871, .T. ) ;
#3072 = VECTOR ( 'NONE', #2869, 1000.000000000000000 ) ;
#3073 = DIRECTION ( 'NONE',  ( 0.000000000000000000, 0.000000000000000000, -1.000000000000000000 ) ) ;
#3074 = AXIS2_PLACEMENT_3D ( 'NONE', #4658, #4594, #208 ) ;
#3075 = DIRECTION ( 'NONE',  ( -1.000000000000000000, -0.000000000000000000, -0.000000000000000000 ) ) ;
#3076 = ORIENTED_EDGE ( 'NONE', *, *, #2716, .T. ) ;
#3077 = ORIENTED_EDGE ( 'NONE', *, *, #1771, .F. ) ;
#3078 = EDGE_CURVE ( 'NONE', #2159, #5233, #5254, .T. ) ;
#3079 = CIRCLE ( 'NONE', #893, 7.000000000000000888 ) ;
#3080 = FACE_OUTER_BOUND ( 'NONE', #2112, .T. ) ;
#3081 = EDGE_CURVE ( 'NONE', #3112, #5427, #78, .T. ) ;
#3082 = FACE_OUTER_BOUND ( 'NONE', #1711, .T. ) ;
#3083 = ORIENTED_EDGE ( 'NONE', *, *, #5902, .F. ) ;
#3084 = DIRECTION ( 'NONE',  ( -1.000000000000000000, -0.000000000000000000, -0.000000000000000000 ) ) ;
#3085 = CIRCLE ( 'NONE', #593, 10.00000000000000178 ) ;
#3086 = ORIENTED_EDGE ( 'NONE', *, *, #227, .T. ) ;
#3087 = EDGE_CURVE ( 'NONE', #4106, #1985, #578, .T. ) ;
#3088 = DIRECTION ( 'NONE',  ( 0.000000000000000000, 0.000000000000000000, 1.000000000000000000 ) ) ;
#3089 = ADVANCED_FACE ( 'NONE', ( #3995 ), #545, .F. ) ;
#3090 = FACE_OUTER_BOUND ( 'NONE', #835, .T. ) ;
#3091 = ORIENTED_EDGE ( 'NONE', *, *, #3411, .T. ) ;
#3092 = CIRCLE ( 'NONE', #1628, 5.000000000000000888 ) ;
#3093 = CARTESIAN_POINT ( 'NONE',  ( 33.60000000000000142, 8.572527594031474176E-16, -6.850000000000002309 ) ) ;
#3094 = DIRECTION ( 'NONE',  ( 1.000000000000000000, -0.000000000000000000, -0.000000000000000000 ) ) ;
#3095 = EDGE_LOOP ( 'NONE', ( #5278, #2190, #4383, #6076 ) ) ;
#3096 = AXIS2_PLACEMENT_3D ( 'NONE', #1305, #6195, #3301 ) ;
#3097 = DIRECTION ( 'NONE',  ( -1.000000000000000000, -0.000000000000000000, -0.000000000000000000 ) ) ;
#3098 = EDGE_LOOP ( 'NONE', ( #5107, #3355, #2676, #3901 ) ) ;
#3099 = CARTESIAN_POINT ( 'NONE',  ( 35.60000000000000142, -4.261960596893379360, 5.702989453486132732 ) ) ;
#3100 = CARTESIAN_POINT ( 'NONE',  ( -40.70000000000000284, 9.000000000000000000, 2.700000000000007283 ) ) ;
#3101 = DIRECTION ( 'NONE',  ( 0.000000000000000000, 0.000000000000000000, -1.000000000000000000 ) ) ;
#3102 = AXIS2_PLACEMENT_3D ( 'NONE', #1879, #3866, #943 ) ;
#3103 = DIRECTION ( 'NONE',  ( 1.000000000000000000, 0.000000000000000000, 0.000000000000000000 ) ) ;
#3104 = LINE ( 'NONE', #1170, #4406 ) ;
#3105 = AXIS2_PLACEMENT_3D ( 'NONE', #3794, #3310, #2721 ) ;
#3106 = AXIS2_PLACEMENT_3D ( 'NONE', #1462, #913, #1987 ) ;
#3107 = CARTESIAN_POINT ( 'NONE',  ( 41.60000000000000142, 0.000000000000000000, 0.000000000000000000 ) ) ;
#3108 = VERTEX_POINT ( 'NONE', #2041 ) ;
#3109 = DIRECTION ( 'NONE',  ( -1.000000000000000000, -0.000000000000000000, -0.000000000000000000 ) ) ;
#3110 = LINE ( 'NONE', #3012, #6424 ) ;
#3111 = ORIENTED_EDGE ( 'NONE', *, *, #3931, .F. ) ;
#3112 = VERTEX_POINT ( 'NONE', #1090 ) ;
#3113 = AXIS2_PLACEMENT_3D ( 'NONE', #3777, #1264, #5859 ) ;
#3114 = CARTESIAN_POINT ( 'NONE',  ( -43.29999999999999716, 9.378143885933059920, 2.700000000000008171 ) ) ;
#3115 = CIRCLE ( 'NONE', #520, 7.249999999999999112 ) ;
#3116 = LINE ( 'NONE', #6166, #4843 ) ;
#3117 = ORIENTED_EDGE ( 'NONE', *, *, #123, .F. ) ;
#3118 = FACE_OUTER_BOUND ( 'NONE', #6235, .T. ) ;
#3119 = ORIENTED_EDGE ( 'NONE', *, *, #3053, .F. ) ;
#3120 = EDGE_CURVE ( 'NONE', #3064, #2749, #130, .T. ) ;
#3121 = DIRECTION ( 'NONE',  ( -1.000000000000000000, 0.000000000000000000, 0.000000000000000000 ) ) ;
#3122 = EDGE_CURVE ( 'NONE', #3698, #5772, #2973, .T. ) ;
#3123 =( NAMED_UNIT ( * ) SI_UNIT ( $, .STERADIAN. ) SOLID_ANGLE_UNIT ( ) );
#3124 = VERTEX_POINT ( 'NONE', #1548 ) ;
#3125 = DIRECTION ( 'NONE',  ( 1.000000000000000000, 0.000000000000000000, 0.000000000000000000 ) ) ;
#3126 = DIRECTION ( 'NONE',  ( -0.000000000000000000, -0.000000000000000000, -1.000000000000000000 ) ) ;
#3127 = ORIENTED_EDGE ( 'NONE', *, *, #4470, .F. ) ;
#3128 = EDGE_CURVE ( 'NONE', #3935, #287, #3542, .T. ) ;
#3129 = ADVANCED_FACE ( 'NONE', ( #2101 ), #4092, .F. ) ;
#3130 = CARTESIAN_POINT ( 'NONE',  ( 24.59999999999999787, 8.572527594031474176E-16, -6.850000000000002309 ) ) ;
#3131 = PRODUCT_DEFINITION_SHAPE ( 'NONE', 'NONE',  #2792 ) ;
#3132 = ORIENTED_EDGE ( 'NONE', *, *, #1877, .F. ) ;
#3133 = CARTESIAN_POINT ( 'NONE',  ( 31.59999999999999787, 0.000000000000000000, 0.1499999999999999944 ) ) ;
#3134 = DIRECTION ( 'NONE',  ( 0.000000000000000000, 0.000000000000000000, 1.000000000000000000 ) ) ;
#3135 = DIRECTION ( 'NONE',  ( -1.000000000000000000, -0.000000000000000000, -0.000000000000000000 ) ) ;
#3136 = CARTESIAN_POINT ( 'NONE',  ( 18.59999999999999787, -10.60302848086181804, -13.13818223212012626 ) ) ;
#3137 = LINE ( 'NONE', #4664, #5396 ) ;
#3138 = LINE ( 'NONE', #5608, #1292 ) ;
#3139 = ORIENTED_EDGE ( 'NONE', *, *, #1204, .T. ) ;
#3140 = CARTESIAN_POINT ( 'NONE',  ( -43.29999999999999716, 14.50000000000000355, -3.000000000000000444 ) ) ;
#3141 = FACE_OUTER_BOUND ( 'NONE', #3869, .T. ) ;
#3142 = ORIENTED_EDGE ( 'NONE', *, *, #577, .T. ) ;
#3143 = AXIS2_PLACEMENT_3D ( 'NONE', #6124, #1658, #5633 ) ;
#3144 = CARTESIAN_POINT ( 'NONE',  ( 13.80000000000000249, 22.00000000000000711, -4.500000000000003553 ) ) ;
#3145 = PLANE ( 'NONE',  #3597 ) ;
#3146 = ORIENTED_EDGE ( 'NONE', *, *, #2674, .F. ) ;
#3147 = LINE ( 'NONE', #5281, #2941 ) ;
#3148 = ORIENTED_EDGE ( 'NONE', *, *, #1133, .F. ) ;
#3149 = VECTOR ( 'NONE', #3349, 1000.000000000000000 ) ;
#3150 = FACE_OUTER_BOUND ( 'NONE', #6320, .T. ) ;
#3151 = SHAPE_REPRESENTATION_RELATIONSHIP ( 'NONE' , 'NONE' ,  #4623, #1323 ) ;
#3152 = CIRCLE ( 'NONE', #557, 3.500000000000003109 ) ;
#3153 = ORIENTED_EDGE ( 'NONE', *, *, #3962, .T. ) ;
#3154 = DIRECTION ( 'NONE',  ( 0.000000000000000000, 0.000000000000000000, -1.000000000000000000 ) ) ;
#3155 = EDGE_CURVE ( 'NONE', #6074, #2159, #4021, .T. ) ;
#3156 = EDGE_LOOP ( 'NONE', ( #6196, #2803, #999, #5786 ) ) ;
#3157 = EDGE_CURVE ( 'NONE', #3814, #4966, #1194, .T. ) ;
#3158 = CIRCLE ( 'NONE', #5550, 10.00000000000000178 ) ;
#3159 = DIRECTION ( 'NONE',  ( -1.278665952808456908E-16, 1.000000000000000000, -0.000000000000000000 ) ) ;
#3160 = ORIENTED_EDGE ( 'NONE', *, *, #1248, .F. ) ;
#3161 = CARTESIAN_POINT ( 'NONE',  ( 1.500000000000002220, -2.763066821399118744, 7.121905987407648020 ) ) ;
#3162 = LINE ( 'NONE', #5536, #2207 ) ;
#3163 = DIRECTION ( 'NONE',  ( 0.000000000000000000, 0.000000000000000000, -1.000000000000000000 ) ) ;
#3164 = ADVANCED_FACE ( 'NONE', ( #5680 ), #3238, .F. ) ;
#3165 = CIRCLE ( 'NONE', #1596, 5.000000000000000000 ) ;
#3166 = CARTESIAN_POINT ( 'NONE',  ( 29.59999999999999787, -4.261960596893379360, 5.702989453486132732 ) ) ;
#3167 = ADVANCED_FACE ( 'NONE', ( #4644, #2654 ), #3145, .F. ) ;
#3168 = AXIS2_PLACEMENT_3D ( 'NONE', #673, #1151, #6071 ) ;
#3169 = DIRECTION ( 'NONE',  ( -1.000000000000000000, -0.000000000000000000, -0.000000000000000000 ) ) ;
#3170 = ORIENTED_EDGE ( 'NONE', *, *, #2690, .T. ) ;
#3171 = DIRECTION ( 'NONE',  ( 0.000000000000000000, 0.000000000000000000, -1.000000000000000000 ) ) ;
#3172 = ORIENTED_EDGE ( 'NONE', *, *, #1685, .T. ) ;
#3173 = CARTESIAN_POINT ( 'NONE',  ( 26.59999999999999787, -10.35047573531249654, 13.63583152989489911 ) ) ;
#3174 = EDGE_CURVE ( 'NONE', #4258, #2431, #3116, .T. ) ;
#3175 = CARTESIAN_POINT ( 'NONE',  ( 0.000000000000000000, 7.099999999999999645, -9.000000000000001776 ) ) ;
#3176 = VERTEX_POINT ( 'NONE', #1639 ) ;
#3177 = CIRCLE ( 'NONE', #679, 5.499999999999998224 ) ;
#3178 = VECTOR ( 'NONE', #4596, 1000.000000000000000 ) ;
#3179 = VECTOR ( 'NONE', #4496, 1000.000000000000000 ) ;
#3180 = DIRECTION ( 'NONE',  ( -1.000000000000000000, -0.000000000000000000, -0.000000000000000000 ) ) ;
#3181 = DIRECTION ( 'NONE',  ( -0.000000000000000000, -0.000000000000000000, -1.000000000000000000 ) ) ;
#3182 = ORIENTED_EDGE ( 'NONE', *, *, #193, .T. ) ;
#3183 = ORIENTED_EDGE ( 'NONE', *, *, #1059, .T. ) ;
#3184 = VECTOR ( 'NONE', #3569, 1000.000000000000000 ) ;
#3185 = DIRECTION ( 'NONE',  ( -1.000000000000000000, -0.000000000000000000, -0.000000000000000000 ) ) ;
#3186 = AXIS2_PLACEMENT_3D ( 'NONE', #5419, #5451, #1998 ) ;
#3187 = ORIENTED_EDGE ( 'NONE', *, *, #3452, .F. ) ;
#3188 = CARTESIAN_POINT ( 'NONE',  ( 13.80000000000000249, 20.25000000000000711, 6.249999999999999112 ) ) ;
#3189 = ORIENTED_EDGE ( 'NONE', *, *, #4113, .T. ) ;
#3190 = VECTOR ( 'NONE', #2288, 1000.000000000000000 ) ;
#3191 = LINE ( 'NONE', #5170, #5187 ) ;
#3192 = ORIENTED_EDGE ( 'NONE', *, *, #5104, .T. ) ;
#3193 = CARTESIAN_POINT ( 'NONE',  ( -40.70000000000000284, 0.000000000000000000, -8.450000000000001066 ) ) ;
#3194 = DIRECTION ( 'NONE',  ( 1.000000000000000000, 0.000000000000000000, 0.000000000000000000 ) ) ;
#3195 = CARTESIAN_POINT ( 'NONE',  ( 32.59999999999999432, 2.606424087848269178, -8.614322577793585012 ) ) ;
#3196 = CARTESIAN_POINT ( 'NONE',  ( 6.392474825692381676E-16, 10.25000000000000533, 0.000000000000000000 ) ) ;
#3197 = AXIS2_PLACEMENT_3D ( 'NONE', #1665, #160, #1542 ) ;
#3198 = EDGE_CURVE ( 'NONE', #3989, #941, #3632, .T. ) ;
#3199 = CYLINDRICAL_SURFACE ( 'NONE', #5286, 5.000000000000000000 ) ;
#3200 = ORIENTED_EDGE ( 'NONE', *, *, #1924, .F. ) ;
#3201 = DIRECTION ( 'NONE',  ( 0.000000000000000000, 0.000000000000000000, -1.000000000000000000 ) ) ;
#3202 = CIRCLE ( 'NONE', #5691, 7.000000000000000888 ) ;
#3203 = EDGE_CURVE ( 'NONE', #1415, #3449, #3801, .T. ) ;
#3204 = VERTEX_POINT ( 'NONE', #4676 ) ;
#3205 = CYLINDRICAL_SURFACE ( 'NONE', #4743, 5.000000000000000000 ) ;
#3206 = DIRECTION ( 'NONE',  ( 0.000000000000000000, 0.000000000000000000, -1.000000000000000000 ) ) ;
#3207 = ORIENTED_EDGE ( 'NONE', *, *, #5195, .F. ) ;
#3208 = VECTOR ( 'NONE', #2201, 1000.000000000000000 ) ;
#3209 = EDGE_CURVE ( 'NONE', #1953, #2789, #2746, .T. ) ;
#3210 = CYLINDRICAL_SURFACE ( 'NONE', #572, 5.000000000000000000 ) ;
#3211 = DIRECTION ( 'NONE',  ( 0.000000000000000000, -1.858632295689441920E-15, -1.000000000000000000 ) ) ;
#3212 = CIRCLE ( 'NONE', #5803, 5.499999999999998224 ) ;
#3213 = ORIENTED_EDGE ( 'NONE', *, *, #2325, .T. ) ;
#3214 = ORIENTED_EDGE ( 'NONE', *, *, #1725, .F. ) ;
#3215 = VECTOR ( 'NONE', #2446, 1000.000000000000000 ) ;
#3216 = DIRECTION ( 'NONE',  ( 0.000000000000000000, 0.000000000000000000, -1.000000000000000000 ) ) ;
#3217 = DIRECTION ( 'NONE',  ( 0.000000000000000000, 6.938893903907228378E-18, -1.000000000000000222 ) ) ;
#3218 = VERTEX_POINT ( 'NONE', #1245 ) ;
#3219 = CARTESIAN_POINT ( 'NONE',  ( 1.500000000000000000, 0.000000000000000000, 7.150000000000000355 ) ) ;
#3220 = AXIS2_PLACEMENT_3D ( 'NONE', #3425, #5466, #4004 ) ;
#3221 = VERTEX_POINT ( 'NONE', #3696 ) ;
#3222 = DIRECTION ( 'NONE',  ( 0.000000000000000000, 0.000000000000000000, -1.000000000000000000 ) ) ;
#3223 = ORIENTED_EDGE ( 'NONE', *, *, #1043, .T. ) ;
#3224 = FACE_OUTER_BOUND ( 'NONE', #5854, .T. ) ;
#3225 = CARTESIAN_POINT ( 'NONE',  ( 20.59999999999999787, 0.000000000000000000, 0.1499999999999999944 ) ) ;
#3226 = CARTESIAN_POINT ( 'NONE',  ( 40.59999999999999432, 2.606424087848269178, -8.614322577793585012 ) ) ;
#3227 = CARTESIAN_POINT ( 'NONE',  ( 27.59999999999999787, 1.030637635557567044, 3.864943216164022477 ) ) ;
#3228 = DIRECTION ( 'NONE',  ( 0.000000000000000000, 0.000000000000000000, 1.000000000000000000 ) ) ;
#3229 = ORIENTED_EDGE ( 'NONE', *, *, #2882, .T. ) ;
#3230 = CARTESIAN_POINT ( 'NONE',  ( 36.59999999999999432, -2.762069023147042390, -6.931785952275175688 ) ) ;
#3231 = ORIENTED_EDGE ( 'NONE', *, *, #2673, .T. ) ;
#3232 = DIRECTION ( 'NONE',  ( -1.000000000000000000, -0.000000000000000000, -0.000000000000000000 ) ) ;
#3233 = CARTESIAN_POINT ( 'NONE',  ( 25.59999999999999787, -4.365952903884278591, -5.321604448520052877 ) ) ;
#3234 = VERTEX_POINT ( 'NONE', #4704 ) ;
#3235 = EDGE_CURVE ( 'NONE', #4856, #4616, #2228, .T. ) ;
#3236 = EDGE_CURVE ( 'NONE', #787, #4139, #1740, .T. ) ;
#3237 = FILL_AREA_STYLE_COLOUR ( '', #3484 ) ;
#3238 = PLANE ( 'NONE',  #2038 ) ;
#3239 = ORIENTED_EDGE ( 'NONE', *, *, #344, .T. ) ;
#3240 = EDGE_CURVE ( 'NONE', #140, #4038, #641, .T. ) ;
#3241 = ORIENTED_EDGE ( 'NONE', *, *, #74, .F. ) ;
#3242 = EDGE_CURVE ( 'NONE', #311, #4392, #2135, .T. ) ;
#3243 = AXIS2_PLACEMENT_3D ( 'NONE', #119, #4628, #1590 ) ;
#3244 = CARTESIAN_POINT ( 'NONE',  ( -43.29999999999999716, 7.000000000000006217, 5.000000000000000000 ) ) ;
#3245 =( NAMED_UNIT ( * ) PLANE_ANGLE_UNIT ( ) SI_UNIT ( $, .RADIAN. ) );
#3246 = ORIENTED_EDGE ( 'NONE', *, *, #1487, .F. ) ;
#3247 = ORIENTED_EDGE ( 'NONE', *, *, #3157, .T. ) ;
#3248 = CYLINDRICAL_SURFACE ( 'NONE', #4388, 3.000000000000000444 ) ;
#3249 = EDGE_CURVE ( 'NONE', #1193, #1063, #674, .T. ) ;
#3250 = AXIS2_PLACEMENT_3D ( 'NONE', #2432, #7, #518 ) ;
#3251 = EDGE_LOOP ( 'NONE', ( #4492, #2878, #230, #144 ) ) ;
#3252 = AXIS2_PLACEMENT_3D ( 'NONE', #968, #4352, #2951 ) ;
#3253 = DIRECTION ( 'NONE',  ( -0.000000000000000000, 0.000000000000000000, 1.000000000000000000 ) ) ;
#3254 = EDGE_LOOP ( 'NONE', ( #4745, #2136, #1679, #907 ) ) ;
#3255 = LINE ( 'NONE', #878, #2034 ) ;
#3256 = CARTESIAN_POINT ( 'NONE',  ( 23.59999999999999432, 1.158410705710341659, -3.828587812352703956 ) ) ;
#3257 = CARTESIAN_POINT ( 'NONE',  ( 38.59999999999999432, 1.158410705710341659, -3.828587812352703956 ) ) ;
#3258 = CARTESIAN_POINT ( 'NONE',  ( 33.60000000000000142, -2.762069023147044167, -6.931785952275177465 ) ) ;
#3259 = CIRCLE ( 'NONE', #455, 5.000000000000000000 ) ;
#3260 = DIRECTION ( 'NONE',  ( -0.000000000000000000, -0.000000000000000000, -1.000000000000000000 ) ) ;
#3261 = AXIS2_PLACEMENT_3D ( 'NONE', #513, #6039, #2592 ) ;
#3262 = ORIENTED_EDGE ( 'NONE', *, *, #1889, .T. ) ;
#3263 = CARTESIAN_POINT ( 'NONE',  ( 29.04974746830583143, 20.25000000000000711, -6.250000000000000888 ) ) ;
#3264 = ORIENTED_EDGE ( 'NONE', *, *, #5825, .T. ) ;
#3265 = FACE_OUTER_BOUND ( 'NONE', #1255, .T. ) ;
#3266 = CARTESIAN_POINT ( 'NONE',  ( 31.59999999999999787, -2.762069023147044167, -6.931785952275177465 ) ) ;
#3267 = CARTESIAN_POINT ( 'NONE',  ( -52.69999999999999574, 38.49999999999999289, -2.699999999999993516 ) ) ;
#3268 = ORIENTED_EDGE ( 'NONE', *, *, #2132, .F. ) ;
#3269 = ADVANCED_BREP_SHAPE_REPRESENTATION ( '', ( #1901, #6248, #831 ), #1976 ) ;
#3270 = CIRCLE ( 'NONE', #1278, 5.000000000000000000 ) ;
#3271 = FACE_BOUND ( 'NONE', #1277, .T. ) ;
#3272 = AXIS2_PLACEMENT_3D ( 'NONE', #3924, #959, #4472 ) ;
#3273 = ADVANCED_FACE ( 'NONE', ( #707 ), #224, .F. ) ;
#3274 = ORIENTED_EDGE ( 'NONE', *, *, #3007, .F. ) ;
#3275 = ORIENTED_EDGE ( 'NONE', *, *, #5542, .F. ) ;
#3276 = AXIS2_PLACEMENT_3D ( 'NONE', #3535, #1938, #4895 ) ;
#3277 = EDGE_CURVE ( 'NONE', #392, #5601, #2262, .T. ) ;
#3278 = LINE ( 'NONE', #3244, #4663 ) ;
#3279 = DIRECTION ( 'NONE',  ( -1.000000000000000000, -0.000000000000000000, -0.000000000000000000 ) ) ;
#3280 = VERTEX_POINT ( 'NONE', #5712 ) ;
#3281 = ADVANCED_FACE ( 'NONE', ( #5219 ), #4253, .F. ) ;
#3282 = ORIENTED_EDGE ( 'NONE', *, *, #3847, .T. ) ;
#3283 = FACE_OUTER_BOUND ( 'NONE', #5581, .T. ) ;
#3284 = AXIS2_PLACEMENT_3D ( 'NONE', #1259, #3841, #3807 ) ;
#3285 = ORIENTED_EDGE ( 'NONE', *, *, #6390, .T. ) ;
#3286 = ADVANCED_FACE ( 'NONE', ( #1802 ), #4896, .T. ) ;
#3287 = VECTOR ( 'NONE', #3728, 1000.000000000000000 ) ;
#3288 = DIRECTION ( 'NONE',  ( -0.000000000000000000, -1.000000000000000000, -0.000000000000000000 ) ) ;
#3289 = ORIENTED_EDGE ( 'NONE', *, *, #4634, .F. ) ;
#3290 = CARTESIAN_POINT ( 'NONE',  ( 1.500000000000002220, -10.35047573531249654, 13.63583152989489911 ) ) ;
#3291 = DIRECTION ( 'NONE',  ( -1.000000000000000000, -0.000000000000000000, -0.000000000000000000 ) ) ;
#3292 = CARTESIAN_POINT ( 'NONE',  ( 36.59999999999999432, 0.000000000000000000, 0.000000000000000000 ) ) ;
#3293 = DIRECTION ( 'NONE',  ( 0.000000000000000000, 0.000000000000000000, -1.000000000000000000 ) ) ;
#3294 = AXIS2_PLACEMENT_3D ( 'NONE', #5969, #1506, #536 ) ;
#3295 = DIRECTION ( 'NONE',  ( -1.000000000000000000, -0.000000000000000000, -0.000000000000000000 ) ) ;
#3296 = ORIENTED_EDGE ( 'NONE', *, *, #4042, .F. ) ;
#3297 = CARTESIAN_POINT ( 'NONE',  ( 13.80000000000000249, 20.25000000000000711, 8.000000000000000000 ) ) ;
#3298 = ORIENTED_EDGE ( 'NONE', *, *, #3996, .T. ) ;
#3299 = CARTESIAN_POINT ( 'NONE',  ( 32.59999999999999432, 0.000000000000000000, 0.000000000000000000 ) ) ;
#3300 = AXIS2_PLACEMENT_3D ( 'NONE', #5236, #4815, #1360 ) ;
#3301 = DIRECTION ( 'NONE',  ( 0.000000000000000000, 0.000000000000000000, 1.000000000000000000 ) ) ;
#3302 = LINE ( 'NONE', #5832, #1586 ) ;
#3303 = AXIS2_PLACEMENT_3D ( 'NONE', #650, #4135, #5041 ) ;
#3304 =( LENGTH_UNIT ( ) NAMED_UNIT ( * ) SI_UNIT ( .MILLI., .METRE. ) );
#3305 = DIRECTION ( 'NONE',  ( -1.000000000000000000, -0.000000000000000000, -0.000000000000000000 ) ) ;
#3306 = VERTEX_POINT ( 'NONE', #1939 ) ;
#3307 = ORIENTED_EDGE ( 'NONE', *, *, #4781, .T. ) ;
#3308 = CIRCLE ( 'NONE', #3618, 7.000000000000000888 ) ;
#3309 = ORIENTED_EDGE ( 'NONE', *, *, #1138, .T. ) ;
#3310 = DIRECTION ( 'NONE',  ( 1.000000000000000000, 0.000000000000000000, 0.000000000000000000 ) ) ;
#3311 = CARTESIAN_POINT ( 'NONE',  ( -47.19999999999999574, 5.500000000000000000, 5.000000000000004441 ) ) ;
#3312 = AXIS2_PLACEMENT_3D ( 'NONE', #1350, #4870, #4414 ) ;
#3313 = VECTOR ( 'NONE', #2118, 1000.000000000000000 ) ;
#3314 = APPLICATION_PROTOCOL_DEFINITION ( 'draft international standard', 'automotive_design', 1998, #1378 ) ;
#3315 = ORIENTED_EDGE ( 'NONE', *, *, #384, .T. ) ;
#3316 = EDGE_LOOP ( 'NONE', ( #1552, #3014, #3952, #170 ) ) ;
#3317 = CARTESIAN_POINT ( 'NONE',  ( 38.59999999999999432, 0.000000000000000000, 0.000000000000000000 ) ) ;
#3318 = VERTEX_POINT ( 'NONE', #2811 ) ;
#3319 = ADVANCED_FACE ( 'NONE', ( #2354, #2780 ), #862, .F. ) ;
#3320 = AXIS2_PLACEMENT_3D ( 'NONE', #2039, #5000, #2528 ) ;
#3321 = ADVANCED_FACE ( 'NONE', ( #5386 ), #4799, .T. ) ;
#3322 = CARTESIAN_POINT ( 'NONE',  ( -52.69999999999999574, 5.500000000000000000, -4.999999999999992895 ) ) ;
#3323 = VERTEX_POINT ( 'NONE', #5737 ) ;
#3324 = CARTESIAN_POINT ( 'NONE',  ( -0.002000000000002000178, 0.000000000000000000, 0.000000000000000000 ) ) ;
#3325 = VECTOR ( 'NONE', #1196, 1000.000000000000000 ) ;
#3326 = LINE ( 'NONE', #3488, #139 ) ;
#3327 = CARTESIAN_POINT ( 'NONE',  ( 35.60000000000000142, 0.000000000000000000, 0.1499999999999999944 ) ) ;
#3328 = CARTESIAN_POINT ( 'NONE',  ( 1.500000000000000000, -4.365952903884278591, -5.321604448520052877 ) ) ;
#3329 = EDGE_CURVE ( 'NONE', #863, #4445, #1346, .T. ) ;
#3330 = EDGE_CURVE ( 'NONE', #3221, #6143, #3811, .T. ) ;
#3331 = EDGE_CURVE ( 'NONE', #3234, #5525, #4539, .T. ) ;
#3332 = DIRECTION ( 'NONE',  ( 0.000000000000000000, 0.000000000000000000, -1.000000000000000000 ) ) ;
#3333 = ORIENTED_EDGE ( 'NONE', *, *, #2918, .T. ) ;
#3334 = DIRECTION ( 'NONE',  ( 0.000000000000000000, 0.000000000000000000, -1.000000000000000000 ) ) ;
#3335 = ORIENTED_EDGE ( 'NONE', *, *, #4983, .T. ) ;
#3336 = DIRECTION ( 'NONE',  ( 0.000000000000000000, 0.000000000000000000, -1.000000000000000000 ) ) ;
#3337 = CARTESIAN_POINT ( 'NONE',  ( 22.10000000000000142, 29.50000000000000000, -7.999999999999996447 ) ) ;
#3338 = FACE_OUTER_BOUND ( 'NONE', #128, .T. ) ;
#3339 = ADVANCED_FACE ( 'NONE', ( #3855 ), #4864, .F. ) ;
#3340 =( NAMED_UNIT ( * ) PLANE_ANGLE_UNIT ( ) SI_UNIT ( $, .RADIAN. ) );
#3341 = CARTESIAN_POINT ( 'NONE',  ( -47.19999999999999574, 5.500000000000000000, 2.700000000000008171 ) ) ;
#3342 = ORIENTED_EDGE ( 'NONE', *, *, #2643, .T. ) ;
#3343 = ORIENTED_EDGE ( 'NONE', *, *, #5513, .T. ) ;
#3344 = VERTEX_POINT ( 'NONE', #6263 ) ;
#3345 = CARTESIAN_POINT ( 'NONE',  ( 39.59999999999999432, 0.000000000000000000, 0.000000000000000000 ) ) ;
#3346 = CARTESIAN_POINT ( 'NONE',  ( 1.500000000000000000, 0.000000000000000000, 7.150000000000000355 ) ) ;
#3347 = ORIENTED_EDGE ( 'NONE', *, *, #3602, .F. ) ;
#3348 = ORIENTED_EDGE ( 'NONE', *, *, #5815, .F. ) ;
#3349 = DIRECTION ( 'NONE',  ( -1.000000000000000000, -0.000000000000000000, -0.000000000000000000 ) ) ;
#3350 = ORIENTED_EDGE ( 'NONE', *, *, #2605, .F. ) ;
#3351 = DIRECTION ( 'NONE',  ( -1.000000000000000000, -0.000000000000000000, -0.000000000000000000 ) ) ;
#3352 = ADVANCED_FACE ( 'NONE', ( #929 ), #1834, .F. ) ;
#3353 = CARTESIAN_POINT ( 'NONE',  ( 22.10000000000000142, 2.400000000000002576, -7.450000000000001066 ) ) ;
#3354 = AXIS2_PLACEMENT_3D ( 'NONE', #947, #5820, #4328 ) ;
#3355 = ORIENTED_EDGE ( 'NONE', *, *, #2363, .F. ) ;
#3356 = DIRECTION ( 'NONE',  ( 1.000000000000000000, 0.000000000000000000, 0.000000000000000000 ) ) ;
#3357 = DIRECTION ( 'NONE',  ( 0.000000000000000000, 0.000000000000000000, 1.000000000000000000 ) ) ;
#3358 = CARTESIAN_POINT ( 'NONE',  ( 27.59999999999999787, -2.762069023147044167, -6.931785952275177465 ) ) ;
#3359 = FACE_OUTER_BOUND ( 'NONE', #1973, .T. ) ;
#3360 = ADVANCED_FACE ( 'NONE', ( #5770 ), #1309, .T. ) ;
#3361 = AXIS2_PLACEMENT_3D ( 'NONE', #3938, #940, #390 ) ;
#3362 = ADVANCED_FACE ( 'NONE', ( #3271, #3375 ), #832, .T. ) ;
#3363 = DIRECTION ( 'NONE',  ( 0.000000000000000000, 0.000000000000000000, -1.000000000000000000 ) ) ;
#3364 = ORIENTED_EDGE ( 'NONE', *, *, #5627, .T. ) ;
#3365 = CARTESIAN_POINT ( 'NONE',  ( 23.59999999999999432, 0.000000000000000000, 0.000000000000000000 ) ) ;
#3366 = ORIENTED_EDGE ( 'NONE', *, *, #3846, .F. ) ;
#3367 = DIRECTION ( 'NONE',  ( 1.000000000000000000, 0.000000000000000000, 0.000000000000000000 ) ) ;
#3368 = CIRCLE ( 'NONE', #3252, 5.000000000000000888 ) ;
#3369 = CARTESIAN_POINT ( 'NONE',  ( 24.10000000000000497, 29.50000000000000000, 8.999999999999998224 ) ) ;
#3370 = DIRECTION ( 'NONE',  ( -1.000000000000000000, -1.504111723692325477E-16, 0.000000000000000000 ) ) ;
#3371 = EDGE_CURVE ( 'NONE', #2424, #4936, #383, .T. ) ;
#3372 = AXIS2_PLACEMENT_3D ( 'NONE', #3682, #2734, #5698 ) ;
#3373 = EDGE_CURVE ( 'NONE', #4507, #538, #5251, .T. ) ;
#3374 = CARTESIAN_POINT ( 'NONE',  ( 41.60000000000000142, 1.030637635557567044, 3.864943216164022477 ) ) ;
#3375 = FACE_OUTER_BOUND ( 'NONE', #5098, .T. ) ;
#3376 = ORIENTED_EDGE ( 'NONE', *, *, #5664, .F. ) ;
#3377 = COLOUR_RGB ( '',0.7921568627450980005, 0.8196078431372548767, 0.9333333333333333481 ) ;
#3378 = ORIENTED_EDGE ( 'NONE', *, *, #1163, .T. ) ;
#3379 = VECTOR ( 'NONE', #2779, 1000.000000000000000 ) ;
#3380 = DIRECTION ( 'NONE',  ( 0.000000000000000000, 0.000000000000000000, 1.000000000000000000 ) ) ;
#3381 = CARTESIAN_POINT ( 'NONE',  ( 40.59999999999999432, 1.158410705710341659, -3.828587812352703956 ) ) ;
#3382 = ORIENTED_EDGE ( 'NONE', *, *, #4522, .T. ) ;
#3383 = ORIENTED_EDGE ( 'NONE', *, *, #1566, .T. ) ;
#3384 = FACE_OUTER_BOUND ( 'NONE', #4453, .T. ) ;
#3385 = EDGE_LOOP ( 'NONE', ( #2143, #5421, #6287, #6308 ) ) ;
#3386 = AXIS2_PLACEMENT_3D ( 'NONE', #3813, #1338, #3334 ) ;
#3387 = CIRCLE ( 'NONE', #5044, 7.000000000000000888 ) ;
#3388 = FACE_OUTER_BOUND ( 'NONE', #2919, .T. ) ;
#3389 = AXIS2_PLACEMENT_3D ( 'NONE', #1852, #4202, #6314 ) ;
#3390 = ORIENTED_EDGE ( 'NONE', *, *, #5156, .F. ) ;
#3391 = FACE_OUTER_BOUND ( 'NONE', #4319, .T. ) ;
#3392 = CARTESIAN_POINT ( 'NONE',  ( 41.60000000000000142, -10.35047573531249654, 13.63583152989489911 ) ) ;
#3393 = ORIENTED_EDGE ( 'NONE', *, *, #3373, .T. ) ;
#3394 = DIRECTION ( 'NONE',  ( 0.000000000000000000, 0.000000000000000000, -1.000000000000000000 ) ) ;
#3395 = VECTOR ( 'NONE', #195, 1000.000000000000000 ) ;
#3396 = CARTESIAN_POINT ( 'NONE',  ( -40.70000000000000284, 7.000000000000006217, 8.449999999999999289 ) ) ;
#3397 = ORIENTED_EDGE ( 'NONE', *, *, #333, .T. ) ;
#3398 = CARTESIAN_POINT ( 'NONE',  ( -43.29999999999999716, 9.378143885933059920, -5.000000000000000000 ) ) ;
#3399 = PLANE ( 'NONE',  #2821 ) ;
#3400 = DIRECTION ( 'NONE',  ( 0.000000000000000000, 0.000000000000000000, -1.000000000000000000 ) ) ;
#3401 = AXIS2_PLACEMENT_3D ( 'NONE', #5285, #1376, #6395 ) ;
#3402 = CARTESIAN_POINT ( 'NONE',  ( 39.59999999999999432, 1.030637635557567044, 3.864943216164022477 ) ) ;
#3403 = CARTESIAN_POINT ( 'NONE',  ( -43.29999999999999716, 14.50000000000000355, 3.000000000000000444 ) ) ;
#3404 = EDGE_CURVE ( 'NONE', #3024, #4944, #2564, .T. ) ;
#3405 = CIRCLE ( 'NONE', #2857, 7.000000000000000888 ) ;
#3406 = EDGE_CURVE ( 'NONE', #4747, #4201, #486, .T. ) ;
#3407 = DIRECTION ( 'NONE',  ( 0.000000000000000000, 0.000000000000000000, -1.000000000000000000 ) ) ;
#3408 = ORIENTED_EDGE ( 'NONE', *, *, #582, .F. ) ;
#3409 = ORIENTED_EDGE ( 'NONE', *, *, #4405, .T. ) ;
#3410 = ORIENTED_EDGE ( 'NONE', *, *, #4053, .T. ) ;
#3411 = EDGE_CURVE ( 'NONE', #4936, #5300, #3085, .T. ) ;
#3412 = EDGE_CURVE ( 'NONE', #5639, #2263, #4127, .T. ) ;
#3413 = CIRCLE ( 'NONE', #5381, 8.999999999999998224 ) ;
#3414 = UNCERTAINTY_MEASURE_WITH_UNIT (LENGTH_MEASURE( 1.000000000000000082E-05 ), #3017, 'distance_accuracy_value', 'NONE');
#3415 = DIRECTION ( 'NONE',  ( 1.000000000000000000, 0.000000000000000000, 0.000000000000000000 ) ) ;
#3416 = DIRECTION ( 'NONE',  ( 0.000000000000000000, 0.000000000000000000, 1.000000000000000000 ) ) ;
#3417 = ORIENTED_EDGE ( 'NONE', *, *, #2575, .T. ) ;
#3418 = AXIS2_PLACEMENT_3D ( 'NONE', #632, #3103, #148 ) ;
#3419 = ORIENTED_EDGE ( 'NONE', *, *, #3754, .F. ) ;
#3420 = DIRECTION ( 'NONE',  ( 0.000000000000000000, 0.000000000000000000, -1.000000000000000000 ) ) ;
#3421 = VERTEX_POINT ( 'NONE', #475 ) ;
#3422 = CIRCLE ( 'NONE', #712, 5.000000000000000000 ) ;
#3423 = AXIS2_PLACEMENT_3D ( 'NONE', #3946, #2406, #3518 ) ;
#3424 = FACE_OUTER_BOUND ( 'NONE', #2175, .T. ) ;
#3425 = CARTESIAN_POINT ( 'NONE',  ( 36.59999999999999432, -10.60302848086181804, -13.13818223212012626 ) ) ;
#3426 = EDGE_LOOP ( 'NONE', ( #6229, #4778, #2037, #2240 ) ) ;
#3427 = DIRECTION ( 'NONE',  ( 0.000000000000000000, 1.000000000000000000, -1.294569758191647155E-16 ) ) ;
#3428 = CYLINDRICAL_SURFACE ( 'NONE', #3609, 7.000000000000000000 ) ;
#3429 = AXIS2_PLACEMENT_3D ( 'NONE', #995, #5840, #2980 ) ;
#3430 = ORIENTED_EDGE ( 'NONE', *, *, #2843, .T. ) ;
#3431 = CARTESIAN_POINT ( 'NONE',  ( 35.60000000000000142, 1.030637635557567044, 3.864943216164022477 ) ) ;
#3432 = VECTOR ( 'NONE', #3097, 1000.000000000000000 ) ;
#3433 = DIRECTION ( 'NONE',  ( 1.000000000000000000, 0.000000000000000000, 0.000000000000000000 ) ) ;
#3434 = EDGE_LOOP ( 'NONE', ( #1942, #3119, #2036, #3223 ) ) ;
#3435 = DIRECTION ( 'NONE',  ( -1.000000000000000000, -0.000000000000000000, -0.000000000000000000 ) ) ;
#3436 = DIRECTION ( 'NONE',  ( -0.000000000000000000, -0.000000000000000000, -1.000000000000000000 ) ) ;
#3437 = CARTESIAN_POINT ( 'NONE',  ( 34.60000000000000142, 0.000000000000000000, 0.1499999999999999944 ) ) ;
#3438 = LINE ( 'NONE', #3956, #2581 ) ;
#3439 = DIRECTION ( 'NONE',  ( -1.000000000000000000, -0.000000000000000000, -0.000000000000000000 ) ) ;
#3440 = CARTESIAN_POINT ( 'NONE',  ( 25.59999999999999787, 1.158410705710341659, -3.828587812352703956 ) ) ;
#3441 = ADVANCED_FACE ( 'NONE', ( #2458 ), #4930, .T. ) ;
#3442 = CARTESIAN_POINT ( 'NONE',  ( 1.500000000000000000, -4.261960596893379360, 5.702989453486133620 ) ) ;
#3443 = EDGE_LOOP ( 'NONE', ( #3076, #5039 ) ) ;
#3444 = EDGE_CURVE ( 'NONE', #4258, #6265, #2520, .T. ) ;
#3445 = DIRECTION ( 'NONE',  ( -0.000000000000000000, -0.000000000000000000, -1.000000000000000000 ) ) ;
#3446 = FILL_AREA_STYLE ('',( #544 ) ) ;
#3447 = EDGE_CURVE ( 'NONE', #4689, #287, #3038, .T. ) ;
#3448 = VERTEX_POINT ( 'NONE', #4473 ) ;
#3449 = VERTEX_POINT ( 'NONE', #1971 ) ;
#3450 = FACE_OUTER_BOUND ( 'NONE', #1705, .T. ) ;
#3451 = ORIENTED_EDGE ( 'NONE', *, *, #2690, .F. ) ;
#3452 = EDGE_CURVE ( 'NONE', #4381, #4369, #1517, .T. ) ;
#3453 = CARTESIAN_POINT ( 'NONE',  ( -40.70000000000000284, 6.999999999999994671, 49.74757862151242449 ) ) ;
#3454 = EDGE_CURVE ( 'NONE', #4516, #4398, #5155, .T. ) ;
#3455 = FACE_OUTER_BOUND ( 'NONE', #1599, .T. ) ;
#3456 = ORIENTED_EDGE ( 'NONE', *, *, #1284, .F. ) ;
#3457 = CARTESIAN_POINT ( 'NONE',  ( 22.10000000000000142, 1.000000000000007550, 4.599999999999995204 ) ) ;
#3458 = CARTESIAN_POINT ( 'NONE',  ( 13.60000000000000497, 29.50000000000000711, -7.249999999999999112 ) ) ;
#3459 = ORIENTED_EDGE ( 'NONE', *, *, #1728, .F. ) ;
#3460 = CARTESIAN_POINT ( 'NONE',  ( 38.59999999999999432, -10.35047573531249654, 13.63583152989489911 ) ) ;
#3461 = CARTESIAN_POINT ( 'NONE',  ( 33.60000000000000142, 1.030637635557567044, 3.864943216164022477 ) ) ;
#3462 = VERTEX_POINT ( 'NONE', #569 ) ;
#3463 = CARTESIAN_POINT ( 'NONE',  ( 28.59999999999999787, -2.762069023147042390, -6.931785952275175688 ) ) ;
#3464 = VERTEX_POINT ( 'NONE', #3960 ) ;
#3465 = CARTESIAN_POINT ( 'NONE',  ( 1.500000000000001554, 1.030637635557567044, 3.864943216164022477 ) ) ;
#3466 = DIRECTION ( 'NONE',  ( 1.000000000000000000, 0.000000000000000000, 0.000000000000000000 ) ) ;
#3467 = DIRECTION ( 'NONE',  ( 0.000000000000000000, -1.162264728904460753E-14, -1.000000000000000000 ) ) ;
#3468 = VECTOR ( 'NONE', #5844, 1000.000000000000000 ) ;
#3469 = AXIS2_PLACEMENT_3D ( 'NONE', #2075, #3084, #5648 ) ;
#3470 = FACE_OUTER_BOUND ( 'NONE', #683, .T. ) ;
#3471 = CYLINDRICAL_SURFACE ( 'NONE', #3186, 4.000000000000000000 ) ;
#3472 = VERTEX_POINT ( 'NONE', #3561 ) ;
#3473 = ORIENTED_EDGE ( 'NONE', *, *, #2972, .T. ) ;
#3474 = AXIS2_PLACEMENT_3D ( 'NONE', #400, #1823, #2341 ) ;
#3475 = CARTESIAN_POINT ( 'NONE',  ( -0.002000000000002000178, 7.409113134841484549E-16, 6.049999999999999822 ) ) ;
#3476 = CYLINDRICAL_SURFACE ( 'NONE', #3061, 7.000000000000000000 ) ;
#3477 = DIRECTION ( 'NONE',  ( -1.000000000000000000, -0.000000000000000000, -0.000000000000000000 ) ) ;
#3478 = AXIS2_PLACEMENT_3D ( 'NONE', #5809, #386, #3762 ) ;
#3479 = ORIENTED_EDGE ( 'NONE', *, *, #3157, .F. ) ;
#3480 = VERTEX_POINT ( 'NONE', #5906 ) ;
#3481 = DIRECTION ( 'NONE',  ( 1.000000000000000000, 0.000000000000000000, 0.000000000000000000 ) ) ;
#3482 = ORIENTED_EDGE ( 'NONE', *, *, #5104, .F. ) ;
#3483 = EDGE_CURVE ( 'NONE', #2068, #6064, #1830, .T. ) ;
#3484 = COLOUR_RGB ( '',0.7921568627450980005, 0.8196078431372548767, 0.9333333333333333481 ) ;
#3485 = LINE ( 'NONE', #2370, #1219 ) ;
#3486 = EDGE_CURVE ( 'NONE', #5623, #1435, #899, .T. ) ;
#3487 = ORIENTED_EDGE ( 'NONE', *, *, #6186, .T. ) ;
#3488 = CARTESIAN_POINT ( 'NONE',  ( -8.827416997969503853, 29.50000000000000000, 7.999999999999996447 ) ) ;
#3489 = CARTESIAN_POINT ( 'NONE',  ( 26.59999999999999787, 1.158410705710341659, -3.828587812352703956 ) ) ;
#3490 = ORIENTED_EDGE ( 'NONE', *, *, #1413, .T. ) ;
#3491 = EDGE_CURVE ( 'NONE', #1435, #2344, #4541, .T. ) ;
#3492 = ADVANCED_FACE ( 'NONE', ( #1473 ), #3471, .F. ) ;
#3493 = VECTOR ( 'NONE', #6151, 1000.000000000000000 ) ;
#3494 = CYLINDRICAL_SURFACE ( 'NONE', #6330, 10.00000000000000178 ) ;
#3495 = ORIENTED_EDGE ( 'NONE', *, *, #2633, .T. ) ;
#3496 = DIRECTION ( 'NONE',  ( 0.000000000000000000, 1.000000000000000000, 1.294569758191646909E-16 ) ) ;
#3497 = CYLINDRICAL_SURFACE ( 'NONE', #31, 5.000000000000000000 ) ;
#3498 = CARTESIAN_POINT ( 'NONE',  ( 22.59999999999999432, 0.000000000000000000, 0.1499999999999999944 ) ) ;
#3499 = CARTESIAN_POINT ( 'NONE',  ( 37.59999999999999432, -4.365952903884278591, -5.321604448520052877 ) ) ;
#3500 = DIRECTION ( 'NONE',  ( 1.000000000000000000, -0.000000000000000000, -0.000000000000000000 ) ) ;
#3501 = DIRECTION ( 'NONE',  ( 1.000000000000000000, 0.000000000000000000, 0.000000000000000000 ) ) ;
#3502 = CARTESIAN_POINT ( 'NONE',  ( 34.60000000000000142, 0.000000000000000000, 0.000000000000000000 ) ) ;
#3503 = VERTEX_POINT ( 'NONE', #992 ) ;
#3504 = ORIENTED_EDGE ( 'NONE', *, *, #154, .F. ) ;
#3505 = AXIS2_PLACEMENT_3D ( 'NONE', #3617, #598, #3101 ) ;
#3506 = CARTESIAN_POINT ( 'NONE',  ( -40.70000000000000284, 38.49999999999999289, 5.000000000000006217 ) ) ;
#3507 = DIRECTION ( 'NONE',  ( 0.000000000000000000, -1.162264728904460753E-14, -1.000000000000000000 ) ) ;
#3508 = CARTESIAN_POINT ( 'NONE',  ( 32.59999999999999432, 0.000000000000000000, 7.150000000000002132 ) ) ;
#3509 = ORIENTED_EDGE ( 'NONE', *, *, #2015, .T. ) ;
#3510 = DIRECTION ( 'NONE',  ( 1.000000000000000000, 0.000000000000000000, 0.000000000000000000 ) ) ;
#3511 = AXIS2_PLACEMENT_3D ( 'NONE', #1149, #2588, #1570 ) ;
#3512 = EDGE_LOOP ( 'NONE', ( #3768, #3393, #2814, #1466 ) ) ;
#3513 = LINE ( 'NONE', #4097, #2891 ) ;
#3514 = VECTOR ( 'NONE', #5798, 1000.000000000000000 ) ;
#3515 = CARTESIAN_POINT ( 'NONE',  ( 34.60000000000000142, 0.000000000000000000, 0.000000000000000000 ) ) ;
#3516 = ORIENTED_EDGE ( 'NONE', *, *, #4749, .T. ) ;
#3517 = CARTESIAN_POINT ( 'NONE',  ( 28.59999999999999787, 2.606424087848269178, -8.614322577793585012 ) ) ;
#3518 = DIRECTION ( 'NONE',  ( 0.000000000000000000, 0.000000000000000000, -1.000000000000000000 ) ) ;
#3519 = EDGE_CURVE ( 'NONE', #5427, #1988, #1417, .T. ) ;
#3520 = ORIENTED_EDGE ( 'NONE', *, *, #1878, .F. ) ;
#3521 = AXIS2_PLACEMENT_3D ( 'NONE', #4649, #4618, #2568 ) ;
#3522 = ADVANCED_FACE ( 'NONE', ( #4023 ), #6034, .T. ) ;
#3523 = CARTESIAN_POINT ( 'NONE',  ( 29.59999999999999787, 1.158410705710341659, -3.828587812352703956 ) ) ;
#3524 = ORIENTED_EDGE ( 'NONE', *, *, #5147, .T. ) ;
#3525 = CARTESIAN_POINT ( 'NONE',  ( 27.59999999999999787, 0.000000000000000000, 0.1499999999999999944 ) ) ;
#3526 = VECTOR ( 'NONE', #5145, 1000.000000000000000 ) ;
#3527 = DIRECTION ( 'NONE',  ( 0.000000000000000000, 0.000000000000000000, -1.000000000000000000 ) ) ;
#3528 = DIRECTION ( 'NONE',  ( -1.000000000000000000, -0.000000000000000000, -0.000000000000000000 ) ) ;
#3529 = EDGE_CURVE ( 'NONE', #3944, #2193, #6408, .T. ) ;
#3530 = EDGE_CURVE ( 'NONE', #5716, #553, #2251, .T. ) ;
#3531 = CARTESIAN_POINT ( 'NONE',  ( -43.29999999999999716, 7.000000000000006217, 5.000000000000000000 ) ) ;
#3532 = CYLINDRICAL_SURFACE ( 'NONE', #5847, 10.00000000000000000 ) ;
#3533 = EDGE_CURVE ( 'NONE', #1236, #938, #3603, .T. ) ;
#3534 = AXIS2_PLACEMENT_3D ( 'NONE', #1871, #935, #3380 ) ;
#3535 = CARTESIAN_POINT ( 'NONE',  ( 25.59999999999999787, -10.60302848086181804, -13.13818223212012626 ) ) ;
#3536 = DIRECTION ( 'NONE',  ( 1.000000000000000000, 0.000000000000000000, 0.000000000000000000 ) ) ;
#3537 = EDGE_CURVE ( 'NONE', #2868, #2068, #4995, .T. ) ;
#3538 = CARTESIAN_POINT ( 'NONE',  ( 32.59999999999999432, 2.318934680004526516, 8.696122236369051350 ) ) ;
#3539 = EDGE_LOOP ( 'NONE', ( #3207, #5727 ) ) ;
#3540 = ORIENTED_EDGE ( 'NONE', *, *, #69, .F. ) ;
#3541 = PRODUCT_DEFINITION_FORMATION_WITH_SPECIFIED_SOURCE ( 'ANY', '', #3700, .NOT_KNOWN. ) ;
#3542 = LINE ( 'NONE', #5522, #3184 ) ;
#3543 = ORIENTED_EDGE ( 'NONE', *, *, #5225, .T. ) ;
#3544 = CARTESIAN_POINT ( 'NONE',  ( 41.60000000000000142, 0.000000000000000000, 0.1499999999999999944 ) ) ;
#3545 = ORIENTED_EDGE ( 'NONE', *, *, #5436, .F. ) ;
#3546 = EDGE_LOOP ( 'NONE', ( #4645, #2237, #2433, #4913, #452, #2724, #1851, #2502, #4700 ) ) ;
#3547 = DIRECTION ( 'NONE',  ( 1.000000000000000000, 0.000000000000000000, 0.000000000000000000 ) ) ;
#3548 = CARTESIAN_POINT ( 'NONE',  ( 22.59999999999999432, -10.60302848086181804, -13.13818223212012626 ) ) ;
#3549 = VERTEX_POINT ( 'NONE', #2710 ) ;
#3550 = DIRECTION ( 'NONE',  ( 0.000000000000000000, 0.000000000000000000, -1.000000000000000000 ) ) ;
#3551 = EDGE_LOOP ( 'NONE', ( #1774, #998, #3790, #2292 ) ) ;
#3552 = FACE_OUTER_BOUND ( 'NONE', #4806, .T. ) ;
#3553 = ADVANCED_FACE ( 'NONE', ( #669 ), #3656, .F. ) ;
#3554 = DIRECTION ( 'NONE',  ( -1.000000000000000000, -0.000000000000000000, -0.000000000000000000 ) ) ;
#3555 = DIRECTION ( 'NONE',  ( 0.000000000000000000, 0.000000000000000000, -1.000000000000000000 ) ) ;
#3556 = CARTESIAN_POINT ( 'NONE',  ( 13.80000000000000249, 1.000000000000006439, 7.450000000000001066 ) ) ;
#3557 = DIRECTION ( 'NONE',  ( 1.530638361156006985E-16, -1.000000000000000000, 0.000000000000000000 ) ) ;
#3558 = EDGE_CURVE ( 'NONE', #444, #5895, #2157, .T. ) ;
#3559 = CARTESIAN_POINT ( 'NONE',  ( 29.04974746830583143, 2.400000000000003020, 4.599999999999992539 ) ) ;
#3560 = EDGE_CURVE ( 'NONE', #3421, #3980, #5678, .T. ) ;
#3561 = CARTESIAN_POINT ( 'NONE',  ( 13.80000000000000249, 20.25000000000001066, -8.000000000000003553 ) ) ;
#3562 = AXIS2_PLACEMENT_3D ( 'NONE', #4228, #2301, #325 ) ;
#3563 = DIRECTION ( 'NONE',  ( -1.000000000000000000, -0.000000000000000000, 0.000000000000000000 ) ) ;
#3564 = ORIENTED_EDGE ( 'NONE', *, *, #1849, .T. ) ;
#3565 = ORIENTED_EDGE ( 'NONE', *, *, #773, .T. ) ;
#3566 = ADVANCED_FACE ( 'NONE', ( #188 ), #3205, .T. ) ;
#3567 = VECTOR ( 'NONE', #5295, 1000.000000000000000 ) ;
#3568 = DIRECTION ( 'NONE',  ( 1.000000000000000000, 0.000000000000000000, 0.000000000000000000 ) ) ;
#3569 = DIRECTION ( 'NONE',  ( -1.000000000000000000, -0.000000000000000000, -0.000000000000000000 ) ) ;
#3570 = ORIENTED_EDGE ( 'NONE', *, *, #1011, .F. ) ;
#3571 = DIRECTION ( 'NONE',  ( 0.000000000000000000, 0.000000000000000000, -1.000000000000000000 ) ) ;
#3572 = CIRCLE ( 'NONE', #4292, 5.000000000000000000 ) ;
#3573 = ORIENTED_EDGE ( 'NONE', *, *, #1538, .F. ) ;
#3574 = VECTOR ( 'NONE', #4174, 1000.000000000000000 ) ;
#3575 = ORIENTED_EDGE ( 'NONE', *, *, #5147, .F. ) ;
#3576 = DIRECTION ( 'NONE',  ( 0.000000000000000000, 0.000000000000000000, -1.000000000000000000 ) ) ;
#3577 = CARTESIAN_POINT ( 'NONE',  ( 1.500000000000000000, 0.000000000000000000, -6.049999999999999822 ) ) ;
#3578 = ORIENTED_EDGE ( 'NONE', *, *, #1682, .F. ) ;
#3579 = DIRECTION ( 'NONE',  ( 0.000000000000000000, 0.000000000000000000, -1.000000000000000000 ) ) ;
#3580 = VECTOR ( 'NONE', #5315, 1000.000000000000000 ) ;
#3581 = ORIENTED_EDGE ( 'NONE', *, *, #4961, .F. ) ;
#3582 = LINE ( 'NONE', #3161, #1507 ) ;
#3583 = CARTESIAN_POINT ( 'NONE',  ( 20.59999999999999787, -4.365952903884279479, -5.321604448520053765 ) ) ;
#3584 = CARTESIAN_POINT ( 'NONE',  ( 1.500000000000000000, -4.365952903884278591, -5.321604448520052877 ) ) ;
#3585 = FACE_OUTER_BOUND ( 'NONE', #5763, .T. ) ;
#3586 = LINE ( 'NONE', #754, #3574 ) ;
#3587 = CIRCLE ( 'NONE', #3276, 10.00000000000000178 ) ;
#3588 = FACE_OUTER_BOUND ( 'NONE', #5389, .T. ) ;
#3589 = EDGE_LOOP ( 'NONE', ( #1140, #3645, #162, #3408 ) ) ;
#3590 = CYLINDRICAL_SURFACE ( 'NONE', #903, 5.000000000000000000 ) ;
#3591 = CIRCLE ( 'NONE', #2336, 5.000000000000000000 ) ;
#3592 = DIRECTION ( 'NONE',  ( -1.000000000000000000, -0.000000000000000000, -0.000000000000000000 ) ) ;
#3593 = ORIENTED_EDGE ( 'NONE', *, *, #1011, .T. ) ;
#3594 = ADVANCED_FACE ( 'NONE', ( #1664 ), #1734, .F. ) ;
#3595 = EDGE_LOOP ( 'NONE', ( #6024, #5589 ) ) ;
#3596 = ADVANCED_FACE ( 'NONE', ( #6097 ), #5640, .T. ) ;
#3597 = AXIS2_PLACEMENT_3D ( 'NONE', #2686, #1703, #2196 ) ;
#3598 = PLANE ( 'NONE',  #5133 ) ;
#3599 = LINE ( 'NONE', #4848, #3912 ) ;
#3600 = VERTEX_POINT ( 'NONE', #1178 ) ;
#3601 = CARTESIAN_POINT ( 'NONE',  ( 37.59999999999999432, 0.000000000000000000, 0.000000000000000000 ) ) ;
#3602 = EDGE_CURVE ( 'NONE', #3323, #3937, #1633, .T. ) ;
#3603 = CIRCLE ( 'NONE', #3920, 7.000000000000000888 ) ;
#3604 = EDGE_CURVE ( 'NONE', #2193, #1509, #5575, .T. ) ;
#3605 = EDGE_LOOP ( 'NONE', ( #4903, #896, #2570, #5003 ) ) ;
#3606 = CARTESIAN_POINT ( 'NONE',  ( -52.69999999999999574, 38.49999999999999289, 2.700000000000006839 ) ) ;
#3607 = DIRECTION ( 'NONE',  ( -1.000000000000000000, -0.000000000000000000, -0.000000000000000000 ) ) ;
#3608 = ORIENTED_EDGE ( 'NONE', *, *, #3007, .T. ) ;
#3609 = AXIS2_PLACEMENT_3D ( 'NONE', #5408, #948, #2993 ) ;
#3610 = CARTESIAN_POINT ( 'NONE',  ( 13.80000000000000249, 1.000000000000006439, 7.450000000000001066 ) ) ;
#3611 = PLANE ( 'NONE',  #2055 ) ;
#3612 = ORIENTED_EDGE ( 'NONE', *, *, #1086, .F. ) ;
#3613 = CARTESIAN_POINT ( 'NONE',  ( 36.59999999999999432, 0.000000000000000000, 0.1499999999999999944 ) ) ;
#3614 = ORIENTED_EDGE ( 'NONE', *, *, #2194, .T. ) ;
#3615 = DIRECTION ( 'NONE',  ( 1.000000000000000000, 0.000000000000000000, 0.000000000000000000 ) ) ;
#3616 = DIRECTION ( 'NONE',  ( 0.000000000000000000, 0.000000000000000000, 1.000000000000000000 ) ) ;
#3617 = CARTESIAN_POINT ( 'NONE',  ( 0.000000000000000000, 29.50000000000000000, 0.000000000000000000 ) ) ;
#3618 = AXIS2_PLACEMENT_3D ( 'NONE', #5382, #4371, #856 ) ;
#3619 = LINE ( 'NONE', #5605, #5649 ) ;
#3620 = VECTOR ( 'NONE', #2427, 1000.000000000000000 ) ;
#3621 = CIRCLE ( 'NONE', #4146, 3.500000000000003109 ) ;
#3622 = CARTESIAN_POINT ( 'NONE',  ( -43.29999999999999716, 14.50000000000000355, 3.000000000000000444 ) ) ;
#3623 = CARTESIAN_POINT ( 'NONE',  ( 0.000000000000000000, 0.000000000000000000, 0.1499999999999999944 ) ) ;
#3624 = ORIENTED_EDGE ( 'NONE', *, *, #2559, .F. ) ;
#3625 = CARTESIAN_POINT ( 'NONE',  ( 19.59999999999999787, -10.60302848086181804, -13.13818223212012626 ) ) ;
#3626 = FACE_OUTER_BOUND ( 'NONE', #2099, .T. ) ;
#3627 = ORIENTED_EDGE ( 'NONE', *, *, #3925, .F. ) ;
#3628 = AXIS2_PLACEMENT_3D ( 'NONE', #964, #3933, #5912 ) ;
#3629 = EDGE_CURVE ( 'NONE', #3857, #4458, #1148, .T. ) ;
#3630 = DIRECTION ( 'NONE',  ( 0.000000000000000000, 0.000000000000000000, 1.000000000000000000 ) ) ;
#3631 = AXIS2_PLACEMENT_3D ( 'NONE', #6178, #2667, #6051 ) ;
#3632 = LINE ( 'NONE', #1669, #4429 ) ;
#3633 = ADVANCED_FACE ( 'NONE', ( #2095 ), #4668, .T. ) ;
#3634 = EDGE_LOOP ( 'NONE', ( #2512, #4030, #4635, #4891 ) ) ;
#3635 = DIRECTION ( 'NONE',  ( 0.000000000000000000, 1.000000000000000000, 0.000000000000000000 ) ) ;
#3636 = EDGE_LOOP ( 'NONE', ( #1483, #3731, #3214, #2631 ) ) ;
#3637 = AXIS2_PLACEMENT_3D ( 'NONE', #258, #3217, #743 ) ;
#3638 = EDGE_CURVE ( 'NONE', #1741, #5814, #6303, .T. ) ;
#3639 = CARTESIAN_POINT ( 'NONE',  ( 36.59999999999999432, 0.000000000000000000, 0.1499999999999999944 ) ) ;
#3640 = CARTESIAN_POINT ( 'NONE',  ( 1.500000000000000000, 0.000000000000000000, 7.150000000000000355 ) ) ;
#3641 = ORIENTED_EDGE ( 'NONE', *, *, #1804, .T. ) ;
#3642 = ADVANCED_FACE ( 'NONE', ( #1698 ), #3690, .F. ) ;
#3643 = ORIENTED_EDGE ( 'NONE', *, *, #5664, .T. ) ;
#3644 = CARTESIAN_POINT ( 'NONE',  ( 22.10000000000000142, 2.399999999999998579, 1.199999999999992184 ) ) ;
#3645 = ORIENTED_EDGE ( 'NONE', *, *, #3754, .T. ) ;
#3646 = EDGE_CURVE ( 'NONE', #516, #4616, #5706, .T. ) ;
#3647 = DIRECTION ( 'NONE',  ( 0.000000000000000000, 0.000000000000000000, -1.000000000000000000 ) ) ;
#3648 = ORIENTED_EDGE ( 'NONE', *, *, #3235, .F. ) ;
#3649 = PLANE ( 'NONE',  #6188 ) ;
#3650 = CARTESIAN_POINT ( 'NONE',  ( 30.59999999999999432, 0.000000000000000000, 0.000000000000000000 ) ) ;
#3651 = CARTESIAN_POINT ( 'NONE',  ( 21.59999999999999787, 1.030637635557567044, 3.864943216164022477 ) ) ;
#3652 = CARTESIAN_POINT ( 'NONE',  ( 41.60000000000000142, -10.60302848086181804, -13.13818223212012626 ) ) ;
#3653 = CARTESIAN_POINT ( 'NONE',  ( 8.225974270706696956, 29.50000000000000711, 0.000000000000000000 ) ) ;
#3654 = FACE_OUTER_BOUND ( 'NONE', #2758, .T. ) ;
#3655 = ORIENTED_EDGE ( 'NONE', *, *, #4471, .F. ) ;
#3656 = CYLINDRICAL_SURFACE ( 'NONE', #284, 3.500000000000003109 ) ;
#3657 = CARTESIAN_POINT ( 'NONE',  ( 23.59999999999999432, 0.000000000000000000, 0.000000000000000000 ) ) ;
#3658 = VERTEX_POINT ( 'NONE', #729 ) ;
#3659 = CIRCLE ( 'NONE', #4491, 9.000000000000000000 ) ;
#3660 = AXIS2_PLACEMENT_3D ( 'NONE', #1689, #2765, #752 ) ;
#3661 = CARTESIAN_POINT ( 'NONE',  ( 15.20000000000000284, 23.75000000000001421, 1.139961141356182493E-14 ) ) ;
#3662 = CARTESIAN_POINT ( 'NONE',  ( 0.000000000000000000, 14.50000000000000355, 0.000000000000000000 ) ) ;
#3663 = ORIENTED_EDGE ( 'NONE', *, *, #4082, .F. ) ;
#3664 = EDGE_LOOP ( 'NONE', ( #3614, #3153, #2464, #2911, #4353, #1104, #3627, #1632, #4566 ) ) ;
#3665 = AXIS2_PLACEMENT_3D ( 'NONE', #2270, #4842, #294 ) ;
#3666 = ADVANCED_FACE ( 'NONE', ( #4085 ), #245, .F. ) ;
#3667 = CARTESIAN_POINT ( 'NONE',  ( 32.59999999999999432, -4.365952903884279479, -5.321604448520053765 ) ) ;
#3668 = DIRECTION ( 'NONE',  ( 1.000000000000000000, 0.000000000000000000, 0.000000000000000000 ) ) ;
#3669 = CIRCLE ( 'NONE', #351, 5.499999999999998224 ) ;
#3670 = ORIENTED_EDGE ( 'NONE', *, *, #3331, .F. ) ;
#3671 = LINE ( 'NONE', #3188, #6310 ) ;
#3672 = VERTEX_POINT ( 'NONE', #2741 ) ;
#3673 = ADVANCED_FACE ( 'NONE', ( #1600 ), #3590, .T. ) ;
#3674 = AXIS2_PLACEMENT_3D ( 'NONE', #915, #304, #3394 ) ;
#3675 = ADVANCED_FACE ( 'NONE', ( #3265 ), #1767, .T. ) ;
#3676 = FACE_OUTER_BOUND ( 'NONE', #4729, .T. ) ;
#3677 = ORIENTED_EDGE ( 'NONE', *, *, #1138, .F. ) ;
#3678 = CARTESIAN_POINT ( 'NONE',  ( -52.69999999999999574, 38.49999999999999289, -4.999999999999993783 ) ) ;
#3679 = CARTESIAN_POINT ( 'NONE',  ( 25.59999999999999787, 8.572527594031474176E-16, -6.850000000000002309 ) ) ;
#3680 = DIRECTION ( 'NONE',  ( 0.000000000000000000, 0.000000000000000000, -1.000000000000000000 ) ) ;
#3681 = CIRCLE ( 'NONE', #874, 5.000000000000000000 ) ;
#3682 = CARTESIAN_POINT ( 'NONE',  ( 1.500000000000001332, 14.50000000000000355, 0.000000000000000000 ) ) ;
#3683 = ADVANCED_FACE ( 'NONE', ( #4764 ), #3852, .F. ) ;
#3684 = EDGE_CURVE ( 'NONE', #2424, #4507, #4835, .T. ) ;
#3685 = AXIS2_PLACEMENT_3D ( 'NONE', #2876, #4770, #6232 ) ;
#3686 = CYLINDRICAL_SURFACE ( 'NONE', #4672, 5.000000000000000000 ) ;
#3687 = ORIENTED_EDGE ( 'NONE', *, *, #2325, .F. ) ;
#3688 = CARTESIAN_POINT ( 'NONE',  ( 34.60000000000000142, 1.030637635557567044, 8.864943216164022033 ) ) ;
#3689 = ORIENTED_EDGE ( 'NONE', *, *, #3560, .F. ) ;
#3690 = CYLINDRICAL_SURFACE ( 'NONE', #372, 6.049999999999999822 ) ;
#3691 = FACE_OUTER_BOUND ( 'NONE', #2148, .T. ) ;
#3692 = ORIENTED_EDGE ( 'NONE', *, *, #705, .T. ) ;
#3693 = AXIS2_PLACEMENT_3D ( 'NONE', #824, #1764, #3748 ) ;
#3694 = VECTOR ( 'NONE', #5234, 1000.000000000000000 ) ;
#3695 = CYLINDRICAL_SURFACE ( 'NONE', #2848, 1.700000000000000622 ) ;
#3696 = CARTESIAN_POINT ( 'NONE',  ( -50.70000000000000284, 5.500000000000000000, 2.700000000000008171 ) ) ;
#3697 = ORIENTED_EDGE ( 'NONE', *, *, #4869, .T. ) ;
#3698 = VERTEX_POINT ( 'NONE', #5279 ) ;
#3699 = VECTOR ( 'NONE', #2164, 1000.000000000000000 ) ;
#3700 = PRODUCT ( 'base', 'base', '', ( #4742 ) ) ;
#3701 = DIRECTION ( 'NONE',  ( 0.000000000000000000, 1.000000000000000000, 0.000000000000000000 ) ) ;
#3702 = PRODUCT_CONTEXT ( 'NONE', #153, 'mechanical' ) ;
#3703 = ORIENTED_EDGE ( 'NONE', *, *, #2160, .F. ) ;
#3704 = DIRECTION ( 'NONE',  ( -1.000000000000000000, -0.000000000000000000, -0.000000000000000000 ) ) ;
#3705 = VERTEX_POINT ( 'NONE', #1368 ) ;
#3706 = AXIS2_PLACEMENT_3D ( 'NONE', #218, #2191, #4636 ) ;
#3707 = EDGE_CURVE ( 'NONE', #3730, #5367, #889, .T. ) ;
#3708 = DIRECTION ( 'NONE',  ( 1.000000000000000000, 0.000000000000000000, 0.000000000000000000 ) ) ;
#3709 = ORIENTED_EDGE ( 'NONE', *, *, #5666, .F. ) ;
#3710 = DIRECTION ( 'NONE',  ( 0.000000000000000000, 0.000000000000000000, -1.000000000000000000 ) ) ;
#3711 = CARTESIAN_POINT ( 'NONE',  ( -40.70000000000000284, 9.000000000000000000, 2.700000000000007283 ) ) ;
#3712 = DIRECTION ( 'NONE',  ( 0.000000000000000000, 0.000000000000000000, -1.000000000000000000 ) ) ;
#3713 = CYLINDRICAL_SURFACE ( 'NONE', #4717, 5.000000000000000000 ) ;
#3714 = EDGE_CURVE ( 'NONE', #1495, #2049, #312, .T. ) ;
#3715 = ADVANCED_FACE ( 'NONE', ( #6288 ), #5730, .T. ) ;
#3716 = DIRECTION ( 'NONE',  ( -1.000000000000000000, -0.000000000000000000, -0.000000000000000000 ) ) ;
#3717 = VERTEX_POINT ( 'NONE', #4794 ) ;
#3718 = EDGE_CURVE ( 'NONE', #5293, #573, #340, .T. ) ;
#3719 = DIRECTION ( 'NONE',  ( 0.000000000000000000, 0.000000000000000000, 1.000000000000000000 ) ) ;
#3720 = ORIENTED_EDGE ( 'NONE', *, *, #5949, .F. ) ;
#3721 = DIRECTION ( 'NONE',  ( 0.000000000000000000, 0.000000000000000000, -1.000000000000000000 ) ) ;
#3722 = CARTESIAN_POINT ( 'NONE',  ( 20.59999999999999787, 1.030637635557567044, 8.864943216164022033 ) ) ;
#3723 = ADVANCED_FACE ( 'NONE', ( #826 ), #3815, .F. ) ;
#3724 = ORIENTED_EDGE ( 'NONE', *, *, #6305, .T. ) ;
#3725 = AXIS2_PLACEMENT_3D ( 'NONE', #3327, #2340, #1786 ) ;
#3726 = EDGE_CURVE ( 'NONE', #5293, #3835, #5375, .T. ) ;
#3727 = DIRECTION ( 'NONE',  ( 1.000000000000000000, 0.000000000000000000, 0.000000000000000000 ) ) ;
#3728 = DIRECTION ( 'NONE',  ( -1.000000000000000000, -0.000000000000000000, -0.000000000000000000 ) ) ;
#3729 = AXIS2_PLACEMENT_3D ( 'NONE', #756, #3332, #1789 ) ;
#3730 = VERTEX_POINT ( 'NONE', #6357 ) ;
#3731 = ORIENTED_EDGE ( 'NONE', *, *, #6231, .F. ) ;
#3732 = CIRCLE ( 'NONE', #1865, 7.000000000000000888 ) ;
#3733 = DIRECTION ( 'NONE',  ( -1.000000000000000000, -0.000000000000000000, -0.000000000000000000 ) ) ;
#3734 = ORIENTED_EDGE ( 'NONE', *, *, #2283, .F. ) ;
#3735 = ORIENTED_EDGE ( 'NONE', *, *, #2533, .F. ) ;
#3736 = DIRECTION ( 'NONE',  ( 0.000000000000000000, 0.000000000000000000, -1.000000000000000000 ) ) ;
#3737 = AXIS2_PLACEMENT_3D ( 'NONE', #3515, #1490, #428 ) ;
#3738 = ORIENTED_EDGE ( 'NONE', *, *, #2200, .F. ) ;
#3739 = LINE ( 'NONE', #3353, #5290 ) ;
#3740 = ORIENTED_EDGE ( 'NONE', *, *, #2954, .F. ) ;
#3741 = DIRECTION ( 'NONE',  ( 1.000000000000000000, 0.000000000000000000, 0.000000000000000000 ) ) ;
#3742 = DIRECTION ( 'NONE',  ( 0.000000000000000000, 1.000000000000000000, 0.000000000000000000 ) ) ;
#3743 = DIRECTION ( 'NONE',  ( -1.000000000000000000, -0.000000000000000000, -0.000000000000000000 ) ) ;
#3744 = LINE ( 'NONE', #2827, #563 ) ;
#3745 = PRODUCT_DEFINITION ( 'UNKNOWN', '', #3541, #1314 ) ;
#3746 = DIRECTION ( 'NONE',  ( 0.000000000000000000, 0.000000000000000000, -1.000000000000000000 ) ) ;
#3747 = ORIENTED_EDGE ( 'NONE', *, *, #6266, .F. ) ;
#3748 = DIRECTION ( 'NONE',  ( 0.000000000000000000, 0.000000000000000000, -1.000000000000000000 ) ) ;
#3749 = ORIENTED_EDGE ( 'NONE', *, *, #4552, .F. ) ;
#3750 = DIRECTION ( 'NONE',  ( 0.000000000000000000, 0.000000000000000000, 1.000000000000000000 ) ) ;
#3751 = DIRECTION ( 'NONE',  ( -1.000000000000000000, -0.000000000000000000, -0.000000000000000000 ) ) ;
#3752 = VERTEX_POINT ( 'NONE', #5797 ) ;
#3753 = EDGE_CURVE ( 'NONE', #3204, #5895, #1712, .T. ) ;
#3754 = EDGE_CURVE ( 'NONE', #4648, #2334, #886, .T. ) ;
#3755 = DIRECTION ( 'NONE',  ( -1.000000000000000000, -1.504111723692325477E-16, 0.000000000000000000 ) ) ;
#3756 = DIRECTION ( 'NONE',  ( -1.000000000000000000, -0.000000000000000000, -0.000000000000000000 ) ) ;
#3757 = ORIENTED_EDGE ( 'NONE', *, *, #421, .T. ) ;
#3758 = VERTEX_POINT ( 'NONE', #3782 ) ;
#3759 = EDGE_CURVE ( 'NONE', #5616, #2138, #274, .T. ) ;
#3760 = VECTOR ( 'NONE', #3773, 1000.000000000000000 ) ;
#3761 = DIRECTION ( 'NONE',  ( 0.000000000000000000, -1.000000000000000000, 0.000000000000000000 ) ) ;
#3762 = DIRECTION ( 'NONE',  ( 0.000000000000000000, 0.000000000000000000, -1.000000000000000000 ) ) ;
#3763 = APPLICATION_PROTOCOL_DEFINITION ( 'draft international standard', 'automotive_design', 1998, #153 ) ;
#3764 = ORIENTED_EDGE ( 'NONE', *, *, #255, .T. ) ;
#3765 = ORIENTED_EDGE ( 'NONE', *, *, #3122, .T. ) ;
#3766 = DIRECTION ( 'NONE',  ( 1.000000000000000000, 0.000000000000000000, 0.000000000000000000 ) ) ;
#3767 = CIRCLE ( 'NONE', #755, 7.000000000000000888 ) ;
#3768 = ORIENTED_EDGE ( 'NONE', *, *, #3684, .T. ) ;
#3769 = AXIS2_PLACEMENT_3D ( 'NONE', #3267, #1306, #4825 ) ;
#3770 = CARTESIAN_POINT ( 'NONE',  ( 22.10000000000000142, 23.75000000000000355, 6.249999999999999112 ) ) ;
#3771 = ORIENTED_EDGE ( 'NONE', *, *, #1969, .F. ) ;
#3772 = DIRECTION ( 'NONE',  ( 0.000000000000000000, 0.000000000000000000, -1.000000000000000000 ) ) ;
#3773 = DIRECTION ( 'NONE',  ( 1.000000000000000000, 0.000000000000000000, 0.000000000000000000 ) ) ;
#3774 = LINE ( 'NONE', #6316, #5283 ) ;
#3775 = DIRECTION ( 'NONE',  ( 1.000000000000000000, 0.000000000000000000, -0.000000000000000000 ) ) ;
#3776 = CIRCLE ( 'NONE', #3474, 7.249999999999999112 ) ;
#3777 = CARTESIAN_POINT ( 'NONE',  ( 18.59999999999999787, 0.000000000000000000, 0.000000000000000000 ) ) ;
#3778 = AXIS2_PLACEMENT_3D ( 'NONE', #868, #1776, #3795 ) ;
#3779 = VERTEX_POINT ( 'NONE', #280 ) ;
#3780 = DIRECTION ( 'NONE',  ( -0.000000000000000000, 0.000000000000000000, 1.000000000000000000 ) ) ;
#3781 = VERTEX_POINT ( 'NONE', #4823 ) ;
#3782 = CARTESIAN_POINT ( 'NONE',  ( 37.59999999999999432, -4.261960596893379360, 5.702989453486132732 ) ) ;
#3783 = DIRECTION ( 'NONE',  ( -1.000000000000000000, -1.504111723692325477E-16, 0.000000000000000000 ) ) ;
#3784 = CARTESIAN_POINT ( 'NONE',  ( 21.59999999999999787, 1.030637635557567044, 8.864943216164022033 ) ) ;
#3785 = CIRCLE ( 'NONE', #2642, 10.00000000000000000 ) ;
#3786 = CARTESIAN_POINT ( 'NONE',  ( -38.10000000000000142, 4.499999999999995559, -2.649999999999991473 ) ) ;
#3787 = EDGE_CURVE ( 'NONE', #5557, #3857, #5358, .T. ) ;
#3788 = DIRECTION ( 'NONE',  ( 0.000000000000000000, 0.000000000000000000, 1.000000000000000000 ) ) ;
#3789 = VECTOR ( 'NONE', #2771, 1000.000000000000000 ) ;
#3790 = ORIENTED_EDGE ( 'NONE', *, *, #944, .F. ) ;
#3791 = ORIENTED_EDGE ( 'NONE', *, *, #1597, .T. ) ;
#3792 = EDGE_CURVE ( 'NONE', #5166, #5071, #5875, .T. ) ;
#3793 = AXIS2_PLACEMENT_3D ( 'NONE', #4074, #596, #118 ) ;
#3794 = CARTESIAN_POINT ( 'NONE',  ( 25.59999999999999787, 1.030637635557567044, 3.864943216164022477 ) ) ;
#3795 = DIRECTION ( 'NONE',  ( 0.000000000000000000, 0.000000000000000000, -1.000000000000000000 ) ) ;
#3796 = EDGE_CURVE ( 'NONE', #163, #2231, #4336, .T. ) ;
#3797 = APPLICATION_PROTOCOL_DEFINITION ( 'draft international standard', 'automotive_design', 1998, #3048 ) ;
#3798 = ORIENTED_EDGE ( 'NONE', *, *, #150, .T. ) ;
#3799 = ORIENTED_EDGE ( 'NONE', *, *, #223, .T. ) ;
#3800 = DIRECTION ( 'NONE',  ( 0.000000000000000000, 0.000000000000000000, -1.000000000000000000 ) ) ;
#3801 = CIRCLE ( 'NONE', #2865, 4.249999999999998224 ) ;
#3802 = ORIENTED_EDGE ( 'NONE', *, *, #4188, .F. ) ;
#3803 = EDGE_CURVE ( 'NONE', #1118, #5137, #4246, .T. ) ;
#3804 = AXIS2_PLACEMENT_3D ( 'NONE', #4408, #2910, #895 ) ;
#3805 = DIRECTION ( 'NONE',  ( 2.891205793294679312E-16, 0.000000000000000000, 1.000000000000000000 ) ) ;
#3806 = ORIENTED_EDGE ( 'NONE', *, *, #3519, .T. ) ;
#3807 = DIRECTION ( 'NONE',  ( 0.000000000000000000, 0.000000000000000000, -1.000000000000000000 ) ) ;
#3808 = CARTESIAN_POINT ( 'NONE',  ( 26.59999999999999787, 1.158410705710341659, -3.828587812352703956 ) ) ;
#3809 = DIRECTION ( 'NONE',  ( 0.000000000000000000, 0.000000000000000000, -1.000000000000000000 ) ) ;
#3810 = CARTESIAN_POINT ( 'NONE',  ( 26.59999999999999787, 0.000000000000000000, 0.000000000000000000 ) ) ;
#3811 = CIRCLE ( 'NONE', #6198, 3.500000000000003109 ) ;
#3812 = LINE ( 'NONE', #276, #6012 ) ;
#3813 = CARTESIAN_POINT ( 'NONE',  ( 20.59999999999999787, 1.030637635557567044, 3.864943216164022477 ) ) ;
#3814 = VERTEX_POINT ( 'NONE', #3919 ) ;
#3815 = CYLINDRICAL_SURFACE ( 'NONE', #583, 6.049999999999999822 ) ;
#3816 = AXIS2_PLACEMENT_3D ( 'NONE', #2602, #6146, #232 ) ;
#3817 = DIRECTION ( 'NONE',  ( 0.000000000000000000, 1.000000000000000000, 0.000000000000000000 ) ) ;
#3818 = CARTESIAN_POINT ( 'NONE',  ( 0.000000000000000000, 7.000000000000000000, 49.74757862151242449 ) ) ;
#3819 = CIRCLE ( 'NONE', #5384, 7.000000000000000888 ) ;
#3820 = DIRECTION ( 'NONE',  ( 1.000000000000000000, 0.000000000000000000, 0.000000000000000000 ) ) ;
#3821 = DIRECTION ( 'NONE',  ( 1.000000000000000000, 0.000000000000000000, 0.000000000000000000 ) ) ;
#3822 = ORIENTED_EDGE ( 'NONE', *, *, #1275, .T. ) ;
#3823 = VERTEX_POINT ( 'NONE', #2937 ) ;
#3824 = VECTOR ( 'NONE', #908, 1000.000000000000000 ) ;
#3825 = ORIENTED_EDGE ( 'NONE', *, *, #2674, .T. ) ;
#3826 = EDGE_CURVE ( 'NONE', #2615, #444, #5667, .T. ) ;
#3827 = CARTESIAN_POINT ( 'NONE',  ( -43.69999999999999574, 5.500000000000000000, 24.72882059609970895 ) ) ;
#3828 = FACE_OUTER_BOUND ( 'NONE', #2304, .T. ) ;
#3829 = CIRCLE ( 'NONE', #4454, 9.000000000000000000 ) ;
#3830 = ADVANCED_FACE ( 'NONE', ( #1931 ), #562, .T. ) ;
#3831 = SHAPE_DEFINITION_REPRESENTATION ( #3131, #1249 ) ;
#3832 = ORIENTED_EDGE ( 'NONE', *, *, #4673, .F. ) ;
#3833 = ORIENTED_EDGE ( 'NONE', *, *, #2761, .T. ) ;
#3834 = CARTESIAN_POINT ( 'NONE',  ( -40.70000000000000284, 38.49999999999999289, -8.450000000000001066 ) ) ;
#3835 = VERTEX_POINT ( 'NONE', #21 ) ;
#3836 = CIRCLE ( 'NONE', #3320, 10.00000000000000178 ) ;
#3837 = EDGE_CURVE ( 'NONE', #178, #1953, #4467, .T. ) ;
#3838 = ADVANCED_FACE ( 'NONE', ( #3002 ), #3983, .F. ) ;
#3839 = CYLINDRICAL_SURFACE ( 'NONE', #2179, 7.000000000000000000 ) ;
#3840 = ORIENTED_EDGE ( 'NONE', *, *, #223, .F. ) ;
#3841 = DIRECTION ( 'NONE',  ( -1.000000000000000000, -0.000000000000000000, -0.000000000000000000 ) ) ;
#3842 = AXIS2_PLACEMENT_3D ( 'NONE', #4952, #1530, #495 ) ;
#3843 = DIRECTION ( 'NONE',  ( 1.000000000000000000, -0.000000000000000000, -0.000000000000000000 ) ) ;
#3844 = CARTESIAN_POINT ( 'NONE',  ( 13.80000000000000249, 21.50000000000000000, 7.999999999999998224 ) ) ;
#3845 = DIRECTION ( 'NONE',  ( 0.000000000000000000, 0.000000000000000000, 1.000000000000000000 ) ) ;
#3846 = EDGE_CURVE ( 'NONE', #6304, #863, #1439, .T. ) ;
#3847 = EDGE_CURVE ( 'NONE', #5747, #704, #13, .T. ) ;
#3848 = DIRECTION ( 'NONE',  ( 0.000000000000000000, 0.000000000000000000, -1.000000000000000000 ) ) ;
#3849 = ORIENTED_EDGE ( 'NONE', *, *, #3847, .F. ) ;
#3850 = CARTESIAN_POINT ( 'NONE',  ( 28.59999999999999787, 0.000000000000000000, 0.1499999999999999944 ) ) ;
#3851 = ORIENTED_EDGE ( 'NONE', *, *, #4160, .F. ) ;
#3852 = PLANE ( 'NONE',  #91 ) ;
#3853 = DIRECTION ( 'NONE',  ( 1.577021341797097314E-16, -1.000000000000000000, 0.000000000000000000 ) ) ;
#3854 = LINE ( 'NONE', #2290, #4502 ) ;
#3855 = FACE_OUTER_BOUND ( 'NONE', #708, .T. ) ;
#3856 = ORIENTED_EDGE ( 'NONE', *, *, #4957, .F. ) ;
#3857 = VERTEX_POINT ( 'NONE', #4892 ) ;
#3858 = ORIENTED_EDGE ( 'NONE', *, *, #1926, .F. ) ;
#3859 = FACE_OUTER_BOUND ( 'NONE', #283, .T. ) ;
#3860 = CARTESIAN_POINT ( 'NONE',  ( 31.59999999999999787, 1.030637635557567044, 3.864943216164022477 ) ) ;
#3861 = EDGE_LOOP ( 'NONE', ( #571, #5342, #416, #3738 ) ) ;
#3862 = ORIENTED_EDGE ( 'NONE', *, *, #3242, .T. ) ;
#3863 = CYLINDRICAL_SURFACE ( 'NONE', #5434, 5.500000000000000000 ) ;
#3864 = VERTEX_POINT ( 'NONE', #2969 ) ;
#3865 = CLOSED_SHELL ( 'NONE', ( #156, #1967, #4992, #1715, #3830, #4605, #184, #5344, #2531, #3596, #4686, #3675, #3642, #5063, #5551, #347, #4322, #3441, #4044, #1838, #4600, #6185, #3970, #338, #6345, #3723, #4396, #4947, #587, #1324, #5312, #24, #1798, #417, #3683, #5464, #2879, #3273, #2241, #6293, #2125, #4757, #6333, #1456, #1887, #898, #115, #6177, #5265, #6384, #3715, #6029, #1595, #1934, #3522, #900, #2841, #2489, #38, #4591, #4485, #5072, #4385, #2326, #3321, #5824, #373, #3281, #3129, #2318, #4834, #6352, #5026, #5179, #3035, #5783, #2963, #3594, #2209, #1799, #5833, #1212, #2722, #6343, #142, #5142, #3352, #3005, #5541, #1814, #5552, #2012, #4196, #6337, #425, #1613, #2169, #2162, #3673, #1718, #306, #3360, #533, #5619, #3566, #1520, #1317, #4351, #821, #3923 ) ) ;
#3866 = DIRECTION ( 'NONE',  ( 1.000000000000000000, 0.000000000000000000, 0.000000000000000000 ) ) ;
#3867 = DIRECTION ( 'NONE',  ( -1.000000000000000000, -0.000000000000000000, -0.000000000000000000 ) ) ;
#3868 = AXIS2_PLACEMENT_3D ( 'NONE', #1295, #3291, #5269 ) ;
#3869 = EDGE_LOOP ( 'NONE', ( #2467, #2577, #288, #1161 ) ) ;
#3870 = DIRECTION ( 'NONE',  ( 0.000000000000000000, 0.000000000000000000, -1.000000000000000000 ) ) ;
#3871 = CARTESIAN_POINT ( 'NONE',  ( 30.59999999999999432, 0.000000000000000000, 0.1499999999999999944 ) ) ;
#3872 = CARTESIAN_POINT ( 'NONE',  ( -47.19999999999999574, 5.500000000000000000, -4.999999999999993783 ) ) ;
#3873 = EDGE_CURVE ( 'NONE', #4424, #1220, #438, .T. ) ;
#3874 = EDGE_LOOP ( 'NONE', ( #1227, #254, #4874, #2332 ) ) ;
#3875 = CARTESIAN_POINT ( 'NONE',  ( -39.69999999999999574, 7.000000000000006217, 5.000000000000000000 ) ) ;
#3876 = EDGE_CURVE ( 'NONE', #2984, #2977, #3387, .T. ) ;
#3877 = VECTOR ( 'NONE', #1071, 1000.000000000000000 ) ;
#3878 = DIRECTION ( 'NONE',  ( 0.000000000000000000, 0.000000000000000000, -1.000000000000000000 ) ) ;
#3879 = ORIENTED_EDGE ( 'NONE', *, *, #1807, .F. ) ;
#3880 = DIRECTION ( 'NONE',  ( 1.000000000000000000, 0.000000000000000000, 0.000000000000000000 ) ) ;
#3881 = DIRECTION ( 'NONE',  ( 0.000000000000000000, 0.000000000000000000, 1.000000000000000000 ) ) ;
#3882 = DIRECTION ( 'NONE',  ( 1.000000000000000000, 0.000000000000000000, 0.000000000000000000 ) ) ;
#3883 = EDGE_CURVE ( 'NONE', #3698, #1175, #2046, .T. ) ;
#3884 = AXIS2_PLACEMENT_3D ( 'NONE', #4894, #440, #857 ) ;
#3885 = ADVANCED_FACE ( 'NONE', ( #5446 ), #2450, .F. ) ;
#3886 = CARTESIAN_POINT ( 'NONE',  ( -43.30000000000000426, 9.000000000000001776, 2.700000000000007283 ) ) ;
#3887 = DIRECTION ( 'NONE',  ( 0.000000000000000000, 7.112366251504907509E-15, -1.000000000000000000 ) ) ;
#3888 = AXIS2_PLACEMENT_3D ( 'NONE', #4756, #2280, #4267 ) ;
#3889 = CARTESIAN_POINT ( 'NONE',  ( 22.59999999999999432, 0.000000000000000000, 7.150000000000002132 ) ) ;
#3890 = CARTESIAN_POINT ( 'NONE',  ( 38.59999999999999432, 0.000000000000000000, 0.1499999999999999944 ) ) ;
#3891 = ORIENTED_EDGE ( 'NONE', *, *, #2054, .T. ) ;
#3892 = AXIS2_PLACEMENT_3D ( 'NONE', #461, #2475, #5891 ) ;
#3893 = VERTEX_POINT ( 'NONE', #5537 ) ;
#3894 = ORIENTED_EDGE ( 'NONE', *, *, #264, .F. ) ;
#3895 = VECTOR ( 'NONE', #6328, 1000.000000000000000 ) ;
#3896 = CYLINDRICAL_SURFACE ( 'NONE', #3534, 3.499999999999999556 ) ;
#3897 = FACE_OUTER_BOUND ( 'NONE', #1014, .T. ) ;
#3898 = EDGE_LOOP ( 'NONE', ( #4261, #5872 ) ) ;
#3899 = ORIENTED_EDGE ( 'NONE', *, *, #1215, .F. ) ;
#3900 = DIRECTION ( 'NONE',  ( -0.000000000000000000, 0.000000000000000000, 1.000000000000000000 ) ) ;
#3901 = ORIENTED_EDGE ( 'NONE', *, *, #2273, .F. ) ;
#3902 = AXIS2_PLACEMENT_3D ( 'NONE', #1053, #2975, #3986 ) ;
#3903 = CARTESIAN_POINT ( 'NONE',  ( 29.04974746830583143, 23.75000000000000000, -8.000000000000003553 ) ) ;
#3904 = AXIS2_PLACEMENT_3D ( 'NONE', #2547, #5931, #1469 ) ;
#3905 = DIRECTION ( 'NONE',  ( -1.000000000000000000, -0.000000000000000000, -0.000000000000000000 ) ) ;
#3906 = CIRCLE ( 'NONE', #2652, 9.000000000000000000 ) ;
#3907 = ORIENTED_EDGE ( 'NONE', *, *, #5177, .T. ) ;
#3908 = FACE_OUTER_BOUND ( 'NONE', #1026, .T. ) ;
#3909 = CARTESIAN_POINT ( 'NONE',  ( 1.500000000000001554, 1.030637635557567044, 8.864943216164022033 ) ) ;
#3910 = ORIENTED_EDGE ( 'NONE', *, *, #540, .T. ) ;
#3911 = CYLINDRICAL_SURFACE ( 'NONE', #3892, 7.000000000000000000 ) ;
#3912 = VECTOR ( 'NONE', #4062, 1000.000000000000000 ) ;
#3913 = ADVANCED_FACE ( 'NONE', ( #5415 ), #90, .F. ) ;
#3914 = DIRECTION ( 'NONE',  ( 0.000000000000000000, 0.000000000000000000, 1.000000000000000000 ) ) ;
#3915 = VERTEX_POINT ( 'NONE', #4989 ) ;
#3916 = CARTESIAN_POINT ( 'NONE',  ( 13.80000000000000249, 1.000000000000006439, 7.450000000000001066 ) ) ;
#3917 = EDGE_CURVE ( 'NONE', #4445, #2880, #1534, .T. ) ;
#3918 = VERTEX_POINT ( 'NONE', #2485 ) ;
#3919 = CARTESIAN_POINT ( 'NONE',  ( 21.59999999999999787, -2.763066821399118744, 7.121905987407648020 ) ) ;
#3920 = AXIS2_PLACEMENT_3D ( 'NONE', #1024, #6001, #3010 ) ;
#3921 = FACE_OUTER_BOUND ( 'NONE', #547, .T. ) ;
#3922 = DIRECTION ( 'NONE',  ( -1.000000000000000000, -0.000000000000000000, -0.000000000000000000 ) ) ;
#3923 = ADVANCED_FACE ( 'NONE', ( #4924, #1993 ), #5510, .T. ) ;
#3924 = CARTESIAN_POINT ( 'NONE',  ( 0.000000000000000000, 14.50000000000000355, 0.000000000000000000 ) ) ;
#3925 = EDGE_CURVE ( 'NONE', #4242, #2868, #3405, .T. ) ;
#3926 = DIRECTION ( 'NONE',  ( 0.000000000000000000, -1.162264728904460753E-14, -1.000000000000000000 ) ) ;
#3927 = ORIENTED_EDGE ( 'NONE', *, *, #1088, .F. ) ;
#3928 = ORIENTED_EDGE ( 'NONE', *, *, #4198, .T. ) ;
#3929 = ORIENTED_EDGE ( 'NONE', *, *, #1202, .F. ) ;
#3930 = AXIS2_PLACEMENT_3D ( 'NONE', #5612, #2035, #5024 ) ;
#3931 = EDGE_CURVE ( 'NONE', #2817, #2688, #470, .T. ) ;
#3932 = PRODUCT_DEFINITION_CONTEXT ( 'detailed design', #1708, 'design' ) ;
#3933 = DIRECTION ( 'NONE',  ( -1.000000000000000000, -1.504111723692325477E-16, 0.000000000000000000 ) ) ;
#3934 = CARTESIAN_POINT ( 'NONE',  ( 0.000000000000000000, 7.100000000000003197, 9.000000000000001776 ) ) ;
#3935 = VERTEX_POINT ( 'NONE', #2515 ) ;
#3936 = VECTOR ( 'NONE', #2906, 1000.000000000000000 ) ;
#3937 = VERTEX_POINT ( 'NONE', #4435 ) ;
#3938 = CARTESIAN_POINT ( 'NONE',  ( 29.59999999999999787, 0.000000000000000000, 0.1499999999999999944 ) ) ;
#3939 = ORIENTED_EDGE ( 'NONE', *, *, #1094, .F. ) ;
#3940 = AXIS2_PLACEMENT_3D ( 'NONE', #5652, #1775, #801 ) ;
#3941 = AXIS2_PLACEMENT_3D ( 'NONE', #4204, #5110, #3680 ) ;
#3942 = CARTESIAN_POINT ( 'NONE',  ( 33.60000000000000142, 1.030637635557567044, 8.864943216164022033 ) ) ;
#3943 = CARTESIAN_POINT ( 'NONE',  ( 40.59999999999999432, 2.318934680004526960, 8.696122236369053127 ) ) ;
#3944 = VERTEX_POINT ( 'NONE', #2704 ) ;
#3945 = CYLINDRICAL_SURFACE ( 'NONE', #5113, 7.249999999999999112 ) ;
#3946 = CARTESIAN_POINT ( 'NONE',  ( 28.59999999999999787, 0.000000000000000000, 0.1499999999999999944 ) ) ;
#3947 = AXIS2_PLACEMENT_3D ( 'NONE', #6189, #2004, #2218 ) ;
#3948 = ORIENTED_EDGE ( 'NONE', *, *, #4999, .F. ) ;
#3949 = DIRECTION ( 'NONE',  ( 0.000000000000000000, 0.000000000000000000, -1.000000000000000000 ) ) ;
#3950 = VECTOR ( 'NONE', #1139, 1000.000000000000000 ) ;
#3951 = CARTESIAN_POINT ( 'NONE',  ( 0.000000000000000000, 29.50000000000000711, 0.000000000000000000 ) ) ;
#3952 = ORIENTED_EDGE ( 'NONE', *, *, #4440, .T. ) ;
#3953 = CARTESIAN_POINT ( 'NONE',  ( 32.59999999999999432, 1.030637635557567044, 3.864943216164022477 ) ) ;
#3954 = CARTESIAN_POINT ( 'NONE',  ( -6.799999999999999822, 4.499999999999999112, 2.650000000000000799 ) ) ;
#3955 = CARTESIAN_POINT ( 'NONE',  ( 22.10000000000000142, 1.000000000000006439, 7.450000000000001066 ) ) ;
#3956 = CARTESIAN_POINT ( 'NONE',  ( 40.59999999999999432, -2.762069023147042390, -6.931785952275175688 ) ) ;
#3957 = CARTESIAN_POINT ( 'NONE',  ( 1.099114204119464366, 23.75000000000000355, -6.250000000000000888 ) ) ;
#3958 = AXIS2_PLACEMENT_3D ( 'NONE', #5433, #5984, #5404 ) ;
#3959 = DIRECTION ( 'NONE',  ( 0.000000000000000000, 0.000000000000000000, 1.000000000000000000 ) ) ;
#3960 = CARTESIAN_POINT ( 'NONE',  ( 27.59999999999999787, 2.606424087848269178, -8.614322577793585012 ) ) ;
#3961 = VERTEX_POINT ( 'NONE', #1591 ) ;
#3962 = EDGE_CURVE ( 'NONE', #2334, #1792, #2253, .T. ) ;
#3963 = VERTEX_POINT ( 'NONE', #211 ) ;
#3964 = EDGE_CURVE ( 'NONE', #3218, #3779, #4173, .T. ) ;
#3965 = CARTESIAN_POINT ( 'NONE',  ( 8.225974270706696956, 29.50000000000000711, 0.000000000000000000 ) ) ;
#3966 = CARTESIAN_POINT ( 'NONE',  ( 8.225974270706696956, 29.50000000000000711, -3.499999999999999556 ) ) ;
#3967 = ORIENTED_EDGE ( 'NONE', *, *, #2641, .F. ) ;
#3968 = ORIENTED_EDGE ( 'NONE', *, *, #3240, .F. ) ;
#3969 = DIRECTION ( 'NONE',  ( 0.000000000000000000, -1.000000000000000000, 0.000000000000000000 ) ) ;
#3970 = ADVANCED_FACE ( 'NONE', ( #1626 ), #3067, .T. ) ;
#3971 = ORIENTED_EDGE ( 'NONE', *, *, #741, .F. ) ;
#3972 = FACE_OUTER_BOUND ( 'NONE', #1803, .T. ) ;
#3973 = DIRECTION ( 'NONE',  ( 0.000000000000000000, 0.000000000000000000, 1.000000000000000000 ) ) ;
#3974 = ORIENTED_EDGE ( 'NONE', *, *, #5304, .F. ) ;
#3975 = DIRECTION ( 'NONE',  ( -1.000000000000000000, -0.000000000000000000, -0.000000000000000000 ) ) ;
#3976 = CARTESIAN_POINT ( 'NONE',  ( 8.225974270706696956, 29.50000000000000711, -7.249999999999999112 ) ) ;
#3977 = EDGE_LOOP ( 'NONE', ( #6045, #244, #5168, #5827, #1783, #5005, #3490 ) ) ;
#3978 = VECTOR ( 'NONE', #5206, 1000.000000000000000 ) ;
#3979 = CARTESIAN_POINT ( 'NONE',  ( 13.80000000000000249, 8.100000000000003197, 8.000000000000000000 ) ) ;
#3980 = VERTEX_POINT ( 'NONE', #2185 ) ;
#3981 = CARTESIAN_POINT ( 'NONE',  ( 23.59999999999999432, 1.030637635557567044, 3.864943216164022477 ) ) ;
#3982 = DIRECTION ( 'NONE',  ( -0.000000000000000000, 2.478176394252590410E-15, 1.000000000000000000 ) ) ;
#3983 = PLANE ( 'NONE',  #6202 ) ;
#3984 = CARTESIAN_POINT ( 'NONE',  ( 41.60000000000000142, 1.030637635557567044, 3.864943216164022477 ) ) ;
#3985 = DIRECTION ( 'NONE',  ( -1.000000000000000000, -0.000000000000000000, -0.000000000000000000 ) ) ;
#3986 = DIRECTION ( 'NONE',  ( 0.000000000000000000, 0.000000000000000000, -1.000000000000000000 ) ) ;
#3987 = DIRECTION ( 'NONE',  ( -1.000000000000000000, -0.000000000000000000, -0.000000000000000000 ) ) ;
#3988 = ORIENTED_EDGE ( 'NONE', *, *, #2233, .T. ) ;
#3989 = VERTEX_POINT ( 'NONE', #4076 ) ;
#3990 = AXIS2_PLACEMENT_3D ( 'NONE', #122, #1726, #5141 ) ;
#3991 = UNCERTAINTY_MEASURE_WITH_UNIT (LENGTH_MEASURE( 1.000000000000000082E-05 ), #811, 'distance_accuracy_value', 'NONE');
#3992 = EDGE_CURVE ( 'NONE', #2138, #949, #5174, .T. ) ;
#3993 = DIRECTION ( 'NONE',  ( 0.000000000000000000, 0.000000000000000000, 1.000000000000000000 ) ) ;
#3994 = DIRECTION ( 'NONE',  ( -1.000000000000000000, -0.000000000000000000, -0.000000000000000000 ) ) ;
#3995 = FACE_OUTER_BOUND ( 'NONE', #1617, .T. ) ;
#3996 = EDGE_CURVE ( 'NONE', #287, #2817, #2666, .T. ) ;
#3997 = ORIENTED_EDGE ( 'NONE', *, *, #4999, .T. ) ;
#3998 = DIRECTION ( 'NONE',  ( -1.000000000000000000, -1.504111723692325477E-16, 0.000000000000000000 ) ) ;
#3999 = ORIENTED_EDGE ( 'NONE', *, *, #4053, .F. ) ;
#4000 = AXIS2_PLACEMENT_3D ( 'NONE', #222, #2195, #4183 ) ;
#4001 = EDGE_CURVE ( 'NONE', #5650, #2424, #2638, .T. ) ;
#4002 = EDGE_CURVE ( 'NONE', #6213, #6087, #120, .T. ) ;
#4003 = DIRECTION ( 'NONE',  ( -1.000000000000000000, -0.000000000000000000, -0.000000000000000000 ) ) ;
#4004 = DIRECTION ( 'NONE',  ( 0.000000000000000000, 0.000000000000000000, -1.000000000000000000 ) ) ;
#4005 = ORIENTED_EDGE ( 'NONE', *, *, #3530, .F. ) ;
#4006 = EDGE_CURVE ( 'NONE', #1220, #1357, #5392, .T. ) ;
#4007 = DIRECTION ( 'NONE',  ( 1.000000000000000000, -0.000000000000000000, -0.000000000000000000 ) ) ;
#4008 = CARTESIAN_POINT ( 'NONE',  ( 1.500000000000000000, 8.572527594031473190E-16, -6.850000000000000533 ) ) ;
#4009 = AXIS2_PLACEMENT_3D ( 'NONE', #1732, #1176, #4574 ) ;
#4010 = ORIENTED_EDGE ( 'NONE', *, *, #5225, .F. ) ;
#4011 = AXIS2_PLACEMENT_3D ( 'NONE', #1239, #5213, #760 ) ;
#4012 = EDGE_CURVE ( 'NONE', #4532, #4093, #6183, .T. ) ;
#4013 = VECTOR ( 'NONE', #2608, 1000.000000000000000 ) ;
#4014 = DIRECTION ( 'NONE',  ( 0.000000000000000000, -1.000000000000000000, -4.336808689942019708E-16 ) ) ;
#4015 = EDGE_LOOP ( 'NONE', ( #3765, #2052, #5577, #2311 ) ) ;
#4016 = CARTESIAN_POINT ( 'NONE',  ( 24.59999999999999787, 0.000000000000000000, 0.000000000000000000 ) ) ;
#4017 = CARTESIAN_POINT ( 'NONE',  ( -47.19999999999999574, 5.500000000000000000, 5.000000000000004441 ) ) ;
#4018 = DIRECTION ( 'NONE',  ( 0.000000000000000000, 0.000000000000000000, -1.000000000000000000 ) ) ;
#4019 = CARTESIAN_POINT ( 'NONE',  ( 40.59999999999999432, 0.000000000000000000, 0.1499999999999999944 ) ) ;
#4020 = DIRECTION ( 'NONE',  ( 1.000000000000000000, 0.000000000000000000, 0.000000000000000000 ) ) ;
#4021 = CIRCLE ( 'NONE', #4739, 10.00000000000000000 ) ;
#4022 = CARTESIAN_POINT ( 'NONE',  ( 36.59999999999999432, 2.318934680004526516, 8.696122236369051350 ) ) ;
#4023 = FACE_OUTER_BOUND ( 'NONE', #5938, .T. ) ;
#4024 = DIRECTION ( 'NONE',  ( 0.000000000000000000, 1.000000000000000000, 0.000000000000000000 ) ) ;
#4025 = ORIENTED_EDGE ( 'NONE', *, *, #4673, .T. ) ;
#4026 = ORIENTED_EDGE ( 'NONE', *, *, #891, .T. ) ;
#4027 = AXIS2_PLACEMENT_3D ( 'NONE', #988, #499, #53 ) ;
#4028 = FACE_OUTER_BOUND ( 'NONE', #3095, .T. ) ;
#4029 = DIRECTION ( 'NONE',  ( -1.000000000000000000, -0.000000000000000000, -0.000000000000000000 ) ) ;
#4030 = ORIENTED_EDGE ( 'NONE', *, *, #5774, .T. ) ;
#4031 = DIRECTION ( 'NONE',  ( -1.000000000000000000, -0.000000000000000000, -0.000000000000000000 ) ) ;
#4032 = VECTOR ( 'NONE', #4588, 1000.000000000000000 ) ;
#4033 = VERTEX_POINT ( 'NONE', #1690 ) ;
#4034 = EDGE_CURVE ( 'NONE', #1892, #444, #103, .T. ) ;
#4035 = EDGE_CURVE ( 'NONE', #4398, #2397, #722, .T. ) ;
#4036 = DIRECTION ( 'NONE',  ( 1.000000000000000000, -0.000000000000000000, -0.000000000000000000 ) ) ;
#4037 =( NAMED_UNIT ( * ) PLANE_ANGLE_UNIT ( ) SI_UNIT ( $, .RADIAN. ) );
#4038 = VERTEX_POINT ( 'NONE', #2580 ) ;
#4039 = CYLINDRICAL_SURFACE ( 'NONE', #5845, 5.499999999999998224 ) ;
#4040 = CARTESIAN_POINT ( 'NONE',  ( 22.10000000000000142, 29.50000000000000000, 0.000000000000000000 ) ) ;
#4041 = VERTEX_POINT ( 'NONE', #4660 ) ;
#4042 = EDGE_CURVE ( 'NONE', #1045, #3814, #6120, .T. ) ;
#4043 = CIRCLE ( 'NONE', #4250, 5.000000000000000888 ) ;
#4044 = ADVANCED_FACE ( 'NONE', ( #6090 ), #5604, .T. ) ;
#4045 = DIRECTION ( 'NONE',  ( 0.000000000000000000, 0.000000000000000000, -1.000000000000000000 ) ) ;
#4046 = VERTEX_POINT ( 'NONE', #5634 ) ;
#4047 = CARTESIAN_POINT ( 'NONE',  ( 15.20000000000000462, 29.50000000000000711, -3.499999999999999556 ) ) ;
#4048 = VECTOR ( 'NONE', #4818, 1000.000000000000000 ) ;
#4049 = DIRECTION ( 'NONE',  ( -0.000000000000000000, 0.000000000000000000, 1.000000000000000000 ) ) ;
#4050 = CARTESIAN_POINT ( 'NONE',  ( -0.002000000000002000178, 0.000000000000000000, -6.049999999999999822 ) ) ;
#4051 = LINE ( 'NONE', #6030, #2264 ) ;
#4052 = CARTESIAN_POINT ( 'NONE',  ( 41.60000000000000142, -2.762069023147044167, -6.931785952275177465 ) ) ;
#4053 = EDGE_CURVE ( 'NONE', #4532, #592, #1112, .T. ) ;
#4054 = AXIS2_PLACEMENT_3D ( 'NONE', #5411, #4531, #49 ) ;
#4055 = FACE_OUTER_BOUND ( 'NONE', #477, .T. ) ;
#4056 = DIRECTION ( 'NONE',  ( 0.000000000000000000, 0.000000000000000000, 1.000000000000000000 ) ) ;
#4057 = CIRCLE ( 'NONE', #1654, 5.000000000000000000 ) ;
#4058 = LINE ( 'NONE', #5518, #2358 ) ;
#4059 = ORIENTED_EDGE ( 'NONE', *, *, #982, .T. ) ;
#4060 = ORIENTED_EDGE ( 'NONE', *, *, #5472, .F. ) ;
#4061 = DIRECTION ( 'NONE',  ( -1.000000000000000000, -0.000000000000000000, -0.000000000000000000 ) ) ;
#4062 = DIRECTION ( 'NONE',  ( -0.000000000000000000, -0.000000000000000000, -1.000000000000000000 ) ) ;
#4063 = ORIENTED_EDGE ( 'NONE', *, *, #5952, .F. ) ;
#4064 = ORIENTED_EDGE ( 'NONE', *, *, #5515, .F. ) ;
#4065 = CARTESIAN_POINT ( 'NONE',  ( 24.10000000000000497, 7.100000000000003197, 9.000000000000001776 ) ) ;
#4066 = CARTESIAN_POINT ( 'NONE',  ( 1.500000000000002220, -2.763066821399118744, 7.121905987407648020 ) ) ;
#4067 = EDGE_LOOP ( 'NONE', ( #1754, #422, #5202, #5094 ) ) ;
#4068 = FACE_OUTER_BOUND ( 'NONE', #2904, .T. ) ;
#4069 = CARTESIAN_POINT ( 'NONE',  ( 41.60000000000000142, 0.000000000000000000, 0.1499999999999999944 ) ) ;
#4070 = ORIENTED_EDGE ( 'NONE', *, *, #700, .T. ) ;
#4071 = EDGE_CURVE ( 'NONE', #4840, #6087, #2483, .T. ) ;
#4072 = DIRECTION ( 'NONE',  ( -1.000000000000000000, -0.000000000000000000, -0.000000000000000000 ) ) ;
#4073 = ORIENTED_EDGE ( 'NONE', *, *, #5263, .F. ) ;
#4074 = CARTESIAN_POINT ( 'NONE',  ( 13.80000000000000249, 21.50000000000000000, 7.999999999999998224 ) ) ;
#4075 = DIRECTION ( 'NONE',  ( 0.000000000000000000, 0.000000000000000000, -1.000000000000000000 ) ) ;
#4076 = CARTESIAN_POINT ( 'NONE',  ( -40.70000000000000284, 0.000000000000000000, -2.699999999999997069 ) ) ;
#4077 = DIRECTION ( 'NONE',  ( 0.000000000000000000, 0.000000000000000000, -1.000000000000000000 ) ) ;
#4078 = DIRECTION ( 'NONE',  ( -1.000000000000000000, -0.000000000000000000, -0.000000000000000000 ) ) ;
#4079 = ADVANCED_FACE ( 'NONE', ( #693 ), #238, .F. ) ;
#4080 = AXIS2_PLACEMENT_3D ( 'NONE', #2150, #146, #4595 ) ;
#4081 = EDGE_CURVE ( 'NONE', #4227, #6049, #4562, .T. ) ;
#4082 = EDGE_CURVE ( 'NONE', #2818, #5914, #2986, .T. ) ;
#4083 = CARTESIAN_POINT ( 'NONE',  ( 38.59999999999999432, -2.762069023147042390, -6.931785952275175688 ) ) ;
#4084 = ORIENTED_EDGE ( 'NONE', *, *, #4309, .T. ) ;
#4085 = FACE_OUTER_BOUND ( 'NONE', #5683, .T. ) ;
#4086 = CIRCLE ( 'NONE', #2527, 5.000000000000000000 ) ;
#4087 = CARTESIAN_POINT ( 'NONE',  ( -43.29999999999999716, 9.378143885933059920, 5.000000000000000000 ) ) ;
#4088 = ORIENTED_EDGE ( 'NONE', *, *, #1361, .F. ) ;
#4089 = ORIENTED_EDGE ( 'NONE', *, *, #5112, .T. ) ;
#4090 = AXIS2_PLACEMENT_3D ( 'NONE', #3544, #4582, #5004 ) ;
#4091 = CARTESIAN_POINT ( 'NONE',  ( 27.59999999999999787, 0.000000000000000000, 0.000000000000000000 ) ) ;
#4092 = CYLINDRICAL_SURFACE ( 'NONE', #6194, 10.00000000000000178 ) ;
#4093 = VERTEX_POINT ( 'NONE', #3358 ) ;
#4094 = AXIS2_PLACEMENT_3D ( 'NONE', #2864, #4887, #363 ) ;
#4095 = ORIENTED_EDGE ( 'NONE', *, *, #3240, .T. ) ;
#4096 = CIRCLE ( 'NONE', #981, 5.000000000000000888 ) ;
#4097 = CARTESIAN_POINT ( 'NONE',  ( 13.80000000000000249, 2.400000000000003020, 4.599999999999992539 ) ) ;
#4098 = CARTESIAN_POINT ( 'NONE',  ( 0.000000000000000000, 0.000000000000000000, 0.000000000000000000 ) ) ;
#4099 = ORIENTED_EDGE ( 'NONE', *, *, #6305, .F. ) ;
#4100 = DIRECTION ( 'NONE',  ( 0.000000000000000000, -1.000000000000000000, 4.074853802630083799E-16 ) ) ;
#4101 = DIRECTION ( 'NONE',  ( -1.000000000000000000, -0.000000000000000000, -0.000000000000000000 ) ) ;
#4102 = ORIENTED_EDGE ( 'NONE', *, *, #1447, .F. ) ;
#4103 = CIRCLE ( 'NONE', #4000, 7.000000000000000888 ) ;
#4104 = DIRECTION ( 'NONE',  ( 0.000000000000000000, 0.000000000000000000, -1.000000000000000000 ) ) ;
#4105 = CIRCLE ( 'NONE', #4725, 5.499999999999998224 ) ;
#4106 = VERTEX_POINT ( 'NONE', #4236 ) ;
#4107 = CARTESIAN_POINT ( 'NONE',  ( 25.59999999999999787, 0.000000000000000000, 0.000000000000000000 ) ) ;
#4108 = FACE_OUTER_BOUND ( 'NONE', #5915, .T. ) ;
#4109 = DIRECTION ( 'NONE',  ( 1.000000000000000000, 0.000000000000000000, 0.000000000000000000 ) ) ;
#4110 = DIRECTION ( 'NONE',  ( -1.000000000000000000, -0.000000000000000000, -0.000000000000000000 ) ) ;
#4111 = EDGE_CURVE ( 'NONE', #3306, #1769, #272, .T. ) ;
#4112 = VECTOR ( 'NONE', #2832, 1000.000000000000000 ) ;
#4113 = EDGE_CURVE ( 'NONE', #5326, #1571, #1437, .T. ) ;
#4114 = DIRECTION ( 'NONE',  ( -1.000000000000000000, -1.504111723692325477E-16, 0.000000000000000000 ) ) ;
#4115 = ORIENTED_EDGE ( 'NONE', *, *, #2575, .F. ) ;
#4116 = DIRECTION ( 'NONE',  ( -1.000000000000000000, -0.000000000000000000, -0.000000000000000000 ) ) ;
#4117 = CIRCLE ( 'NONE', #1298, 5.000000000000000000 ) ;
#4118 = CARTESIAN_POINT ( 'NONE',  ( -39.69999999999999574, 14.50000000000000355, 0.000000000000000000 ) ) ;
#4119 = ORIENTED_EDGE ( 'NONE', *, *, #5849, .T. ) ;
#4120 = EDGE_CURVE ( 'NONE', #5970, #3915, #2376, .T. ) ;
#4121 = VECTOR ( 'NONE', #3181, 1000.000000000000000 ) ;
#4122 = EDGE_CURVE ( 'NONE', #2663, #4689, #5724, .T. ) ;
#4123 = CARTESIAN_POINT ( 'NONE',  ( 15.20000000000000462, 29.50000000000000000, 7.999999999999996447 ) ) ;
#4124 = DIRECTION ( 'NONE',  ( 0.000000000000000000, 0.000000000000000000, 1.000000000000000000 ) ) ;
#4125 = ORIENTED_EDGE ( 'NONE', *, *, #5263, .T. ) ;
#4126 = LINE ( 'NONE', #6106, #5741 ) ;
#4127 = CIRCLE ( 'NONE', #794, 4.000000000000000000 ) ;
#4128 = ORIENTED_EDGE ( 'NONE', *, *, #4081, .F. ) ;
#4129 = ADVANCED_FACE ( 'NONE', ( #1261, #1231, #1758 ), #4786, .F. ) ;
#4130 = CARTESIAN_POINT ( 'NONE',  ( 41.60000000000000142, -4.261960596893379360, 5.702989453486133620 ) ) ;
#4131 = DIRECTION ( 'NONE',  ( 1.000000000000000000, 0.000000000000000000, 0.000000000000000000 ) ) ;
#4132 = ORIENTED_EDGE ( 'NONE', *, *, #6311, .F. ) ;
#4133 = AXIS2_PLACEMENT_3D ( 'NONE', #1296, #847, #5821 ) ;
#4134 = CARTESIAN_POINT ( 'NONE',  ( 34.60000000000000142, -4.261960596893380249, 5.702989453486133620 ) ) ;
#4135 = DIRECTION ( 'NONE',  ( -1.000000000000000000, -0.000000000000000000, -0.000000000000000000 ) ) ;
#4136 = ORIENTED_EDGE ( 'NONE', *, *, #3707, .T. ) ;
#4137 = AXIS2_PLACEMENT_3D ( 'NONE', #4069, #5596, #174 ) ;
#4138 = CARTESIAN_POINT ( 'NONE',  ( 29.59999999999999787, 1.030637635557567044, 3.864943216164022477 ) ) ;
#4139 = VERTEX_POINT ( 'NONE', #4266 ) ;
#4140 = DIRECTION ( 'NONE',  ( 0.000000000000000000, 0.000000000000000000, -1.000000000000000000 ) ) ;
#4141 = CARTESIAN_POINT ( 'NONE',  ( 1.500000000000001554, 1.030637635557567044, 3.864943216164022477 ) ) ;
#4142 = CARTESIAN_POINT ( 'NONE',  ( 1.500000000000000000, 8.572527594031473190E-16, -6.850000000000000533 ) ) ;
#4143 = VECTOR ( 'NONE', #3068, 1000.000000000000000 ) ;
#4144 = CARTESIAN_POINT ( 'NONE',  ( -50.70000000000000284, 5.500000000000000000, -4.999999999999992895 ) ) ;
#4145 = CIRCLE ( 'NONE', #6008, 5.000000000000000000 ) ;
#4146 = AXIS2_PLACEMENT_3D ( 'NONE', #3872, #5303, #4329 ) ;
#4147 = CARTESIAN_POINT ( 'NONE',  ( 24.10000000000000497, 7.099999999999999645, -8.450000000000001066 ) ) ;
#4148 = CYLINDRICAL_SURFACE ( 'NONE', #1925, 5.499999999999998224 ) ;
#4149 = ORIENTED_EDGE ( 'NONE', *, *, #4758, .F. ) ;
#4150 = DIRECTION ( 'NONE',  ( 0.000000000000000000, 0.000000000000000000, 1.000000000000000000 ) ) ;
#4151 = CARTESIAN_POINT ( 'NONE',  ( 36.59999999999999432, -2.762069023147044167, -6.931785952275177465 ) ) ;
#4152 = ORIENTED_EDGE ( 'NONE', *, *, #2847, .T. ) ;
#4153 = VECTOR ( 'NONE', #2462, 1000.000000000000000 ) ;
#4154 = DIRECTION ( 'NONE',  ( 0.000000000000000000, 0.000000000000000000, -1.000000000000000000 ) ) ;
#4155 = AXIS2_PLACEMENT_3D ( 'NONE', #2114, #5566, #177 ) ;
#4156 = EDGE_CURVE ( 'NONE', #6009, #1322, #3621, .T. ) ;
#4157 = DIRECTION ( 'NONE',  ( -1.000000000000000000, -1.504111723692325477E-16, 0.000000000000000000 ) ) ;
#4158 = DIRECTION ( 'NONE',  ( 0.000000000000000000, 0.000000000000000000, -1.000000000000000000 ) ) ;
#4159 = EDGE_LOOP ( 'NONE', ( #834, #1147, #4971, #2337 ) ) ;
#4160 = EDGE_CURVE ( 'NONE', #6225, #2225, #4963, .T. ) ;
#4161 = VECTOR ( 'NONE', #6410, 1000.000000000000000 ) ;
#4162 = DIRECTION ( 'NONE',  ( -1.000000000000000000, -0.000000000000000000, -0.000000000000000000 ) ) ;
#4163 = EDGE_CURVE ( 'NONE', #5308, #4608, #3092, .T. ) ;
#4164 =( NAMED_UNIT ( * ) SI_UNIT ( $, .STERADIAN. ) SOLID_ANGLE_UNIT ( ) );
#4165 = ORIENTED_EDGE ( 'NONE', *, *, #4111, .F. ) ;
#4166 = ADVANCED_FACE ( 'NONE', ( #2826 ), #4363, .T. ) ;
#4167 = CARTESIAN_POINT ( 'NONE',  ( 18.59999999999999787, 0.000000000000000000, 0.000000000000000000 ) ) ;
#4168 = ORIENTED_EDGE ( 'NONE', *, *, #454, .F. ) ;
#4169 = LINE ( 'NONE', #1655, #3432 ) ;
#4170 = ORIENTED_EDGE ( 'NONE', *, *, #6138, .T. ) ;
#4171 = DIRECTION ( 'NONE',  ( 0.000000000000000000, 0.000000000000000000, -1.000000000000000000 ) ) ;
#4172 = DIRECTION ( 'NONE',  ( 0.000000000000000000, 0.000000000000000000, -1.000000000000000000 ) ) ;
#4173 = LINE ( 'NONE', #4142, #3178 ) ;
#4174 = DIRECTION ( 'NONE',  ( -1.000000000000000000, -0.000000000000000000, -0.000000000000000000 ) ) ;
#4175 = LINE ( 'NONE', #1205, #2173 ) ;
#4176 = ORIENTED_EDGE ( 'NONE', *, *, #2396, .F. ) ;
#4177 = CARTESIAN_POINT ( 'NONE',  ( 32.59999999999999432, 0.000000000000000000, 0.1499999999999999944 ) ) ;
#4178 = VERTEX_POINT ( 'NONE', #2766 ) ;
#4179 = DIRECTION ( 'NONE',  ( 1.000000000000000000, 0.000000000000000000, 0.000000000000000000 ) ) ;
#4180 = LINE ( 'NONE', #2192, #1114 ) ;
#4181 = ORIENTED_EDGE ( 'NONE', *, *, #3604, .F. ) ;
#4182 = VECTOR ( 'NONE', #14, 1000.000000000000000 ) ;
#4183 = DIRECTION ( 'NONE',  ( 0.000000000000000000, 0.000000000000000000, -1.000000000000000000 ) ) ;
#4184 = CARTESIAN_POINT ( 'NONE',  ( -43.30000000000000426, 9.000000000000001776, 7.470744176750633514 ) ) ;
#4185 = ORIENTED_EDGE ( 'NONE', *, *, #928, .T. ) ;
#4186 = VERTEX_POINT ( 'NONE', #880 ) ;
#4187 = CIRCLE ( 'NONE', #3051, 5.499999999999998224 ) ;
#4188 = EDGE_CURVE ( 'NONE', #2076, #841, #3774, .T. ) ;
#4189 = CARTESIAN_POINT ( 'NONE',  ( 1.500000000000000000, -4.365952903884278591, -5.321604448520052877 ) ) ;
#4190 = EDGE_CURVE ( 'NONE', #1185, #689, #2863, .T. ) ;
#4191 = AXIS2_PLACEMENT_3D ( 'NONE', #4452, #5460, #2398 ) ;
#4192 = ORIENTED_EDGE ( 'NONE', *, *, #5431, .F. ) ;
#4193 = ORIENTED_EDGE ( 'NONE', *, *, #5388, .T. ) ;
#4194 = CARTESIAN_POINT ( 'NONE',  ( 1.500000000000000000, -4.261960596893379360, 5.702989453486133620 ) ) ;
#4195 = ORIENTED_EDGE ( 'NONE', *, *, #4230, .F. ) ;
#4196 = ADVANCED_FACE ( 'NONE', ( #1854 ), #5756, .T. ) ;
#4197 = CIRCLE ( 'NONE', #4094, 6.049999999999999822 ) ;
#4198 = EDGE_CURVE ( 'NONE', #2442, #3124, #4723, .T. ) ;
#4199 = ADVANCED_FACE ( 'NONE', ( #301 ), #6350, .F. ) ;
#4200 = CYLINDRICAL_SURFACE ( 'NONE', #4354, 9.000000000000000000 ) ;
#4201 = VERTEX_POINT ( 'NONE', #1822 ) ;
#4202 = DIRECTION ( 'NONE',  ( 1.000000000000000000, 0.000000000000000000, 0.000000000000000000 ) ) ;
#4203 = CYLINDRICAL_SURFACE ( 'NONE', #4802, 5.000000000000000000 ) ;
#4204 = CARTESIAN_POINT ( 'NONE',  ( 18.59999999999999787, 0.000000000000000000, 0.000000000000000000 ) ) ;
#4205 = PRESENTATION_LAYER_ASSIGNMENT (  '', '', ( #566 ) ) ;
#4206 = DIRECTION ( 'NONE',  ( 0.000000000000000000, -1.000000000000000000, 0.000000000000000000 ) ) ;
#4207 = EDGE_CURVE ( 'NONE', #5747, #1322, #5789, .T. ) ;
#4208 = CARTESIAN_POINT ( 'NONE',  ( 20.59999999999999787, 0.000000000000000000, 7.150000000000002132 ) ) ;
#4209 = ORIENTED_EDGE ( 'NONE', *, *, #5858, .F. ) ;
#4210 = DIRECTION ( 'NONE',  ( 0.000000000000000000, 0.000000000000000000, -1.000000000000000000 ) ) ;
#4211 = VERTEX_POINT ( 'NONE', #5987 ) ;
#4212 = CARTESIAN_POINT ( 'NONE',  ( -0.002000000000002000178, 0.000000000000000000, 0.000000000000000000 ) ) ;
#4213 = CARTESIAN_POINT ( 'NONE',  ( 38.59999999999999432, -2.762069023147044167, -6.931785952275177465 ) ) ;
#4214 = ORIENTED_EDGE ( 'NONE', *, *, #2400, .T. ) ;
#4215 = VECTOR ( 'NONE', #278, 1000.000000000000000 ) ;
#4216 = AXIS2_PLACEMENT_3D ( 'NONE', #369, #2806, #2347 ) ;
#4217 = CIRCLE ( 'NONE', #3284, 7.000000000000000888 ) ;
#4218 = DIRECTION ( 'NONE',  ( 1.000000000000000000, 0.000000000000000000, -0.000000000000000000 ) ) ;
#4219 = CARTESIAN_POINT ( 'NONE',  ( -40.70000000000000284, 38.49999999999999289, -4.999999999999995559 ) ) ;
#4220 = ORIENTED_EDGE ( 'NONE', *, *, #542, .F. ) ;
#4221 = ORIENTED_EDGE ( 'NONE', *, *, #5103, .F. ) ;
#4222 = VECTOR ( 'NONE', #1217, 1000.000000000000000 ) ;
#4223 = CARTESIAN_POINT ( 'NONE',  ( 18.59999999999999787, -10.35047573531249654, 13.63583152989489911 ) ) ;
#4224 = PRODUCT_CONTEXT ( 'NONE', #393, 'mechanical' ) ;
#4225 = VECTOR ( 'NONE', #5936, 1000.000000000000000 ) ;
#4226 = ORIENTED_EDGE ( 'NONE', *, *, #4190, .F. ) ;
#4227 = VERTEX_POINT ( 'NONE', #5957 ) ;
#4228 = CARTESIAN_POINT ( 'NONE',  ( 30.59999999999999432, 0.000000000000000000, 0.1499999999999999944 ) ) ;
#4229 = ORIENTED_EDGE ( 'NONE', *, *, #3931, .T. ) ;
#4230 = EDGE_CURVE ( 'NONE', #3503, #3549, #5924, .T. ) ;
#4231 = AXIS2_PLACEMENT_3D ( 'NONE', #5346, #1895, #1793 ) ;
#4232 = FACE_OUTER_BOUND ( 'NONE', #1523, .T. ) ;
#4233 = VERTEX_POINT ( 'NONE', #1008 ) ;
#4234 = LINE ( 'NONE', #5787, #6085 ) ;
#4235 = DIRECTION ( 'NONE',  ( 0.000000000000000000, 0.000000000000000000, -1.000000000000000000 ) ) ;
#4236 = CARTESIAN_POINT ( 'NONE',  ( 22.10000000000000142, 22.00000000000000711, -4.500000000000003553 ) ) ;
#4237 = EDGE_CURVE ( 'NONE', #4178, #4654, #4885, .T. ) ;
#4238 = DIRECTION ( 'NONE',  ( 0.000000000000000000, 0.000000000000000000, 1.000000000000000000 ) ) ;
#4239 = CIRCLE ( 'NONE', #95, 10.00000000000000178 ) ;
#4240 = EDGE_CURVE ( 'NONE', #5716, #4716, #2473, .T. ) ;
#4241 = CARTESIAN_POINT ( 'NONE',  ( 20.59999999999999787, 2.606424087848269178, -8.614322577793585012 ) ) ;
#4242 = VERTEX_POINT ( 'NONE', #1525 ) ;
#4243 = CARTESIAN_POINT ( 'NONE',  ( 35.60000000000000142, 1.030637635557567044, 8.864943216164022033 ) ) ;
#4244 = AXIS2_PLACEMENT_3D ( 'NONE', #5932, #1965, #370 ) ;
#4245 = ORIENTED_EDGE ( 'NONE', *, *, #3411, .F. ) ;
#4246 = LINE ( 'NONE', #6226, #5160 ) ;
#4247 = EDGE_CURVE ( 'NONE', #2442, #2930, #6416, .T. ) ;
#4248 = DIRECTION ( 'NONE',  ( 1.000000000000000000, 0.000000000000000000, 0.000000000000000000 ) ) ;
#4249 = EDGE_LOOP ( 'NONE', ( #437, #2373, #3840, #2573 ) ) ;
#4250 = AXIS2_PLACEMENT_3D ( 'NONE', #4710, #352, #5715 ) ;
#4251 = VECTOR ( 'NONE', #4296, 1000.000000000000000 ) ;
#4252 = DIRECTION ( 'NONE',  ( 0.000000000000000000, -1.000000000000000000, 0.000000000000000000 ) ) ;
#4253 = CYLINDRICAL_SURFACE ( 'NONE', #484, 10.00000000000000000 ) ;
#4254 = CIRCLE ( 'NONE', #1335, 1.749999999999998002 ) ;
#4255 = EDGE_LOOP ( 'NONE', ( #2300, #5011, #3298, #5750 ) ) ;
#4256 = CIRCLE ( 'NONE', #3011, 5.000000000000000000 ) ;
#4257 = DIRECTION ( 'NONE',  ( 1.000000000000000000, 0.000000000000000000, 0.000000000000000000 ) ) ;
#4258 = VERTEX_POINT ( 'NONE', #431 ) ;
#4259 = CARTESIAN_POINT ( 'NONE',  ( 1.500000000000000000, -4.365952903884278591, -5.321604448520052877 ) ) ;
#4260 = AXIS2_PLACEMENT_3D ( 'NONE', #1038, #2470, #4882 ) ;
#4261 = ORIENTED_EDGE ( 'NONE', *, *, #4555, .F. ) ;
#4262 = FILL_AREA_STYLE_COLOUR ( '', #6022 ) ;
#4263 = EDGE_LOOP ( 'NONE', ( #5126, #4226, #1602, #5564 ) ) ;
#4264 = FACE_OUTER_BOUND ( 'NONE', #1549, .T. ) ;
#4265 = CARTESIAN_POINT ( 'NONE',  ( -39.69999999999999574, 7.000000000000006217, -5.000000000000000000 ) ) ;
#4266 = CARTESIAN_POINT ( 'NONE',  ( -40.70000000000000284, 0.000000000000000000, -4.999999999999995559 ) ) ;
#4267 = DIRECTION ( 'NONE',  ( 0.000000000000000000, 0.000000000000000000, -1.000000000000000000 ) ) ;
#4268 = EDGE_CURVE ( 'NONE', #4314, #5398, #4391, .T. ) ;
#4269 = DIRECTION ( 'NONE',  ( -1.000000000000000000, -0.000000000000000000, -0.000000000000000000 ) ) ;
#4270 = ORIENTED_EDGE ( 'NONE', *, *, #933, .F. ) ;
#4271 = CYLINDRICAL_SURFACE ( 'NONE', #4734, 5.000000000000000000 ) ;
#4272 = EDGE_CURVE ( 'NONE', #3549, #1515, #5501, .T. ) ;
#4273 = ORIENTED_EDGE ( 'NONE', *, *, #849, .F. ) ;
#4274 = CARTESIAN_POINT ( 'NONE',  ( -0.002000000000002000178, 0.000000000000000000, 0.000000000000000000 ) ) ;
#4275 = DIRECTION ( 'NONE',  ( 0.000000000000000000, 0.000000000000000000, -1.000000000000000000 ) ) ;
#4276 = CARTESIAN_POINT ( 'NONE',  ( 30.59999999999999432, 2.318934680004526516, 8.696122236369051350 ) ) ;
#4277 = ORIENTED_EDGE ( 'NONE', *, *, #534, .F. ) ;
#4278 = EDGE_CURVE ( 'NONE', #5124, #4033, #5438, .T. ) ;
#4279 = EDGE_CURVE ( 'NONE', #1922, #3779, #612, .T. ) ;
#4280 = CARTESIAN_POINT ( 'NONE',  ( 37.59999999999999432, 2.318934680004526516, 8.696122236369051350 ) ) ;
#4281 = EDGE_CURVE ( 'NONE', #3961, #1495, #305, .T. ) ;
#4282 = DIRECTION ( 'NONE',  ( 1.000000000000000000, 0.000000000000000000, 0.000000000000000000 ) ) ;
#4283 = EDGE_LOOP ( 'NONE', ( #2743, #6356, #2562, #1847 ) ) ;
#4284 = ORIENTED_EDGE ( 'NONE', *, *, #2873, .T. ) ;
#4285 = DIRECTION ( 'NONE',  ( 1.000000000000000000, 0.000000000000000000, 0.000000000000000000 ) ) ;
#4286 = FACE_OUTER_BOUND ( 'NONE', #4832, .T. ) ;
#4287 = EDGE_LOOP ( 'NONE', ( #3894, #215, #3967, #6264 ) ) ;
#4288 = VERTEX_POINT ( 'NONE', #2928 ) ;
#4289 = CARTESIAN_POINT ( 'NONE',  ( 27.59999999999999787, 0.000000000000000000, 0.1499999999999999944 ) ) ;
#4290 = AXIS2_PLACEMENT_3D ( 'NONE', #1583, #6046, #3576 ) ;
#4291 = EDGE_LOOP ( 'NONE', ( #6331, #5370, #2094, #1881, #5961, #740, #5116, #5586, #3764 ) ) ;
#4292 = AXIS2_PLACEMENT_3D ( 'NONE', #5617, #4031, #3571 ) ;
#4293 = ORIENTED_EDGE ( 'NONE', *, *, #3629, .F. ) ;
#4294 = CARTESIAN_POINT ( 'NONE',  ( 34.60000000000000142, 8.572527594031474176E-16, -6.850000000000002309 ) ) ;
#4295 = LINE ( 'NONE', #4754, #3978 ) ;
#4296 = DIRECTION ( 'NONE',  ( -1.000000000000000000, -0.000000000000000000, -0.000000000000000000 ) ) ;
#4297 = DIRECTION ( 'NONE',  ( 0.000000000000000000, 0.000000000000000000, -1.000000000000000000 ) ) ;
#4298 = AXIS2_PLACEMENT_3D ( 'NONE', #5725, #5305, #848 ) ;
#4299 = CARTESIAN_POINT ( 'NONE',  ( 1.500000000000000000, 0.000000000000000000, 0.000000000000000000 ) ) ;
#4300 = AXIS2_PLACEMENT_3D ( 'NONE', #902, #1419, #1872 ) ;
#4301 = ORIENTED_EDGE ( 'NONE', *, *, #2002, .T. ) ;
#4302 = DIRECTION ( 'NONE',  ( -1.000000000000000000, -0.000000000000000000, -0.000000000000000000 ) ) ;
#4303 = ORIENTED_EDGE ( 'NONE', *, *, #2839, .T. ) ;
#4304 = CARTESIAN_POINT ( 'NONE',  ( 22.59999999999999432, 0.000000000000000000, 0.1499999999999999944 ) ) ;
#4305 = CARTESIAN_POINT ( 'NONE',  ( -40.70000000000000284, 7.000000000000006217, 5.000000000000000000 ) ) ;
#4306 = CARTESIAN_POINT ( 'NONE',  ( 13.80000000000000249, 23.75000000000000355, 6.249999999999999112 ) ) ;
#4307 = EDGE_CURVE ( 'NONE', #3448, #5597, #4769, .T. ) ;
#4308 = PRESENTATION_LAYER_ASSIGNMENT (  '', '', ( #2022 ) ) ;
#4309 = EDGE_CURVE ( 'NONE', #897, #4532, #1333, .T. ) ;
#4310 = DIRECTION ( 'NONE',  ( -1.000000000000000000, 0.000000000000000000, 0.000000000000000000 ) ) ;
#4311 = AXIS2_PLACEMENT_3D ( 'NONE', #4666, #5182, #216 ) ;
#4312 = ORIENTED_EDGE ( 'NONE', *, *, #4430, .F. ) ;
#4313 = EDGE_CURVE ( 'NONE', #941, #1223, #4490, .T. ) ;
#4314 = VERTEX_POINT ( 'NONE', #3458 ) ;
#4315 = EDGE_CURVE ( 'NONE', #5613, #6404, #2787, .T. ) ;
#4316 = VECTOR ( 'NONE', #5661, 1000.000000000000000 ) ;
#4317 = DIRECTION ( 'NONE',  ( -1.000000000000000000, -0.000000000000000000, -0.000000000000000000 ) ) ;
#4318 = CYLINDRICAL_SURFACE ( 'NONE', #2744, 7.000000000000000000 ) ;
#4319 = EDGE_LOOP ( 'NONE', ( #4095, #3057, #109, #1980 ) ) ;
#4320 = VERTEX_POINT ( 'NONE', #46 ) ;
#4321 = DIRECTION ( 'NONE',  ( 1.000000000000000000, 1.278665952808457648E-16, 0.000000000000000000 ) ) ;
#4322 = ADVANCED_FACE ( 'NONE', ( #15 ), #3428, .T. ) ;
#4323 = VECTOR ( 'NONE', #997, 1000.000000000000000 ) ;
#4324 = ORIENTED_EDGE ( 'NONE', *, *, #1692, .T. ) ;
#4325 = AXIS2_PLACEMENT_3D ( 'NONE', #2877, #5870, #1414 ) ;
#4326 = VERTEX_POINT ( 'NONE', #2018 ) ;
#4327 = DIRECTION ( 'NONE',  ( 0.000000000000000000, 0.000000000000000000, -1.000000000000000000 ) ) ;
#4328 = DIRECTION ( 'NONE',  ( 0.000000000000000000, 0.000000000000000000, 1.000000000000000000 ) ) ;
#4329 = DIRECTION ( 'NONE',  ( -1.000000000000000000, 0.000000000000000000, 2.478176394252579169E-16 ) ) ;
#4330 = FACE_OUTER_BOUND ( 'NONE', #5397, .T. ) ;
#4331 = AXIS2_PLACEMENT_3D ( 'NONE', #4698, #4179, #6160 ) ;
#4332 = CARTESIAN_POINT ( 'NONE',  ( 22.59999999999999432, 2.318934680004526516, 8.696122236369051350 ) ) ;
#4333 = ORIENTED_EDGE ( 'NONE', *, *, #3371, .T. ) ;
#4334 = CARTESIAN_POINT ( 'NONE',  ( 24.59999999999999787, 1.158410705710341659, -3.828587812352703956 ) ) ;
#4335 = DIRECTION ( 'NONE',  ( 1.000000000000000000, 0.000000000000000000, 0.000000000000000000 ) ) ;
#4336 = LINE ( 'NONE', #6324, #1729 ) ;
#4337 = CIRCLE ( 'NONE', #4858, 7.000000000000000888 ) ;
#4338 = LINE ( 'NONE', #2871, #709 ) ;
#4339 = DIRECTION ( 'NONE',  ( 0.000000000000000000, -1.000000000000000000, 0.000000000000000000 ) ) ;
#4340 = AXIS2_PLACEMENT_3D ( 'NONE', #1863, #2417, #4824 ) ;
#4341 = CARTESIAN_POINT ( 'NONE',  ( 1.500000000000001554, 1.030637635557567044, 8.864943216164022033 ) ) ;
#4342 = DIRECTION ( 'NONE',  ( 0.000000000000000000, 0.000000000000000000, 1.000000000000000000 ) ) ;
#4343 = EDGE_LOOP ( 'NONE', ( #3479, #5488, #5618, #3578 ) ) ;
#4344 = AXIS2_PLACEMENT_3D ( 'NONE', #1315, #4776, #742 ) ;
#4345 = ORIENTED_EDGE ( 'NONE', *, *, #2571, .F. ) ;
#4346 = EDGE_CURVE ( 'NONE', #3918, #5427, #3026, .T. ) ;
#4347 = CARTESIAN_POINT ( 'NONE',  ( -43.29999999999999716, 14.50000000000000355, -5.000000000000000000 ) ) ;
#4348 = CARTESIAN_POINT ( 'NONE',  ( 1.500000000000001554, 1.030637635557567044, 3.864943216164022477 ) ) ;
#4349 = CIRCLE ( 'NONE', #3429, 7.000000000000000888 ) ;
#4350 = ORIENTED_EDGE ( 'NONE', *, *, #1888, .T. ) ;
#4351 = ADVANCED_FACE ( 'NONE', ( #555 ), #2539, .T. ) ;
#4352 = DIRECTION ( 'NONE',  ( 1.000000000000000000, 0.000000000000000000, 0.000000000000000000 ) ) ;
#4353 = ORIENTED_EDGE ( 'NONE', *, *, #3883, .T. ) ;
#4354 = AXIS2_PLACEMENT_3D ( 'NONE', #5630, #4656, #4104 ) ;
#4355 = EDGE_CURVE ( 'NONE', #4186, #5159, #292, .T. ) ;
#4356 = EDGE_CURVE ( 'NONE', #3915, #6099, #6109, .T. ) ;
#4357 = DIRECTION ( 'NONE',  ( 1.000000000000000000, 0.000000000000000000, 0.000000000000000000 ) ) ;
#4358 = DIRECTION ( 'NONE',  ( -1.000000000000000000, 0.000000000000000000, 0.000000000000000000 ) ) ;
#4359 = VERTEX_POINT ( 'NONE', #2177 ) ;
#4360 = DIRECTION ( 'NONE',  ( 1.000000000000000000, 0.000000000000000000, 0.000000000000000000 ) ) ;
#4361 = VECTOR ( 'NONE', #5299, 1000.000000000000000 ) ;
#4362 = DIRECTION ( 'NONE',  ( 0.000000000000000000, 0.000000000000000000, 1.000000000000000000 ) ) ;
#4363 = CYLINDRICAL_SURFACE ( 'NONE', #4442, 8.999999999999998224 ) ;
#4364 = CARTESIAN_POINT ( 'NONE',  ( 24.59999999999999787, -2.762069023147042390, -6.931785952275175688 ) ) ;
#4365 = PRODUCT_DEFINITION_FORMATION_WITH_SPECIFIED_SOURCE ( 'ANY', '', #4740, .NOT_KNOWN. ) ;
#4366 = FACE_OUTER_BOUND ( 'NONE', #6190, .T. ) ;
#4367 = ORIENTED_EDGE ( 'NONE', *, *, #74, .T. ) ;
#4368 = CARTESIAN_POINT ( 'NONE',  ( 1.500000000000001554, 1.030637635557567044, 3.864943216164022477 ) ) ;
#4369 = VERTEX_POINT ( 'NONE', #1555 ) ;
#4370 = DIRECTION ( 'NONE',  ( 0.000000000000000000, 0.000000000000000000, -1.000000000000000000 ) ) ;
#4371 = DIRECTION ( 'NONE',  ( -1.000000000000000000, -0.000000000000000000, -0.000000000000000000 ) ) ;
#4372 = CARTESIAN_POINT ( 'NONE',  ( 22.10000000000000142, 7.099999999999999645, -8.450000000000001066 ) ) ;
#4373 = DIRECTION ( 'NONE',  ( 1.000000000000000000, 0.000000000000000000, 0.000000000000000000 ) ) ;
#4374 = DIRECTION ( 'NONE',  ( 0.000000000000000000, 0.000000000000000000, -1.000000000000000000 ) ) ;
#4375 = ORIENTED_EDGE ( 'NONE', *, *, #2649, .T. ) ;
#4376 = ORIENTED_EDGE ( 'NONE', *, *, #2178, .F. ) ;
#4377 = EDGE_LOOP ( 'NONE', ( #3988, #2845, #2269, #870 ) ) ;
#4378 = CARTESIAN_POINT ( 'NONE',  ( 31.59999999999999787, 8.572527594031474176E-16, -6.850000000000002309 ) ) ;
#4379 = CYLINDRICAL_SURFACE ( 'NONE', #2948, 10.00000000000000000 ) ;
#4380 = ORIENTED_EDGE ( 'NONE', *, *, #3530, .T. ) ;
#4381 = VERTEX_POINT ( 'NONE', #3059 ) ;
#4382 = DIRECTION ( 'NONE',  ( -1.000000000000000000, -1.504111723692325477E-16, 0.000000000000000000 ) ) ;
#4383 = ORIENTED_EDGE ( 'NONE', *, *, #3792, .F. ) ;
#4384 = EDGE_CURVE ( 'NONE', #3705, #4258, #591, .T. ) ;
#4385 = ADVANCED_FACE ( 'NONE', ( #6117 ), #5131, .T. ) ;
#4386 = CARTESIAN_POINT ( 'NONE',  ( 23.59999999999999432, 8.572527594031474176E-16, -6.850000000000002309 ) ) ;
#4387 = CARTESIAN_POINT ( 'NONE',  ( 22.10000000000000142, 1.000000000000000444, -7.450000000000001066 ) ) ;
#4388 = AXIS2_PLACEMENT_3D ( 'NONE', #1780, #3766, #1288 ) ;
#4389 = ORIENTED_EDGE ( 'NONE', *, *, #5195, .T. ) ;
#4390 = DIRECTION ( 'NONE',  ( -3.273063162220390819E-16, 0.000000000000000000, -1.000000000000000000 ) ) ;
#4391 = LINE ( 'NONE', #3976, #799 ) ;
#4392 = VERTEX_POINT ( 'NONE', #2111 ) ;
#4393 = DIRECTION ( 'NONE',  ( 1.000000000000000000, 0.000000000000000000, 0.000000000000000000 ) ) ;
#4394 = EDGE_CURVE ( 'NONE', #4233, #158, #4337, .T. ) ;
#4395 = VECTOR ( 'NONE', #5314, 1000.000000000000000 ) ;
#4396 = ADVANCED_FACE ( 'NONE', ( #4559, #111 ), #2080, .T. ) ;
#4397 = DIRECTION ( 'NONE',  ( -1.000000000000000000, -0.000000000000000000, -0.000000000000000000 ) ) ;
#4398 = VERTEX_POINT ( 'NONE', #2664 ) ;
#4399 = CARTESIAN_POINT ( 'NONE',  ( 18.59999999999999787, 1.030637635557567044, 8.864943216164022033 ) ) ;
#4400 = EDGE_LOOP ( 'NONE', ( #2367, #1861, #1150, #175 ) ) ;
#4401 = DIRECTION ( 'NONE',  ( 0.000000000000000000, -1.000000000000000000, -0.000000000000000000 ) ) ;
#4402 = AXIS2_PLACEMENT_3D ( 'NONE', #614, #677, #4158 ) ;
#4403 = CYLINDRICAL_SURFACE ( 'NONE', #6210, 10.00000000000000178 ) ;
#4404 = LINE ( 'NONE', #5866, #151 ) ;
#4405 = EDGE_CURVE ( 'NONE', #3935, #6159, #3413, .T. ) ;
#4406 = VECTOR ( 'NONE', #149, 1000.000000000000000 ) ;
#4407 = DIRECTION ( 'NONE',  ( -1.000000000000000000, 0.000000000000000000, 1.577021341797097807E-16 ) ) ;
#4408 = CARTESIAN_POINT ( 'NONE',  ( 22.10000000000000142, 2.400000000000003020, 2.899999999999992362 ) ) ;
#4409 = VERTEX_POINT ( 'NONE', #4653 ) ;
#4410 = AXIS2_PLACEMENT_3D ( 'NONE', #4448, #33, #6006 ) ;
#4411 = ORIENTED_EDGE ( 'NONE', *, *, #6108, .F. ) ;
#4412 = ORIENTED_EDGE ( 'NONE', *, *, #4671, .T. ) ;
#4413 = CIRCLE ( 'NONE', #2327, 10.00000000000000000 ) ;
#4414 = DIRECTION ( 'NONE',  ( 0.000000000000000000, 0.000000000000000000, -1.000000000000000000 ) ) ;
#4415 = DIRECTION ( 'NONE',  ( 0.000000000000000000, 0.000000000000000000, -1.000000000000000000 ) ) ;
#4416 = VERTEX_POINT ( 'NONE', #5530 ) ;
#4417 = VERTEX_POINT ( 'NONE', #1103 ) ;
#4418 = CARTESIAN_POINT ( 'NONE',  ( 36.59999999999999432, -4.365952903884279479, -5.321604448520053765 ) ) ;
#4419 = ORIENTED_EDGE ( 'NONE', *, *, #3008, .T. ) ;
#4420 = CIRCLE ( 'NONE', #4527, 7.000000000000000888 ) ;
#4421 = LINE ( 'NONE', #6409, #6428 ) ;
#4422 = DIRECTION ( 'NONE',  ( -1.000000000000000000, -0.000000000000000000, -0.000000000000000000 ) ) ;
#4423 = AXIS2_PLACEMENT_3D ( 'NONE', #4762, #6286, #6321 ) ;
#4424 = VERTEX_POINT ( 'NONE', #3577 ) ;
#4425 = DIRECTION ( 'NONE',  ( 1.000000000000000000, 0.000000000000000000, 0.000000000000000000 ) ) ;
#4426 = DIRECTION ( 'NONE',  ( -0.000000000000000000, -0.000000000000000000, -1.000000000000000000 ) ) ;
#4427 = ORIENTED_EDGE ( 'NONE', *, *, #5742, .F. ) ;
#4428 = FACE_OUTER_BOUND ( 'NONE', #16, .T. ) ;
#4429 = VECTOR ( 'NONE', #5096, 1000.000000000000000 ) ;
#4430 = EDGE_CURVE ( 'NONE', #1132, #4409, #1426, .T. ) ;
#4431 = CARTESIAN_POINT ( 'NONE',  ( 41.60000000000000142, 2.318934680004526516, 8.696122236369051350 ) ) ;
#4432 = VERTEX_POINT ( 'NONE', #5562 ) ;
#4433 = DIRECTION ( 'NONE',  ( 0.000000000000000000, 0.000000000000000000, -1.000000000000000000 ) ) ;
#4434 = CARTESIAN_POINT ( 'NONE',  ( 22.59999999999999432, 0.000000000000000000, 0.000000000000000000 ) ) ;
#4435 = CARTESIAN_POINT ( 'NONE',  ( 22.10000000000000142, 20.25000000000001066, -8.000000000000003553 ) ) ;
#4436 = AXIS2_PLACEMENT_3D ( 'NONE', #6065, #3232, #159 ) ;
#4437 = CYLINDRICAL_SURFACE ( 'NONE', #504, 3.500000000000003109 ) ;
#4438 = FACE_OUTER_BOUND ( 'NONE', #2198, .T. ) ;
#4439 = ADVANCED_FACE ( 'NONE', ( #1619 ), #3611, .F. ) ;
#4440 = EDGE_CURVE ( 'NONE', #2431, #3600, #3671, .T. ) ;
#4441 = DIRECTION ( 'NONE',  ( -1.000000000000000000, -0.000000000000000000, -0.000000000000000000 ) ) ;
#4442 = AXIS2_PLACEMENT_3D ( 'NONE', #5336, #783, #6246 ) ;
#4443 = CARTESIAN_POINT ( 'NONE',  ( 0.000000000000000000, 29.50000000000000000, -8.999999999999998224 ) ) ;
#4444 = ORIENTED_EDGE ( 'NONE', *, *, #1025, .F. ) ;
#4445 = VERTEX_POINT ( 'NONE', #3644 ) ;
#4446 = AXIS2_PLACEMENT_3D ( 'NONE', #1211, #3751, #2711 ) ;
#4447 = CARTESIAN_POINT ( 'NONE',  ( -38.10000000000000142, 6.999999999999994671, 2.649999999999999467 ) ) ;
#4448 = CARTESIAN_POINT ( 'NONE',  ( 33.60000000000000142, 0.000000000000000000, 0.000000000000000000 ) ) ;
#4449 = ORIENTED_EDGE ( 'NONE', *, *, #6301, .F. ) ;
#4450 = AXIS2_PLACEMENT_3D ( 'NONE', #1440, #1405, #1470 ) ;
#4451 = ORIENTED_EDGE ( 'NONE', *, *, #1926, .T. ) ;
#4452 = CARTESIAN_POINT ( 'NONE',  ( 22.59999999999999432, 1.030637635557567044, 3.864943216164022477 ) ) ;
#4453 = EDGE_LOOP ( 'NONE', ( #5220, #2556, #5761, #1643 ) ) ;
#4454 = AXIS2_PLACEMENT_3D ( 'NONE', #3345, #2883, #2915 ) ;
#4455 = VECTOR ( 'NONE', #1041, 1000.000000000000000 ) ;
#4456 = FACE_OUTER_BOUND ( 'NONE', #4820, .T. ) ;
#4457 = LINE ( 'NONE', #2536, #4161 ) ;
#4458 = VERTEX_POINT ( 'NONE', #1135 ) ;
#4459 = CYLINDRICAL_SURFACE ( 'NONE', #4907, 9.000000000000000000 ) ;
#4460 = DIRECTION ( 'NONE',  ( 0.000000000000000000, 0.000000000000000000, -1.000000000000000000 ) ) ;
#4461 = AXIS2_PLACEMENT_3D ( 'NONE', #1762, #5726, #3746 ) ;
#4462 = ORIENTED_EDGE ( 'NONE', *, *, #1018, .F. ) ;
#4463 = CIRCLE ( 'NONE', #6127, 5.000000000000000000 ) ;
#4464 = CARTESIAN_POINT ( 'NONE',  ( -47.19999999999999574, 5.500000000000000000, -4.999999999999993783 ) ) ;
#4465 = ORIENTED_EDGE ( 'NONE', *, *, #1243, .F. ) ;
#4466 = CARTESIAN_POINT ( 'NONE',  ( 24.59999999999999787, 2.318934680004526960, 8.696122236369053127 ) ) ;
#4467 = LINE ( 'NONE', #5995, #1407 ) ;
#4468 = FACE_OUTER_BOUND ( 'NONE', #4067, .T. ) ;
#4469 = CARTESIAN_POINT ( 'NONE',  ( 21.59999999999999787, 2.606424087848269178, -8.614322577793585012 ) ) ;
#4470 = EDGE_CURVE ( 'NONE', #6419, #1905, #1012, .T. ) ;
#4471 = EDGE_CURVE ( 'NONE', #573, #2384, #909, .T. ) ;
#4472 = DIRECTION ( 'NONE',  ( 1.504111723692325724E-16, -1.000000000000000000, 0.000000000000000000 ) ) ;
#4473 = CARTESIAN_POINT ( 'NONE',  ( 20.59999999999999787, -4.261960596893380249, 5.702989453486133620 ) ) ;
#4474 = ORIENTED_EDGE ( 'NONE', *, *, #2839, .F. ) ;
#4475 = ORIENTED_EDGE ( 'NONE', *, *, #5739, .F. ) ;
#4476 = EDGE_CURVE ( 'NONE', #1175, #2868, #4239, .T. ) ;
#4477 = ADVANCED_FACE ( 'NONE', ( #2696, #5625 ), #4685, .F. ) ;
#4478 = DIRECTION ( 'NONE',  ( 1.000000000000000000, 0.000000000000000000, 0.000000000000000000 ) ) ;
#4479 = DIRECTION ( 'NONE',  ( 0.000000000000000000, 0.000000000000000000, -1.000000000000000000 ) ) ;
#4480 = DIRECTION ( 'NONE',  ( -1.000000000000000000, -0.000000000000000000, -0.000000000000000000 ) ) ;
#4481 = ORIENTED_EDGE ( 'NONE', *, *, #3043, .T. ) ;
#4482 = ORIENTED_EDGE ( 'NONE', *, *, #1765, .F. ) ;
#4483 = CARTESIAN_POINT ( 'NONE',  ( -40.70000000000000284, 7.000000000000006217, -4.999999999999995559 ) ) ;
#4484 = ORIENTED_EDGE ( 'NONE', *, *, #3876, .F. ) ;
#4485 = ADVANCED_FACE ( 'NONE', ( #3141 ), #2617, .T. ) ;
#4486 = DIRECTION ( 'NONE',  ( -1.000000000000000000, -0.000000000000000000, -0.000000000000000000 ) ) ;
#4487 = CYLINDRICAL_SURFACE ( 'NONE', #1233, 9.000000000000000000 ) ;
#4488 = VERTEX_POINT ( 'NONE', #4087 ) ;
#4489 = CARTESIAN_POINT ( 'NONE',  ( 24.59999999999999787, 1.158410705710341659, -3.828587812352703956 ) ) ;
#4490 = LINE ( 'NONE', #1430, #5599 ) ;
#4491 = AXIS2_PLACEMENT_3D ( 'NONE', #6323, #659, #4075 ) ;
#4492 = ORIENTED_EDGE ( 'NONE', *, *, #4384, .F. ) ;
#4493 = CIRCLE ( 'NONE', #1680, 7.000000000000000888 ) ;
#4494 = DIRECTION ( 'NONE',  ( -1.000000000000000000, -0.000000000000000000, 0.000000000000000000 ) ) ;
#4495 = ORIENTED_EDGE ( 'NONE', *, *, #3209, .T. ) ;
#4496 = DIRECTION ( 'NONE',  ( -1.000000000000000000, -0.000000000000000000, -0.000000000000000000 ) ) ;
#4497 = LINE ( 'NONE', #3066, #2407 ) ;
#4498 = DIRECTION ( 'NONE',  ( 0.000000000000000000, 0.000000000000000000, 1.000000000000000000 ) ) ;
#4499 = DIRECTION ( 'NONE',  ( 0.000000000000000000, -1.000000000000000000, -1.548860246407863583E-16 ) ) ;
#4500 = DIRECTION ( 'NONE',  ( -1.000000000000000000, -0.000000000000000000, -0.000000000000000000 ) ) ;
#4501 = CIRCLE ( 'NONE', #3361, 7.000000000000000888 ) ;
#4502 = VECTOR ( 'NONE', #3922, 1000.000000000000000 ) ;
#4503 = DIRECTION ( 'NONE',  ( 1.000000000000000000, 0.000000000000000000, 0.000000000000000000 ) ) ;
#4504 = EDGE_CURVE ( 'NONE', #1223, #4139, #4577, .T. ) ;
#4505 = CARTESIAN_POINT ( 'NONE',  ( 31.59999999999999787, -10.35047573531249654, 13.63583152989489911 ) ) ;
#4506 = CARTESIAN_POINT ( 'NONE',  ( 39.59999999999999432, -4.365952903884278591, -5.321604448520052877 ) ) ;
#4507 = VERTEX_POINT ( 'NONE', #3538 ) ;
#4508 = ORIENTED_EDGE ( 'NONE', *, *, #2368, .F. ) ;
#4509 = ADVANCED_FACE ( 'NONE', ( #6066 ), #4542, .F. ) ;
#4510 = AXIS2_PLACEMENT_3D ( 'NONE', #2487, #3985, #5967 ) ;
#4511 = PRODUCT_DEFINITION_CONTEXT ( 'detailed design', #1378, 'design' ) ;
#4512 = FACE_OUTER_BOUND ( 'NONE', #1687, .T. ) ;
#4513 = EDGE_CURVE ( 'NONE', #1778, #2846, #2469, .T. ) ;
#4514 = DIRECTION ( 'NONE',  ( 1.000000000000000000, 0.000000000000000000, 0.000000000000000000 ) ) ;
#4515 = CIRCLE ( 'NONE', #2434, 10.00000000000000000 ) ;
#4516 = VERTEX_POINT ( 'NONE', #2158 ) ;
#4517 = CYLINDRICAL_SURFACE ( 'NONE', #3469, 1.749999999999997113 ) ;
#4518 = VERTEX_POINT ( 'NONE', #4506 ) ;
#4519 = ADVANCED_FACE ( 'NONE', ( #2128 ), #189, .F. ) ;
#4520 = CIRCLE ( 'NONE', #4827, 7.000000000000000888 ) ;
#4521 = DIRECTION ( 'NONE',  ( -1.000000000000000000, -0.000000000000000000, -0.000000000000000000 ) ) ;
#4522 = EDGE_CURVE ( 'NONE', #320, #6404, #3110, .T. ) ;
#4523 = CARTESIAN_POINT ( 'NONE',  ( 0.000000000000000000, 0.000000000000000000, 0.1499999999999999944 ) ) ;
#4524 = VERTEX_POINT ( 'NONE', #4151 ) ;
#4525 = CARTESIAN_POINT ( 'NONE',  ( 23.59999999999999432, 1.030637635557567044, 3.864943216164022477 ) ) ;
#4526 = CARTESIAN_POINT ( 'NONE',  ( 1.500000000000001554, 1.030637635557567044, 3.864943216164022477 ) ) ;
#4527 = AXIS2_PLACEMENT_3D ( 'NONE', #727, #6062, #6129 ) ;
#4528 = EDGE_LOOP ( 'NONE', ( #339, #1912, #1946, #295 ) ) ;
#4529 = VECTOR ( 'NONE', #2905, 1000.000000000000000 ) ;
#4530 = AXIS2_PLACEMENT_3D ( 'NONE', #5929, #3435, #953 ) ;
#4531 = DIRECTION ( 'NONE',  ( -1.000000000000000000, -0.000000000000000000, -0.000000000000000000 ) ) ;
#4532 = VERTEX_POINT ( 'NONE', #5057 ) ;
#4533 = PLANE ( 'NONE',  #5980 ) ;
#4534 = FACE_OUTER_BOUND ( 'NONE', #517, .T. ) ;
#4535 = DIRECTION ( 'NONE',  ( 0.000000000000000000, -1.000000000000000000, 4.074853802630083799E-16 ) ) ;
#4536 = LINE ( 'NONE', #92, #4143 ) ;
#4537 = CARTESIAN_POINT ( 'NONE',  ( 18.59999999999999787, 0.000000000000000000, -6.049999999999999822 ) ) ;
#4538 = AXIS2_PLACEMENT_3D ( 'NONE', #813, #360, #3772 ) ;
#4539 = CIRCLE ( 'NONE', #5473, 7.000000000000000888 ) ;
#4540 = CARTESIAN_POINT ( 'NONE',  ( 0.000000000000000000, 0.000000000000000000, 4.000000000000000000 ) ) ;
#4541 = LINE ( 'NONE', #3442, #4225 ) ;
#4542 = PLANE ( 'NONE',  #6000 ) ;
#4543 = ORIENTED_EDGE ( 'NONE', *, *, #1093, .F. ) ;
#4544 = ORIENTED_EDGE ( 'NONE', *, *, #4471, .T. ) ;
#4545 = AXIS2_PLACEMENT_3D ( 'NONE', #1404, #2835, #5244 ) ;
#4546 = CARTESIAN_POINT ( 'NONE',  ( -47.19999999999999574, 5.500000000000000000, 2.700000000000008171 ) ) ;
#4547 = DIRECTION ( 'NONE',  ( 0.000000000000000000, 0.000000000000000000, -1.000000000000000000 ) ) ;
#4548 = EDGE_LOOP ( 'NONE', ( #4099, #979, #4657, #939 ) ) ;
#4549 = CARTESIAN_POINT ( 'NONE',  ( 24.10000000000000497, 7.100000000000003197, 8.450000000000001066 ) ) ;
#4550 = AXIS2_PLACEMENT_3D ( 'NONE', #3657, #4996, #1634 ) ;
#4551 = VERTEX_POINT ( 'NONE', #60 ) ;
#4552 = EDGE_CURVE ( 'NONE', #4432, #2646, #4058, .T. ) ;
#4553 = PLANE ( 'NONE',  #5282 ) ;
#4554 = AXIS2_PLACEMENT_3D ( 'NONE', #3984, #1020, #4077 ) ;
#4555 = EDGE_CURVE ( 'NONE', #4458, #3717, #1837, .T. ) ;
#4556 = DIRECTION ( 'NONE',  ( 1.000000000000000000, 0.000000000000000000, 0.000000000000000000 ) ) ;
#4557 = ORIENTED_EDGE ( 'NONE', *, *, #5273, .T. ) ;
#4558 = CARTESIAN_POINT ( 'NONE',  ( 28.59999999999999787, 1.030637635557567044, 3.864943216164022477 ) ) ;
#4559 = FACE_OUTER_BOUND ( 'NONE', #638, .T. ) ;
#4560 = ORIENTED_EDGE ( 'NONE', *, *, #3753, .F. ) ;
#4561 = VECTOR ( 'NONE', #4162, 1000.000000000000000 ) ;
#4562 = CIRCLE ( 'NONE', #2268, 7.000000000000000888 ) ;
#4563 = EDGE_CURVE ( 'NONE', #768, #5613, #500, .T. ) ;
#4564 = EDGE_CURVE ( 'NONE', #4763, #2898, #2155, .T. ) ;
#4565 = DIRECTION ( 'NONE',  ( -1.000000000000000000, -0.000000000000000000, -0.000000000000000000 ) ) ;
#4566 = ORIENTED_EDGE ( 'NONE', *, *, #3759, .F. ) ;
#4567 = LINE ( 'NONE', #179, #4316 ) ;
#4568 = CIRCLE ( 'NONE', #5700, 10.00000000000000178 ) ;
#4569 = CARTESIAN_POINT ( 'NONE',  ( -38.10000000000000142, 4.499999999999995559, 2.650000000000000799 ) ) ;
#4570 = DIRECTION ( 'NONE',  ( -1.000000000000000000, -0.000000000000000000, -0.000000000000000000 ) ) ;
#4571 = CARTESIAN_POINT ( 'NONE',  ( -40.70000000000000284, 38.49999999999999289, 8.449999999999999289 ) ) ;
#4572 = DIRECTION ( 'NONE',  ( -1.000000000000000000, -0.000000000000000000, -0.000000000000000000 ) ) ;
#4573 = CIRCLE ( 'NONE', #5918, 5.000000000000000000 ) ;
#4574 = DIRECTION ( 'NONE',  ( 0.000000000000000000, -1.000000000000000000, 0.000000000000000000 ) ) ;
#4575 = DIRECTION ( 'NONE',  ( 1.000000000000000000, 0.000000000000000000, 0.000000000000000000 ) ) ;
#4576 = AXIS2_PLACEMENT_3D ( 'NONE', #4523, #4556, #2107 ) ;
#4577 = LINE ( 'NONE', #5119, #5272 ) ;
#4578 = EDGE_LOOP ( 'NONE', ( #966, #3029, #823, #6205 ) ) ;
#4579 = SURFACE_STYLE_FILL_AREA ( #764 ) ;
#4580 = DIRECTION ( 'NONE',  ( -1.000000000000000000, -0.000000000000000000, -0.000000000000000000 ) ) ;
#4581 = ORIENTED_EDGE ( 'NONE', *, *, #266, .F. ) ;
#4582 = DIRECTION ( 'NONE',  ( 1.000000000000000000, 0.000000000000000000, 0.000000000000000000 ) ) ;
#4583 = EDGE_LOOP ( 'NONE', ( #5221, #6373 ) ) ;
#4584 = CARTESIAN_POINT ( 'NONE',  ( -36.60000000000000142, 4.499999999999995559, -2.649999999999991473 ) ) ;
#4585 = CARTESIAN_POINT ( 'NONE',  ( 1.500000000000000000, -4.365952903884278591, -5.321604448520052877 ) ) ;
#4586 = EDGE_LOOP ( 'NONE', ( #3142, #485, #3504, #4481 ) ) ;
#4587 = LINE ( 'NONE', #5469, #5540 ) ;
#4588 = DIRECTION ( 'NONE',  ( 0.000000000000000000, 1.000000000000000000, -1.294569758191647155E-16 ) ) ;
#4589 = EDGE_CURVE ( 'NONE', #1476, #4416, #1601, .T. ) ;
#4590 = ORIENTED_EDGE ( 'NONE', *, *, #2361, .T. ) ;
#4591 = ADVANCED_FACE ( 'NONE', ( #6098 ), #5579, .T. ) ;
#4592 = CARTESIAN_POINT ( 'NONE',  ( 26.59999999999999787, 8.572527594031474176E-16, -6.850000000000002309 ) ) ;
#4593 = ORIENTED_EDGE ( 'NONE', *, *, #1647, .F. ) ;
#4594 = DIRECTION ( 'NONE',  ( 1.000000000000000000, 0.000000000000000000, 0.000000000000000000 ) ) ;
#4595 = DIRECTION ( 'NONE',  ( 0.000000000000000000, 0.000000000000000000, 1.000000000000000000 ) ) ;
#4596 = DIRECTION ( 'NONE',  ( -1.000000000000000000, -0.000000000000000000, -0.000000000000000000 ) ) ;
#4597 = EDGE_CURVE ( 'NONE', #39, #140, #537, .T. ) ;
#4598 = DIRECTION ( 'NONE',  ( -1.000000000000000000, -0.000000000000000000, -0.000000000000000000 ) ) ;
#4599 = FACE_OUTER_BOUND ( 'NONE', #4283, .T. ) ;
#4600 = ADVANCED_FACE ( 'NONE', ( #3626 ), #3040, .T. ) ;
#4601 = AXIS2_PLACEMENT_3D ( 'NONE', #1986, #3975, #5956 ) ;
#4602 = DIRECTION ( 'NONE',  ( 1.000000000000000000, 0.000000000000000000, 0.000000000000000000 ) ) ;
#4603 = ORIENTED_EDGE ( 'NONE', *, *, #5393, .F. ) ;
#4604 = CARTESIAN_POINT ( 'NONE',  ( 18.59999999999999787, 2.318934680004526960, 8.696122236369053127 ) ) ;
#4605 = ADVANCED_FACE ( 'NONE', ( #2555 ), #2067, .T. ) ;
#4606 = AXIS2_PLACEMENT_3D ( 'NONE', #5595, #649, #3058 ) ;
#4607 = DIRECTION ( 'NONE',  ( 0.000000000000000000, -1.162264728904460753E-14, -1.000000000000000000 ) ) ;
#4608 = VERTEX_POINT ( 'NONE', #4213 ) ;
#4609 = VERTEX_POINT ( 'NONE', #3722 ) ;
#4610 = CIRCLE ( 'NONE', #3884, 10.00000000000000178 ) ;
#4611 = LINE ( 'NONE', #165, #6176 ) ;
#4612 = DIRECTION ( 'NONE',  ( -3.273063162220390819E-16, -0.000000000000000000, -1.000000000000000000 ) ) ;
#4613 = ORIENTED_EDGE ( 'NONE', *, *, #691, .F. ) ;
#4614 = LINE ( 'NONE', #169, #5959 ) ;
#4615 = VECTOR ( 'NONE', #56, 1000.000000000000000 ) ;
#4616 = VERTEX_POINT ( 'NONE', #5185 ) ;
#4617 = CIRCLE ( 'NONE', #2639, 5.000000000000000000 ) ;
#4618 = DIRECTION ( 'NONE',  ( -1.000000000000000000, -0.000000000000000000, -0.000000000000000000 ) ) ;
#4619 = EDGE_LOOP ( 'NONE', ( #1763, #6397, #1367, #277, #4419, #3822, #4955, #682, #1252 ) ) ;
#4620 = CARTESIAN_POINT ( 'NONE',  ( 40.59999999999999432, 1.030637635557567044, 3.864943216164022477 ) ) ;
#4621 = DIRECTION ( 'NONE',  ( 1.000000000000000000, 0.000000000000000000, 0.000000000000000000 ) ) ;
#4622 = VERTEX_POINT ( 'NONE', #5765 ) ;
#4623 = SHAPE_REPRESENTATION ( 'base', ( #831 ), #1345 ) ;
#4624 = CARTESIAN_POINT ( 'NONE',  ( 26.59999999999999787, 0.000000000000000000, 0.1499999999999999944 ) ) ;
#4625 = VECTOR ( 'NONE', #4114, 1000.000000000000000 ) ;
#4626 = EDGE_LOOP ( 'NONE', ( #3282, #4774, #5908, #5379 ) ) ;
#4627 = CARTESIAN_POINT ( 'NONE',  ( 1.500000000000001554, 1.030637635557567044, 8.864943216164022033 ) ) ;
#4628 = DIRECTION ( 'NONE',  ( -1.000000000000000000, -0.000000000000000000, -0.000000000000000000 ) ) ;
#4629 = DIRECTION ( 'NONE',  ( 1.000000000000000000, 0.000000000000000000, 0.000000000000000000 ) ) ;
#4630 = DIRECTION ( 'NONE',  ( 0.000000000000000000, 0.000000000000000000, 1.000000000000000000 ) ) ;
#4631 = AXIS2_PLACEMENT_3D ( 'NONE', #5413, #1499, #2414 ) ;
#4632 = DIRECTION ( 'NONE',  ( 0.000000000000000000, 0.000000000000000000, 1.000000000000000000 ) ) ;
#4633 = CARTESIAN_POINT ( 'NONE',  ( 19.86927765092148945, 9.000000000000007105, 0.000000000000000000 ) ) ;
#4634 = EDGE_CURVE ( 'NONE', #1515, #207, #5280, .T. ) ;
#4635 = ORIENTED_EDGE ( 'NONE', *, *, #3873, .T. ) ;
#4636 = DIRECTION ( 'NONE',  ( 0.000000000000000000, 0.000000000000000000, 1.000000000000000000 ) ) ;
#4637 = AXIS2_PLACEMENT_3D ( 'NONE', #5944, #4514, #5585 ) ;
#4638 = DIRECTION ( 'NONE',  ( 1.000000000000000000, 0.000000000000000000, 0.000000000000000000 ) ) ;
#4639 = ORIENTED_EDGE ( 'NONE', *, *, #618, .F. ) ;
#4640 = EDGE_CURVE ( 'NONE', #6049, #4178, #2881, .T. ) ;
#4641 = AXIS2_PLACEMENT_3D ( 'NONE', #2587, #1083, #5517 ) ;
#4642 = EDGE_CURVE ( 'NONE', #5495, #3503, #1319, .T. ) ;
#4643 = CARTESIAN_POINT ( 'NONE',  ( 27.59999999999999787, -2.763066821399118744, 7.121905987407648020 ) ) ;
#4644 = FACE_OUTER_BOUND ( 'NONE', #1267, .T. ) ;
#4645 = ORIENTED_EDGE ( 'NONE', *, *, #5431, .T. ) ;
#4646 = DIRECTION ( 'NONE',  ( 1.000000000000000000, 0.000000000000000000, 0.000000000000000000 ) ) ;
#4647 = AXIS2_PLACEMENT_3D ( 'NONE', #5864, #3882, #1862 ) ;
#4648 = VERTEX_POINT ( 'NONE', #2742 ) ;
#4649 = CARTESIAN_POINT ( 'NONE',  ( 1.500000000000000000, 0.000000000000000000, 0.000000000000000000 ) ) ;
#4650 = ORIENTED_EDGE ( 'NONE', *, *, #2833, .T. ) ;
#4651 = VECTOR ( 'NONE', #6036, 1000.000000000000000 ) ;
#4652 = EDGE_LOOP ( 'NONE', ( #202, #2950, #2078, #406 ) ) ;
#4653 = CARTESIAN_POINT ( 'NONE',  ( 27.59999999999999787, -4.365952903884278591, -5.321604448520052877 ) ) ;
#4654 = VERTEX_POINT ( 'NONE', #3233 ) ;
#4655 = AXIS2_PLACEMENT_3D ( 'NONE', #600, #4003, #2856 ) ;
#4656 = DIRECTION ( 'NONE',  ( 1.000000000000000000, 0.000000000000000000, 0.000000000000000000 ) ) ;
#4657 = ORIENTED_EDGE ( 'NONE', *, *, #6101, .F. ) ;
#4658 = CARTESIAN_POINT ( 'NONE',  ( -43.29999999999999716, 14.50000000000000355, 0.000000000000000000 ) ) ;
#4659 = DIRECTION ( 'NONE',  ( -1.000000000000000000, -0.000000000000000000, -0.000000000000000000 ) ) ;
#4660 = CARTESIAN_POINT ( 'NONE',  ( 1.500000000000000666, 18.75000000000000355, 5.204748896376249713E-16 ) ) ;
#4661 = CIRCLE ( 'NONE', #608, 5.000000000000000000 ) ;
#4662 = DIRECTION ( 'NONE',  ( 0.000000000000000000, 0.000000000000000000, -1.000000000000000000 ) ) ;
#4663 = VECTOR ( 'NONE', #2298, 1000.000000000000000 ) ;
#4664 = CARTESIAN_POINT ( 'NONE',  ( 1.500000000000000000, -4.261960596893379360, 5.702989453486133620 ) ) ;
#4665 = VERTEX_POINT ( 'NONE', #4305 ) ;
#4666 = CARTESIAN_POINT ( 'NONE',  ( 18.59999999999999787, 0.000000000000000000, 0.000000000000000000 ) ) ;
#4667 = ORIENTED_EDGE ( 'NONE', *, *, #4589, .T. ) ;
#4668 = CYLINDRICAL_SURFACE ( 'NONE', #3706, 1.749999999999998002 ) ;
#4669 = CARTESIAN_POINT ( 'NONE',  ( 24.59999999999999787, 0.000000000000000000, 0.1499999999999999944 ) ) ;
#4670 = ORIENTED_EDGE ( 'NONE', *, *, #1207, .F. ) ;
#4671 = EDGE_CURVE ( 'NONE', #5252, #2271, #6206, .T. ) ;
#4672 = AXIS2_PLACEMENT_3D ( 'NONE', #4694, #2706, #3228 ) ;
#4673 = EDGE_CURVE ( 'NONE', #3323, #3108, #6289, .T. ) ;
#4674 = DIRECTION ( 'NONE',  ( 0.000000000000000000, -1.982541115402062546E-15, -1.000000000000000000 ) ) ;
#4675 = CIRCLE ( 'NONE', #720, 5.499999999999998224 ) ;
#4676 = CARTESIAN_POINT ( 'NONE',  ( 19.59999999999999787, 2.606424087848269178, -8.614322577793585012 ) ) ;
#4677 = EDGE_CURVE ( 'NONE', #4201, #1653, #4180, .T. ) ;
#4678 = ADVANCED_FACE ( 'NONE', ( #2681 ), #5214, .F. ) ;
#4679 = ORIENTED_EDGE ( 'NONE', *, *, #1243, .T. ) ;
#4680 = VECTOR ( 'NONE', #1390, 1000.000000000000000 ) ;
#4681 = EDGE_CURVE ( 'NONE', #2655, #1129, #1951, .T. ) ;
#4682 = LINE ( 'NONE', #322, #3208 ) ;
#4683 = ORIENTED_EDGE ( 'NONE', *, *, #1242, .F. ) ;
#4684 = ORIENTED_EDGE ( 'NONE', *, *, #4869, .F. ) ;
#4685 = PLANE ( 'NONE',  #603 ) ;
#4686 = ADVANCED_FACE ( 'NONE', ( #3691 ), #1179, .T. ) ;
#4687 = VERTEX_POINT ( 'NONE', #703 ) ;
#4688 = CARTESIAN_POINT ( 'NONE',  ( 35.60000000000000142, -4.365952903884278591, -5.321604448520052877 ) ) ;
#4689 = VERTEX_POINT ( 'NONE', #3175 ) ;
#4690 = FACE_OUTER_BOUND ( 'NONE', #3634, .T. ) ;
#4691 = CARTESIAN_POINT ( 'NONE',  ( 38.59999999999999432, 2.318934680004526516, 8.696122236369051350 ) ) ;
#4692 = CARTESIAN_POINT ( 'NONE',  ( 34.60000000000000142, 2.318934680004526960, 8.696122236369053127 ) ) ;
#4693 = DIRECTION ( 'NONE',  ( 1.000000000000000000, 0.000000000000000000, 0.000000000000000000 ) ) ;
#4694 = CARTESIAN_POINT ( 'NONE',  ( 1.500000000000001554, 1.030637635557567044, 3.864943216164022477 ) ) ;
#4695 = ORIENTED_EDGE ( 'NONE', *, *, #5734, .T. ) ;
#4696 = CARTESIAN_POINT ( 'NONE',  ( 41.60000000000000142, 1.030637635557567044, 8.864943216164022033 ) ) ;
#4697 = ORIENTED_EDGE ( 'NONE', *, *, #6309, .T. ) ;
#4698 = CARTESIAN_POINT ( 'NONE',  ( 37.59999999999999432, 1.030637635557567044, 3.864943216164022477 ) ) ;
#4699 = DIRECTION ( 'NONE',  ( 0.000000000000000000, 7.112366251504907509E-15, -1.000000000000000000 ) ) ;
#4700 = ORIENTED_EDGE ( 'NONE', *, *, #1725, .T. ) ;
#4701 = ADVANCED_FACE ( 'NONE', ( #5731 ), #282, .F. ) ;
#4702 = CIRCLE ( 'NONE', #443, 7.000000000000000888 ) ;
#4703 = CARTESIAN_POINT ( 'NONE',  ( 1.500000000000001554, 1.030637635557567044, 3.864943216164022477 ) ) ;
#4704 = CARTESIAN_POINT ( 'NONE',  ( 38.59999999999999432, 0.000000000000000000, 7.150000000000002132 ) ) ;
#4705 = EDGE_CURVE ( 'NONE', #2895, #2834, #5791, .T. ) ;
#4706 = ORIENTED_EDGE ( 'NONE', *, *, #1125, .F. ) ;
#4707 = ORIENTED_EDGE ( 'NONE', *, *, #2750, .T. ) ;
#4708 = AXIS2_PLACEMENT_3D ( 'NONE', #1524, #1040, #5529 ) ;
#4709 = EDGE_CURVE ( 'NONE', #6004, #4931, #3819, .T. ) ;
#4710 = CARTESIAN_POINT ( 'NONE',  ( 30.59999999999999432, 1.158410705710341659, -3.828587812352703956 ) ) ;
#4711 = AXIS2_PLACEMENT_3D ( 'NONE', #3004, #5933, #990 ) ;
#4712 = EDGE_LOOP ( 'NONE', ( #5838, #4411, #4088, #4185, #1836, #1642 ) ) ;
#4713 = EDGE_CURVE ( 'NONE', #3204, #1892, #1768, .T. ) ;
#4714 = ORIENTED_EDGE ( 'NONE', *, *, #5658, .T. ) ;
#4715 = LINE ( 'NONE', #5718, #3149 ) ;
#4716 = VERTEX_POINT ( 'NONE', #3266 ) ;
#4717 = AXIS2_PLACEMENT_3D ( 'NONE', #5208, #633, #4630 ) ;
#4718 = EDGE_CURVE ( 'NONE', #1063, #6304, #5245, .T. ) ;
#4719 = DIRECTION ( 'NONE',  ( 0.000000000000000000, -1.000000000000000000, -1.294569758191647155E-16 ) ) ;
#4720 = EDGE_LOOP ( 'NONE', ( #3482, #3333, #3289, #3581, #2297, #293, #2001, #1556 ) ) ;
#4721 = DIRECTION ( 'NONE',  ( 0.000000000000000000, 0.000000000000000000, -1.000000000000000000 ) ) ;
#4722 = DIRECTION ( 'NONE',  ( 0.000000000000000000, 0.000000000000000000, -1.000000000000000000 ) ) ;
#4723 = LINE ( 'NONE', #2307, #4251 ) ;
#4724 = DIRECTION ( 'NONE',  ( 0.000000000000000000, 0.000000000000000000, -1.000000000000000000 ) ) ;
#4725 = AXIS2_PLACEMENT_3D ( 'NONE', #4546, #640, #2621 ) ;
#4726 = CARTESIAN_POINT ( 'NONE',  ( 28.59999999999999787, -10.60302848086181804, -13.13818223212012626 ) ) ;
#4727 = ORIENTED_EDGE ( 'NONE', *, *, #6260, .T. ) ;
#4728 = CYLINDRICAL_SURFACE ( 'NONE', #3693, 9.000000000000000000 ) ;
#4729 = EDGE_LOOP ( 'NONE', ( #3997, #970, #5333, #99 ) ) ;
#4730 = CARTESIAN_POINT ( 'NONE',  ( -47.19999999999999574, 5.500000000000000000, 24.72882059609970895 ) ) ;
#4731 = CARTESIAN_POINT ( 'NONE',  ( 15.20000000000000462, 29.50000000000000711, 0.000000000000000000 ) ) ;
#4732 = ORIENTED_EDGE ( 'NONE', *, *, #5462, .T. ) ;
#4733 = AXIS2_PLACEMENT_3D ( 'NONE', #5544, #5115, #3201 ) ;
#4734 = AXIS2_PLACEMENT_3D ( 'NONE', #4368, #2312, #3719 ) ;
#4735 = PLANE ( 'NONE',  #2123 ) ;
#4736 = CARTESIAN_POINT ( 'NONE',  ( 24.10000000000000497, 6.066309438144025414E-17, -8.450000000000001066 ) ) ;
#4737 = EDGE_LOOP ( 'NONE', ( #2851, #5357, #5025, #676 ) ) ;
#4738 = ORIENTED_EDGE ( 'NONE', *, *, #2524, .F. ) ;
#4739 = AXIS2_PLACEMENT_3D ( 'NONE', #5615, #765, #1152 ) ;
#4740 = PRODUCT ( 'fin_asm2', 'fin_asm2', '', ( #4224 ) ) ;
#4741 = CARTESIAN_POINT ( 'NONE',  ( -40.70000000000000284, 38.49999999999999289, 8.449999999999999289 ) ) ;
#4742 = PRODUCT_CONTEXT ( 'NONE', #2380, 'mechanical' ) ;
#4743 = AXIS2_PLACEMENT_3D ( 'NONE', #2223, #4116, #5578 ) ;
#4744 = ORIENTED_EDGE ( 'NONE', *, *, #4718, .T. ) ;
#4745 = ORIENTED_EDGE ( 'NONE', *, *, #200, .T. ) ;
#4746 = CARTESIAN_POINT ( 'NONE',  ( 13.80000000000000249, 8.099999999999999645, -8.000000000000000000 ) ) ;
#4747 = VERTEX_POINT ( 'NONE', #4765 ) ;
#4748 = EDGE_CURVE ( 'NONE', #6099, #3915, #5169, .T. ) ;
#4749 = EDGE_CURVE ( 'NONE', #3918, #5300, #3308, .T. ) ;
#4750 = VECTOR ( 'NONE', #2248, 1000.000000000000000 ) ;
#4751 = DIRECTION ( 'NONE',  ( -1.000000000000000000, -0.000000000000000000, -0.000000000000000000 ) ) ;
#4752 = EDGE_LOOP ( 'NONE', ( #3192, #4070, #3687, #2069 ) ) ;
#4753 = DIRECTION ( 'NONE',  ( -1.000000000000000000, 0.000000000000000000, 0.000000000000000000 ) ) ;
#4754 = CARTESIAN_POINT ( 'NONE',  ( 8.225974270706696956, 29.50000000000000711, 7.249999999999999112 ) ) ;
#4755 = CARTESIAN_POINT ( 'NONE',  ( 1.500000000000000000, 0.000000000000000000, 7.150000000000000355 ) ) ;
#4756 = CARTESIAN_POINT ( 'NONE',  ( 40.59999999999999432, 1.158410705710341659, -3.828587812352703956 ) ) ;
#4757 = ADVANCED_FACE ( 'NONE', ( #3921 ), #4893, .T. ) ;
#4758 = EDGE_CURVE ( 'NONE', #1312, #2723, #4661, .T. ) ;
#4759 = AXIS2_PLACEMENT_3D ( 'NONE', #6255, #3817, #5707 ) ;
#4760 = DIRECTION ( 'NONE',  ( -1.000000000000000000, -0.000000000000000000, -0.000000000000000000 ) ) ;
#4761 = ORIENTED_EDGE ( 'NONE', *, *, #2132, .T. ) ;
#4762 = CARTESIAN_POINT ( 'NONE',  ( 0.000000000000000000, 0.000000000000000000, 0.000000000000000000 ) ) ;
#4763 = VERTEX_POINT ( 'NONE', #5900 ) ;
#4764 = FACE_OUTER_BOUND ( 'NONE', #4965, .T. ) ;
#4765 = CARTESIAN_POINT ( 'NONE',  ( 26.59999999999999787, 1.030637635557567044, 8.864943216164022033 ) ) ;
#4766 = LINE ( 'NONE', #4372, #4395 ) ;
#4767 = EDGE_LOOP ( 'NONE', ( #5594, #187, #2425, #1873, #952, #1070 ) ) ;
#4768 = VECTOR ( 'NONE', #5162, 1000.000000000000000 ) ;
#4769 = CIRCLE ( 'NONE', #1641, 7.000000000000000888 ) ;
#4770 = DIRECTION ( 'NONE',  ( 1.000000000000000000, 0.000000000000000000, 0.000000000000000000 ) ) ;
#4771 = CARTESIAN_POINT ( 'NONE',  ( -40.70000000000000284, 38.49999999999999289, -2.699999999999997069 ) ) ;
#4772 = VECTOR ( 'NONE', #335, 1000.000000000000000 ) ;
#4773 = VERTEX_POINT ( 'NONE', #5831 ) ;
#4774 = ORIENTED_EDGE ( 'NONE', *, *, #5430, .T. ) ;
#4775 = VECTOR ( 'NONE', #4719, 1000.000000000000000 ) ;
#4776 = DIRECTION ( 'NONE',  ( -1.000000000000000000, -0.000000000000000000, -0.000000000000000000 ) ) ;
#4777 = LINE ( 'NONE', #5744, #1805 ) ;
#4778 = ORIENTED_EDGE ( 'NONE', *, *, #6028, .T. ) ;
#4779 = CARTESIAN_POINT ( 'NONE',  ( -6.800000000000001599, 4.499999999999999112, -2.649999999999999023 ) ) ;
#4780 = EDGE_LOOP ( 'NONE', ( #492, #4975, #4923, #732, #1033, #5946, #5161, #4412, #804 ) ) ;
#4781 = EDGE_CURVE ( 'NONE', #1312, #4369, #924, .T. ) ;
#4782 = CARTESIAN_POINT ( 'NONE',  ( -47.19999999999999574, 5.500000000000000000, 24.72882059609970895 ) ) ;
#4783 = EDGE_LOOP ( 'NONE', ( #2501, #381 ) ) ;
#4784 = DIRECTION ( 'NONE',  ( 0.000000000000000000, 0.000000000000000000, 1.000000000000000000 ) ) ;
#4785 = DIRECTION ( 'NONE',  ( 0.000000000000000000, 2.551063935260009899E-15, -1.000000000000000000 ) ) ;
#4786 = PLANE ( 'NONE',  #3300 ) ;
#4787 = DIRECTION ( 'NONE',  ( 0.000000000000000000, 0.000000000000000000, -1.000000000000000000 ) ) ;
#4788 = EDGE_CURVE ( 'NONE', #3280, #1166, #809, .T. ) ;
#4789 = EDGE_CURVE ( 'NONE', #3464, #897, #4338, .T. ) ;
#4790 = CARTESIAN_POINT ( 'NONE',  ( 15.20000000000000284, 23.75000000000000355, 8.000000000000000000 ) ) ;
#4791 = ORIENTED_EDGE ( 'NONE', *, *, #733, .F. ) ;
#4792 = PLANE ( 'NONE',  #2130 ) ;
#4793 = ORIENTED_EDGE ( 'NONE', *, *, #183, .T. ) ;
#4794 = CARTESIAN_POINT ( 'NONE',  ( -39.69999999999999574, 14.50000000000000355, 3.000000000000000444 ) ) ;
#4795 = DIRECTION ( 'NONE',  ( 0.000000000000000000, 0.000000000000000000, -1.000000000000000000 ) ) ;
#4796 = CARTESIAN_POINT ( 'NONE',  ( 13.80000000000000249, 1.000000000000000444, -7.450000000000001066 ) ) ;
#4797 = EDGE_CURVE ( 'NONE', #6159, #2817, #1371, .T. ) ;
#4798 = ADVANCED_FACE ( 'NONE', ( #1341, #2970 ), #2837, .T. ) ;
#4799 = PLANE ( 'NONE',  #5467 ) ;
#4800 = ORIENTED_EDGE ( 'NONE', *, *, #2092, .T. ) ;
#4801 = VERTEX_POINT ( 'NONE', #6358 ) ;
#4802 = AXIS2_PLACEMENT_3D ( 'NONE', #3808, #2184, #2670 ) ;
#4803 = CARTESIAN_POINT ( 'NONE',  ( 29.59999999999999787, 2.606424087848269178, -8.614322577793585012 ) ) ;
#4804 = CARTESIAN_POINT ( 'NONE',  ( 1.500000000000000000, 0.000000000000000000, 0.1499999999999999944 ) ) ;
#4805 = ORIENTED_EDGE ( 'NONE', *, *, #739, .F. ) ;
#4806 = EDGE_LOOP ( 'NONE', ( #2415, #1959, #4761, #1213, #4462, #854, #1979, #2423 ) ) ;
#4807 = CARTESIAN_POINT ( 'NONE',  ( 13.80000000000000249, 2.400000000000003020, 4.599999999999992539 ) ) ;
#4808 = VECTOR ( 'NONE', #1354, 1000.000000000000000 ) ;
#4809 = VERTEX_POINT ( 'NONE', #3337 ) ;
#4810 = CIRCLE ( 'NONE', #5441, 7.000000000000000888 ) ;
#4811 =( NAMED_UNIT ( * ) PLANE_ANGLE_UNIT ( ) SI_UNIT ( $, .RADIAN. ) );
#4812 = ORIENTED_EDGE ( 'NONE', *, *, #5739, .T. ) ;
#4813 = CYLINDRICAL_SURFACE ( 'NONE', #2859, 9.000000000000000000 ) ;
#4814 = CARTESIAN_POINT ( 'NONE',  ( 25.59999999999999787, 2.606424087848269178, -8.614322577793585012 ) ) ;
#4815 = DIRECTION ( 'NONE',  ( 1.000000000000000000, 0.000000000000000000, 0.000000000000000000 ) ) ;
#4816 = CARTESIAN_POINT ( 'NONE',  ( 25.59999999999999787, 1.030637635557567044, 8.864943216164022033 ) ) ;
#4817 = CIRCLE ( 'NONE', #4925, 7.000000000000000888 ) ;
#4818 = DIRECTION ( 'NONE',  ( -0.000000000000000000, -0.000000000000000000, -1.000000000000000000 ) ) ;
#4819 = AXIS2_PLACEMENT_3D ( 'NONE', #3460, #4393, #5440 ) ;
#4820 = EDGE_LOOP ( 'NONE', ( #5461, #780, #4089, #6347, #1733, #4495 ) ) ;
#4821 = DIRECTION ( 'NONE',  ( 0.000000000000000000, 0.000000000000000000, -1.000000000000000000 ) ) ;
#4822 = ORIENTED_EDGE ( 'NONE', *, *, #5222, .T. ) ;
#4823 = CARTESIAN_POINT ( 'NONE',  ( 36.59999999999999432, 8.572527594031474176E-16, -6.850000000000002309 ) ) ;
#4824 = DIRECTION ( 'NONE',  ( 0.000000000000000000, 0.000000000000000000, -1.000000000000000000 ) ) ;
#4825 = DIRECTION ( 'NONE',  ( 1.000000000000000000, 0.000000000000000000, -2.891205793294679312E-16 ) ) ;
#4826 = EDGE_CURVE ( 'NONE', #4233, #3944, #6325, .T. ) ;
#4827 = AXIS2_PLACEMENT_3D ( 'NONE', #194, #1216, #4154 ) ;
#4828 = EDGE_CURVE ( 'NONE', #615, #2749, #1325, .T. ) ;
#4829 = LINE ( 'NONE', #2261, #777 ) ;
#4830 = CARTESIAN_POINT ( 'NONE',  ( 32.59999999999999432, 2.318934680004526960, 8.696122236369053127 ) ) ;
#4831 = EDGE_LOOP ( 'NONE', ( #1576, #6145, #2823, #3246 ) ) ;
#4832 = EDGE_LOOP ( 'NONE', ( #2205, #4667, #1749, #4165 ) ) ;
#4833 = EDGE_CURVE ( 'NONE', #877, #1246, #3438, .T. ) ;
#4834 = ADVANCED_FACE ( 'NONE', ( #989 ), #4403, .F. ) ;
#4835 = CIRCLE ( 'NONE', #599, 9.000000000000000000 ) ;
#4836 = AXIS2_PLACEMENT_3D ( 'NONE', #3133, #2636, #4140 ) ;
#4837 = UNCERTAINTY_MEASURE_WITH_UNIT (LENGTH_MEASURE( 1.000000000000000082E-05 ), #3304, 'distance_accuracy_value', 'NONE');
#4838 = DIRECTION ( 'NONE',  ( -1.000000000000000000, -0.000000000000000000, -0.000000000000000000 ) ) ;
#4839 = DIRECTION ( 'NONE',  ( 0.000000000000000000, 0.000000000000000000, 1.000000000000000000 ) ) ;
#4840 = VERTEX_POINT ( 'NONE', #2386 ) ;
#4841 = ORIENTED_EDGE ( 'NONE', *, *, #2045, .F. ) ;
#4842 = DIRECTION ( 'NONE',  ( 1.000000000000000000, 0.000000000000000000, 0.000000000000000000 ) ) ;
#4843 = VECTOR ( 'NONE', #251, 1000.000000000000000 ) ;
#4844 = ORIENTED_EDGE ( 'NONE', *, *, #4122, .F. ) ;
#4845 = DIRECTION ( 'NONE',  ( 0.000000000000000000, 0.000000000000000000, 1.000000000000000000 ) ) ;
#4846 = LINE ( 'NONE', #2274, #9 ) ;
#4847 = ORIENTED_EDGE ( 'NONE', *, *, #5983, .F. ) ;
#4848 = CARTESIAN_POINT ( 'NONE',  ( -40.70000000000000284, 0.000000000000000000, -2.699999999999997069 ) ) ;
#4849 = DIRECTION ( 'NONE',  ( -1.000000000000000000, -0.000000000000000000, -0.000000000000000000 ) ) ;
#4850 = DIRECTION ( 'NONE',  ( 0.000000000000000000, 0.000000000000000000, 1.000000000000000000 ) ) ;
#4851 = FACE_OUTER_BOUND ( 'NONE', #1672, .T. ) ;
#4852 = VECTOR ( 'NONE', #147, 1000.000000000000000 ) ;
#4853 = CARTESIAN_POINT ( 'NONE',  ( 27.59999999999999787, -10.35047573531249654, 13.63583152989489911 ) ) ;
#4854 = VERTEX_POINT ( 'NONE', #1896 ) ;
#4855 = FACE_OUTER_BOUND ( 'NONE', #4015, .T. ) ;
#4856 = VERTEX_POINT ( 'NONE', #3886 ) ;
#4857 = DIRECTION ( 'NONE',  ( 1.000000000000000000, 0.000000000000000000, 0.000000000000000000 ) ) ;
#4858 = AXIS2_PLACEMENT_3D ( 'NONE', #6017, #5167, #6082 ) ;
#4859 = DIRECTION ( 'NONE',  ( 1.000000000000000000, 0.000000000000000000, 0.000000000000000000 ) ) ;
#4860 = LINE ( 'NONE', #2872, #249 ) ;
#4861 = CIRCLE ( 'NONE', #3102, 10.00000000000000000 ) ;
#4862 = DIRECTION ( 'NONE',  ( 1.000000000000000000, 0.000000000000000000, 0.000000000000000000 ) ) ;
#4863 = EDGE_CURVE ( 'NONE', #747, #6147, #1535, .T. ) ;
#4864 = CYLINDRICAL_SURFACE ( 'NONE', #1001, 4.000000000000000000 ) ;
#4865 = ORIENTED_EDGE ( 'NONE', *, *, #3638, .T. ) ;
#4866 = ORIENTED_EDGE ( 'NONE', *, *, #4713, .T. ) ;
#4867 = VECTOR ( 'NONE', #3415, 1000.000000000000000 ) ;
#4868 = ORIENTED_EDGE ( 'NONE', *, *, #5255, .F. ) ;
#4869 = EDGE_CURVE ( 'NONE', #3893, #6084, #2938, .T. ) ;
#4870 = DIRECTION ( 'NONE',  ( 1.000000000000000000, 0.000000000000000000, 0.000000000000000000 ) ) ;
#4871 = DIRECTION ( 'NONE',  ( -1.000000000000000000, -0.000000000000000000, -0.000000000000000000 ) ) ;
#4872 = AXIS2_PLACEMENT_3D ( 'NONE', #5274, #2802, #5826 ) ;
#4873 = ADVANCED_FACE ( 'NONE', ( #2453 ), #4437, .F. ) ;
#4874 = ORIENTED_EDGE ( 'NONE', *, *, #4958, .F. ) ;
#4875 = ADVANCED_FACE ( 'NONE', ( #4468 ), #22, .T. ) ;
#4876 = ORIENTED_EDGE ( 'NONE', *, *, #5902, .T. ) ;
#4877 = DIRECTION ( 'NONE',  ( 1.000000000000000000, 0.000000000000000000, 0.000000000000000000 ) ) ;
#4878 = ORIENTED_EDGE ( 'NONE', *, *, #3718, .F. ) ;
#4879 = ADVANCED_FACE ( 'NONE', ( #1536 ), #2120, .F. ) ;
#4880 = DIRECTION ( 'NONE',  ( 1.000000000000000000, 0.000000000000000000, 0.000000000000000000 ) ) ;
#4881 = EDGE_CURVE ( 'NONE', #39, #713, #1050, .T. ) ;
#4882 = DIRECTION ( 'NONE',  ( 0.000000000000000000, 0.000000000000000000, -1.000000000000000000 ) ) ;
#4883 = ORIENTED_EDGE ( 'NONE', *, *, #808, .T. ) ;
#4884 = CARTESIAN_POINT ( 'NONE',  ( -6.800000000000001599, 4.499999999999999112, -2.649999999999999023 ) ) ;
#4885 = LINE ( 'NONE', #4915, #2892 ) ;
#4886 = EDGE_LOOP ( 'NONE', ( #1906, #3459, #2866, #6236 ) ) ;
#4887 = DIRECTION ( 'NONE',  ( 1.000000000000000000, -0.000000000000000000, -0.000000000000000000 ) ) ;
#4888 = CARTESIAN_POINT ( 'NONE',  ( -43.29999999999999716, 14.50000000000000355, 0.000000000000000000 ) ) ;
#4889 = EDGE_LOOP ( 'NONE', ( #6241, #5459, #1790, #2074 ) ) ;
#4890 = DIRECTION ( 'NONE',  ( -1.000000000000000000, -1.504111723692325477E-16, 0.000000000000000000 ) ) ;
#4891 = ORIENTED_EDGE ( 'NONE', *, *, #4006, .T. ) ;
#4892 = CARTESIAN_POINT ( 'NONE',  ( -43.29999999999999716, 14.50000000000000355, -3.000000000000000444 ) ) ;
#4893 = PLANE ( 'NONE',  #916 ) ;
#4894 = CARTESIAN_POINT ( 'NONE',  ( 34.60000000000000142, -10.60302848086181804, -13.13818223212012626 ) ) ;
#4895 = DIRECTION ( 'NONE',  ( 0.000000000000000000, 7.112366251504907509E-15, -1.000000000000000000 ) ) ;
#4896 = PLANE ( 'NONE',  #1304 ) ;
#4897 = ORIENTED_EDGE ( 'NONE', *, *, #3373, .F. ) ;
#4898 = ORIENTED_EDGE ( 'NONE', *, *, #734, .T. ) ;
#4899 = ORIENTED_EDGE ( 'NONE', *, *, #6259, .F. ) ;
#4900 = DIRECTION ( 'NONE',  ( -1.000000000000000000, -0.000000000000000000, -0.000000000000000000 ) ) ;
#4901 = LINE ( 'NONE', #3346, #5751 ) ;
#4902 = PRODUCT_RELATED_PRODUCT_CATEGORY ( 'part', '', ( #4740 ) ) ;
#4903 = ORIENTED_EDGE ( 'NONE', *, *, #1557, .F. ) ;
#4904 = ORIENTED_EDGE ( 'NONE', *, *, #971, .F. ) ;
#4905 = CARTESIAN_POINT ( 'NONE',  ( 13.60000000000000497, 29.50000000000000711, -3.499999999999999556 ) ) ;
#4906 = VERTEX_POINT ( 'NONE', #3499 ) ;
#4907 = AXIS2_PLACEMENT_3D ( 'NONE', #5371, #4425, #2896 ) ;
#4908 = EDGE_CURVE ( 'NONE', #5525, #938, #1110, .T. ) ;
#4909 = LINE ( 'NONE', #3453, #2782 ) ;
#4910 = EDGE_CURVE ( 'NONE', #2392, #4186, #5069, .T. ) ;
#4911 = DIRECTION ( 'NONE',  ( 0.000000000000000000, 0.000000000000000000, 1.000000000000000000 ) ) ;
#4912 = AXIS2_PLACEMENT_3D ( 'NONE', #37, #4938, #3420 ) ;
#4913 = ORIENTED_EDGE ( 'NONE', *, *, #5436, .T. ) ;
#4914 = DIRECTION ( 'NONE',  ( -6.672013369141552398E-16, -1.000000000000000000, 0.000000000000000000 ) ) ;
#4915 = CARTESIAN_POINT ( 'NONE',  ( 1.500000000000000000, -4.365952903884278591, -5.321604448520052877 ) ) ;
#4916 = EDGE_LOOP ( 'NONE', ( #4220, #1395, #2471, #3419 ) ) ;
#4917 = LINE ( 'NONE', #353, #6170 ) ;
#4918 = EDGE_CURVE ( 'NONE', #321, #4654, #2161, .T. ) ;
#4919 = CIRCLE ( 'NONE', #2108, 5.000000000000000000 ) ;
#4920 = FACE_BOUND ( 'NONE', #3443, .T. ) ;
#4921 = ORIENTED_EDGE ( 'NONE', *, *, #5515, .T. ) ;
#4922 = CARTESIAN_POINT ( 'NONE',  ( 30.59999999999999432, 2.606424087848269178, -8.614322577793585012 ) ) ;
#4923 = ORIENTED_EDGE ( 'NONE', *, *, #6070, .T. ) ;
#4924 = FACE_BOUND ( 'NONE', #6096, .T. ) ;
#4925 = AXIS2_PLACEMENT_3D ( 'NONE', #1594, #6091, #4662 ) ;
#4926 = DIRECTION ( 'NONE',  ( 0.000000000000000000, 0.000000000000000000, -1.000000000000000000 ) ) ;
#4927 = DIRECTION ( 'NONE',  ( 0.000000000000000000, 0.000000000000000000, -1.000000000000000000 ) ) ;
#4928 = AXIS2_PLACEMENT_3D ( 'NONE', #1464, #5926, #1432 ) ;
#4929 = CARTESIAN_POINT ( 'NONE',  ( 1.500000000000002220, -10.35047573531249654, 13.63583152989489911 ) ) ;
#4930 = CYLINDRICAL_SURFACE ( 'NONE', #2461, 7.000000000000000000 ) ;
#4931 = VERTEX_POINT ( 'NONE', #4990 ) ;
#4932 = VECTOR ( 'NONE', #3820, 1000.000000000000000 ) ;
#4933 = ORIENTED_EDGE ( 'NONE', *, *, #2873, .F. ) ;
#4934 = VECTOR ( 'NONE', #4602, 1000.000000000000000 ) ;
#4935 = CARTESIAN_POINT ( 'NONE',  ( 38.59999999999999432, 1.158410705710341659, -3.828587812352703956 ) ) ;
#4936 = VERTEX_POINT ( 'NONE', #5572 ) ;
#4937 = ORIENTED_EDGE ( 'NONE', *, *, #5400, .T. ) ;
#4938 = DIRECTION ( 'NONE',  ( -1.000000000000000000, -0.000000000000000000, -0.000000000000000000 ) ) ;
#4939 = ORIENTED_EDGE ( 'NONE', *, *, #1280, .T. ) ;
#4940 = AXIS2_PLACEMENT_3D ( 'NONE', #1301, #5343, #2867 ) ;
#4941 = DIRECTION ( 'NONE',  ( -1.000000000000000000, -0.000000000000000000, -0.000000000000000000 ) ) ;
#4942 = CARTESIAN_POINT ( 'NONE',  ( 33.60000000000000142, 0.000000000000000000, 0.1499999999999999944 ) ) ;
#4943 = CIRCLE ( 'NONE', #1411, 5.000000000000000000 ) ;
#4944 = VERTEX_POINT ( 'NONE', #2582 ) ;
#4945 = CARTESIAN_POINT ( 'NONE',  ( 1.500000000000000000, 0.000000000000000000, 0.1499999999999999944 ) ) ;
#4946 = CARTESIAN_POINT ( 'NONE',  ( -50.70000000000000284, 5.500000000000000000, 24.72882059609970895 ) ) ;
#4947 = ADVANCED_FACE ( 'NONE', ( #3585 ), #5085, .T. ) ;
#4948 = EDGE_LOOP ( 'NONE', ( #2222, #6430, #233, #2597 ) ) ;
#4949 = CARTESIAN_POINT ( 'NONE',  ( 29.04974746830583143, 22.00000000000000711, -6.250000000000000888 ) ) ;
#4950 = EDGE_CURVE ( 'NONE', #3781, #4840, #5966, .T. ) ;
#4951 = VECTOR ( 'NONE', #5457, 1000.000000000000000 ) ;
#4952 = CARTESIAN_POINT ( 'NONE',  ( 28.59999999999999787, 0.000000000000000000, 0.000000000000000000 ) ) ;
#4953 = EDGE_LOOP ( 'NONE', ( #1328, #3524, #1468, #2259 ) ) ;
#4954 = CARTESIAN_POINT ( 'NONE',  ( 1.500000000000000000, -4.365952903884278591, -5.321604448520052877 ) ) ;
#4955 = ORIENTED_EDGE ( 'NONE', *, *, #4394, .F. ) ;
#4956 = DIRECTION ( 'NONE',  ( 1.000000000000000000, 0.000000000000000000, 0.000000000000000000 ) ) ;
#4957 = EDGE_CURVE ( 'NONE', #620, #5693, #3202, .T. ) ;
#4958 = EDGE_CURVE ( 'NONE', #5210, #2397, #401, .T. ) ;
#4959 = DIRECTION ( 'NONE',  ( 0.000000000000000000, 1.000000000000000000, 0.000000000000000000 ) ) ;
#4960 = CARTESIAN_POINT ( 'NONE',  ( 41.60000000000000142, 2.606424087848269178, -8.614322577793585012 ) ) ;
#4961 = EDGE_CURVE ( 'NONE', #4665, #1515, #5997, .T. ) ;
#4962 = CYLINDRICAL_SURFACE ( 'NONE', #1921, 5.000000000000000000 ) ;
#4963 = CIRCLE ( 'NONE', #5077, 9.000000000000000000 ) ;
#4964 = DIRECTION ( 'NONE',  ( 1.000000000000000000, 0.000000000000000000, 0.000000000000000000 ) ) ;
#4965 = EDGE_LOOP ( 'NONE', ( #5241, #328, #2102, #3971, #336, #4451, #2459, #3670, #648 ) ) ;
#4966 = VERTEX_POINT ( 'NONE', #2548 ) ;
#4967 = AXIS2_PLACEMENT_3D ( 'NONE', #622, #5654, #3154 ) ;
#4968 = PLANE ( 'NONE',  #3312 ) ;
#4969 = DIRECTION ( 'NONE',  ( 0.000000000000000000, 0.000000000000000000, 1.000000000000000000 ) ) ;
#4970 = DIRECTION ( 'NONE',  ( 1.000000000000000000, 0.000000000000000000, 0.000000000000000000 ) ) ;
#4971 = ORIENTED_EDGE ( 'NONE', *, *, #5983, .T. ) ;
#4972 = VECTOR ( 'NONE', #439, 1000.000000000000000 ) ;
#4973 = ORIENTED_EDGE ( 'NONE', *, *, #2962, .F. ) ;
#4974 = CARTESIAN_POINT ( 'NONE',  ( 25.59999999999999787, -2.763066821399118744, 7.121905987407648020 ) ) ;
#4975 = ORIENTED_EDGE ( 'NONE', *, *, #313, .T. ) ;
#4976 = AXIS2_PLACEMENT_3D ( 'NONE', #2215, #1724, #3712 ) ;
#4977 = CARTESIAN_POINT ( 'NONE',  ( 24.10000000000000497, 7.099999999999999645, -8.450000000000001066 ) ) ;
#4978 = CARTESIAN_POINT ( 'NONE',  ( 32.59999999999999432, -10.60302848086181804, -13.13818223212012626 ) ) ;
#4979 = ORIENTED_EDGE ( 'NONE', *, *, #1131, .F. ) ;
#4980 = DIRECTION ( 'NONE',  ( 0.000000000000000000, 0.000000000000000000, -1.000000000000000000 ) ) ;
#4981 = DIRECTION ( 'NONE',  ( -1.000000000000000000, -0.000000000000000000, -0.000000000000000000 ) ) ;
#4982 = ORIENTED_EDGE ( 'NONE', *, *, #5156, .T. ) ;
#4983 = EDGE_CURVE ( 'NONE', #6159, #5580, #4536, .T. ) ;
#4984 = DIRECTION ( 'NONE',  ( 0.000000000000000000, 0.000000000000000000, -1.000000000000000000 ) ) ;
#4985 = ORIENTED_EDGE ( 'NONE', *, *, #2996, .T. ) ;
#4986 = DIRECTION ( 'NONE',  ( 0.000000000000000000, -1.000000000000000000, 1.858632295689441920E-15 ) ) ;
#4987 = EDGE_CURVE ( 'NONE', #382, #4211, #4051, .T. ) ;
#4988 = VERTEX_POINT ( 'NONE', #3556 ) ;
#4989 = CARTESIAN_POINT ( 'NONE',  ( 1.500000000000000444, 20.00000000000000355, 6.735557395310443009E-16 ) ) ;
#4990 = CARTESIAN_POINT ( 'NONE',  ( 39.59999999999999432, 0.000000000000000000, 7.150000000000002132 ) ) ;
#4991 = CARTESIAN_POINT ( 'NONE',  ( 37.59999999999999432, 0.000000000000000000, 7.150000000000002132 ) ) ;
#4992 = ADVANCED_FACE ( 'NONE', ( #5538 ), #1080, .T. ) ;
#4993 = DIRECTION ( 'NONE',  ( -1.000000000000000000, 0.000000000000000000, 0.000000000000000000 ) ) ;
#4994 = EDGE_CURVE ( 'NONE', #1320, #5233, #3485, .T. ) ;
#4995 = LINE ( 'NONE', #1541, #5777 ) ;
#4996 = DIRECTION ( 'NONE',  ( 1.000000000000000000, 0.000000000000000000, 0.000000000000000000 ) ) ;
#4997 = ORIENTED_EDGE ( 'NONE', *, *, #227, .F. ) ;
#4998 = ORIENTED_EDGE ( 'NONE', *, *, #778, .F. ) ;
#4999 = EDGE_CURVE ( 'NONE', #2115, #4773, #5465, .T. ) ;
#5000 = DIRECTION ( 'NONE',  ( -1.000000000000000000, -0.000000000000000000, -0.000000000000000000 ) ) ;
#5001 = CARTESIAN_POINT ( 'NONE',  ( -39.69999999999999574, 14.50000000000000355, -5.000000000000000000 ) ) ;
#5002 = DIRECTION ( 'NONE',  ( -1.000000000000000000, -0.000000000000000000, -0.000000000000000000 ) ) ;
#5003 = ORIENTED_EDGE ( 'NONE', *, *, #4863, .T. ) ;
#5004 = DIRECTION ( 'NONE',  ( 0.000000000000000000, 0.000000000000000000, -1.000000000000000000 ) ) ;
#5005 = ORIENTED_EDGE ( 'NONE', *, *, #1492, .T. ) ;
#5006 = CARTESIAN_POINT ( 'NONE',  ( 18.59999999999999787, -4.261960596893380249, 5.702989453486133620 ) ) ;
#5007 = PLANE ( 'NONE',  #934 ) ;
#5008 = ORIENTED_EDGE ( 'NONE', *, *, #4278, .F. ) ;
#5009 = LINE ( 'NONE', #554, #3877 ) ;
#5010 = DIRECTION ( 'NONE',  ( -1.000000000000000000, -0.000000000000000000, -0.000000000000000000 ) ) ;
#5011 = ORIENTED_EDGE ( 'NONE', *, *, #3128, .T. ) ;
#5012 = AXIS2_PLACEMENT_3D ( 'NONE', #5723, #6245, #5788 ) ;
#5013 = DIRECTION ( 'NONE',  ( 0.000000000000000000, 0.000000000000000000, 1.000000000000000000 ) ) ;
#5014 = VERTEX_POINT ( 'NONE', #5403 ) ;
#5015 = LINE ( 'NONE', #436, #5045 ) ;
#5016 = DIRECTION ( 'NONE',  ( 1.000000000000000000, 5.782411586589351722E-16, 0.000000000000000000 ) ) ;
#5017 = DIRECTION ( 'NONE',  ( -1.000000000000000000, -0.000000000000000000, -0.000000000000000000 ) ) ;
#5018 = DIRECTION ( 'NONE',  ( -1.000000000000000000, 0.000000000000000000, -0.000000000000000000 ) ) ;
#5019 = DIRECTION ( 'NONE',  ( -1.000000000000000000, -0.000000000000000000, -0.000000000000000000 ) ) ;
#5020 = CIRCLE ( 'NONE', #246, 7.999999999999996447 ) ;
#5021 = VECTOR ( 'NONE', #1577, 1000.000000000000000 ) ;
#5022 = CARTESIAN_POINT ( 'NONE',  ( -47.19999999999999574, 5.500000000000000000, 24.72882059609970895 ) ) ;
#5023 = DIRECTION ( 'NONE',  ( -1.000000000000000000, -0.000000000000000000, -0.000000000000000000 ) ) ;
#5024 = DIRECTION ( 'NONE',  ( 0.000000000000000000, 0.000000000000000000, 1.000000000000000000 ) ) ;
#5025 = ORIENTED_EDGE ( 'NONE', *, *, #4272, .T. ) ;
#5026 = ADVANCED_FACE ( 'NONE', ( #3424 ), #2468, .F. ) ;
#5027 = ORIENTED_EDGE ( 'NONE', *, *, #937, .T. ) ;
#5028 = AXIS2_PLACEMENT_3D ( 'NONE', #212, #1111, #2186 ) ;
#5029 = ADVANCED_FACE ( 'NONE', ( #4456 ), #487, .F. ) ;
#5030 = UNCERTAINTY_MEASURE_WITH_UNIT (LENGTH_MEASURE( 1.000000000000000082E-05 ), #5198, 'distance_accuracy_value', 'NONE');
#5031 = SURFACE_STYLE_FILL_AREA ( #3446 ) ;
#5032 = CYLINDRICAL_SURFACE ( 'NONE', #2558, 10.00000000000000178 ) ;
#5033 = VECTOR ( 'NONE', #5975, 1000.000000000000000 ) ;
#5034 = ORIENTED_EDGE ( 'NONE', *, *, #819, .F. ) ;
#5035 = EDGE_CURVE ( 'NONE', #3672, #6285, #41, .T. ) ;
#5036 = ORIENTED_EDGE ( 'NONE', *, *, #1567, .F. ) ;
#5037 = AXIS2_PLACEMENT_3D ( 'NONE', #318, #6262, #1801 ) ;
#5038 = CYLINDRICAL_SURFACE ( 'NONE', #510, 10.00000000000000000 ) ;
#5039 = ORIENTED_EDGE ( 'NONE', *, *, #3787, .T. ) ;
#5040 = CARTESIAN_POINT ( 'NONE',  ( -47.19999999999999574, 5.500000000000000000, 24.72882059609970895 ) ) ;
#5041 = DIRECTION ( 'NONE',  ( 0.000000000000000000, 0.000000000000000000, -1.000000000000000000 ) ) ;
#5042 = CIRCLE ( 'NONE', #2550, 9.000000000000000000 ) ;
#5043 = ORIENTED_EDGE ( 'NONE', *, *, #6100, .F. ) ;
#5044 = AXIS2_PLACEMENT_3D ( 'NONE', #3437, #2416, #6423 ) ;
#5045 = VECTOR ( 'NONE', #4986, 1000.000000000000000 ) ;
#5046 = CARTESIAN_POINT ( 'NONE',  ( 1.500000000000002220, -2.763066821399118744, 7.121905987407648020 ) ) ;
#5047 = EDGE_LOOP ( 'NONE', ( #3350, #4593, #6163, #6338 ) ) ;
#5048 = DIRECTION ( 'NONE',  ( -1.445602896647339656E-16, 0.000000000000000000, -1.000000000000000000 ) ) ;
#5049 = CARTESIAN_POINT ( 'NONE',  ( -47.19999999999999574, -1.734723475976807094E-15, 24.72882059609970895 ) ) ;
#5050 = DIRECTION ( 'NONE',  ( -1.000000000000000000, -0.000000000000000000, -0.000000000000000000 ) ) ;
#5051 = DIRECTION ( 'NONE',  ( 0.000000000000000000, 0.000000000000000000, -1.000000000000000000 ) ) ;
#5052 = CARTESIAN_POINT ( 'NONE',  ( -38.10000000000000142, 4.499999999999995559, -2.649999999999991473 ) ) ;
#5053 = VECTOR ( 'NONE', #5158, 1000.000000000000000 ) ;
#5054 = AXIS2_PLACEMENT_3D ( 'NONE', #2492, #3987, #5545 ) ;
#5055 = CYLINDRICAL_SURFACE ( 'NONE', #4311, 9.000000000000000000 ) ;
#5056 = DIRECTION ( 'NONE',  ( 1.000000000000000000, 0.000000000000000000, 0.000000000000000000 ) ) ;
#5057 = CARTESIAN_POINT ( 'NONE',  ( 26.59999999999999787, -2.762069023147044167, -6.931785952275177465 ) ) ;
#5058 = ORIENTED_EDGE ( 'NONE', *, *, #4006, .F. ) ;
#5059 = AXIS2_PLACEMENT_3D ( 'NONE', #5964, #1017, #1501 ) ;
#5060 = EDGE_CURVE ( 'NONE', #2156, #4747, #10, .T. ) ;
#5061 = CARTESIAN_POINT ( 'NONE',  ( 18.59999999999999787, 0.000000000000000000, -6.049999999999999822 ) ) ;
#5062 = DIRECTION ( 'NONE',  ( 0.000000000000000000, -1.162264728904460753E-14, -1.000000000000000000 ) ) ;
#5063 = ADVANCED_FACE ( 'NONE', ( #5368 ), #5432, .T. ) ;
#5064 = ORIENTED_EDGE ( 'NONE', *, *, #6301, .T. ) ;
#5065 = CARTESIAN_POINT ( 'NONE',  ( 21.59999999999999787, 0.000000000000000000, 7.150000000000002132 ) ) ;
#5066 = VECTOR ( 'NONE', #220, 1000.000000000000000 ) ;
#5067 = VERTEX_POINT ( 'NONE', #875 ) ;
#5068 = EDGE_CURVE ( 'NONE', #2344, #1907, #4861, .T. ) ;
#5069 = CIRCLE ( 'NONE', #4554, 5.000000000000000000 ) ;
#5070 = PLANE ( 'NONE',  #4576 ) ;
#5071 = VERTEX_POINT ( 'NONE', #2955 ) ;
#5072 = ADVANCED_FACE ( 'NONE', ( #5848 ), #1389, .F. ) ;
#5073 = PLANE ( 'NONE',  #5954 ) ;
#5074 = DIRECTION ( 'NONE',  ( 0.000000000000000000, 0.000000000000000000, 1.000000000000000000 ) ) ;
#5075 = ORIENTED_EDGE ( 'NONE', *, *, #778, .T. ) ;
#5076 = AXIS2_PLACEMENT_3D ( 'NONE', #1098, #2598, #201 ) ;
#5077 = AXIS2_PLACEMENT_3D ( 'NONE', #3292, #362, #815 ) ;
#5078 = EDGE_CURVE ( 'NONE', #5495, #1870, #2924, .T. ) ;
#5079 = CARTESIAN_POINT ( 'NONE',  ( 22.10000000000000142, 8.100000000000003197, 7.450000000000001066 ) ) ;
#5080 = ORIENTED_EDGE ( 'NONE', *, *, #4677, .F. ) ;
#5081 = CARTESIAN_POINT ( 'NONE',  ( 34.60000000000000142, -2.763066821399118744, 7.121905987407648020 ) ) ;
#5082 = AXIS2_PLACEMENT_3D ( 'NONE', #883, #4760, #6222 ) ;
#5083 = DIRECTION ( 'NONE',  ( -1.000000000000000000, -0.000000000000000000, -0.000000000000000000 ) ) ;
#5084 = DIRECTION ( 'NONE',  ( 1.000000000000000000, -0.000000000000000000, -0.000000000000000000 ) ) ;
#5085 = CYLINDRICAL_SURFACE ( 'NONE', #5795, 9.000000000000000000 ) ;
#5086 = FACE_OUTER_BOUND ( 'NONE', #4400, .T. ) ;
#5087 = VECTOR ( 'NONE', #3647, 1000.000000000000000 ) ;
#5088 = FACE_OUTER_BOUND ( 'NONE', #2129, .T. ) ;
#5089 = ORIENTED_EDGE ( 'NONE', *, *, #5060, .F. ) ;
#5090 = DIRECTION ( 'NONE',  ( -0.000000000000000000, -0.000000000000000000, -1.000000000000000000 ) ) ;
#5091 = VECTOR ( 'NONE', #1427, 1000.000000000000000 ) ;
#5092 = DIRECTION ( 'NONE',  ( -0.000000000000000000, -0.000000000000000000, -1.000000000000000000 ) ) ;
#5093 = VERTEX_POINT ( 'NONE', #2401 ) ;
#5094 = ORIENTED_EDGE ( 'NONE', *, *, #5351, .F. ) ;
#5095 = CARTESIAN_POINT ( 'NONE',  ( 31.59999999999999787, -4.365952903884278591, -5.321604448520052877 ) ) ;
#5096 = DIRECTION ( 'NONE',  ( -1.000000000000000000, -0.000000000000000000, 2.891205793294679312E-16 ) ) ;
#5097 = ORIENTED_EDGE ( 'NONE', *, *, #6417, .F. ) ;
#5098 = EDGE_LOOP ( 'NONE', ( #1717, #3409, #3335, #865, #2525, #2934, #2287, #1337 ) ) ;
#5099 = CARTESIAN_POINT ( 'NONE',  ( 24.59999999999999787, -2.763066821399118744, 7.121905987407648020 ) ) ;
#5100 = VERTEX_POINT ( 'NONE', #4386 ) ;
#5101 = DIRECTION ( 'NONE',  ( -1.000000000000000000, -0.000000000000000000, -0.000000000000000000 ) ) ;
#5102 = ORIENTED_EDGE ( 'NONE', *, *, #4863, .F. ) ;
#5103 = EDGE_CURVE ( 'NONE', #5310, #5100, #296, .T. ) ;
#5104 = EDGE_CURVE ( 'NONE', #787, #4288, #4909, .T. ) ;
#5105 = CARTESIAN_POINT ( 'NONE',  ( 23.59999999999999432, -2.762069023147044167, -6.931785952275177465 ) ) ;
#5106 = CIRCLE ( 'NONE', #1674, 3.500000000000003109 ) ;
#5107 = ORIENTED_EDGE ( 'NONE', *, *, #2759, .F. ) ;
#5108 = PLANE ( 'NONE',  #3793 ) ;
#5109 = CYLINDRICAL_SURFACE ( 'NONE', #3243, 5.000000000000000000 ) ;
#5110 = DIRECTION ( 'NONE',  ( 1.000000000000000000, 0.000000000000000000, 0.000000000000000000 ) ) ;
#5111 = DIRECTION ( 'NONE',  ( 1.000000000000000000, 0.000000000000000000, 0.000000000000000000 ) ) ;
#5112 = EDGE_CURVE ( 'NONE', #3480, #2662, #4421, .T. ) ;
#5113 = AXIS2_PLACEMENT_3D ( 'NONE', #1392, #5923, #977 ) ;
#5114 = CARTESIAN_POINT ( 'NONE',  ( 0.000000000000000000, 4.898587196589412829E-16, -4.000000000000000000 ) ) ;
#5115 = DIRECTION ( 'NONE',  ( -1.000000000000000000, -0.000000000000000000, -0.000000000000000000 ) ) ;
#5116 = ORIENTED_EDGE ( 'NONE', *, *, #191, .T. ) ;
#5117 = DIRECTION ( 'NONE',  ( 1.000000000000000000, 0.000000000000000000, 0.000000000000000000 ) ) ;
#5118 = VECTOR ( 'NONE', #1813, 1000.000000000000000 ) ;
#5119 = CARTESIAN_POINT ( 'NONE',  ( -52.69999999999999574, 0.000000000000000000, -4.999999999999993783 ) ) ;
#5120 = ORIENTED_EDGE ( 'NONE', *, *, #3249, .F. ) ;
#5121 = VECTOR ( 'NONE', #5383, 1000.000000000000000 ) ;
#5122 = DIRECTION ( 'NONE',  ( 1.000000000000000000, 0.000000000000000000, 0.000000000000000000 ) ) ;
#5123 = CARTESIAN_POINT ( 'NONE',  ( -6.800000000000001599, 6.999999999999999112, -2.649999999999999023 ) ) ;
#5124 = VERTEX_POINT ( 'NONE', #3942 ) ;
#5125 = VECTOR ( 'NONE', #4572, 1000.000000000000000 ) ;
#5126 = ORIENTED_EDGE ( 'NONE', *, *, #1605, .F. ) ;
#5127 = CIRCLE ( 'NONE', #3478, 5.000000000000000000 ) ;
#5128 = DIRECTION ( 'NONE',  ( 2.891205793294679312E-16, 0.000000000000000000, 1.000000000000000000 ) ) ;
#5129 = LINE ( 'NONE', #6079, #1550 ) ;
#5130 = ORIENTED_EDGE ( 'NONE', *, *, #313, .F. ) ;
#5131 = PLANE ( 'NONE',  #2989 ) ;
#5132 = ORIENTED_EDGE ( 'NONE', *, *, #5350, .F. ) ;
#5133 = AXIS2_PLACEMENT_3D ( 'NONE', #735, #3727, #6136 ) ;
#5134 = EDGE_CURVE ( 'NONE', #1091, #3421, #5919, .T. ) ;
#5135 = CARTESIAN_POINT ( 'NONE',  ( 1.500000000000000000, -4.261960596893379360, 5.702989453486133620 ) ) ;
#5136 = AXIS2_PLACEMENT_3D ( 'NONE', #5968, #3501, #2421 ) ;
#5137 = VERTEX_POINT ( 'NONE', #973 ) ;
#5138 = CARTESIAN_POINT ( 'NONE',  ( -38.10000000000000142, 4.499999999999995559, -2.649999999999991473 ) ) ;
#5139 = DIRECTION ( 'NONE',  ( 0.000000000000000000, 0.000000000000000000, -1.000000000000000000 ) ) ;
#5140 = DIRECTION ( 'NONE',  ( 0.000000000000000000, 0.000000000000000000, -1.000000000000000000 ) ) ;
#5141 = DIRECTION ( 'NONE',  ( 0.000000000000000000, 0.000000000000000000, -1.000000000000000000 ) ) ;
#5142 = ADVANCED_FACE ( 'NONE', ( #3972 ), #5558, .F. ) ;
#5143 = VECTOR ( 'NONE', #1107, 1000.000000000000000 ) ;
#5144 = EDGE_CURVE ( 'NONE', #863, #1193, #2077, .T. ) ;
#5145 = DIRECTION ( 'NONE',  ( -1.000000000000000000, -0.000000000000000000, -0.000000000000000000 ) ) ;
#5146 = VERTEX_POINT ( 'NONE', #5006 ) ;
#5147 = EDGE_CURVE ( 'NONE', #5580, #2688, #108, .T. ) ;
#5148 = CARTESIAN_POINT ( 'NONE',  ( -40.70000000000000284, 0.000000000000000000, -8.450000000000001066 ) ) ;
#5149 = ORIENTED_EDGE ( 'NONE', *, *, #2053, .T. ) ;
#5150 = DIRECTION ( 'NONE',  ( 0.000000000000000000, 1.982541115402062546E-15, -1.000000000000000000 ) ) ;
#5151 = VECTOR ( 'NONE', #3356, 1000.000000000000000 ) ;
#5152 = CARTESIAN_POINT ( 'NONE',  ( 13.80000000000000249, 1.000000000000000444, -7.450000000000001066 ) ) ;
#5153 = EDGE_CURVE ( 'NONE', #3730, #2408, #611, .T. ) ;
#5154 = EDGE_LOOP ( 'NONE', ( #3703, #248, #5804, #6157 ) ) ;
#5155 = CIRCLE ( 'NONE', #2768, 9.000000000000000000 ) ;
#5156 = EDGE_CURVE ( 'NONE', #962, #941, #303, .T. ) ;
#5157 = FACE_OUTER_BOUND ( 'NONE', #3539, .T. ) ;
#5158 = DIRECTION ( 'NONE',  ( 0.000000000000000000, -4.074853802630083306E-16, -1.000000000000000000 ) ) ;
#5159 = VERTEX_POINT ( 'NONE', #4130 ) ;
#5160 = VECTOR ( 'NONE', #3555, 1000.000000000000000 ) ;
#5161 = ORIENTED_EDGE ( 'NONE', *, *, #849, .T. ) ;
#5162 = DIRECTION ( 'NONE',  ( -0.000000000000000000, -0.000000000000000000, -1.000000000000000000 ) ) ;
#5163 =( LENGTH_UNIT ( ) NAMED_UNIT ( * ) SI_UNIT ( .MILLI., .METRE. ) );
#5164 = ORIENTED_EDGE ( 'NONE', *, *, #5655, .F. ) ;
#5165 = AXIS2_PLACEMENT_3D ( 'NONE', #2097, #97, #4607 ) ;
#5166 = VERTEX_POINT ( 'NONE', #3022 ) ;
#5167 = DIRECTION ( 'NONE',  ( -1.000000000000000000, -0.000000000000000000, -0.000000000000000000 ) ) ;
#5168 = ORIENTED_EDGE ( 'NONE', *, *, #933, .T. ) ;
#5169 = CIRCLE ( 'NONE', #2364, 5.500000000000000000 ) ;
#5170 = CARTESIAN_POINT ( 'NONE',  ( 1.500000000000000000, -4.261960596893379360, 5.702989453486133620 ) ) ;
#5171 = ORIENTED_EDGE ( 'NONE', *, *, #5542, .T. ) ;
#5172 = LINE ( 'NONE', #2086, #5143 ) ;
#5173 = CARTESIAN_POINT ( 'NONE',  ( 22.10000000000000142, 2.400000000000003020, 2.899999999999992362 ) ) ;
#5174 = LINE ( 'NONE', #6056, #4852 ) ;
#5175 = AXIS2_PLACEMENT_3D ( 'NONE', #5620, #4521, #3088 ) ;
#5176 = CARTESIAN_POINT ( 'NONE',  ( 40.59999999999999432, -10.60302848086181804, -13.13818223212012626 ) ) ;
#5177 = EDGE_CURVE ( 'NONE', #61, #6084, #76, .T. ) ;
#5178 = AXIS2_PLACEMENT_3D ( 'NONE', #4935, #4317, #479 ) ;
#5179 = ADVANCED_FACE ( 'NONE', ( #1521 ), #5038, .F. ) ;
#5180 = FACE_OUTER_BOUND ( 'NONE', #3156, .T. ) ;
#5181 = VERTEX_POINT ( 'NONE', #6112 ) ;
#5182 = DIRECTION ( 'NONE',  ( 1.000000000000000000, 0.000000000000000000, 0.000000000000000000 ) ) ;
#5183 = ORIENTED_EDGE ( 'NONE', *, *, #6297, .T. ) ;
#5184 = DIRECTION ( 'NONE',  ( -1.000000000000000000, 6.672013369141552398E-16, 0.000000000000000000 ) ) ;
#5185 = CARTESIAN_POINT ( 'NONE',  ( -43.30000000000000426, 9.000000000000001776, -2.700000000000008615 ) ) ;
#5186 = ORIENTED_EDGE ( 'NONE', *, *, #375, .F. ) ;
#5187 = VECTOR ( 'NONE', #2700, 1000.000000000000000 ) ;
#5188 = ADVANCED_FACE ( 'NONE', ( #3150 ), #6044, .T. ) ;
#5189 = ADVANCED_FACE ( 'NONE', ( #2627, #1551 ), #6078, .T. ) ;
#5190 = CARTESIAN_POINT ( 'NONE',  ( 29.59999999999999787, -10.35047573531249654, 13.63583152989489911 ) ) ;
#5191 = CIRCLE ( 'NONE', #3220, 10.00000000000000178 ) ;
#5192 = CARTESIAN_POINT ( 'NONE',  ( 36.59999999999999432, 0.000000000000000000, 0.000000000000000000 ) ) ;
#5193 = ORIENTED_EDGE ( 'NONE', *, *, #464, .T. ) ;
#5194 = ORIENTED_EDGE ( 'NONE', *, *, #3203, .F. ) ;
#5195 = EDGE_CURVE ( 'NONE', #4424, #2707, #1745, .T. ) ;
#5196 = AXIS2_PLACEMENT_3D ( 'NONE', #4942, #3905, #2403 ) ;
#5197 = CARTESIAN_POINT ( 'NONE',  ( 33.60000000000000142, -4.365952903884278591, -5.321604448520052877 ) ) ;
#5198 =( LENGTH_UNIT ( ) NAMED_UNIT ( * ) SI_UNIT ( .MILLI., .METRE. ) );
#5199 = ORIENTED_EDGE ( 'NONE', *, *, #4111, .T. ) ;
#5200 = ORIENTED_EDGE ( 'NONE', *, *, #1059, .F. ) ;
#5201 = PLANE ( 'NONE',  #3665 ) ;
#5202 = ORIENTED_EDGE ( 'NONE', *, *, #2914, .F. ) ;
#5203 = CYLINDRICAL_SURFACE ( 'NONE', #724, 3.500000000000003109 ) ;
#5204 = ORIENTED_EDGE ( 'NONE', *, *, #4642, .F. ) ;
#5205 = CARTESIAN_POINT ( 'NONE',  ( 38.59999999999999432, -4.365952903884279479, -5.321604448520053765 ) ) ;
#5206 = DIRECTION ( 'NONE',  ( -1.000000000000000000, -0.000000000000000000, -0.000000000000000000 ) ) ;
#5207 = CARTESIAN_POINT ( 'NONE',  ( 34.60000000000000142, 1.158410705710341659, -3.828587812352703956 ) ) ;
#5208 = CARTESIAN_POINT ( 'NONE',  ( 20.59999999999999787, 1.158410705710341659, -3.828587812352703956 ) ) ;
#5209 = DIRECTION ( 'NONE',  ( -1.000000000000000000, -0.000000000000000000, -0.000000000000000000 ) ) ;
#5210 = VERTEX_POINT ( 'NONE', #617 ) ;
#5211 = LINE ( 'NONE', #5794, #3789 ) ;
#5212 = ORIENTED_EDGE ( 'NONE', *, *, #5825, .F. ) ;
#5213 = DIRECTION ( 'NONE',  ( 0.000000000000000000, -1.000000000000000000, 1.982541115402062546E-15 ) ) ;
#5214 = PLANE ( 'NONE',  #4759 ) ;
#5215 = ORIENTED_EDGE ( 'NONE', *, *, #4120, .F. ) ;
#5216 = CIRCLE ( 'NONE', #3143, 7.000000000000000888 ) ;
#5217 = PLANE ( 'NONE',  #62 ) ;
#5218 = ADVANCED_FACE ( 'NONE', ( #3055 ), #4553, .F. ) ;
#5219 = FACE_OUTER_BOUND ( 'NONE', #4548, .T. ) ;
#5220 = ORIENTED_EDGE ( 'NONE', *, *, #850, .F. ) ;
#5221 = ORIENTED_EDGE ( 'NONE', *, *, #1054, .T. ) ;
#5222 = EDGE_CURVE ( 'NONE', #1322, #6009, #1961, .T. ) ;
#5223 = VECTOR ( 'NONE', #1864, 1000.000000000000000 ) ;
#5224 = CARTESIAN_POINT ( 'NONE',  ( 30.59999999999999432, 1.030637635557567044, 3.864943216164022477 ) ) ;
#5225 = EDGE_CURVE ( 'NONE', #744, #5601, #3513, .T. ) ;
#5226 = AXIS2_PLACEMENT_3D ( 'NONE', #332, #1396, #4238 ) ;
#5227 = ORIENTED_EDGE ( 'NONE', *, *, #3331, .T. ) ;
#5228 = ORIENTED_EDGE ( 'NONE', *, *, #1605, .T. ) ;
#5229 = LINE ( 'NONE', #1750, #2210 ) ;
#5230 = VERTEX_POINT ( 'NONE', #5099 ) ;
#5231 = CIRCLE ( 'NONE', #3990, 7.000000000000000888 ) ;
#5232 = CARTESIAN_POINT ( 'NONE',  ( 36.59999999999999432, 2.606424087848269178, -8.614322577793585012 ) ) ;
#5233 = VERTEX_POINT ( 'NONE', #171 ) ;
#5234 = DIRECTION ( 'NONE',  ( 1.000000000000000000, 0.000000000000000000, 0.000000000000000000 ) ) ;
#5235 = CARTESIAN_POINT ( 'NONE',  ( 22.59999999999999432, -2.762069023147042390, -6.931785952275175688 ) ) ;
#5236 = CARTESIAN_POINT ( 'NONE',  ( 0.000000000000000000, 29.50000000000000000, 0.000000000000000000 ) ) ;
#5237 = AXIS2_PLACEMENT_3D ( 'NONE', #6269, #2329, #2428 ) ;
#5238 = DIRECTION ( 'NONE',  ( 1.000000000000000000, 0.000000000000000000, 0.000000000000000000 ) ) ;
#5239 = AXIS2_PLACEMENT_3D ( 'NONE', #5516, #5905, #3959 ) ;
#5240 = DIRECTION ( 'NONE',  ( -1.000000000000000000, -0.000000000000000000, -0.000000000000000000 ) ) ;
#5241 = ORIENTED_EDGE ( 'NONE', *, *, #1644, .T. ) ;
#5242 = CARTESIAN_POINT ( 'NONE',  ( 40.59999999999999432, -2.763066821399118744, 7.121905987407648020 ) ) ;
#5243 = EDGE_LOOP ( 'NONE', ( #767, #2718, #368, #2507 ) ) ;
#5244 = DIRECTION ( 'NONE',  ( 0.000000000000000000, 0.000000000000000000, -1.000000000000000000 ) ) ;
#5245 = LINE ( 'NONE', #791, #6318 ) ;
#5246 = FACE_OUTER_BOUND ( 'NONE', #4720, .T. ) ;
#5247 = ORIENTED_EDGE ( 'NONE', *, *, #2402, .F. ) ;
#5248 = AXIS2_PLACEMENT_3D ( 'NONE', #6158, #2124, #1696 ) ;
#5249 = CIRCLE ( 'NONE', #4836, 7.000000000000000888 ) ;
#5250 = LINE ( 'NONE', #2389, #675 ) ;
#5251 = LINE ( 'NONE', #4830, #2661 ) ;
#5252 = VERTEX_POINT ( 'NONE', #2174 ) ;
#5253 = ORIENTED_EDGE ( 'NONE', *, *, #1477, .F. ) ;
#5254 = CIRCLE ( 'NONE', #2142, 5.000000000000000000 ) ;
#5255 = EDGE_CURVE ( 'NONE', #4369, #298, #3422, .T. ) ;
#5256 = DIRECTION ( 'NONE',  ( 1.000000000000000000, 0.000000000000000000, 0.000000000000000000 ) ) ;
#5257 = DIRECTION ( 'NONE',  ( 0.000000000000000000, 0.000000000000000000, 1.000000000000000000 ) ) ;
#5258 = EDGE_CURVE ( 'NONE', #5146, #774, #920, .T. ) ;
#5259 = AXIS2_PLACEMENT_3D ( 'NONE', #3625, #5610, #2647 ) ;
#5260 = ORIENTED_EDGE ( 'NONE', *, *, #5112, .F. ) ;
#5261 = LINE ( 'NONE', #3219, #4808 ) ;
#5262 = ORIENTED_EDGE ( 'NONE', *, *, #766, .F. ) ;
#5263 = EDGE_CURVE ( 'NONE', #2655, #5716, #4043, .T. ) ;
#5264 = AXIS2_PLACEMENT_3D ( 'NONE', #181, #2151, #3163 ) ;
#5265 = ADVANCED_FACE ( 'NONE', ( #5743 ), #6204, .T. ) ;
#5266 = LINE ( 'NONE', #3770, #6334 ) ;
#5267 = ORIENTED_EDGE ( 'NONE', *, *, #860, .T. ) ;
#5268 = CARTESIAN_POINT ( 'NONE',  ( 22.59999999999999432, -4.365952903884279479, -5.321604448520053765 ) ) ;
#5269 = DIRECTION ( 'NONE',  ( 0.000000000000000000, 0.000000000000000000, 1.000000000000000000 ) ) ;
#5270 = DIRECTION ( 'NONE',  ( 0.000000000000000000, -1.000000000000000000, 0.000000000000000000 ) ) ;
#5271 = PLANE ( 'NONE',  #666 ) ;
#5272 = VECTOR ( 'NONE', #671, 1000.000000000000000 ) ;
#5273 = EDGE_CURVE ( 'NONE', #1990, #5412, #1221, .T. ) ;
#5274 = CARTESIAN_POINT ( 'NONE',  ( -40.70000000000000284, 38.49999999999999289, -8.450000000000001066 ) ) ;
#5275 = ORIENTED_EDGE ( 'NONE', *, *, #6218, .T. ) ;
#5276 = LINE ( 'NONE', #5762, #4215 ) ;
#5277 = AXIS2_PLACEMENT_3D ( 'NONE', #5982, #3351, #4845 ) ;
#5278 = ORIENTED_EDGE ( 'NONE', *, *, #5734, .F. ) ;
#5279 = CARTESIAN_POINT ( 'NONE',  ( 22.59999999999999432, 2.606424087848269178, -8.614322577793585012 ) ) ;
#5280 = LINE ( 'NONE', #827, #5066 ) ;
#5281 = CARTESIAN_POINT ( 'NONE',  ( -52.69999999999999574, 0.000000000000000000, 2.700000000000006839 ) ) ;
#5282 = AXIS2_PLACEMENT_3D ( 'NONE', #4584, #134, #1580 ) ;
#5283 = VECTOR ( 'NONE', #5270, 1000.000000000000000 ) ;
#5284 = LINE ( 'NONE', #346, #4932 ) ;
#5285 = CARTESIAN_POINT ( 'NONE',  ( 1.500000000000001554, 1.030637635557567044, 3.864943216164022477 ) ) ;
#5286 = AXIS2_PLACEMENT_3D ( 'NONE', #5974, #1145, #4632 ) ;
#5287 = ORIENTED_EDGE ( 'NONE', *, *, #183, .F. ) ;
#5288 = EDGE_LOOP ( 'NONE', ( #1526, #1481, #326, #1949 ) ) ;
#5289 = ORIENTED_EDGE ( 'NONE', *, *, #3646, .F. ) ;
#5290 = VECTOR ( 'NONE', #3288, 1000.000000000000000 ) ;
#5291 = DIRECTION ( 'NONE',  ( 0.000000000000000000, 0.000000000000000000, 1.000000000000000000 ) ) ;
#5292 = CYLINDRICAL_SURFACE ( 'NONE', #5237, 5.000000000000000000 ) ;
#5293 = VERTEX_POINT ( 'NONE', #4803 ) ;
#5294 = ORIENTED_EDGE ( 'NONE', *, *, #1936, .T. ) ;
#5295 = DIRECTION ( 'NONE',  ( 0.000000000000000000, -1.000000000000000000, 0.000000000000000000 ) ) ;
#5296 = STYLED_ITEM ( 'NONE', ( #748 ), #6248 ) ;
#5297 = ORIENTED_EDGE ( 'NONE', *, *, #4681, .T. ) ;
#5298 = PRODUCT_RELATED_PRODUCT_CATEGORY ( 'part', '', ( #3700 ) ) ;
#5299 = DIRECTION ( 'NONE',  ( -1.000000000000000000, -0.000000000000000000, -0.000000000000000000 ) ) ;
#5300 = VERTEX_POINT ( 'NONE', #3667 ) ;
#5301 = DIRECTION ( 'NONE',  ( 1.000000000000000000, 0.000000000000000000, 0.000000000000000000 ) ) ;
#5302 = FACE_OUTER_BOUND ( 'NONE', #5243, .T. ) ;
#5303 = DIRECTION ( 'NONE',  ( -1.445602896647339656E-16, -0.000000000000000000, -1.000000000000000000 ) ) ;
#5304 = EDGE_CURVE ( 'NONE', #3503, #4488, #3278, .T. ) ;
#5305 = DIRECTION ( 'NONE',  ( -1.000000000000000000, -0.000000000000000000, -0.000000000000000000 ) ) ;
#5306 = EDGE_CURVE ( 'NONE', #168, #5210, #2267, .T. ) ;
#5307 = DIRECTION ( 'NONE',  ( 1.000000000000000000, 0.000000000000000000, 0.000000000000000000 ) ) ;
#5308 = VERTEX_POINT ( 'NONE', #5775 ) ;
#5309 = FACE_OUTER_BOUND ( 'NONE', #4889, .T. ) ;
#5310 = VERTEX_POINT ( 'NONE', #1744 ) ;
#5311 = CARTESIAN_POINT ( 'NONE',  ( -43.29999999999999716, 14.50000000000000355, 0.000000000000000000 ) ) ;
#5312 = ADVANCED_FACE ( 'NONE', ( #2328 ), #2266, .F. ) ;
#5313 = DIRECTION ( 'NONE',  ( 1.000000000000000000, 0.000000000000000000, 0.000000000000000000 ) ) ;
#5314 = DIRECTION ( 'NONE',  ( 0.000000000000000000, 1.000000000000000000, -0.000000000000000000 ) ) ;
#5315 = DIRECTION ( 'NONE',  ( -0.000000000000000000, 1.982541115402062546E-15, 1.000000000000000000 ) ) ;
#5316 = DIRECTION ( 'NONE',  ( 0.000000000000000000, 0.000000000000000000, -1.000000000000000000 ) ) ;
#5317 = CIRCLE ( 'NONE', #2518, 5.000000000000000000 ) ;
#5318 = VERTEX_POINT ( 'NONE', #6142 ) ;
#5319 = ORIENTED_EDGE ( 'NONE', *, *, #5904, .F. ) ;
#5320 = ORIENTED_EDGE ( 'NONE', *, *, #937, .F. ) ;
#5321 = CIRCLE ( 'NONE', #652, 1.700000000000000400 ) ;
#5322 = DIRECTION ( 'NONE',  ( 0.000000000000000000, -1.000000000000000000, 0.000000000000000000 ) ) ;
#5323 = CARTESIAN_POINT ( 'NONE',  ( 0.000000000000000000, 0.000000000000000000, 7.150000000000000355 ) ) ;
#5324 = DIRECTION ( 'NONE',  ( 0.000000000000000000, 0.000000000000000000, 1.000000000000000000 ) ) ;
#5325 = ORIENTED_EDGE ( 'NONE', *, *, #3533, .T. ) ;
#5326 = VERTEX_POINT ( 'NONE', #5197 ) ;
#5327 = LINE ( 'NONE', #4194, #861 ) ;
#5328 = AXIS2_PLACEMENT_3D ( 'NONE', #1134, #3547, #3025 ) ;
#5329 = ORIENTED_EDGE ( 'NONE', *, *, #3277, .F. ) ;
#5330 = AXIS2_PLACEMENT_3D ( 'NONE', #2971, #6031, #3557 ) ;
#5331 = CARTESIAN_POINT ( 'NONE',  ( 1.500000000000001554, 1.030637635557567044, 8.864943216164022033 ) ) ;
#5332 = CARTESIAN_POINT ( 'NONE',  ( 22.10000000000000142, 29.50000000000000000, 8.999999999999998224 ) ) ;
#5333 = ORIENTED_EDGE ( 'NONE', *, *, #4881, .T. ) ;
#5334 = LINE ( 'NONE', #6244, #3694 ) ;
#5335 = CARTESIAN_POINT ( 'NONE',  ( 13.60000000000000497, 29.50000000000000711, 0.000000000000000000 ) ) ;
#5336 = CARTESIAN_POINT ( 'NONE',  ( 24.10000000000000497, 29.50000000000000000, 0.000000000000000000 ) ) ;
#5337 = CARTESIAN_POINT ( 'NONE',  ( 18.59999999999999787, 8.572527594031474176E-16, -6.850000000000002309 ) ) ;
#5338 = AXIS2_PLACEMENT_3D ( 'NONE', #3227, #4693, #4724 ) ;
#5339 = EDGE_CURVE ( 'NONE', #3344, #1129, #4145, .T. ) ;
#5340 = FACE_OUTER_BOUND ( 'NONE', #2618, .T. ) ;
#5341 = CIRCLE ( 'NONE', #2541, 7.000000000000000888 ) ;
#5342 = ORIENTED_EDGE ( 'NONE', *, *, #3917, .T. ) ;
#5343 = DIRECTION ( 'NONE',  ( -1.000000000000000000, -0.000000000000000000, -0.000000000000000000 ) ) ;
#5344 = ADVANCED_FACE ( 'NONE', ( #1187 ), #2752, .T. ) ;
#5345 = EDGE_LOOP ( 'NONE', ( #6207, #1379, #259, #3456 ) ) ;
#5346 = CARTESIAN_POINT ( 'NONE',  ( 19.59999999999999787, 0.000000000000000000, 0.000000000000000000 ) ) ;
#5347 = CARTESIAN_POINT ( 'NONE',  ( 1.500000000000001554, 1.030637635557567044, 8.864943216164022033 ) ) ;
#5348 = CARTESIAN_POINT ( 'NONE',  ( 1.500000000000000000, -4.365952903884278591, -5.321604448520052877 ) ) ;
#5349 = CIRCLE ( 'NONE', #2543, 5.000000000000000000 ) ;
#5350 = EDGE_CURVE ( 'NONE', #5861, #3221, #256, .T. ) ;
#5351 = EDGE_CURVE ( 'NONE', #5721, #1941, #290, .T. ) ;
#5352 = LINE ( 'NONE', #5801, #3379 ) ;
#5353 = EDGE_CURVE ( 'NONE', #776, #4906, #711, .T. ) ;
#5354 = CARTESIAN_POINT ( 'NONE',  ( 19.59999999999999787, 0.000000000000000000, 0.000000000000000000 ) ) ;
#5355 = CIRCLE ( 'NONE', #3386, 5.000000000000000000 ) ;
#5356 = EDGE_LOOP ( 'NONE', ( #349, #931, #628, #3939 ) ) ;
#5357 = ORIENTED_EDGE ( 'NONE', *, *, #1969, .T. ) ;
#5358 = CIRCLE ( 'NONE', #1096, 3.000000000000000444 ) ;
#5359 = EDGE_CURVE ( 'NONE', #414, #772, #5390, .T. ) ;
#5360 = CIRCLE ( 'NONE', #1614, 10.00000000000000178 ) ;
#5361 = CARTESIAN_POINT ( 'NONE',  ( 1.500000000000000000, -4.261960596893379360, 5.702989453486133620 ) ) ;
#5362 = CARTESIAN_POINT ( 'NONE',  ( 22.10000000000000142, 6.803368632346540323E-15, -8.999999999999998224 ) ) ;
#5363 = ORIENTED_EDGE ( 'NONE', *, *, #257, .F. ) ;
#5364 = ORIENTED_EDGE ( 'NONE', *, *, #974, .T. ) ;
#5365 = CARTESIAN_POINT ( 'NONE',  ( 40.59999999999999432, 1.030637635557567044, 8.864943216164022033 ) ) ;
#5366 = AXIS2_PLACEMENT_3D ( 'NONE', #3290, #2794, #4784 ) ;
#5367 = VERTEX_POINT ( 'NONE', #1808 ) ;
#5368 = FACE_OUTER_BOUND ( 'NONE', #1310, .T. ) ;
#5369 = CARTESIAN_POINT ( 'NONE',  ( 33.60000000000000142, -4.261960596893379360, 5.702989453486132732 ) ) ;
#5370 = ORIENTED_EDGE ( 'NONE', *, *, #2683, .T. ) ;
#5371 = CARTESIAN_POINT ( 'NONE',  ( 38.59999999999999432, 0.000000000000000000, 0.000000000000000000 ) ) ;
#5372 = CARTESIAN_POINT ( 'NONE',  ( 30.59999999999999432, -2.762069023147042390, -6.931785952275175688 ) ) ;
#5373 = EDGE_LOOP ( 'NONE', ( #556, #1106, #5199, #2167 ) ) ;
#5374 = DIRECTION ( 'NONE',  ( 0.000000000000000000, 0.000000000000000000, -1.000000000000000000 ) ) ;
#5375 = CIRCLE ( 'NONE', #4545, 9.000000000000000000 ) ;
#5376 = CARTESIAN_POINT ( 'NONE',  ( 24.59999999999999787, -10.35047573531249654, 13.63583152989489911 ) ) ;
#5377 = ORIENTED_EDGE ( 'NONE', *, *, #4230, .T. ) ;
#5378 = FACE_BOUND ( 'NONE', #5656, .T. ) ;
#5379 = ORIENTED_EDGE ( 'NONE', *, *, #4207, .F. ) ;
#5380 = DIRECTION ( 'NONE',  ( -1.000000000000000000, -0.000000000000000000, -0.000000000000000000 ) ) ;
#5381 = AXIS2_PLACEMENT_3D ( 'NONE', #4040, #6047, #1584 ) ;
#5382 = CARTESIAN_POINT ( 'NONE',  ( 32.59999999999999432, 0.000000000000000000, 0.1499999999999999944 ) ) ;
#5383 = DIRECTION ( 'NONE',  ( 1.000000000000000000, 0.000000000000000000, 0.000000000000000000 ) ) ;
#5384 = AXIS2_PLACEMENT_3D ( 'NONE', #2224, #6227, #4275 ) ;
#5385 = FACE_OUTER_BOUND ( 'NONE', #1582, .T. ) ;
#5386 = FACE_OUTER_BOUND ( 'NONE', #6115, .T. ) ;
#5387 = ORIENTED_EDGE ( 'NONE', *, *, #3638, .F. ) ;
#5388 = EDGE_CURVE ( 'NONE', #1063, #6386, #4682, .T. ) ;
#5389 = EDGE_LOOP ( 'NONE', ( #5409, #5391, #4998, #2208 ) ) ;
#5390 = CIRCLE ( 'NONE', #4344, 3.499999999999999556 ) ;
#5391 = ORIENTED_EDGE ( 'NONE', *, *, #2291, .T. ) ;
#5392 = CIRCLE ( 'NONE', #5784, 6.049999999999999822 ) ;
#5393 = EDGE_CURVE ( 'NONE', #1495, #768, #2584, .T. ) ;
#5394 = FACE_OUTER_BOUND ( 'NONE', #3546, .T. ) ;
#5395 = DIRECTION ( 'NONE',  ( -0.000000000000000000, -0.000000000000000000, -1.000000000000000000 ) ) ;
#5396 = VECTOR ( 'NONE', #3169, 1000.000000000000000 ) ;
#5397 = EDGE_LOOP ( 'NONE', ( #269, #6398, #3231, #489, #4333, #3091, #1431, #5796, #4508 ) ) ;
#5398 = VERTEX_POINT ( 'NONE', #228 ) ;
#5399 = DIRECTION ( 'NONE',  ( 0.000000000000000000, 0.000000000000000000, -1.000000000000000000 ) ) ;
#5400 = EDGE_CURVE ( 'NONE', #4856, #1956, #6171, .T. ) ;
#5401 = ORIENTED_EDGE ( 'NONE', *, *, #2477, .T. ) ;
#5402 = AXIS2_PLACEMENT_3D ( 'NONE', #3613, #4565, #2084 ) ;
#5403 = CARTESIAN_POINT ( 'NONE',  ( 21.59999999999999787, -4.365952903884278591, -5.321604448520052877 ) ) ;
#5404 = DIRECTION ( 'NONE',  ( 0.000000000000000000, 0.000000000000000000, 1.000000000000000000 ) ) ;
#5405 = ORIENTED_EDGE ( 'NONE', *, *, #6141, .T. ) ;
#5406 = AXIS2_PLACEMENT_3D ( 'NONE', #2762, #2894, #1880 ) ;
#5407 = CYLINDRICAL_SURFACE ( 'NONE', #3354, 5.000000000000000000 ) ;
#5408 = CARTESIAN_POINT ( 'NONE',  ( 1.500000000000000000, 0.000000000000000000, 0.1499999999999999944 ) ) ;
#5409 = ORIENTED_EDGE ( 'NONE', *, *, #6221, .F. ) ;
#5410 = CARTESIAN_POINT ( 'NONE',  ( 27.59999999999999787, 2.318934680004526516, 8.696122236369051350 ) ) ;
#5411 = CARTESIAN_POINT ( 'NONE',  ( 33.60000000000000142, -10.35047573531249654, 13.63583152989489911 ) ) ;
#5412 = VERTEX_POINT ( 'NONE', #4447 ) ;
#5413 = CARTESIAN_POINT ( 'NONE',  ( -8.300000000000002487, 4.499999999999999112, 2.650000000000000799 ) ) ;
#5414 = FACE_OUTER_BOUND ( 'NONE', #1349, .T. ) ;
#5415 = FACE_OUTER_BOUND ( 'NONE', #2913, .T. ) ;
#5416 = DIRECTION ( 'NONE',  ( 0.000000000000000000, 0.000000000000000000, 1.000000000000000000 ) ) ;
#5417 = DIRECTION ( 'NONE',  ( -1.000000000000000000, -0.000000000000000000, -0.000000000000000000 ) ) ;
#5418 = DIRECTION ( 'NONE',  ( 1.000000000000000000, 0.000000000000000000, 0.000000000000000000 ) ) ;
#5419 = CARTESIAN_POINT ( 'NONE',  ( 1.500000000000000000, 0.000000000000000000, 0.000000000000000000 ) ) ;
#5420 = ORIENTED_EDGE ( 'NONE', *, *, #3329, .T. ) ;
#5421 = ORIENTED_EDGE ( 'NONE', *, *, #1370, .F. ) ;
#5422 = EDGE_CURVE ( 'NONE', #2707, #1357, #2, .T. ) ;
#5423 = LINE ( 'NONE', #5455, #6322 ) ;
#5424 = SURFACE_STYLE_USAGE ( .BOTH. , #2040 ) ;
#5425 = ORIENTED_EDGE ( 'NONE', *, *, #4346, .T. ) ;
#5426 = EDGE_CURVE ( 'NONE', #5071, #6225, #2359, .T. ) ;
#5427 = VERTEX_POINT ( 'NONE', #4378 ) ;
#5428 = CARTESIAN_POINT ( 'NONE',  ( -43.29999999999999716, 14.50000000000000355, 0.000000000000000000 ) ) ;
#5429 = ORIENTED_EDGE ( 'NONE', *, *, #3792, .T. ) ;
#5430 = EDGE_CURVE ( 'NONE', #704, #6009, #901, .T. ) ;
#5431 = EDGE_CURVE ( 'NONE', #1697, #3963, #3829, .T. ) ;
#5432 = CYLINDRICAL_SURFACE ( 'NONE', #5277, 7.000000000000000000 ) ;
#5433 = CARTESIAN_POINT ( 'NONE',  ( 1.500000000000001554, 1.030637635557567044, 3.864943216164022477 ) ) ;
#5434 = AXIS2_PLACEMENT_3D ( 'NONE', #5978, #3998, #1981 ) ;
#5435 = ORIENTED_EDGE ( 'NONE', *, *, #4440, .F. ) ;
#5436 = EDGE_CURVE ( 'NONE', #2723, #6004, #2064, .T. ) ;
#5437 = DIRECTION ( 'NONE',  ( -1.000000000000000000, -0.000000000000000000, -0.000000000000000000 ) ) ;
#5438 = LINE ( 'NONE', #3909, #2166 ) ;
#5439 = EDGE_LOOP ( 'NONE', ( #2265, #3348 ) ) ;
#5440 = DIRECTION ( 'NONE',  ( 0.000000000000000000, 0.000000000000000000, -1.000000000000000000 ) ) ;
#5441 = AXIS2_PLACEMENT_3D ( 'NONE', #532, #4078, #957 ) ;
#5442 = DIRECTION ( 'NONE',  ( 0.000000000000000000, 0.000000000000000000, -1.000000000000000000 ) ) ;
#5443 = EDGE_LOOP ( 'NONE', ( #1940, #4904, #1894, #4744 ) ) ;
#5444 = DIRECTION ( 'NONE',  ( 1.000000000000000000, 0.000000000000000000, 0.000000000000000000 ) ) ;
#5445 = CARTESIAN_POINT ( 'NONE',  ( 1.500000000000001554, 1.030637635557567044, 3.864943216164022477 ) ) ;
#5446 = FACE_OUTER_BOUND ( 'NONE', #106, .T. ) ;
#5447 = VECTOR ( 'NONE', #2767, 1000.000000000000000 ) ;
#5448 = DIRECTION ( 'NONE',  ( -1.000000000000000000, -0.000000000000000000, -0.000000000000000000 ) ) ;
#5449 = DIRECTION ( 'NONE',  ( 0.000000000000000000, 0.000000000000000000, -1.000000000000000000 ) ) ;
#5450 = DIRECTION ( 'NONE',  ( 0.000000000000000000, 0.000000000000000000, -1.000000000000000000 ) ) ;
#5451 = DIRECTION ( 'NONE',  ( -1.000000000000000000, -0.000000000000000000, -0.000000000000000000 ) ) ;
#5452 = ORIENTED_EDGE ( 'NONE', *, *, #2451, .F. ) ;
#5453 = EDGE_LOOP ( 'NONE', ( #1058, #5771, #5988, #4581 ) ) ;
#5454 = AXIS2_PLACEMENT_3D ( 'NONE', #3365, #1827, #310 ) ;
#5455 = CARTESIAN_POINT ( 'NONE',  ( 29.04974746830583143, 23.75000000000000355, 8.000000000000000000 ) ) ;
#5456 = DIRECTION ( 'NONE',  ( -1.000000000000000000, -0.000000000000000000, -0.000000000000000000 ) ) ;
#5457 = DIRECTION ( 'NONE',  ( -1.278665952808456908E-16, 1.000000000000000000, -0.000000000000000000 ) ) ;
#5458 = ORIENTED_EDGE ( 'NONE', *, *, #2006, .T. ) ;
#5459 = ORIENTED_EDGE ( 'NONE', *, *, #2605, .T. ) ;
#5460 = DIRECTION ( 'NONE',  ( -1.000000000000000000, -0.000000000000000000, -0.000000000000000000 ) ) ;
#5461 = ORIENTED_EDGE ( 'NONE', *, *, #700, .F. ) ;
#5462 = EDGE_CURVE ( 'NONE', #3024, #2615, #446, .T. ) ;
#5463 = CIRCLE ( 'NONE', #993, 7.000000000000000888 ) ;
#5464 = ADVANCED_FACE ( 'NONE', ( #5394 ), #4968, .T. ) ;
#5465 = LINE ( 'NONE', #1489, #3824 ) ;
#5466 = DIRECTION ( 'NONE',  ( 1.000000000000000000, 0.000000000000000000, 0.000000000000000000 ) ) ;
#5467 = AXIS2_PLACEMENT_3D ( 'NONE', #5354, #4282, #5316 ) ;
#5468 = ORIENTED_EDGE ( 'NONE', *, *, #4828, .T. ) ;
#5469 = CARTESIAN_POINT ( 'NONE',  ( -8.827416997969503853, 29.50000000000000000, -7.999999999999996447 ) ) ;
#5470 = DIRECTION ( 'NONE',  ( -0.000000000000000000, -0.000000000000000000, -1.000000000000000000 ) ) ;
#5471 = ORIENTED_EDGE ( 'NONE', *, *, #380, .T. ) ;
#5472 = EDGE_CURVE ( 'NONE', #4432, #4616, #1478, .T. ) ;
#5473 = AXIS2_PLACEMENT_3D ( 'NONE', #3890, #2844, #1276 ) ;
#5474 = EDGE_CURVE ( 'NONE', #1190, #2629, #1855, .T. ) ;
#5475 = CARTESIAN_POINT ( 'NONE',  ( 20.59999999999999787, -10.35047573531249654, 13.63583152989489911 ) ) ;
#5476 = ORIENTED_EDGE ( 'NONE', *, *, #2444, .T. ) ;
#5477 = DIRECTION ( 'NONE',  ( -1.000000000000000000, -0.000000000000000000, -0.000000000000000000 ) ) ;
#5478 = PLANE ( 'NONE',  #645 ) ;
#5479 = CARTESIAN_POINT ( 'NONE',  ( 0.000000000000000000, 29.50000000000000000, 8.999999999999998224 ) ) ;
#5480 = AXIS2_PLACEMENT_3D ( 'NONE', #1109, #3135, #2671 ) ;
#5481 = CARTESIAN_POINT ( 'NONE',  ( -6.800000000000001599, 4.499999999999999112, -2.649999999999999023 ) ) ;
#5482 = LINE ( 'NONE', #1565, #4615 ) ;
#5483 = ADVANCED_FACE ( 'NONE', ( #1978 ), #1908, .F. ) ;
#5484 = CARTESIAN_POINT ( 'NONE',  ( 22.59999999999999432, -10.35047573531249654, 13.63583152989489911 ) ) ;
#5485 = AXIS2_PLACEMENT_3D ( 'NONE', #6002, #126, #5642 ) ;
#5486 = DIRECTION ( 'NONE',  ( -1.000000000000000000, -0.000000000000000000, -0.000000000000000000 ) ) ;
#5487 = ORIENTED_EDGE ( 'NONE', *, *, #4012, .T. ) ;
#5488 = ORIENTED_EDGE ( 'NONE', *, *, #2684, .T. ) ;
#5489 = AXIS2_PLACEMENT_3D ( 'NONE', #1004, #2988, #2014 ) ;
#5490 = CARTESIAN_POINT ( 'NONE',  ( 13.80000000000000249, 1.000000000000007550, 4.599999999999995204 ) ) ;
#5491 = DIRECTION ( 'NONE',  ( -1.000000000000000000, -0.000000000000000000, -0.000000000000000000 ) ) ;
#5492 = CARTESIAN_POINT ( 'NONE',  ( 35.60000000000000142, -2.763066821399118744, 7.121905987407648020 ) ) ;
#5493 = ORIENTED_EDGE ( 'NONE', *, *, #2252, .F. ) ;
#5494 = FACE_OUTER_BOUND ( 'NONE', #1930, .T. ) ;
#5495 = VERTEX_POINT ( 'NONE', #4347 ) ;
#5496 = AXIS2_PLACEMENT_3D ( 'NONE', #2849, #6401, #418 ) ;
#5497 = CARTESIAN_POINT ( 'NONE',  ( 38.59999999999999432, 1.030637635557567044, 3.864943216164022477 ) ) ;
#5498 = CYLINDRICAL_SURFACE ( 'NONE', #3737, 9.000000000000000000 ) ;
#5499 = ORIENTED_EDGE ( 'NONE', *, *, #3796, .F. ) ;
#5500 = CARTESIAN_POINT ( 'NONE',  ( -40.70000000000000284, 9.000000000000000000, -2.700000000000008615 ) ) ;
#5501 = LINE ( 'NONE', #2051, #4455 ) ;
#5502 = CIRCLE ( 'NONE', #2272, 10.00000000000000000 ) ;
#5503 = EDGE_LOOP ( 'NONE', ( #3999, #5487, #5713, #1153 ) ) ;
#5504 = CIRCLE ( 'NONE', #5807, 7.000000000000000888 ) ;
#5505 = ADVANCED_FACE ( 'NONE', ( #6335 ), #3896, .F. ) ;
#5506 = DIRECTION ( 'NONE',  ( -1.000000000000000000, -0.000000000000000000, -0.000000000000000000 ) ) ;
#5507 = ORIENTED_EDGE ( 'NONE', *, *, #4346, .F. ) ;
#5508 = DIRECTION ( 'NONE',  ( -1.000000000000000000, -0.000000000000000000, -0.000000000000000000 ) ) ;
#5509 = DIRECTION ( 'NONE',  ( 0.000000000000000000, 0.000000000000000000, -1.000000000000000000 ) ) ;
#5510 = PLANE ( 'NONE',  #5059 ) ;
#5511 = DIRECTION ( 'NONE',  ( 1.000000000000000000, 0.000000000000000000, 0.000000000000000000 ) ) ;
#5512 = CARTESIAN_POINT ( 'NONE',  ( 21.59999999999999787, 0.000000000000000000, 0.1499999999999999944 ) ) ;
#5513 = EDGE_CURVE ( 'NONE', #5626, #5681, #5423, .T. ) ;
#5514 = ADVANCED_FACE ( 'NONE', ( #3859 ), #1943, .F. ) ;
#5515 = EDGE_CURVE ( 'NONE', #2344, #4326, #4349, .T. ) ;
#5516 = CARTESIAN_POINT ( 'NONE',  ( 30.59999999999999432, 1.158410705710341659, -3.828587812352703956 ) ) ;
#5517 = DIRECTION ( 'NONE',  ( 0.000000000000000000, 0.000000000000000000, -1.000000000000000000 ) ) ;
#5518 = CARTESIAN_POINT ( 'NONE',  ( -43.29999999999999716, 9.378143885933059920, 24.72882059609970895 ) ) ;
#5519 = ORIENTED_EDGE ( 'NONE', *, *, #231, .T. ) ;
#5520 = ORIENTED_EDGE ( 'NONE', *, *, #3155, .T. ) ;
#5521 = CARTESIAN_POINT ( 'NONE',  ( 30.59999999999999432, -2.763066821399118744, 7.121905987407648020 ) ) ;
#5522 = CARTESIAN_POINT ( 'NONE',  ( 24.10000000000000497, 29.50000000000000000, -8.999999999999998224 ) ) ;
#5523 = ORIENTED_EDGE ( 'NONE', *, *, #5856, .F. ) ;
#5524 = DIRECTION ( 'NONE',  ( 0.000000000000000000, 0.000000000000000000, -1.000000000000000000 ) ) ;
#5525 = VERTEX_POINT ( 'NONE', #1381 ) ;
#5526 = DIRECTION ( 'NONE',  ( 0.000000000000000000, 0.000000000000000000, -1.000000000000000000 ) ) ;
#5527 = DIRECTION ( 'NONE',  ( 1.000000000000000000, 0.000000000000000000, 0.000000000000000000 ) ) ;
#5528 = ORIENTED_EDGE ( 'NONE', *, *, #4430, .T. ) ;
#5529 = DIRECTION ( 'NONE',  ( 0.000000000000000000, 0.000000000000000000, -1.000000000000000000 ) ) ;
#5530 = CARTESIAN_POINT ( 'NONE',  ( 0.000000000000000000, 8.572527594031473190E-16, -6.850000000000000533 ) ) ;
#5531 = VERTEX_POINT ( 'NONE', #1451 ) ;
#5532 = CIRCLE ( 'NONE', #2411, 7.249999999999999112 ) ;
#5533 = DIRECTION ( 'NONE',  ( -1.000000000000000000, -0.000000000000000000, -0.000000000000000000 ) ) ;
#5534 = EDGE_LOOP ( 'NONE', ( #3296, #4800, #4132, #104 ) ) ;
#5535 = CARTESIAN_POINT ( 'NONE',  ( 28.59999999999999787, -4.365952903884279479, -5.321604448520053765 ) ) ;
#5536 = CARTESIAN_POINT ( 'NONE',  ( 1.500000000000001554, 1.030637635557567044, 8.864943216164022033 ) ) ;
#5537 = CARTESIAN_POINT ( 'NONE',  ( 22.10000000000000142, 1.000000000000006439, 7.450000000000001066 ) ) ;
#5538 = FACE_OUTER_BOUND ( 'NONE', #4916, .T. ) ;
#5539 = LINE ( 'NONE', #3069, #5125 ) ;
#5540 = VECTOR ( 'NONE', #4007, 1000.000000000000000 ) ;
#5541 = ADVANCED_FACE ( 'NONE', ( #512 ), #2946, .T. ) ;
#5542 = EDGE_CURVE ( 'NONE', #5159, #6197, #6299, .T. ) ;
#5543 = AXIS2_PLACEMENT_3D ( 'NONE', #2028, #2549, #2091 ) ;
#5544 = CARTESIAN_POINT ( 'NONE',  ( 34.60000000000000142, 0.000000000000000000, 0.1499999999999999944 ) ) ;
#5545 = DIRECTION ( 'NONE',  ( 0.000000000000000000, 0.000000000000000000, -1.000000000000000000 ) ) ;
#5546 = DIRECTION ( 'NONE',  ( 0.000000000000000000, -0.000000000000000000, 1.000000000000000000 ) ) ;
#5547 = ORIENTED_EDGE ( 'NONE', *, *, #5339, .T. ) ;
#5548 = ORIENTED_EDGE ( 'NONE', *, *, #4207, .T. ) ;
#5549 = EDGE_CURVE ( 'NONE', #553, #1988, #1839, .T. ) ;
#5550 = AXIS2_PLACEMENT_3D ( 'NONE', #93, #4020, #5998 ) ;
#5551 = ADVANCED_FACE ( 'NONE', ( #4512 ), #1629, .T. ) ;
#5552 = ADVANCED_FACE ( 'NONE', ( #4028 ), #3199, .T. ) ;
#5553 = CARTESIAN_POINT ( 'NONE',  ( 18.59999999999999787, 2.606424087848269178, -8.614322577793585012 ) ) ;
#5554 = CARTESIAN_POINT ( 'NONE',  ( 28.59999999999999787, 1.030637635557567044, 3.864943216164022477 ) ) ;
#5555 = AXIS2_PLACEMENT_3D ( 'NONE', #4949, #2443, #2409 ) ;
#5556 = ORIENTED_EDGE ( 'NONE', *, *, #3044, .F. ) ;
#5557 = VERTEX_POINT ( 'NONE', #3622 ) ;
#5558 = CYLINDRICAL_SURFACE ( 'NONE', #5175, 10.00000000000000000 ) ;
#5559 = DIRECTION ( 'NONE',  ( 0.000000000000000000, 0.000000000000000000, 1.000000000000000000 ) ) ;
#5560 = ORIENTED_EDGE ( 'NONE', *, *, #2197, .F. ) ;
#5561 = CARTESIAN_POINT ( 'NONE',  ( 1.500000000000000000, -4.261960596893379360, 5.702989453486133620 ) ) ;
#5562 = CARTESIAN_POINT ( 'NONE',  ( -43.29999999999999716, 9.378143885933059920, -2.699999999999995293 ) ) ;
#5563 = AXIS2_PLACEMENT_3D ( 'NONE', #243, #2221, #4210 ) ;
#5564 = ORIENTED_EDGE ( 'NONE', *, *, #4833, .F. ) ;
#5565 = CIRCLE ( 'NONE', #5767, 9.000000000000000000 ) ;
#5566 = DIRECTION ( 'NONE',  ( -1.000000000000000000, -0.000000000000000000, -0.000000000000000000 ) ) ;
#5567 = PRODUCT_DEFINITION_SHAPE ( 'NONE', 'NONE',  #3745 ) ;
#5568 = ORIENTED_EDGE ( 'NONE', *, *, #4355, .F. ) ;
#5569 = DIRECTION ( 'NONE',  ( -1.000000000000000000, -0.000000000000000000, -0.000000000000000000 ) ) ;
#5570 = CARTESIAN_POINT ( 'NONE',  ( 35.60000000000000142, -2.762069023147044167, -6.931785952275177465 ) ) ;
#5571 = CARTESIAN_POINT ( 'NONE',  ( 26.59999999999999787, -2.762069023147042390, -6.931785952275175688 ) ) ;
#5572 = CARTESIAN_POINT ( 'NONE',  ( 32.59999999999999432, -2.762069023147044167, -6.931785952275177465 ) ) ;
#5573 = DIRECTION ( 'NONE',  ( 1.000000000000000000, 1.278665952808457648E-16, 0.000000000000000000 ) ) ;
#5574 = VECTOR ( 'NONE', #5002, 1000.000000000000000 ) ;
#5575 = CIRCLE ( 'NONE', #5259, 10.00000000000000178 ) ;
#5576 = CARTESIAN_POINT ( 'NONE',  ( 28.59999999999999787, -2.762069023147044167, -6.931785952275177465 ) ) ;
#5577 = ORIENTED_EDGE ( 'NONE', *, *, #2410, .F. ) ;
#5578 = DIRECTION ( 'NONE',  ( 0.000000000000000000, 0.000000000000000000, 1.000000000000000000 ) ) ;
#5579 = PLANE ( 'NONE',  #4550 ) ;
#5580 = VERTEX_POINT ( 'NONE', #66 ) ;
#5581 = EDGE_LOOP ( 'NONE', ( #252, #5458, #4847, #4791, #478, #5075 ) ) ;
#5582 = AXIS2_PLACEMENT_3D ( 'NONE', #5207, #331, #4850 ) ;
#5583 = DIRECTION ( 'NONE',  ( 0.000000000000000000, 0.000000000000000000, 1.000000000000000000 ) ) ;
#5584 = EDGE_CURVE ( 'NONE', #3717, #4458, #209, .T. ) ;
#5585 = DIRECTION ( 'NONE',  ( 0.000000000000000000, 0.000000000000000000, -1.000000000000000000 ) ) ;
#5586 = ORIENTED_EDGE ( 'NONE', *, *, #3483, .T. ) ;
#5587 = FACE_OUTER_BOUND ( 'NONE', #639, .T. ) ;
#5588 = AXIS2_PLACEMENT_3D ( 'NONE', #1699, #4248, #247 ) ;
#5589 = ORIENTED_EDGE ( 'NONE', *, *, #1363, .T. ) ;
#5590 = EDGE_CURVE ( 'NONE', #5887, #3234, #107, .T. ) ;
#5591 = VECTOR ( 'NONE', #4598, 1000.000000000000000 ) ;
#5592 = ADVANCED_FACE ( 'NONE', ( #1235 ), #1661, .F. ) ;
#5593 =( LENGTH_UNIT ( ) NAMED_UNIT ( * ) SI_UNIT ( .MILLI., .METRE. ) );
#5594 = ORIENTED_EDGE ( 'NONE', *, *, #1409, .T. ) ;
#5595 = CARTESIAN_POINT ( 'NONE',  ( 24.10000000000000497, 7.100000000000003197, 9.000000000000001776 ) ) ;
#5596 = DIRECTION ( 'NONE',  ( 1.000000000000000000, 0.000000000000000000, 0.000000000000000000 ) ) ;
#5597 = VERTEX_POINT ( 'NONE', #4208 ) ;
#5598 = VECTOR ( 'NONE', #3761, 1000.000000000000000 ) ;
#5599 = VECTOR ( 'NONE', #5470, 1000.000000000000000 ) ;
#5600 = LINE ( 'NONE', #5135, #5709 ) ;
#5601 = VERTEX_POINT ( 'NONE', #5490 ) ;
#5602 = DIRECTION ( 'NONE',  ( 1.000000000000000000, 0.000000000000000000, 0.000000000000000000 ) ) ;
#5603 = DIRECTION ( 'NONE',  ( -1.000000000000000000, -0.000000000000000000, -0.000000000000000000 ) ) ;
#5604 = CYLINDRICAL_SURFACE ( 'NONE', #2466, 7.000000000000000000 ) ;
#5605 = CARTESIAN_POINT ( 'NONE',  ( 1.500000000000000000, 0.000000000000000000, 7.150000000000000355 ) ) ;
#5606 = AXIS2_PLACEMENT_3D ( 'NONE', #4888, #4494, #5013 ) ;
#5607 = CARTESIAN_POINT ( 'NONE',  ( 25.59999999999999787, -4.261960596893379360, 5.702989453486132732 ) ) ;
#5608 = CARTESIAN_POINT ( 'NONE',  ( 29.04974746830583143, 23.75000000000000355, 6.249999999999999112 ) ) ;
#5609 = ORIENTED_EDGE ( 'NONE', *, *, #5939, .T. ) ;
#5610 = DIRECTION ( 'NONE',  ( -1.000000000000000000, -0.000000000000000000, -0.000000000000000000 ) ) ;
#5611 = AXIS2_PLACEMENT_3D ( 'NONE', #1068, #5559, #4131 ) ;
#5612 = CARTESIAN_POINT ( 'NONE',  ( 1.500000000000000000, 0.000000000000000000, 0.1499999999999999944 ) ) ;
#5613 = VERTEX_POINT ( 'NONE', #5607 ) ;
#5614 = LINE ( 'NONE', #5679, #2747 ) ;
#5615 = CARTESIAN_POINT ( 'NONE',  ( 28.59999999999999787, -10.35047573531249654, 13.63583152989489911 ) ) ;
#5616 = VERTEX_POINT ( 'NONE', #1693 ) ;
#5617 = CARTESIAN_POINT ( 'NONE',  ( 18.59999999999999787, 1.030637635557567044, 3.864943216164022477 ) ) ;
#5618 = ORIENTED_EDGE ( 'NONE', *, *, #5867, .F. ) ;
#5619 = ADVANCED_FACE ( 'NONE', ( #5180 ), #3686, .T. ) ;
#5620 = CARTESIAN_POINT ( 'NONE',  ( 18.59999999999999787, -10.60302848086181804, -13.13818223212012626 ) ) ;
#5621 = EDGE_CURVE ( 'NONE', #4409, #4093, #3836, .T. ) ;
#5622 = DIRECTION ( 'NONE',  ( 0.000000000000000000, 0.000000000000000000, -1.000000000000000000 ) ) ;
#5623 = VERTEX_POINT ( 'NONE', #665 ) ;
#5624 = EDGE_LOOP ( 'NONE', ( #1572, #127, #793, #3573 ) ) ;
#5625 = FACE_BOUND ( 'NONE', #3898, .T. ) ;
#5626 = VERTEX_POINT ( 'NONE', #2498 ) ;
#5627 = EDGE_CURVE ( 'NONE', #6251, #3280, #3137, .T. ) ;
#5628 = EDGE_CURVE ( 'NONE', #221, #2662, #725, .T. ) ;
#5629 = EDGE_CURVE ( 'NONE', #4665, #839, #214, .T. ) ;
#5630 = CARTESIAN_POINT ( 'NONE',  ( 26.59999999999999787, 0.000000000000000000, 0.000000000000000000 ) ) ;
#5631 = EDGE_LOOP ( 'NONE', ( #4115, #2890, #3543, #5329 ) ) ;
#5632 = DIRECTION ( 'NONE',  ( 0.000000000000000000, 0.000000000000000000, -1.000000000000000000 ) ) ;
#5633 = DIRECTION ( 'NONE',  ( 0.000000000000000000, 0.000000000000000000, -1.000000000000000000 ) ) ;
#5634 = CARTESIAN_POINT ( 'NONE',  ( 13.60000000000000497, 29.50000000000000711, 7.249999999999999112 ) ) ;
#5635 = CARTESIAN_POINT ( 'NONE',  ( 0.000000000000000000, 29.50000000000000711, 7.249999999999999112 ) ) ;
#5636 = VECTOR ( 'NONE', #5016, 1000.000000000000000 ) ;
#5637 = CARTESIAN_POINT ( 'NONE',  ( 13.80000000000000249, 1.000000000000007772, 1.199999999999995737 ) ) ;
#5638 = CARTESIAN_POINT ( 'NONE',  ( 34.60000000000000142, -10.60302848086181804, -13.13818223212012626 ) ) ;
#5639 = VERTEX_POINT ( 'NONE', #5114 ) ;
#5640 = CYLINDRICAL_SURFACE ( 'NONE', #1621, 5.000000000000000000 ) ;
#5641 = AXIS2_PLACEMENT_3D ( 'NONE', #906, #3510, #1000 ) ;
#5642 = DIRECTION ( 'NONE',  ( 0.000000000000000000, 0.000000000000000000, -1.000000000000000000 ) ) ;
#5643 = ORIENTED_EDGE ( 'NONE', *, *, #2800, .F. ) ;
#5644 = CIRCLE ( 'NONE', #6267, 7.000000000000000888 ) ;
#5645 = FACE_OUTER_BOUND ( 'NONE', #5047, .T. ) ;
#5646 = DIRECTION ( 'NONE',  ( 0.000000000000000000, -1.162264728904460753E-14, -1.000000000000000000 ) ) ;
#5647 = ORIENTED_EDGE ( 'NONE', *, *, #464, .F. ) ;
#5648 = DIRECTION ( 'NONE',  ( 0.000000000000000000, 0.000000000000000000, 1.000000000000000000 ) ) ;
#5649 = VECTOR ( 'NONE', #1144, 1000.000000000000000 ) ;
#5650 = VERTEX_POINT ( 'NONE', #2187 ) ;
#5651 = CIRCLE ( 'NONE', #4819, 10.00000000000000000 ) ;
#5652 = CARTESIAN_POINT ( 'NONE',  ( 1.500000000000001554, 1.030637635557567044, 3.864943216164022477 ) ) ;
#5653 = ORIENTED_EDGE ( 'NONE', *, *, #1804, .F. ) ;
#5654 = DIRECTION ( 'NONE',  ( -1.000000000000000000, -0.000000000000000000, -0.000000000000000000 ) ) ;
#5655 = EDGE_CURVE ( 'NONE', #221, #2663, #4175, .T. ) ;
#5656 = EDGE_LOOP ( 'NONE', ( #6295, #1457 ) ) ;
#5657 =( GEOMETRIC_REPRESENTATION_CONTEXT ( 3 ) GLOBAL_UNCERTAINTY_ASSIGNED_CONTEXT ( ( #4837 ) ) GLOBAL_UNIT_ASSIGNED_CONTEXT ( ( #3304, #3340, #1308 ) ) REPRESENTATION_CONTEXT ( 'NONE', 'WORKASPACE' ) );
#5658 = EDGE_CURVE ( 'NONE', #1985, #3108, #1031, .T. ) ;
#5659 = DIRECTION ( 'NONE',  ( -1.000000000000000000, -0.000000000000000000, -0.000000000000000000 ) ) ;
#5660 = ORIENTED_EDGE ( 'NONE', *, *, #6259, .T. ) ;
#5661 = DIRECTION ( 'NONE',  ( -1.000000000000000000, -0.000000000000000000, -0.000000000000000000 ) ) ;
#5662 = DIRECTION ( 'NONE',  ( -1.000000000000000000, -0.000000000000000000, -0.000000000000000000 ) ) ;
#5663 = DIRECTION ( 'NONE',  ( 0.000000000000000000, 0.000000000000000000, -1.000000000000000000 ) ) ;
#5664 = EDGE_CURVE ( 'NONE', #1193, #2880, #32, .T. ) ;
#5665 = LINE ( 'NONE', #723, #1174 ) ;
#5666 = EDGE_CURVE ( 'NONE', #6265, #5181, #4254, .T. ) ;
#5667 = CIRCLE ( 'NONE', #6187, 5.000000000000000000 ) ;
#5668 = CIRCLE ( 'NONE', #3389, 1.700000000000000400 ) ;
#5669 = FACE_OUTER_BOUND ( 'NONE', #4752, .T. ) ;
#5670 = ORIENTED_EDGE ( 'NONE', *, *, #5273, .F. ) ;
#5671 = LINE ( 'NONE', #4083, #4934 ) ;
#5672 = EDGE_LOOP ( 'NONE', ( #5387, #653, #2235, #2998 ) ) ;
#5673 = DIRECTION ( 'NONE',  ( 1.000000000000000000, 0.000000000000000000, 0.000000000000000000 ) ) ;
#5674 = ADVANCED_FACE ( 'NONE', ( #5669 ), #241, .T. ) ;
#5675 = AXIS2_PLACEMENT_3D ( 'NONE', #2594, #4970, #3870 ) ;
#5676 = DIRECTION ( 'NONE',  ( -1.000000000000000000, -0.000000000000000000, -0.000000000000000000 ) ) ;
#5677 = ORIENTED_EDGE ( 'NONE', *, *, #2482, .F. ) ;
#5678 = CIRCLE ( 'NONE', #2870, 10.00000000000000000 ) ;
#5679 = CARTESIAN_POINT ( 'NONE',  ( -40.70000000000000284, 38.49999999999999289, -2.699999999999997069 ) ) ;
#5680 = FACE_OUTER_BOUND ( 'NONE', #5631, .T. ) ;
#5681 = VERTEX_POINT ( 'NONE', #4790 ) ;
#5682 = VECTOR ( 'NONE', #6027, 1000.000000000000000 ) ;
#5683 = EDGE_LOOP ( 'NONE', ( #2011, #2534, #1656, #5247 ) ) ;
#5684 = CARTESIAN_POINT ( 'NONE',  ( 1.500000000000002220, -10.35047573531249654, 13.63583152989489911 ) ) ;
#5685 =( NAMED_UNIT ( * ) SI_UNIT ( $, .STERADIAN. ) SOLID_ANGLE_UNIT ( ) );
#5686 = ORIENTED_EDGE ( 'NONE', *, *, #4957, .T. ) ;
#5687 = VECTOR ( 'NONE', #3592, 1000.000000000000000 ) ;
#5688 = ORIENTED_EDGE ( 'NONE', *, *, #3529, .T. ) ;
#5689 = LINE ( 'NONE', #3834, #3567 ) ;
#5690 = EDGE_LOOP ( 'NONE', ( #3127, #911, #4214, #3160 ) ) ;
#5691 = AXIS2_PLACEMENT_3D ( 'NONE', #4019, #2027, #1593 ) ;
#5692 = SURFACE_STYLE_USAGE ( .BOTH. , #5752 ) ;
#5693 = VERTEX_POINT ( 'NONE', #2769 ) ;
#5694 = CARTESIAN_POINT ( 'NONE',  ( 13.80000000000000249, 2.400000000000003020, 1.199999999999992406 ) ) ;
#5695 = CARTESIAN_POINT ( 'NONE',  ( 1.500000000000000000, 8.572527594031473190E-16, -6.850000000000000533 ) ) ;
#5696 = CARTESIAN_POINT ( 'NONE',  ( 24.59999999999999787, 0.000000000000000000, 0.1499999999999999944 ) ) ;
#5697 = AXIS2_PLACEMENT_3D ( 'NONE', #3965, #385, #5877 ) ;
#5698 = DIRECTION ( 'NONE',  ( 1.530638361156006985E-16, -1.000000000000000000, 0.000000000000000000 ) ) ;
#5699 = EDGE_CURVE ( 'NONE', #607, #5326, #1130, .T. ) ;
#5700 = AXIS2_PLACEMENT_3D ( 'NONE', #1364, #2736, #3363 ) ;
#5701 = DIRECTION ( 'NONE',  ( 0.000000000000000000, 0.000000000000000000, -1.000000000000000000 ) ) ;
#5702 = ORIENTED_EDGE ( 'NONE', *, *, #1606, .F. ) ;
#5703 = LINE ( 'NONE', #5728, #4112 ) ;
#5704 = EDGE_CURVE ( 'NONE', #2662, #4689, #402, .T. ) ;
#5705 = EDGE_LOOP ( 'NONE', ( #4557, #448, #3948, #4303 ) ) ;
#5706 = LINE ( 'NONE', #1210, #696 ) ;
#5707 = DIRECTION ( 'NONE',  ( 0.000000000000000000, -0.000000000000000000, 1.000000000000000000 ) ) ;
#5708 = ORIENTED_EDGE ( 'NONE', *, *, #2452, .T. ) ;
#5709 = VECTOR ( 'NONE', #4072, 1000.000000000000000 ) ;
#5710 = EDGE_CURVE ( 'NONE', #1357, #1220, #4, .T. ) ;
#5711 = DIRECTION ( 'NONE',  ( 0.000000000000000000, -1.000000000000000000, 0.000000000000000000 ) ) ;
#5712 = CARTESIAN_POINT ( 'NONE',  ( 32.59999999999999432, -4.261960596893380249, 5.702989453486133620 ) ) ;
#5713 = ORIENTED_EDGE ( 'NONE', *, *, #5621, .F. ) ;
#5714 = ORIENTED_EDGE ( 'NONE', *, *, #5359, .F. ) ;
#5715 = DIRECTION ( 'NONE',  ( 0.000000000000000000, 0.000000000000000000, -1.000000000000000000 ) ) ;
#5716 = VERTEX_POINT ( 'NONE', #2254 ) ;
#5717 = ORIENTED_EDGE ( 'NONE', *, *, #229, .F. ) ;
#5718 = CARTESIAN_POINT ( 'NONE',  ( 1.500000000000000000, 8.572527594031473190E-16, -6.850000000000000533 ) ) ;
#5719 = ORIENTED_EDGE ( 'NONE', *, *, #4828, .F. ) ;
#5720 = CARTESIAN_POINT ( 'NONE',  ( -47.19999999999999574, 5.500000000000000000, -2.699999999999993960 ) ) ;
#5721 = VERTEX_POINT ( 'NONE', #3396 ) ;
#5722 = DIRECTION ( 'NONE',  ( 1.000000000000000000, 0.000000000000000000, 0.000000000000000000 ) ) ;
#5723 = CARTESIAN_POINT ( 'NONE',  ( 36.59999999999999432, 0.000000000000000000, 0.1499999999999999944 ) ) ;
#5724 = LINE ( 'NONE', #1884, #921 ) ;
#5725 = CARTESIAN_POINT ( 'NONE',  ( 40.59999999999999432, 0.000000000000000000, 0.1499999999999999944 ) ) ;
#5726 = DIRECTION ( 'NONE',  ( -1.000000000000000000, -0.000000000000000000, -0.000000000000000000 ) ) ;
#5727 = ORIENTED_EDGE ( 'NONE', *, *, #5774, .F. ) ;
#5728 = CARTESIAN_POINT ( 'NONE',  ( 13.80000000000000249, 8.099999999999999645, -7.450000000000001066 ) ) ;
#5729 = ORIENTED_EDGE ( 'NONE', *, *, #1898, .F. ) ;
#5730 = PLANE ( 'NONE',  #4647 ) ;
#5731 = FACE_OUTER_BOUND ( 'NONE', #5443, .T. ) ;
#5732 = ORIENTED_EDGE ( 'NONE', *, *, #2914, .T. ) ;
#5733 = EDGE_CURVE ( 'NONE', #1190, #3658, #822, .T. ) ;
#5734 = EDGE_CURVE ( 'NONE', #6225, #4524, #1442, .T. ) ;
#5735 = CIRCLE ( 'NONE', #2309, 7.000000000000000888 ) ;
#5736 = DIRECTION ( 'NONE',  ( 0.000000000000000000, 0.000000000000000000, -1.000000000000000000 ) ) ;
#5737 = CARTESIAN_POINT ( 'NONE',  ( 22.10000000000000142, 20.25000000000000711, -6.250000000000000888 ) ) ;
#5738 = ORIENTED_EDGE ( 'NONE', *, *, #5306, .T. ) ;
#5739 = EDGE_CURVE ( 'NONE', #320, #6118, #514, .T. ) ;
#5740 = ORIENTED_EDGE ( 'NONE', *, *, #664, .F. ) ;
#5741 = VECTOR ( 'NONE', #3635, 1000.000000000000000 ) ;
#5742 = EDGE_CURVE ( 'NONE', #2000, #1091, #5502, .T. ) ;
#5743 = FACE_OUTER_BOUND ( 'NONE', #4528, .T. ) ;
#5744 = CARTESIAN_POINT ( 'NONE',  ( -43.29999999999999716, 9.378143885933059920, 24.72882059609970895 ) ) ;
#5745 = CIRCLE ( 'NONE', #2945, 10.00000000000000000 ) ;
#5746 = EDGE_LOOP ( 'NONE', ( #4073, #4706, #5253, #2323 ) ) ;
#5747 = VERTEX_POINT ( 'NONE', #786 ) ;
#5748 = DIRECTION ( 'NONE',  ( -1.000000000000000000, -0.000000000000000000, -0.000000000000000000 ) ) ;
#5749 = EDGE_CURVE ( 'NONE', #4936, #1571, #3812, .T. ) ;
#5750 = ORIENTED_EDGE ( 'NONE', *, *, #4797, .F. ) ;
#5751 = VECTOR ( 'NONE', #2299, 1000.000000000000000 ) ;
#5752 = SURFACE_SIDE_STYLE ('',( #5817 ) ) ;
#5753 = ORIENTED_EDGE ( 'NONE', *, *, #2882, .F. ) ;
#5754 = CYLINDRICAL_SURFACE ( 'NONE', #5366, 10.00000000000000178 ) ;
#5755 = CARTESIAN_POINT ( 'NONE',  ( 26.59999999999999787, 0.000000000000000000, 7.150000000000002132 ) ) ;
#5756 = CYLINDRICAL_SURFACE ( 'NONE', #5582, 5.000000000000000000 ) ;
#5757 = AXIS2_PLACEMENT_3D ( 'NONE', #2031, #4503, #474 ) ;
#5758 = DIRECTION ( 'NONE',  ( 1.000000000000000000, 0.000000000000000000, 0.000000000000000000 ) ) ;
#5759 = AXIS2_PLACEMENT_3D ( 'NONE', #6224, #2739, #6355 ) ;
#5760 = FACE_OUTER_BOUND ( 'NONE', #5624, .T. ) ;
#5761 = ORIENTED_EDGE ( 'NONE', *, *, #4356, .T. ) ;
#5762 = CARTESIAN_POINT ( 'NONE',  ( 19.86927765092148945, 18.75000000000000711, 5.204748896376249713E-16 ) ) ;
#5763 = EDGE_LOOP ( 'NONE', ( #3641, #5064, #1486, #6377 ) ) ;
#5764 = DIRECTION ( 'NONE',  ( 1.000000000000000000, 0.000000000000000000, 0.000000000000000000 ) ) ;
#5765 = CARTESIAN_POINT ( 'NONE',  ( 31.59999999999999787, 1.030637635557567044, 8.864943216164022033 ) ) ;
#5766 = FACE_BOUND ( 'NONE', #2495, .T. ) ;
#5767 = AXIS2_PLACEMENT_3D ( 'NONE', #1436, #5993, #1046 ) ;
#5768 = VECTOR ( 'NONE', #2448, 1000.000000000000000 ) ;
#5769 = CARTESIAN_POINT ( 'NONE',  ( 40.59999999999999432, -10.35047573531249654, 13.63583152989489911 ) ) ;
#5770 = FACE_OUTER_BOUND ( 'NONE', #35, .T. ) ;
#5771 = ORIENTED_EDGE ( 'NONE', *, *, #5869, .F. ) ;
#5772 = VERTEX_POINT ( 'NONE', #4332 ) ;
#5773 = AXIS2_PLACEMENT_3D ( 'NONE', #2500, #4580, #4547 ) ;
#5774 = EDGE_CURVE ( 'NONE', #2707, #4424, #1857, .T. ) ;
#5775 = CARTESIAN_POINT ( 'NONE',  ( 38.59999999999999432, 2.606424087848269178, -8.614322577793585012 ) ) ;
#5776 = CYLINDRICAL_SURFACE ( 'NONE', #463, 5.000000000000000000 ) ;
#5777 = VECTOR ( 'NONE', #3536, 1000.000000000000000 ) ;
#5778 = ORIENTED_EDGE ( 'NONE', *, *, #1487, .T. ) ;
#5779 = EDGE_CURVE ( 'NONE', #4392, #1956, #3212, .T. ) ;
#5780 = ORIENTED_EDGE ( 'NONE', *, *, #5658, .F. ) ;
#5781 = CARTESIAN_POINT ( 'NONE',  ( 31.59999999999999787, -10.60302848086181804, -13.13818223212012626 ) ) ;
#5782 = ORIENTED_EDGE ( 'NONE', *, *, #1647, .T. ) ;
#5783 = ADVANCED_FACE ( 'NONE', ( #5760 ), #2284, .F. ) ;
#5784 = AXIS2_PLACEMENT_3D ( 'NONE', #631, #5084, #2610 ) ;
#5785 = DIRECTION ( 'NONE',  ( 1.000000000000000000, 0.000000000000000000, -3.154042683594195614E-16 ) ) ;
#5786 = ORIENTED_EDGE ( 'NONE', *, *, #892, .F. ) ;
#5787 = CARTESIAN_POINT ( 'NONE',  ( -40.70000000000000284, 0.000000000000000000, 8.449999999999999289 ) ) ;
#5788 = DIRECTION ( 'NONE',  ( 0.000000000000000000, 0.000000000000000000, -1.000000000000000000 ) ) ;
#5789 = LINE ( 'NONE', #4946, #511 ) ;
#5790 = LINE ( 'NONE', #4364, #2429 ) ;
#5791 = CIRCLE ( 'NONE', #198, 3.499999999999999556 ) ;
#5792 = CARTESIAN_POINT ( 'NONE',  ( 33.60000000000000142, 0.000000000000000000, 0.1499999999999999944 ) ) ;
#5793 = ORIENTED_EDGE ( 'NONE', *, *, #6070, .F. ) ;
#5794 = CARTESIAN_POINT ( 'NONE',  ( 29.04974746830583143, 23.75000000000000355, -6.250000000000000888 ) ) ;
#5795 = AXIS2_PLACEMENT_3D ( 'NONE', #6057, #5511, #564 ) ;
#5796 = ORIENTED_EDGE ( 'NONE', *, *, #6218, .F. ) ;
#5797 = CARTESIAN_POINT ( 'NONE',  ( 39.59999999999999432, -2.762069023147044167, -6.931785952275177465 ) ) ;
#5798 = DIRECTION ( 'NONE',  ( -1.000000000000000000, -0.000000000000000000, -0.000000000000000000 ) ) ;
#5799 = DIRECTION ( 'NONE',  ( 1.000000000000000000, 0.000000000000000000, 0.000000000000000000 ) ) ;
#5800 = AXIS2_PLACEMENT_3D ( 'NONE', #2784, #2234, #2692 ) ;
#5801 = CARTESIAN_POINT ( 'NONE',  ( 1.500000000000001554, 1.030637635557567044, 8.864943216164022033 ) ) ;
#5802 = DIRECTION ( 'NONE',  ( 0.000000000000000000, 0.000000000000000000, -1.000000000000000000 ) ) ;
#5803 = AXIS2_PLACEMENT_3D ( 'NONE', #1825, #3848, #308 ) ;
#5804 = ORIENTED_EDGE ( 'NONE', *, *, #982, .F. ) ;
#5805 = ORIENTED_EDGE ( 'NONE', *, *, #3081, .F. ) ;
#5806 = ORIENTED_EDGE ( 'NONE', *, *, #5749, .T. ) ;
#5807 = AXIS2_PLACEMENT_3D ( 'NONE', #1327, #297, #1256 ) ;
#5808 = CARTESIAN_POINT ( 'NONE',  ( 1.500000000000001554, 1.030637635557567044, 8.864943216164022033 ) ) ;
#5809 = CARTESIAN_POINT ( 'NONE',  ( 37.59999999999999432, 1.030637635557567044, 3.864943216164022477 ) ) ;
#5810 = ORIENTED_EDGE ( 'NONE', *, *, #4513, .F. ) ;
#5811 = ORIENTED_EDGE ( 'NONE', *, *, #1770, .F. ) ;
#5812 = DIRECTION ( 'NONE',  ( -1.000000000000000000, -0.000000000000000000, -0.000000000000000000 ) ) ;
#5813 =( GEOMETRIC_REPRESENTATION_CONTEXT ( 3 ) GLOBAL_UNCERTAINTY_ASSIGNED_CONTEXT ( ( #5030 ) ) GLOBAL_UNIT_ASSIGNED_CONTEXT ( ( #5198, #3245, #5685 ) ) REPRESENTATION_CONTEXT ( 'NONE', 'WORKASPACE' ) );
#5814 = VERTEX_POINT ( 'NONE', #6250 ) ;
#5815 = EDGE_CURVE ( 'NONE', #6143, #3221, #1968, .T. ) ;
#5816 = EDGE_CURVE ( 'NONE', #324, #79, #1299, .T. ) ;
#5817 = SURFACE_STYLE_FILL_AREA ( #6242 ) ;
#5818 = ORIENTED_EDGE ( 'NONE', *, *, #5359, .T. ) ;
#5819 = DIRECTION ( 'NONE',  ( -1.000000000000000000, -0.000000000000000000, -0.000000000000000000 ) ) ;
#5820 = DIRECTION ( 'NONE',  ( -1.000000000000000000, -0.000000000000000000, -0.000000000000000000 ) ) ;
#5821 = DIRECTION ( 'NONE',  ( 0.000000000000000000, 7.112366251504907509E-15, -1.000000000000000000 ) ) ;
#5822 = DIRECTION ( 'NONE',  ( 1.000000000000000000, 0.000000000000000000, 0.000000000000000000 ) ) ;
#5823 = EDGE_CURVE ( 'NONE', #962, #6223, #2830, .T. ) ;
#5824 = ADVANCED_FACE ( 'NONE', ( #4366 ), #365, .F. ) ;
#5825 = EDGE_CURVE ( 'NONE', #389, #4178, #4568, .T. ) ;
#5826 = DIRECTION ( 'NONE',  ( 0.000000000000000000, 0.000000000000000000, 1.000000000000000000 ) ) ;
#5827 = ORIENTED_EDGE ( 'NONE', *, *, #3826, .T. ) ;
#5828 = CARTESIAN_POINT ( 'NONE',  ( 28.59999999999999787, 0.000000000000000000, 7.150000000000002132 ) ) ;
#5829 = ORIENTED_EDGE ( 'NONE', *, *, #670, .T. ) ;
#5830 = DIRECTION ( 'NONE',  ( -1.000000000000000000, -0.000000000000000000, -0.000000000000000000 ) ) ;
#5831 = CARTESIAN_POINT ( 'NONE',  ( -38.10000000000000142, 4.499999999999995559, 2.650000000000000799 ) ) ;
#5832 = CARTESIAN_POINT ( 'NONE',  ( -40.70000000000000284, 9.000000000000000000, 7.470744176750633514 ) ) ;
#5833 = ADVANCED_FACE ( 'NONE', ( #5340 ), #3494, .F. ) ;
#5834 = DIRECTION ( 'NONE',  ( 0.000000000000000000, 0.000000000000000000, -1.000000000000000000 ) ) ;
#5835 = CARTESIAN_POINT ( 'NONE',  ( 1.500000000000002220, -10.35047573531249654, 13.63583152989489911 ) ) ;
#5836 = EDGE_LOOP ( 'NONE', ( #6388, #2719, #672, #3247, #3509, #4590, #4939, #6313, #36 ) ) ;
#5837 = ORIENTED_EDGE ( 'NONE', *, *, #6380, .T. ) ;
#5838 = ORIENTED_EDGE ( 'NONE', *, *, #5351, .T. ) ;
#5839 = AXIS2_PLACEMENT_3D ( 'NONE', #3256, #1785, #5139 ) ;
#5840 = DIRECTION ( 'NONE',  ( -1.000000000000000000, -0.000000000000000000, -0.000000000000000000 ) ) ;
#5841 = DIRECTION ( 'NONE',  ( 1.000000000000000000, 0.000000000000000000, 0.000000000000000000 ) ) ;
#5842 = EDGE_LOOP ( 'NONE', ( #5714, #1678 ) ) ;
#5843 = EDGE_LOOP ( 'NONE', ( #606, #1421, #5476, #3241, #6239, #595, #1706, #4195 ) ) ;
#5844 = DIRECTION ( 'NONE',  ( 0.000000000000000000, 0.000000000000000000, -1.000000000000000000 ) ) ;
#5845 = AXIS2_PLACEMENT_3D ( 'NONE', #5040, #590, #2572 ) ;
#5846 = EDGE_LOOP ( 'NONE', ( #359, #757, #2695, #657 ) ) ;
#5847 = AXIS2_PLACEMENT_3D ( 'NONE', #1471, #4500, #1995 ) ;
#5848 = FACE_OUTER_BOUND ( 'NONE', #4619, .T. ) ;
#5849 = EDGE_CURVE ( 'NONE', #772, #414, #1645, .T. ) ;
#5850 = LINE ( 'NONE', #11, #5091 ) ;
#5851 = ORIENTED_EDGE ( 'NONE', *, *, #4315, .T. ) ;
#5852 = DIRECTION ( 'NONE',  ( 1.000000000000000000, -6.672013369141552398E-16, 0.000000000000000000 ) ) ;
#5853 = DIRECTION ( 'NONE',  ( -1.000000000000000000, -0.000000000000000000, -0.000000000000000000 ) ) ;
#5854 = EDGE_LOOP ( 'NONE', ( #1453, #3229, #2463, #2399 ) ) ;
#5855 = CARTESIAN_POINT ( 'NONE',  ( 21.59999999999999787, 1.158410705710341659, -3.828587812352703956 ) ) ;
#5856 = EDGE_CURVE ( 'NONE', #3108, #3472, #1044, .T. ) ;
#5857 = CIRCLE ( 'NONE', #3888, 5.000000000000000888 ) ;
#5858 = EDGE_CURVE ( 'NONE', #4801, #5230, #623, .T. ) ;
#5859 = DIRECTION ( 'NONE',  ( 0.000000000000000000, 0.000000000000000000, 1.000000000000000000 ) ) ;
#5860 = VECTOR ( 'NONE', #1351, 1000.000000000000000 ) ;
#5861 = VERTEX_POINT ( 'NONE', #5894 ) ;
#5862 = CARTESIAN_POINT ( 'NONE',  ( 1.500000000000001554, 1.030637635557567044, 8.864943216164022033 ) ) ;
#5863 = PLANE ( 'NONE',  #1890 ) ;
#5864 = CARTESIAN_POINT ( 'NONE',  ( 29.59999999999999787, 0.000000000000000000, 0.000000000000000000 ) ) ;
#5865 = CARTESIAN_POINT ( 'NONE',  ( 41.60000000000000142, 0.000000000000000000, 0.000000000000000000 ) ) ;
#5866 = CARTESIAN_POINT ( 'NONE',  ( 1.500000000000000000, 0.000000000000000000, 7.150000000000000355 ) ) ;
#5867 = EDGE_CURVE ( 'NONE', #3448, #5067, #829, .T. ) ;
#5868 = AXIS2_PLACEMENT_3D ( 'NONE', #3440, #1568, #1540 ) ;
#5869 = EDGE_CURVE ( 'NONE', #3318, #3698, #1558, .T. ) ;
#5870 = DIRECTION ( 'NONE',  ( -1.000000000000000000, -0.000000000000000000, -0.000000000000000000 ) ) ;
#5871 = CIRCLE ( 'NONE', #5563, 5.000000000000000000 ) ;
#5872 = ORIENTED_EDGE ( 'NONE', *, *, #5584, .F. ) ;
#5873 = ORIENTED_EDGE ( 'NONE', *, *, #5068, .T. ) ;
#5874 = EDGE_LOOP ( 'NONE', ( #6407, #4933 ) ) ;
#5875 = CIRCLE ( 'NONE', #4216, 5.000000000000000888 ) ;
#5876 = AXIS2_PLACEMENT_3D ( 'NONE', #3981, #5444, #986 ) ;
#5877 = DIRECTION ( 'NONE',  ( 0.000000000000000000, 0.000000000000000000, 1.000000000000000000 ) ) ;
#5878 = CARTESIAN_POINT ( 'NONE',  ( 24.59999999999999787, -10.60302848086181804, -13.13818223212012626 ) ) ;
#5879 = EDGE_LOOP ( 'NONE', ( #498, #5670, #4997, #3968 ) ) ;
#5880 = ORIENTED_EDGE ( 'NONE', *, *, #4642, .T. ) ;
#5881 = LINE ( 'NONE', #1455, #2626 ) ;
#5882 = AXIS2_PLACEMENT_3D ( 'NONE', #1820, #2824, #5062 ) ;
#5883 = ORIENTED_EDGE ( 'NONE', *, *, #1093, .T. ) ;
#5884 = AXIS2_PLACEMENT_3D ( 'NONE', #2322, #3821, #5802 ) ;
#5885 = CARTESIAN_POINT ( 'NONE',  ( 23.59999999999999432, 0.000000000000000000, 0.1499999999999999944 ) ) ;
#5886 = CARTESIAN_POINT ( 'NONE',  ( 32.59999999999999432, 0.000000000000000000, 0.000000000000000000 ) ) ;
#5887 = VERTEX_POINT ( 'NONE', #2412 ) ;
#5888 = FACE_OUTER_BOUND ( 'NONE', #2689, .T. ) ;
#5889 = DIRECTION ( 'NONE',  ( -1.000000000000000000, -0.000000000000000000, -0.000000000000000000 ) ) ;
#5890 = ORIENTED_EDGE ( 'NONE', *, *, #6138, .F. ) ;
#5891 = DIRECTION ( 'NONE',  ( 0.000000000000000000, 0.000000000000000000, 1.000000000000000000 ) ) ;
#5892 = AXIS2_PLACEMENT_3D ( 'NONE', #6125, #5050, #5140 ) ;
#5893 = VECTOR ( 'NONE', #6153, 1000.000000000000000 ) ;
#5894 = CARTESIAN_POINT ( 'NONE',  ( -50.70000000000000284, 5.500000000000000000, 5.000000000000004441 ) ) ;
#5895 = VERTEX_POINT ( 'NONE', #917 ) ;
#5896 = CARTESIAN_POINT ( 'NONE',  ( 19.59999999999999787, -4.261960596893379360, 5.702989453486132732 ) ) ;
#5897 = DIRECTION ( 'NONE',  ( -1.000000000000000000, -0.000000000000000000, -0.000000000000000000 ) ) ;
#5898 = DIRECTION ( 'NONE',  ( -0.000000000000000000, 1.224099226999768955E-16, -1.000000000000000000 ) ) ;
#5899 = VECTOR ( 'NONE', #5676, 1000.000000000000000 ) ;
#5900 = CARTESIAN_POINT ( 'NONE',  ( 1.500000000000000000, 0.000000000000000000, 4.000000000000000000 ) ) ;
#5901 = CARTESIAN_POINT ( 'NONE',  ( 38.59999999999999432, 2.318934680004526960, 8.696122236369053127 ) ) ;
#5902 = EDGE_CURVE ( 'NONE', #2912, #6251, #2697, .T. ) ;
#5903 = AXIS2_PLACEMENT_3D ( 'NONE', #4977, #5951, #4357 ) ;
#5904 = EDGE_CURVE ( 'NONE', #3758, #1236, #3732, .T. ) ;
#5905 = DIRECTION ( 'NONE',  ( -1.000000000000000000, -0.000000000000000000, -0.000000000000000000 ) ) ;
#5906 = CARTESIAN_POINT ( 'NONE',  ( 0.000000000000000000, 7.000000000000000000, -8.449999999999999289 ) ) ;
#5907 = VERTEX_POINT ( 'NONE', #4431 ) ;
#5908 = ORIENTED_EDGE ( 'NONE', *, *, #4156, .T. ) ;
#5909 = AXIS2_PLACEMENT_3D ( 'NONE', #5684, #3185, #5291 ) ;
#5910 = VECTOR ( 'NONE', #6379, 1000.000000000000000 ) ;
#5911 = ADVANCED_FACE ( 'NONE', ( #4920, #6418 ), #2901, .T. ) ;
#5912 = DIRECTION ( 'NONE',  ( 0.000000000000000000, -1.000000000000000000, 0.000000000000000000 ) ) ;
#5913 = PLANE ( 'NONE',  #4410 ) ;
#5914 = VERTEX_POINT ( 'NONE', #465 ) ;
#5915 = EDGE_LOOP ( 'NONE', ( #5873, #1448, #5547, #316, #4125, #4380, #2589, #4613, #4064 ) ) ;
#5916 = CARTESIAN_POINT ( 'NONE',  ( 13.80000000000000249, 14.50000000000000533, 0.000000000000000000 ) ) ;
#5917 = ORIENTED_EDGE ( 'NONE', *, *, #4198, .F. ) ;
#5918 = AXIS2_PLACEMENT_3D ( 'NONE', #3461, #6023, #4984 ) ;
#5919 = LINE ( 'NONE', #1458, #2786 ) ;
#5920 = LINE ( 'NONE', #3943, #4680 ) ;
#5921 = EDGE_LOOP ( 'NONE', ( #1748, #196, #5609, #5717 ) ) ;
#5922 = VECTOR ( 'NONE', #1522, 1000.000000000000000 ) ;
#5923 = DIRECTION ( 'NONE',  ( -1.000000000000000000, -0.000000000000000000, -0.000000000000000000 ) ) ;
#5924 = LINE ( 'NONE', #1920, #5910 ) ;
#5925 = ORIENTED_EDGE ( 'NONE', *, *, #568, .F. ) ;
#5926 = DIRECTION ( 'NONE',  ( -1.000000000000000000, -0.000000000000000000, -0.000000000000000000 ) ) ;
#5927 = PLANE ( 'NONE',  #413 ) ;
#5928 = ORIENTED_EDGE ( 'NONE', *, *, #5815, .T. ) ;
#5929 = CARTESIAN_POINT ( 'NONE',  ( 37.59999999999999432, 0.000000000000000000, 0.1499999999999999944 ) ) ;
#5930 = CARTESIAN_POINT ( 'NONE',  ( 13.80000000000000249, 8.100000000000003197, 7.450000000000001066 ) ) ;
#5931 = DIRECTION ( 'NONE',  ( -1.000000000000000000, -0.000000000000000000, -0.000000000000000000 ) ) ;
#5932 = CARTESIAN_POINT ( 'NONE',  ( 32.59999999999999432, -10.35047573531249654, 13.63583152989489911 ) ) ;
#5933 = DIRECTION ( 'NONE',  ( 1.000000000000000000, 0.000000000000000000, 0.000000000000000000 ) ) ;
#5934 = CARTESIAN_POINT ( 'NONE',  ( 19.59999999999999787, -4.365952903884278591, -5.321604448520052877 ) ) ;
#5935 = ADVANCED_FACE ( 'NONE', ( #3028 ), #5927, .F. ) ;
#5936 = DIRECTION ( 'NONE',  ( -1.000000000000000000, -0.000000000000000000, -0.000000000000000000 ) ) ;
#5937 = ORIENTED_EDGE ( 'NONE', *, *, #574, .T. ) ;
#5938 = EDGE_LOOP ( 'NONE', ( #3342, #2698, #3540, #1518 ) ) ;
#5939 = EDGE_CURVE ( 'NONE', #5398, #1347, #3115, .T. ) ;
#5940 = VECTOR ( 'NONE', #5083, 1000.000000000000000 ) ;
#5941 = DIRECTION ( 'NONE',  ( -1.000000000000000000, -0.000000000000000000, -0.000000000000000000 ) ) ;
#5942 = CYLINDRICAL_SURFACE ( 'NONE', #6069, 5.000000000000000000 ) ;
#5943 = EDGE_CURVE ( 'NONE', #5124, #2912, #4573, .T. ) ;
#5944 = CARTESIAN_POINT ( 'NONE',  ( 20.59999999999999787, 0.000000000000000000, 0.000000000000000000 ) ) ;
#5945 = ORIENTED_EDGE ( 'NONE', *, *, #2491, .F. ) ;
#5946 = ORIENTED_EDGE ( 'NONE', *, *, #4279, .T. ) ;
#5947 = CARTESIAN_POINT ( 'NONE',  ( 40.59999999999999432, -2.762069023147044167, -6.931785952275177465 ) ) ;
#5948 = ORIENTED_EDGE ( 'NONE', *, *, #2015, .F. ) ;
#5949 = EDGE_CURVE ( 'NONE', #573, #1318, #1229, .T. ) ;
#5950 = CIRCLE ( 'NONE', #4601, 7.000000000000000888 ) ;
#5951 = DIRECTION ( 'NONE',  ( -0.000000000000000000, 0.000000000000000000, 1.000000000000000000 ) ) ;
#5952 = EDGE_CURVE ( 'NONE', #1223, #6223, #2900, .T. ) ;
#5953 = FACE_OUTER_BOUND ( 'NONE', #2983, .T. ) ;
#5954 = AXIS2_PLACEMENT_3D ( 'NONE', #3610, #4100, #2508 ) ;
#5955 = ORIENTED_EDGE ( 'NONE', *, *, #1447, .T. ) ;
#5956 = DIRECTION ( 'NONE',  ( 0.000000000000000000, 0.000000000000000000, -1.000000000000000000 ) ) ;
#5957 = CARTESIAN_POINT ( 'NONE',  ( 24.59999999999999787, 0.000000000000000000, 7.150000000000002132 ) ) ;
#5958 = ORIENTED_EDGE ( 'NONE', *, *, #3491, .T. ) ;
#5959 = VECTOR ( 'NONE', #2137, 1000.000000000000000 ) ;
#5960 = DIRECTION ( 'NONE',  ( -1.445602896647339656E-16, -0.000000000000000000, -1.000000000000000000 ) ) ;
#5961 = ORIENTED_EDGE ( 'NONE', *, *, #1898, .T. ) ;
#5962 = CARTESIAN_POINT ( 'NONE',  ( 13.80000000000000249, 8.099999999999999645, -8.000000000000000000 ) ) ;
#5963 = ORIENTED_EDGE ( 'NONE', *, *, #6297, .F. ) ;
#5964 = CARTESIAN_POINT ( 'NONE',  ( 18.59999999999999787, 0.000000000000000000, 0.1499999999999999944 ) ) ;
#5965 = AXIS2_PLACEMENT_3D ( 'NONE', #6351, #433, #6317 ) ;
#5966 = LINE ( 'NONE', #1502, #5591 ) ;
#5967 = DIRECTION ( 'NONE',  ( 0.000000000000000000, 0.000000000000000000, -1.000000000000000000 ) ) ;
#5968 = CARTESIAN_POINT ( 'NONE',  ( 35.60000000000000142, 1.030637635557567044, 3.864943216164022477 ) ) ;
#5969 = CARTESIAN_POINT ( 'NONE',  ( 30.59999999999999432, -10.60302848086181804, -13.13818223212012626 ) ) ;
#5970 = VERTEX_POINT ( 'NONE', #558 ) ;
#5971 =( GEOMETRIC_REPRESENTATION_CONTEXT ( 3 ) GLOBAL_UNCERTAINTY_ASSIGNED_CONTEXT ( ( #3414 ) ) GLOBAL_UNIT_ASSIGNED_CONTEXT ( ( #3017, #1546, #480 ) ) REPRESENTATION_CONTEXT ( 'NONE', 'WORKASPACE' ) );
#5972 = ORIENTED_EDGE ( 'NONE', *, *, #4640, .T. ) ;
#5973 = CIRCLE ( 'NONE', #65, 7.000000000000000000 ) ;
#5974 = CARTESIAN_POINT ( 'NONE',  ( 36.59999999999999432, 1.158410705710341659, -3.828587812352703956 ) ) ;
#5975 = DIRECTION ( 'NONE',  ( -1.000000000000000000, -0.000000000000000000, -0.000000000000000000 ) ) ;
#5976 = FACE_OUTER_BOUND ( 'NONE', #3426, .T. ) ;
#5977 = ORIENTED_EDGE ( 'NONE', *, *, #1402, .F. ) ;
#5978 = CARTESIAN_POINT ( 'NONE',  ( 19.86927765092148945, 14.50000000000000711, 0.000000000000000000 ) ) ;
#5979 = ORIENTED_EDGE ( 'NONE', *, *, #1482, .T. ) ;
#5980 = AXIS2_PLACEMENT_3D ( 'NONE', #6420, #4890, #919 ) ;
#5981 = EDGE_CURVE ( 'NONE', #1500, #3705, #1989, .T. ) ;
#5982 = CARTESIAN_POINT ( 'NONE',  ( 1.500000000000000000, 0.000000000000000000, 0.1499999999999999944 ) ) ;
#5983 = EDGE_CURVE ( 'NONE', #1087, #6285, #2021, .T. ) ;
#5984 = DIRECTION ( 'NONE',  ( -1.000000000000000000, -0.000000000000000000, -0.000000000000000000 ) ) ;
#5985 = VERTEX_POINT ( 'NONE', #2542 ) ;
#5986 = DIRECTION ( 'NONE',  ( 1.000000000000000000, -0.000000000000000000, -0.000000000000000000 ) ) ;
#5987 = CARTESIAN_POINT ( 'NONE',  ( 24.59999999999999787, 2.606424087848269178, -8.614322577793585012 ) ) ;
#5988 = ORIENTED_EDGE ( 'NONE', *, *, #255, .F. ) ;
#5989 = EDGE_CURVE ( 'NONE', #2271, #5293, #1547, .T. ) ;
#5990 = AXIS2_PLACEMENT_3D ( 'NONE', #59, #125, #26 ) ;
#5991 = DIRECTION ( 'NONE',  ( 0.000000000000000000, 0.000000000000000000, -1.000000000000000000 ) ) ;
#5992 = ORIENTED_EDGE ( 'NONE', *, *, #1088, .T. ) ;
#5993 = DIRECTION ( 'NONE',  ( 1.000000000000000000, 0.000000000000000000, 0.000000000000000000 ) ) ;
#5994 = DIRECTION ( 'NONE',  ( 1.000000000000000000, 0.000000000000000000, 0.000000000000000000 ) ) ;
#5995 = CARTESIAN_POINT ( 'NONE',  ( 22.10000000000000142, 6.993104012531503599E-15, 7.450000000000005507 ) ) ;
#5996 = AXIS2_PLACEMENT_3D ( 'NONE', #2026, #4535, #1049 ) ;
#5997 = LINE ( 'NONE', #3531, #1843 ) ;
#5998 = DIRECTION ( 'NONE',  ( 0.000000000000000000, 0.000000000000000000, -1.000000000000000000 ) ) ;
#5999 = FACE_OUTER_BOUND ( 'NONE', #1184, .T. ) ;
#6000 = AXIS2_PLACEMENT_3D ( 'NONE', #2648, #4024, #5546 ) ;
#6001 = DIRECTION ( 'NONE',  ( -1.000000000000000000, -0.000000000000000000, -0.000000000000000000 ) ) ;
#6002 = CARTESIAN_POINT ( 'NONE',  ( 13.80000000000000249, 8.100000000000003197, 8.000000000000000000 ) ) ;
#6003 = ORIENTED_EDGE ( 'NONE', *, *, #4563, .F. ) ;
#6004 = VERTEX_POINT ( 'NONE', #627 ) ;
#6005 = VECTOR ( 'NONE', #4959, 1000.000000000000000 ) ;
#6006 = DIRECTION ( 'NONE',  ( 0.000000000000000000, 0.000000000000000000, -1.000000000000000000 ) ) ;
#6007 = DIRECTION ( 'NONE',  ( 0.000000000000000000, 0.000000000000000000, -1.000000000000000000 ) ) ;
#6008 = AXIS2_PLACEMENT_3D ( 'NONE', #5224, #6268, #771 ) ;
#6009 = VERTEX_POINT ( 'NONE', #1075 ) ;
#6010 = DIRECTION ( 'NONE',  ( 0.000000000000000000, 0.000000000000000000, -1.000000000000000000 ) ) ;
#6011 = ORIENTED_EDGE ( 'NONE', *, *, #4797, .T. ) ;
#6012 = VECTOR ( 'NONE', #2310, 1000.000000000000000 ) ;
#6013 = CARTESIAN_POINT ( 'NONE',  ( -47.19999999999999574, 5.500000000000000000, 24.72882059609970895 ) ) ;
#6014 = CARTESIAN_POINT ( 'NONE',  ( 13.80000000000000249, 8.099999999999999645, -7.450000000000001066 ) ) ;
#6015 = ORIENTED_EDGE ( 'NONE', *, *, #5472, .T. ) ;
#6016 = DIRECTION ( 'NONE',  ( -1.000000000000000000, -0.000000000000000000, -0.000000000000000000 ) ) ;
#6017 = CARTESIAN_POINT ( 'NONE',  ( 20.59999999999999787, 0.000000000000000000, 0.1499999999999999944 ) ) ;
#6018 = ADVANCED_FACE ( 'NONE', ( #3676 ), #2576, .T. ) ;
#6019 = AXIS2_PLACEMENT_3D ( 'NONE', #5376, #3433, #5442 ) ;
#6020 = ORIENTED_EDGE ( 'NONE', *, *, #5858, .T. ) ;
#6021 = EDGE_CURVE ( 'NONE', #713, #4038, #1587, .T. ) ;
#6022 = COLOUR_RGB ( '',0.7921568627450980005, 0.8196078431372548767, 0.9333333333333333481 ) ;
#6023 = DIRECTION ( 'NONE',  ( 1.000000000000000000, 0.000000000000000000, 0.000000000000000000 ) ) ;
#6024 = ORIENTED_EDGE ( 'NONE', *, *, #391, .T. ) ;
#6025 = FACE_OUTER_BOUND ( 'NONE', #825, .T. ) ;
#6026 = CARTESIAN_POINT ( 'NONE',  ( 22.10000000000000142, 8.099999999999999645, -8.000000000000000000 ) ) ;
#6027 = DIRECTION ( 'NONE',  ( -0.000000000000000000, 4.074853802630083799E-16, 1.000000000000000000 ) ) ;
#6028 = EDGE_CURVE ( 'NONE', #5623, #1907, #1622, .T. ) ;
#6029 = ADVANCED_FACE ( 'NONE', ( #6086 ), #4200, .T. ) ;
#6030 = CARTESIAN_POINT ( 'NONE',  ( 24.59999999999999787, 2.606424087848269178, -8.614322577793585012 ) ) ;
#6031 = DIRECTION ( 'NONE',  ( -1.000000000000000000, -1.504111723692325477E-16, 0.000000000000000000 ) ) ;
#6032 = EDGE_CURVE ( 'NONE', #3041, #3112, #6121, .T. ) ;
#6033 = PLANE ( 'NONE',  #5757 ) ;
#6034 = CYLINDRICAL_SURFACE ( 'NONE', #1727, 9.000000000000000000 ) ;
#6035 = EDGE_CURVE ( 'NONE', #3781, #776, #2072, .T. ) ;
#6036 = DIRECTION ( 'NONE',  ( -1.278665952808456908E-16, 1.000000000000000000, -0.000000000000000000 ) ) ;
#6037 = ORIENTED_EDGE ( 'NONE', *, *, #3646, .T. ) ;
#6038 = ORIENTED_EDGE ( 'NONE', *, *, #1022, .T. ) ;
#6039 = DIRECTION ( 'NONE',  ( 1.000000000000000000, 0.000000000000000000, 0.000000000000000000 ) ) ;
#6040 =( REPRESENTATION_RELATIONSHIP ('NONE','NONE', #152, #4623 ) REPRESENTATION_RELATIONSHIP_WITH_TRANSFORMATION ( #1747 )SHAPE_REPRESENTATION_RELATIONSHIP( ) );
#6041 = LINE ( 'NONE', #397, #4951 ) ;
#6042 = ORIENTED_EDGE ( 'NONE', *, *, #150, .F. ) ;
#6043 = VERTEX_POINT ( 'NONE', #206 ) ;
#6044 = CYLINDRICAL_SURFACE ( 'NONE', #1028, 5.499999999999998224 ) ;
#6045 = ORIENTED_EDGE ( 'NONE', *, *, #2954, .T. ) ;
#6046 = DIRECTION ( 'NONE',  ( -1.000000000000000000, -0.000000000000000000, -0.000000000000000000 ) ) ;
#6047 = DIRECTION ( 'NONE',  ( 1.000000000000000000, 0.000000000000000000, 0.000000000000000000 ) ) ;
#6048 = CIRCLE ( 'NONE', #4080, 1.749999999999997113 ) ;
#6049 = VERTEX_POINT ( 'NONE', #3130 ) ;
#6050 = AXIS2_PLACEMENT_3D ( 'NONE', #872, #5812, #261 ) ;
#6051 = DIRECTION ( 'NONE',  ( -1.000000000000000000, -5.782411586589351722E-16, 0.000000000000000000 ) ) ;
#6052 = ORIENTED_EDGE ( 'NONE', *, *, #2396, .T. ) ;
#6053 = CARTESIAN_POINT ( 'NONE',  ( 22.10000000000000142, 29.50000000000000000, 0.000000000000000000 ) ) ;
#6054 = PRODUCT_DEFINITION ( 'UNKNOWN', '', #4365, #4511 ) ;
#6055 = CARTESIAN_POINT ( 'NONE',  ( 39.59999999999999432, 1.030637635557567044, 3.864943216164022477 ) ) ;
#6056 = CARTESIAN_POINT ( 'NONE',  ( 1.500000000000000000, 0.000000000000000000, 7.150000000000000355 ) ) ;
#6057 = CARTESIAN_POINT ( 'NONE',  ( 40.59999999999999432, 0.000000000000000000, 0.000000000000000000 ) ) ;
#6058 = DIRECTION ( 'NONE',  ( 0.000000000000000000, 7.112366251504907509E-15, -1.000000000000000000 ) ) ;
#6059 = CIRCLE ( 'NONE', #2836, 9.000000000000000000 ) ;
#6060 = EDGE_CURVE ( 'NONE', #2818, #615, #5600, .T. ) ;
#6061 = CIRCLE ( 'NONE', #3674, 5.000000000000000888 ) ;
#6062 = DIRECTION ( 'NONE',  ( -1.000000000000000000, -0.000000000000000000, -0.000000000000000000 ) ) ;
#6063 = EDGE_CURVE ( 'NONE', #2749, #2313, #4463, .T. ) ;
#6064 = VERTEX_POINT ( 'NONE', #5105 ) ;
#6065 = CARTESIAN_POINT ( 'NONE',  ( 26.59999999999999787, -10.60302848086181804, -13.13818223212012626 ) ) ;
#6066 = FACE_OUTER_BOUND ( 'NONE', #3316, .T. ) ;
#6067 = ORIENTED_EDGE ( 'NONE', *, *, #1054, .F. ) ;
#6068 = ORIENTED_EDGE ( 'NONE', *, *, #193, .F. ) ;
#6069 = AXIS2_PLACEMENT_3D ( 'NONE', #1479, #4061, #4969 ) ;
#6070 = EDGE_CURVE ( 'NONE', #1320, #225, #4256, .T. ) ;
#6071 = DIRECTION ( 'NONE',  ( 0.000000000000000000, 0.000000000000000000, -1.000000000000000000 ) ) ;
#6072 = DIRECTION ( 'NONE',  ( 0.000000000000000000, 0.000000000000000000, 1.000000000000000000 ) ) ;
#6073 = VECTOR ( 'NONE', #1513, 1000.000000000000000 ) ;
#6074 = VERTEX_POINT ( 'NONE', #2606 ) ;
#6075 = CARTESIAN_POINT ( 'NONE',  ( 30.59999999999999432, 2.318934680004526960, 8.696122236369053127 ) ) ;
#6076 = ORIENTED_EDGE ( 'NONE', *, *, #2440, .F. ) ;
#6077 = VECTOR ( 'NONE', #1472, 1000.000000000000000 ) ;
#6078 = PLANE ( 'NONE',  #6119 ) ;
#6079 = CARTESIAN_POINT ( 'NONE',  ( 1.500000000000001554, 1.030637635557567044, 8.864943216164022033 ) ) ;
#6080 = ORIENTED_EDGE ( 'NONE', *, *, #2633, .F. ) ;
#6081 = CARTESIAN_POINT ( 'NONE',  ( 40.59999999999999432, 0.000000000000000000, 0.1499999999999999944 ) ) ;
#6082 = DIRECTION ( 'NONE',  ( 0.000000000000000000, 0.000000000000000000, -1.000000000000000000 ) ) ;
#6083 = AXIS2_PLACEMENT_3D ( 'NONE', #567, #2551, #4407 ) ;
#6084 = VERTEX_POINT ( 'NONE', #5079 ) ;
#6085 = VECTOR ( 'NONE', #270, 1000.000000000000000 ) ;
#6086 = FACE_OUTER_BOUND ( 'NONE', #4377, .T. ) ;
#6087 = VERTEX_POINT ( 'NONE', #4688 ) ;
#6088 = CYLINDRICAL_SURFACE ( 'NONE', #890, 10.00000000000000178 ) ;
#6089 = LINE ( 'NONE', #4569, #5636 ) ;
#6090 = FACE_OUTER_BOUND ( 'NONE', #5356, .T. ) ;
#6091 = DIRECTION ( 'NONE',  ( -1.000000000000000000, -0.000000000000000000, -0.000000000000000000 ) ) ;
#6092 = CIRCLE ( 'NONE', #4637, 9.000000000000000000 ) ;
#6093 = AXIS2_PLACEMENT_3D ( 'NONE', #4505, #2553, #3926 ) ;
#6094 = CARTESIAN_POINT ( 'NONE',  ( 1.500000000000000000, -4.365952903884278591, -5.321604448520052877 ) ) ;
#6095 = CARTESIAN_POINT ( 'NONE',  ( -47.19999999999999574, 5.500000000000000000, 24.72882059609970895 ) ) ;
#6096 = EDGE_LOOP ( 'NONE', ( #3383, #2523 ) ) ;
#6097 = FACE_OUTER_BOUND ( 'NONE', #5672, .T. ) ;
#6098 = FACE_OUTER_BOUND ( 'NONE', #4291, .T. ) ;
#6099 = VERTEX_POINT ( 'NONE', #2634 ) ;
#6100 = EDGE_CURVE ( 'NONE', #3421, #320, #112, .T. ) ;
#6101 = EDGE_CURVE ( 'NONE', #4906, #5166, #1136, .T. ) ;
#6102 = VECTOR ( 'NONE', #399, 1000.000000000000000 ) ;
#6103 = CYLINDRICAL_SURFACE ( 'NONE', #3063, 5.000000000000000000 ) ;
#6104 = DIRECTION ( 'NONE',  ( -1.000000000000000000, -0.000000000000000000, -0.000000000000000000 ) ) ;
#6105 = EDGE_LOOP ( 'NONE', ( #976, #3343, #5471, #2275 ) ) ;
#6106 = CARTESIAN_POINT ( 'NONE',  ( -39.69999999999999574, 7.000000000000006217, -5.000000000000000000 ) ) ;
#6107 = EDGE_CURVE ( 'NONE', #704, #5747, #1445, .T. ) ;
#6108 = EDGE_CURVE ( 'NONE', #178, #1941, #4169, .T. ) ;
#6109 = CIRCLE ( 'NONE', #3816, 5.500000000000000000 ) ;
#6110 = ORIENTED_EDGE ( 'NONE', *, *, #4826, .F. ) ;
#6111 = EDGE_CURVE ( 'NONE', #1500, #61, #6149, .T. ) ;
#6112 = CARTESIAN_POINT ( 'NONE',  ( 22.10000000000000142, 23.75000000000000355, 6.249999999999999112 ) ) ;
#6113 = AXIS2_PLACEMENT_3D ( 'NONE', #121, #2516, #4499 ) ;
#6114 = CARTESIAN_POINT ( 'NONE',  ( 0.000000000000000000, 0.000000000000000000, 0.000000000000000000 ) ) ;
#6115 = EDGE_LOOP ( 'NONE', ( #2712, #2460, #1241, #3262, #481, #2437, #5688, #2362, #3798 ) ) ;
#6116 = ORIENTED_EDGE ( 'NONE', *, *, #6135, .F. ) ;
#6117 = FACE_OUTER_BOUND ( 'NONE', #5836, .T. ) ;
#6118 = VERTEX_POINT ( 'NONE', #4592 ) ;
#6119 = AXIS2_PLACEMENT_3D ( 'NONE', #3606, #5526, #1067 ) ;
#6120 = CIRCLE ( 'NONE', #2585, 5.000000000000000000 ) ;
#6121 = LINE ( 'NONE', #594, #1756 ) ;
#6122 = ORIENTED_EDGE ( 'NONE', *, *, #4355, .T. ) ;
#6123 = FACE_BOUND ( 'NONE', #2356, .T. ) ;
#6124 = CARTESIAN_POINT ( 'NONE',  ( 23.59999999999999432, 0.000000000000000000, 0.1499999999999999944 ) ) ;
#6125 = CARTESIAN_POINT ( 'NONE',  ( 22.59999999999999432, 1.030637635557567044, 3.864943216164022477 ) ) ;
#6126 = DIRECTION ( 'NONE',  ( 0.000000000000000000, 0.000000000000000000, 1.000000000000000000 ) ) ;
#6127 = AXIS2_PLACEMENT_3D ( 'NONE', #143, #5659, #656 ) ;
#6128 = DIRECTION ( 'NONE',  ( 1.000000000000000000, 0.000000000000000000, 0.000000000000000000 ) ) ;
#6129 = DIRECTION ( 'NONE',  ( 0.000000000000000000, 0.000000000000000000, -1.000000000000000000 ) ) ;
#6130 = ORIENTED_EDGE ( 'NONE', *, *, #1162, .F. ) ;
#6131 = CARTESIAN_POINT ( 'NONE',  ( 22.10000000000000142, 20.25000000000000711, -6.250000000000000888 ) ) ;
#6132 = VECTOR ( 'NONE', #5527, 1000.000000000000000 ) ;
#6133 = DIRECTION ( 'NONE',  ( 1.000000000000000000, 0.000000000000000000, 0.000000000000000000 ) ) ;
#6134 = ORIENTED_EDGE ( 'NONE', *, *, #2089, .F. ) ;
#6135 = EDGE_CURVE ( 'NONE', #4242, #6043, #1165, .T. ) ;
#6136 = DIRECTION ( 'NONE',  ( 0.000000000000000000, 0.000000000000000000, -1.000000000000000000 ) ) ;
#6137 = CARTESIAN_POINT ( 'NONE',  ( 13.80000000000000249, 1.000000000000006439, 7.450000000000001066 ) ) ;
#6138 = EDGE_CURVE ( 'NONE', #6004, #5887, #3191, .T. ) ;
#6139 = ORIENTED_EDGE ( 'NONE', *, *, #5153, .T. ) ;
#6140 = ORIENTED_EDGE ( 'NONE', *, *, #2204, .T. ) ;
#6141 = EDGE_CURVE ( 'NONE', #4186, #2530, #234, .T. ) ;
#6142 = CARTESIAN_POINT ( 'NONE',  ( 22.10000000000000142, 2.400000000000003020, 4.599999999999992539 ) ) ;
#6143 = VERTEX_POINT ( 'NONE', #6312 ) ;
#6144 = EDGE_CURVE ( 'NONE', #5721, #4665, #4846, .T. ) ;
#6145 = ORIENTED_EDGE ( 'NONE', *, *, #2800, .T. ) ;
#6146 = DIRECTION ( 'NONE',  ( -1.000000000000000000, -1.504111723692325477E-16, 0.000000000000000000 ) ) ;
#6147 = VERTEX_POINT ( 'NONE', #1356 ) ;
#6148 = EDGE_CURVE ( 'NONE', #4809, #3672, #2729, .T. ) ;
#6149 = LINE ( 'NONE', #688, #5087 ) ;
#6150 = ORIENTED_EDGE ( 'NONE', *, *, #2643, .F. ) ;
#6151 = DIRECTION ( 'NONE',  ( -1.000000000000000000, -0.000000000000000000, -0.000000000000000000 ) ) ;
#6152 = CARTESIAN_POINT ( 'NONE',  ( -52.69999999999999574, 5.500000000000000000, 5.000000000000004441 ) ) ;
#6153 = DIRECTION ( 'NONE',  ( 1.000000000000000000, 0.000000000000000000, 0.000000000000000000 ) ) ;
#6154 = LINE ( 'NONE', #6184, #253 ) ;
#6155 = VECTOR ( 'NONE', #3843, 1000.000000000000000 ) ;
#6156 = CARTESIAN_POINT ( 'NONE',  ( 22.10000000000000142, 22.00000000000000711, 6.249999999999999112 ) ) ;
#6157 = ORIENTED_EDGE ( 'NONE', *, *, #5339, .F. ) ;
#6158 = CARTESIAN_POINT ( 'NONE',  ( 29.04974746830583143, 23.75000000000000355, 6.249999999999999112 ) ) ;
#6159 = VERTEX_POINT ( 'NONE', #5332 ) ;
#6160 = DIRECTION ( 'NONE',  ( 0.000000000000000000, 0.000000000000000000, -1.000000000000000000 ) ) ;
#6161 = CIRCLE ( 'NONE', #4912, 5.000000000000000000 ) ;
#6162 = CARTESIAN_POINT ( 'NONE',  ( -43.29999999999999716, 14.50000000000000355, 0.000000000000000000 ) ) ;
#6163 = ORIENTED_EDGE ( 'NONE', *, *, #4035, .F. ) ;
#6164 = CIRCLE ( 'NONE', #5543, 7.000000000000000888 ) ;
#6165 = CARTESIAN_POINT ( 'NONE',  ( 39.59999999999999432, 8.572527594031474176E-16, -6.850000000000002309 ) ) ;
#6166 = CARTESIAN_POINT ( 'NONE',  ( 29.04974746830583143, 20.25000000000000711, 8.000000000000000000 ) ) ;
#6167 = ORIENTED_EDGE ( 'NONE', *, *, #733, .T. ) ;
#6168 = VECTOR ( 'NONE', #1691, 1000.000000000000000 ) ;
#6169 = ORIENTED_EDGE ( 'NONE', *, *, #3078, .F. ) ;
#6170 = VECTOR ( 'NONE', #1840, 1000.000000000000000 ) ;
#6171 = LINE ( 'NONE', #1709, #1222 ) ;
#6172 = ORIENTED_EDGE ( 'NONE', *, *, #2089, .T. ) ;
#6173 = DIRECTION ( 'NONE',  ( 1.000000000000000000, 0.000000000000000000, 0.000000000000000000 ) ) ;
#6174 = ORIENTED_EDGE ( 'NONE', *, *, #6060, .T. ) ;
#6175 = EDGE_CURVE ( 'NONE', #805, #4854, #1652, .T. ) ;
#6176 = VECTOR ( 'NONE', #2163, 1000.000000000000000 ) ;
#6177 = ADVANCED_FACE ( 'NONE', ( #1817 ), #843, .T. ) ;
#6178 = CARTESIAN_POINT ( 'NONE',  ( -3.728021622410440903E-15, 4.500000000000015987, 0.000000000000000000 ) ) ;
#6179 = CIRCLE ( 'NONE', #2855, 10.00000000000000178 ) ;
#6180 = ORIENTED_EDGE ( 'NONE', *, *, #582, .T. ) ;
#6181 = CARTESIAN_POINT ( 'NONE',  ( 18.59999999999999787, 0.000000000000000000, 0.1499999999999999944 ) ) ;
#6182 = DIRECTION ( 'NONE',  ( -0.000000000000000000, 4.074853802630083799E-16, 1.000000000000000000 ) ) ;
#6183 = LINE ( 'NONE', #5571, #5893 ) ;
#6184 = CARTESIAN_POINT ( 'NONE',  ( -40.70000000000000284, 38.49999999999999289, 2.700000000000006839 ) ) ;
#6185 = ADVANCED_FACE ( 'NONE', ( #4232 ), #3839, .T. ) ;
#6186 = EDGE_CURVE ( 'NONE', #2231, #6304, #3739, .T. ) ;
#6187 = AXIS2_PLACEMENT_3D ( 'NONE', #1563, #5017, #6389 ) ;
#6188 = AXIS2_PLACEMENT_3D ( 'NONE', #4107, #5602, #1141 ) ;
#6189 = CARTESIAN_POINT ( 'NONE',  ( 1.500000000000000000, 0.000000000000000000, 0.1499999999999999944 ) ) ;
#6190 = EDGE_LOOP ( 'NONE', ( #3858, #6354, #1218, #4345 ) ) ;
#6191 = DIRECTION ( 'NONE',  ( 1.000000000000000000, 0.000000000000000000, 0.000000000000000000 ) ) ;
#6192 = ORIENTED_EDGE ( 'NONE', *, *, #2847, .F. ) ;
#6193 = DIRECTION ( 'NONE',  ( 0.000000000000000000, 0.000000000000000000, -1.000000000000000000 ) ) ;
#6194 = AXIS2_PLACEMENT_3D ( 'NONE', #1609, #6104, #4124 ) ;
#6195 = DIRECTION ( 'NONE',  ( -1.000000000000000000, -0.000000000000000000, -0.000000000000000000 ) ) ;
#6196 = ORIENTED_EDGE ( 'NONE', *, *, #161, .F. ) ;
#6197 = VERTEX_POINT ( 'NONE', #2372 ) ;
#6198 = AXIS2_PLACEMENT_3D ( 'NONE', #3341, #3407, #2295 ) ;
#6199 = DIRECTION ( 'NONE',  ( 0.000000000000000000, 0.000000000000000000, 1.000000000000000000 ) ) ;
#6200 = CARTESIAN_POINT ( 'NONE',  ( 29.04974746830583143, 1.000000000000007550, 4.599999999999995204 ) ) ;
#6201 = ORIENTED_EDGE ( 'NONE', *, *, #1131, .T. ) ;
#6202 = AXIS2_PLACEMENT_3D ( 'NONE', #1079, #4401, #4018 ) ;
#6203 = ORIENTED_EDGE ( 'NONE', *, *, #2160, .T. ) ;
#6204 = CYLINDRICAL_SURFACE ( 'NONE', #816, 9.000000000000000000 ) ;
#6205 = ORIENTED_EDGE ( 'NONE', *, *, #5981, .T. ) ;
#6206 = CIRCLE ( 'NONE', #2260, 10.00000000000000178 ) ;
#6207 = ORIENTED_EDGE ( 'NONE', *, *, #5943, .F. ) ;
#6208 = LINE ( 'NONE', #1321, #1069 ) ;
#6209 = EDGE_LOOP ( 'NONE', ( #4389, #1779, #457, #2657 ) ) ;
#6210 = AXIS2_PLACEMENT_3D ( 'NONE', #6392, #408, #5416 ) ;
#6211 = EDGE_CURVE ( 'NONE', #4432, #962, #4675, .T. ) ;
#6212 = CARTESIAN_POINT ( 'NONE',  ( 1.500000000000000000, 0.000000000000000000, 0.1499999999999999944 ) ) ;
#6213 = VERTEX_POINT ( 'NONE', #1782 ) ;
#6214 = DIRECTION ( 'NONE',  ( -1.000000000000000000, -0.000000000000000000, -0.000000000000000000 ) ) ;
#6215 = LINE ( 'NONE', #5695, #1160 ) ;
#6216 = CARTESIAN_POINT ( 'NONE',  ( 19.86927765092148945, 20.00000000000000711, 6.735557395310441037E-16 ) ) ;
#6217 = DIRECTION ( 'NONE',  ( 1.000000000000000000, 0.000000000000000000, 0.000000000000000000 ) ) ;
#6218 = EDGE_CURVE ( 'NONE', #3041, #3918, #5504, .T. ) ;
#6219 = VECTOR ( 'NONE', #2088, 1000.000000000000000 ) ;
#6220 = AXIS2_PLACEMENT_3D ( 'NONE', #1512, #3716, #5701 ) ;
#6221 = EDGE_CURVE ( 'NONE', #5181, #5626, #5266, .T. ) ;
#6222 = DIRECTION ( 'NONE',  ( 0.000000000000000000, 0.000000000000000000, -1.000000000000000000 ) ) ;
#6223 = VERTEX_POINT ( 'NONE', #3322 ) ;
#6224 = CARTESIAN_POINT ( 'NONE',  ( 22.10000000000000142, 22.00000000000000711, -6.250000000000000888 ) ) ;
#6225 = VERTEX_POINT ( 'NONE', #5232 ) ;
#6226 = CARTESIAN_POINT ( 'NONE',  ( 13.80000000000000249, 23.75000000000000355, 6.249999999999999112 ) ) ;
#6227 = DIRECTION ( 'NONE',  ( -1.000000000000000000, -0.000000000000000000, -0.000000000000000000 ) ) ;
#6228 = ADVANCED_FACE ( 'NONE', ( #876 ), #5203, .F. ) ;
#6229 = ORIENTED_EDGE ( 'NONE', *, *, #3486, .F. ) ;
#6230 = AXIS2_PLACEMENT_3D ( 'NONE', #3523, #2056, #4045 ) ;
#6231 = EDGE_CURVE ( 'NONE', #1697, #5308, #327, .T. ) ;
#6232 = DIRECTION ( 'NONE',  ( 0.000000000000000000, 0.000000000000000000, -1.000000000000000000 ) ) ;
#6233 = AXIS2_PLACEMENT_3D ( 'NONE', #619, #1188, #1156 ) ;
#6234 = CARTESIAN_POINT ( 'NONE',  ( 36.59999999999999432, -10.60302848086181804, -13.13818223212012626 ) ) ;
#6235 = EDGE_LOOP ( 'NONE', ( #3709, #3833, #4793, #5364, #1842 ) ) ;
#6236 = ORIENTED_EDGE ( 'NONE', *, *, #3447, .T. ) ;
#6237 = DIRECTION ( 'NONE',  ( 0.000000000000000000, 0.000000000000000000, 1.000000000000000000 ) ) ;
#6238 = ORIENTED_EDGE ( 'NONE', *, *, #1043, .F. ) ;
#6239 = ORIENTED_EDGE ( 'NONE', *, *, #5629, .F. ) ;
#6240 = CARTESIAN_POINT ( 'NONE',  ( -43.69999999999999574, 5.500000000000000000, -2.699999999999994849 ) ) ;
#6241 = ORIENTED_EDGE ( 'NONE', *, *, #2242, .F. ) ;
#6242 = FILL_AREA_STYLE ('',( #4262 ) ) ;
#6243 = ORIENTED_EDGE ( 'NONE', *, *, #2720, .T. ) ;
#6244 = CARTESIAN_POINT ( 'NONE',  ( 36.59999999999999432, 2.318934680004526960, 8.696122236369053127 ) ) ;
#6245 = DIRECTION ( 'NONE',  ( -1.000000000000000000, -0.000000000000000000, -0.000000000000000000 ) ) ;
#6246 = DIRECTION ( 'NONE',  ( 0.000000000000000000, 0.000000000000000000, 1.000000000000000000 ) ) ;
#6247 = LINE ( 'NONE', #817, #2226 ) ;
#6248 = MANIFOLD_SOLID_BREP ( 'Split1[2]', #3865 ) ;
#6249 = CLOSED_SHELL ( 'NONE', ( #4079, #1683, #3492, #3167, #2953, #1975, #1638, #6427, #3339 ) ) ;
#6250 = CARTESIAN_POINT ( 'NONE',  ( 37.59999999999999432, -2.763066821399118744, 7.121905987407648020 ) ) ;
#6251 = VERTEX_POINT ( 'NONE', #5369 ) ;
#6252 = DIRECTION ( 'NONE',  ( 1.000000000000000000, 0.000000000000000000, 0.000000000000000000 ) ) ;
#6253 = ORIENTED_EDGE ( 'NONE', *, *, #4994, .T. ) ;
#6254 = CARTESIAN_POINT ( 'NONE',  ( 38.59999999999999432, 0.000000000000000000, 0.000000000000000000 ) ) ;
#6255 = CARTESIAN_POINT ( 'NONE',  ( 1.099114204119464366, 23.75000000000000355, 6.249999999999999112 ) ) ;
#6256 = CARTESIAN_POINT ( 'NONE',  ( 27.59999999999999787, -4.261960596893379360, 5.702989453486132732 ) ) ;
#6257 = ORIENTED_EDGE ( 'NONE', *, *, #3537, .T. ) ;
#6258 = CIRCLE ( 'NONE', #5839, 5.000000000000000888 ) ;
#6259 = EDGE_CURVE ( 'NONE', #6087, #168, #626, .T. ) ;
#6260 = EDGE_CURVE ( 'NONE', #592, #4409, #4457, .T. ) ;
#6261 = CIRCLE ( 'NONE', #5641, 9.000000000000000000 ) ;
#6262 = DIRECTION ( 'NONE',  ( -1.000000000000000000, -0.000000000000000000, -0.000000000000000000 ) ) ;
#6263 = CARTESIAN_POINT ( 'NONE',  ( 30.59999999999999432, 1.030637635557567044, 8.864943216164022033 ) ) ;
#6264 = ORIENTED_EDGE ( 'NONE', *, *, #375, .T. ) ;
#6265 = VERTEX_POINT ( 'NONE', #488 ) ;
#6266 = EDGE_CURVE ( 'NONE', #1476, #3306, #2282, .T. ) ;
#6267 = AXIS2_PLACEMENT_3D ( 'NONE', #2517, #3439, #4927 ) ;
#6268 = DIRECTION ( 'NONE',  ( -1.000000000000000000, -0.000000000000000000, -0.000000000000000000 ) ) ;
#6269 = CARTESIAN_POINT ( 'NONE',  ( 1.500000000000001554, 1.030637635557567044, 3.864943216164022477 ) ) ;
#6270 = CONTEXT_DEPENDENT_SHAPE_REPRESENTATION ( #2714, #585 ) ;
#6271 = AXIS2_PLACEMENT_3D ( 'NONE', #5855, #5238, #4787 ) ;
#6272 = ORIENTED_EDGE ( 'NONE', *, *, #810, .F. ) ;
#6273 = ORIENTED_EDGE ( 'NONE', *, *, #4240, .T. ) ;
#6274 = DIRECTION ( 'NONE',  ( -1.000000000000000000, -0.000000000000000000, -0.000000000000000000 ) ) ;
#6275 = ORIENTED_EDGE ( 'NONE', *, *, #4910, .T. ) ;
#6276 = AXIS2_PLACEMENT_3D ( 'NONE', #4348, #1316, #5257 ) ;
#6277 = CARTESIAN_POINT ( 'NONE',  ( 40.59999999999999432, 1.030637635557567044, 3.864943216164022477 ) ) ;
#6278 = EDGE_LOOP ( 'NONE', ( #1385, #3213, #716, #1670, #63, #5732, #4367, #905, #6038, #1900, #1446, #2355 ) ) ;
#6279 = CARTESIAN_POINT ( 'NONE',  ( 34.60000000000000142, 0.000000000000000000, 7.150000000000002132 ) ) ;
#6280 = CARTESIAN_POINT ( 'NONE',  ( 0.000000000000000000, 29.50000000000000000, -8.999999999999998224 ) ) ;
#6281 = DIRECTION ( 'NONE',  ( 0.000000000000000000, -1.000000000000000000, 1.294569758191647155E-16 ) ) ;
#6282 = CARTESIAN_POINT ( 'NONE',  ( 13.80000000000000249, 8.100000000000003197, 7.450000000000001066 ) ) ;
#6283 = AXIS2_PLACEMENT_3D ( 'NONE', #5638, #2614, #2154 ) ;
#6284 = DIRECTION ( 'NONE',  ( 0.000000000000000000, 0.000000000000000000, -1.000000000000000000 ) ) ;
#6285 = VERTEX_POINT ( 'NONE', #1952 ) ;
#6286 = DIRECTION ( 'NONE',  ( 1.000000000000000000, 0.000000000000000000, 0.000000000000000000 ) ) ;
#6287 = ORIENTED_EDGE ( 'NONE', *, *, #3558, .F. ) ;
#6288 = FACE_OUTER_BOUND ( 'NONE', #4780, .T. ) ;
#6289 = LINE ( 'NONE', #731, #5899 ) ;
#6290 = FACE_BOUND ( 'NONE', #5879, .T. ) ;
#6291 = VECTOR ( 'NONE', #3496, 1000.000000000000000 ) ;
#6292 = DIRECTION ( 'NONE',  ( 1.000000000000000000, 0.000000000000000000, 0.000000000000000000 ) ) ;
#6293 = ADVANCED_FACE ( 'NONE', ( #910 ), #5498, .T. ) ;
#6294 = DIRECTION ( 'NONE',  ( 0.000000000000000000, 0.000000000000000000, -1.000000000000000000 ) ) ;
#6295 = ORIENTED_EDGE ( 'NONE', *, *, #1410, .T. ) ;
#6296 = ORIENTED_EDGE ( 'NONE', *, *, #5590, .T. ) ;
#6297 = EDGE_CURVE ( 'NONE', #1945, #607, #1450, .T. ) ;
#6298 = AXIS2_PLACEMENT_3D ( 'NONE', #412, #2390, #4374 ) ;
#6299 = LINE ( 'NONE', #5361, #4153 ) ;
#6300 = CARTESIAN_POINT ( 'NONE',  ( 39.59999999999999432, 1.158410705710341659, -3.828587812352703956 ) ) ;
#6301 = EDGE_CURVE ( 'NONE', #4854, #5907, #5920, .T. ) ;
#6302 = SHAPE_DEFINITION_REPRESENTATION ( #5567, #4623 ) ;
#6303 = CIRCLE ( 'NONE', #4331, 5.000000000000000000 ) ;
#6304 = VERTEX_POINT ( 'NONE', #4387 ) ;
#6305 = EDGE_CURVE ( 'NONE', #4524, #776, #5191, .T. ) ;
#6306 = ORIENTED_EDGE ( 'NONE', *, *, #2204, .F. ) ;
#6307 = CARTESIAN_POINT ( 'NONE',  ( 41.60000000000000142, 0.000000000000000000, -6.049999999999999822 ) ) ;
#6308 = ORIENTED_EDGE ( 'NONE', *, *, #3826, .F. ) ;
#6309 = EDGE_CURVE ( 'NONE', #5814, #5367, #5850, .T. ) ;
#6310 = VECTOR ( 'NONE', #3126, 1000.000000000000000 ) ;
#6311 = EDGE_CURVE ( 'NONE', #5067, #4609, #4057, .T. ) ;
#6312 = CARTESIAN_POINT ( 'NONE',  ( -43.69999999999999574, 5.500000000000000000, 2.700000000000008171 ) ) ;
#6313 = ORIENTED_EDGE ( 'NONE', *, *, #1162, .T. ) ;
#6314 = DIRECTION ( 'NONE',  ( 0.000000000000000000, 0.000000000000000000, -1.000000000000000000 ) ) ;
#6315 = PLANE ( 'NONE',  #961 ) ;
#6316 = CARTESIAN_POINT ( 'NONE',  ( 0.000000000000000000, 7.100000000000003197, 8.450000000000001066 ) ) ;
#6317 = DIRECTION ( 'NONE',  ( 0.000000000000000000, 0.000000000000000000, -1.000000000000000000 ) ) ;
#6318 = VECTOR ( 'NONE', #2775, 1000.000000000000000 ) ;
#6319 = CARTESIAN_POINT ( 'NONE',  ( 0.000000000000000000, 7.099999999999999645, -9.000000000000001776 ) ) ;
#6320 = EDGE_LOOP ( 'NONE', ( #2537, #2987, #1797, #5493 ) ) ;
#6321 = DIRECTION ( 'NONE',  ( 0.000000000000000000, 0.000000000000000000, -1.000000000000000000 ) ) ;
#6322 = VECTOR ( 'NONE', #5941, 1000.000000000000000 ) ;
#6323 = CARTESIAN_POINT ( 'NONE',  ( 25.59999999999999787, 0.000000000000000000, 0.000000000000000000 ) ) ;
#6324 = CARTESIAN_POINT ( 'NONE',  ( 22.10000000000000142, 8.100000000000003197, -7.450000000000001066 ) ) ;
#6325 = LINE ( 'NONE', #887, #4972 ) ;
#6326 = LINE ( 'NONE', #5348, #5223 ) ;
#6327 = AXIS2_PLACEMENT_3D ( 'NONE', #543, #2675, #697 ) ;
#6328 = DIRECTION ( 'NONE',  ( -1.000000000000000000, -0.000000000000000000, -0.000000000000000000 ) ) ;
#6329 = CARTESIAN_POINT ( 'NONE',  ( 13.60000000000000497, 26.00000000000000711, 0.000000000000000000 ) ) ;
#6330 = AXIS2_PLACEMENT_3D ( 'NONE', #1958, #5506, #2478 ) ;
#6331 = ORIENTED_EDGE ( 'NONE', *, *, #2410, .T. ) ;
#6332 = ORIENTED_EDGE ( 'NONE', *, *, #2533, .T. ) ;
#6333 = ADVANCED_FACE ( 'NONE', ( #1917 ), #4487, .T. ) ;
#6334 = VECTOR ( 'NONE', #3253, 1000.000000000000000 ) ;
#6335 = FACE_OUTER_BOUND ( 'NONE', #12, .T. ) ;
#6336 = DIRECTION ( 'NONE',  ( 1.000000000000000000, 0.000000000000000000, 0.000000000000000000 ) ) ;
#6337 = ADVANCED_FACE ( 'NONE', ( #3455 ), #551, .T. ) ;
#6338 = ORIENTED_EDGE ( 'NONE', *, *, #2922, .F. ) ;
#6339 = EDGE_LOOP ( 'NONE', ( #5499, #5702, #5945, #1180 ) ) ;
#6340 = DIRECTION ( 'NONE',  ( 0.000000000000000000, -1.000000000000000000, 1.294569758191647155E-16 ) ) ;
#6341 = AXIS2_PLACEMENT_3D ( 'NONE', #6114, #1710, #1251 ) ;
#6342 = ORIENTED_EDGE ( 'NONE', *, *, #69, .T. ) ;
#6343 = ADVANCED_FACE ( 'NONE', ( #945 ), #975, .F. ) ;
#6344 = DIRECTION ( 'NONE',  ( -1.000000000000000000, -0.000000000000000000, -0.000000000000000000 ) ) ;
#6345 = ADVANCED_FACE ( 'NONE', ( #3388 ), #1984, .T. ) ;
#6346 = CARTESIAN_POINT ( 'NONE',  ( 20.59999999999999787, 1.030637635557567044, 3.864943216164022477 ) ) ;
#6347 = ORIENTED_EDGE ( 'NONE', *, *, #5628, .F. ) ;
#6348 = CYLINDRICAL_SURFACE ( 'NONE', #687, 5.000000000000000000 ) ;
#6349 = CYLINDRICAL_SURFACE ( 'NONE', #1573, 7.000000000000000000 ) ;
#6350 = PLANE ( 'NONE',  #192 ) ;
#6351 = CARTESIAN_POINT ( 'NONE',  ( 32.59999999999999432, 0.000000000000000000, 0.000000000000000000 ) ) ;
#6352 = ADVANCED_FACE ( 'NONE', ( #5953 ), #2956, .F. ) ;
#6353 = CARTESIAN_POINT ( 'NONE',  ( 38.59999999999999432, -10.60302848086181804, -13.13818223212012626 ) ) ;
#6354 = ORIENTED_EDGE ( 'NONE', *, *, #2353, .T. ) ;
#6355 = DIRECTION ( 'NONE',  ( 0.000000000000000000, 0.000000000000000000, -1.000000000000000000 ) ) ;
#6356 = ORIENTED_EDGE ( 'NONE', *, *, #4833, .T. ) ;
#6357 = CARTESIAN_POINT ( 'NONE',  ( 36.59999999999999432, -4.261960596893380249, 5.702989453486133620 ) ) ;
#6358 = CARTESIAN_POINT ( 'NONE',  ( 24.59999999999999787, -4.261960596893380249, 5.702989453486133620 ) ) ;
#6359 = DIRECTION ( 'NONE',  ( 1.000000000000000000, 1.278665952808457648E-16, 0.000000000000000000 ) ) ;
#6360 = FACE_OUTER_BOUND ( 'NONE', #1612, .T. ) ;
#6361 = CARTESIAN_POINT ( 'NONE',  ( 32.59999999999999432, -10.60302848086181804, -13.13818223212012626 ) ) ;
#6362 = VECTOR ( 'NONE', #4849, 1000.000000000000000 ) ;
#6363 = ORIENTED_EDGE ( 'NONE', *, *, #2673, .F. ) ;
#6364 = EDGE_LOOP ( 'NONE', ( #3347, #4025, #1238, #467 ) ) ;
#6365 = ORIENTED_EDGE ( 'NONE', *, *, #3444, .T. ) ;
#6366 = VECTOR ( 'NONE', #1260, 1000.000000000000000 ) ;
#6367 = CARTESIAN_POINT ( 'NONE',  ( -43.29999999999999716, 38.49999999999999289, -2.699999999999996181 ) ) ;
#6368 = LINE ( 'NONE', #5362, #5860 ) ;
#6369 = ORIENTED_EDGE ( 'NONE', *, *, #810, .T. ) ;
#6370 = EDGE_LOOP ( 'NONE', ( #3086, #4474, #838, #379 ) ) ;
#6371 = CARTESIAN_POINT ( 'NONE',  ( 26.59999999999999787, 2.606424087848269178, -8.614322577793585012 ) ) ;
#6372 = CIRCLE ( 'NONE', #3562, 7.000000000000000888 ) ;
#6373 = ORIENTED_EDGE ( 'NONE', *, *, #850, .T. ) ;
#6374 = CIRCLE ( 'NONE', #4711, 9.000000000000000000 ) ;
#6375 = CARTESIAN_POINT ( 'NONE',  ( -43.29999999999999716, 14.50000000000000355, -5.000000000000000000 ) ) ;
#6376 = DIRECTION ( 'NONE',  ( 0.000000000000000000, 0.000000000000000000, -1.000000000000000000 ) ) ;
#6377 = ORIENTED_EDGE ( 'NONE', *, *, #4190, .T. ) ;
#6378 = CARTESIAN_POINT ( 'NONE',  ( -40.70000000000000284, 9.000000000000000000, 7.470744176750633514 ) ) ;
#6379 = DIRECTION ( 'NONE',  ( 1.000000000000000000, 0.000000000000000000, 0.000000000000000000 ) ) ;
#6380 = EDGE_CURVE ( 'NONE', #4763, #2263, #2506, .T. ) ;
#6381 = ORIENTED_EDGE ( 'NONE', *, *, #1410, .F. ) ;
#6382 = FACE_OUTER_BOUND ( 'NONE', #5373, .T. ) ;
#6383 = AXIS2_PLACEMENT_3D ( 'NONE', #5176, #662, #6126 ) ;
#6384 = ADVANCED_FACE ( 'NONE', ( #3023 ), #5007, .F. ) ;
#6385 = DIRECTION ( 'NONE',  ( -1.000000000000000000, -0.000000000000000000, -0.000000000000000000 ) ) ;
#6386 = VERTEX_POINT ( 'NONE', #6014 ) ;
#6387 = LINE ( 'NONE', #3916, #1818 ) ;
#6388 = ORIENTED_EDGE ( 'NONE', *, *, #5474, .T. ) ;
#6389 = DIRECTION ( 'NONE',  ( 0.000000000000000000, 0.000000000000000000, -1.000000000000000000 ) ) ;
#6390 = EDGE_CURVE ( 'NONE', #3864, #2193, #1677, .T. ) ;
#6391 = EDGE_CURVE ( 'NONE', #225, #2159, #1099, .T. ) ;
#6392 = CARTESIAN_POINT ( 'NONE',  ( 1.500000000000002220, -10.35047573531249654, 13.63583152989489911 ) ) ;
#6393 = PLANE ( 'NONE',  #969 ) ;
#6394 = LINE ( 'NONE', #3559, #2445 ) ;
#6395 = DIRECTION ( 'NONE',  ( 0.000000000000000000, 0.000000000000000000, 1.000000000000000000 ) ) ;
#6396 = VECTOR ( 'NONE', #2677, 1000.000000000000000 ) ;
#6397 = ORIENTED_EDGE ( 'NONE', *, *, #6311, .T. ) ;
#6398 = ORIENTED_EDGE ( 'NONE', *, *, #1527, .T. ) ;
#6399 = EDGE_LOOP ( 'NONE', ( #1649, #750, #3013, #759, #4084, #3410, #5647, #4475, #5043 ) ) ;
#6400 = CIRCLE ( 'NONE', #3074, 3.000000000000000444 ) ;
#6401 = DIRECTION ( 'NONE',  ( 1.000000000000000000, 0.000000000000000000, 0.000000000000000000 ) ) ;
#6402 = CARTESIAN_POINT ( 'NONE',  ( 29.04974746830583143, 20.25000000000001066, -8.000000000000003553 ) ) ;
#6403 = ORIENTED_EDGE ( 'NONE', *, *, #1849, .F. ) ;
#6404 = VERTEX_POINT ( 'NONE', #135 ) ;
#6405 = CARTESIAN_POINT ( 'NONE',  ( 22.10000000000000142, 8.099999999999999645, -8.000000000000000000 ) ) ;
#6406 = VECTOR ( 'NONE', #4029, 1000.000000000000000 ) ;
#6407 = ORIENTED_EDGE ( 'NONE', *, *, #4564, .F. ) ;
#6408 = CIRCLE ( 'NONE', #5054, 7.000000000000000888 ) ;
#6409 = CARTESIAN_POINT ( 'NONE',  ( 0.000000000000000000, 7.099999999999999645, -8.450000000000001066 ) ) ;
#6410 = DIRECTION ( 'NONE',  ( 1.000000000000000000, 0.000000000000000000, 0.000000000000000000 ) ) ;
#6411 = ORIENTED_EDGE ( 'NONE', *, *, #6107, .T. ) ;
#6412 = CARTESIAN_POINT ( 'NONE',  ( 18.59999999999999787, 2.318934680004526516, 8.696122236369051350 ) ) ;
#6413 = DIRECTION ( 'NONE',  ( 0.000000000000000000, 0.000000000000000000, -1.000000000000000000 ) ) ;
#6414 = ORIENTED_EDGE ( 'NONE', *, *, #2874, .F. ) ;
#6415 = CARTESIAN_POINT ( 'NONE',  ( 31.59999999999999787, 1.030637635557567044, 3.864943216164022477 ) ) ;
#6416 = CIRCLE ( 'NONE', #3423, 7.000000000000000888 ) ;
#6417 = EDGE_CURVE ( 'NONE', #1741, #4359, #5129, .T. ) ;
#6418 = FACE_OUTER_BOUND ( 'NONE', #2019, .T. ) ;
#6419 = VERTEX_POINT ( 'NONE', #2569 ) ;
#6420 = CARTESIAN_POINT ( 'NONE',  ( 1.500000000000003109, 9.000000000000005329, 0.000000000000000000 ) ) ;
#6421 = EDGE_CURVE ( 'NONE', #2408, #5914, #681, .T. ) ;
#6422 = DIRECTION ( 'NONE',  ( 0.000000000000000000, 0.000000000000000000, -1.000000000000000000 ) ) ;
#6423 = DIRECTION ( 'NONE',  ( 0.000000000000000000, 0.000000000000000000, -1.000000000000000000 ) ) ;
#6424 = VECTOR ( 'NONE', #3075, 1000.000000000000000 ) ;
#6425 = CARTESIAN_POINT ( 'NONE',  ( -47.19999999999999574, 5.500000000000000000, 24.72882059609970895 ) ) ;
#6426 = DIRECTION ( 'NONE',  ( 1.278665952808456908E-16, -1.000000000000000000, 0.000000000000000000 ) ) ;
#6427 = ADVANCED_FACE ( 'NONE', ( #3090, #3056 ), #5070, .F. ) ;
#6428 = VECTOR ( 'NONE', #1950, 1000.000000000000000 ) ;
#6429 = DIRECTION ( 'NONE',  ( 0.000000000000000000, 0.000000000000000000, 1.000000000000000000 ) ) ;
#6430 = ORIENTED_EDGE ( 'NONE', *, *, #6135, .T. ) ;
#6431 = NEXT_ASSEMBLY_USAGE_OCCURRENCE ( 'NAUO1', ' ', ' ', #6054, #3745, $ ) ;
#6432 = NEXT_ASSEMBLY_USAGE_OCCURRENCE ( 'NAUO2', ' ', ' ', #6054, #2792, $ ) ;
ENDSEC;
END-ISO-10303-21;
