ISO-10303-21;
HEADER;
FILE_DESCRIPTION (( 'STEP AP214' ),
    '1' );
FILE_NAME ('fin_asm.STEP',
    '2026-03-09T13:07:52',
    ( '' ),
    ( '' ),
    'SwSTEP 2.0',
    'SolidWorks 2023',
    '' );
FILE_SCHEMA (( 'AUTOMOTIVE_DESIGN' ));
ENDSEC;

DATA;
#1 = CARTESIAN_POINT ( 'NONE',  ( 24.59999999999999787, 0.000000000000000000, 0.1499999999999999944 ) ) ;
#2 = EDGE_LOOP ( 'NONE', ( #4893, #4283, #3936, #1679 ) ) ;
#3 = AXIS2_PLACEMENT_3D ( 'NONE', #5645, #6016, #3059 ) ;
#4 = CARTESIAN_POINT ( 'NONE',  ( 39.59999999999999432, 1.158410705710341659, -3.828587812352703956 ) ) ;
#5 = VERTEX_POINT ( 'NONE', #1386 ) ;
#6 = ADVANCED_FACE ( 'NONE', ( #1788 ), #3749, .T. ) ;
#7 = ORIENTED_EDGE ( 'NONE', *, *, #4702, .F. ) ;
#8 = CARTESIAN_POINT ( 'NONE',  ( 30.59999999999999432, 0.000000000000000000, 0.000000000000000000 ) ) ;
#9 = EDGE_CURVE ( 'NONE', #6259, #4752, #1356, .T. ) ;
#10 = ORIENTED_EDGE ( 'NONE', *, *, #6367, .F. ) ;
#11 = ADVANCED_FACE ( 'NONE', ( #2069 ), #134, .F. ) ;
#12 = CARTESIAN_POINT ( 'NONE',  ( -43.29999999999999716, 14.50000000000000355, 5.000000000000000000 ) ) ;
#13 = VECTOR ( 'NONE', #3173, 1000.000000000000000 ) ;
#14 = DIRECTION ( 'NONE',  ( 0.000000000000000000, 0.000000000000000000, -1.000000000000000000 ) ) ;
#15 = CARTESIAN_POINT ( 'NONE',  ( 41.60000000000000142, 0.000000000000000000, 0.1499999999999999944 ) ) ;
#16 = ORIENTED_EDGE ( 'NONE', *, *, #5339, .F. ) ;
#17 = CIRCLE ( 'NONE', #3530, 5.000000000000000888 ) ;
#18 = CIRCLE ( 'NONE', #2681, 10.00000000000000000 ) ;
#19 = VECTOR ( 'NONE', #5271, 1000.000000000000000 ) ;
#20 = ORIENTED_EDGE ( 'NONE', *, *, #3080, .T. ) ;
#21 = CARTESIAN_POINT ( 'NONE',  ( -47.19999999999999574, 5.500000000000000000, 24.72882059609970895 ) ) ;
#22 = DIRECTION ( 'NONE',  ( 0.000000000000000000, 0.000000000000000000, -1.000000000000000000 ) ) ;
#23 = EDGE_CURVE ( 'NONE', #676, #146, #4439, .T. ) ;
#24 = VECTOR ( 'NONE', #3135, 1000.000000000000000 ) ;
#25 = DIRECTION ( 'NONE',  ( 0.000000000000000000, 0.000000000000000000, 1.000000000000000000 ) ) ;
#26 = CARTESIAN_POINT ( 'NONE',  ( 29.04974746830583499, 22.00000000000001066, -6.250000000000000888 ) ) ;
#27 = CARTESIAN_POINT ( 'NONE',  ( 22.59999999999999432, 0.000000000000000000, 0.1499999999999999944 ) ) ;
#28 = CIRCLE ( 'NONE', #2388, 1.749999999999998890 ) ;
#29 = VERTEX_POINT ( 'NONE', #2643 ) ;
#30 = ORIENTED_EDGE ( 'NONE', *, *, #5940, .T. ) ;
#31 = CARTESIAN_POINT ( 'NONE',  ( 23.59999999999999432, 0.000000000000000000, 7.150000000000002132 ) ) ;
#32 = ADVANCED_FACE ( 'NONE', ( #182, #4141 ), #4327, .F. ) ;
#33 = DIRECTION ( 'NONE',  ( -0.000000000000000000, 1.224099226999768955E-16, -1.000000000000000000 ) ) ;
#34 = CARTESIAN_POINT ( 'NONE',  ( -47.19999999999999574, 5.500000000000000000, 24.72882059609970895 ) ) ;
#35 = AXIS2_PLACEMENT_3D ( 'NONE', #2893, #982, #2380 ) ;
#36 = VECTOR ( 'NONE', #4964, 1000.000000000000000 ) ;
#37 = DIRECTION ( 'NONE',  ( -1.000000000000000000, -0.000000000000000000, -0.000000000000000000 ) ) ;
#38 = ORIENTED_EDGE ( 'NONE', *, *, #4387, .F. ) ;
#39 = CARTESIAN_POINT ( 'NONE',  ( -38.10000000000000142, 6.999999999999994671, 2.649999999999999467 ) ) ;
#40 = AXIS2_PLACEMENT_3D ( 'NONE', #2436, #4350, #4481 ) ;
#41 = VERTEX_POINT ( 'NONE', #4263 ) ;
#42 = EDGE_CURVE ( 'NONE', #5427, #2305, #5874, .T. ) ;
#43 = DIRECTION ( 'NONE',  ( 0.000000000000000000, 0.000000000000000000, -1.000000000000000000 ) ) ;
#44 = ORIENTED_EDGE ( 'NONE', *, *, #5767, .F. ) ;
#45 = ORIENTED_EDGE ( 'NONE', *, *, #6154, .T. ) ;
#46 = EDGE_LOOP ( 'NONE', ( #1845, #538, #2538, #1271 ) ) ;
#47 = DIRECTION ( 'NONE',  ( -1.000000000000000000, -1.504111723692325477E-16, 0.000000000000000000 ) ) ;
#48 = FACE_OUTER_BOUND ( 'NONE', #2843, .T. ) ;
#49 = ADVANCED_FACE ( 'NONE', ( #2725 ), #4228, .T. ) ;
#50 = EDGE_CURVE ( 'NONE', #4119, #4720, #3087, .T. ) ;
#51 = ORIENTED_EDGE ( 'NONE', *, *, #782, .T. ) ;
#52 = FACE_OUTER_BOUND ( 'NONE', #78, .T. ) ;
#53 = EDGE_LOOP ( 'NONE', ( #4285, #1213, #4469, #5232, #4578, #1995, #3395, #2453, #1052 ) ) ;
#54 = CARTESIAN_POINT ( 'NONE',  ( 30.59999999999999432, -10.35047573531249654, 13.63583152989489911 ) ) ;
#55 = CARTESIAN_POINT ( 'NONE',  ( 38.59999999999999432, -4.365952903884279479, -5.321604448520053765 ) ) ;
#56 = DIRECTION ( 'NONE',  ( 0.000000000000000000, 0.000000000000000000, 1.000000000000000000 ) ) ;
#57 = DIRECTION ( 'NONE',  ( 0.000000000000000000, 0.000000000000000000, 1.000000000000000000 ) ) ;
#58 = ORIENTED_EDGE ( 'NONE', *, *, #2630, .F. ) ;
#59 = CARTESIAN_POINT ( 'NONE',  ( 40.59999999999999432, 1.158410705710341659, -3.828587812352703956 ) ) ;
#60 = CARTESIAN_POINT ( 'NONE',  ( 18.59999999999999787, 0.000000000000000000, -6.049999999999999822 ) ) ;
#61 = ORIENTED_EDGE ( 'NONE', *, *, #6358, .F. ) ;
#62 = EDGE_LOOP ( 'NONE', ( #2399, #140, #6261, #3901 ) ) ;
#63 = DIRECTION ( 'NONE',  ( -1.000000000000000000, -0.000000000000000000, -0.000000000000000000 ) ) ;
#64 = LINE ( 'NONE', #4463, #3698 ) ;
#65 = DIRECTION ( 'NONE',  ( -1.000000000000000000, -0.000000000000000000, -0.000000000000000000 ) ) ;
#66 = AXIS2_PLACEMENT_3D ( 'NONE', #4972, #63, #900 ) ;
#67 = VERTEX_POINT ( 'NONE', #3797 ) ;
#68 = LINE ( 'NONE', #3032, #2122 ) ;
#69 =( LENGTH_UNIT ( ) NAMED_UNIT ( * ) SI_UNIT ( .MILLI., .METRE. ) );
#70 = CARTESIAN_POINT ( 'NONE',  ( 37.59999999999999432, 1.030637635557567044, 8.864943216164022033 ) ) ;
#71 = EDGE_LOOP ( 'NONE', ( #3238, #4328, #5478, #4155 ) ) ;
#72 = DIRECTION ( 'NONE',  ( 1.000000000000000000, 0.000000000000000000, 0.000000000000000000 ) ) ;
#73 = CARTESIAN_POINT ( 'NONE',  ( 27.59999999999999787, 0.000000000000000000, 0.000000000000000000 ) ) ;
#74 = VERTEX_POINT ( 'NONE', #1774 ) ;
#75 = CARTESIAN_POINT ( 'NONE',  ( 15.20000000000000462, 29.50000000000000000, 7.999999999999996447 ) ) ;
#76 = AXIS2_PLACEMENT_3D ( 'NONE', #1370, #5911, #2813 ) ;
#77 = DIRECTION ( 'NONE',  ( 1.000000000000000000, 0.000000000000000000, 0.000000000000000000 ) ) ;
#78 = EDGE_LOOP ( 'NONE', ( #4838, #611, #3037, #5435, #2037, #5917 ) ) ;
#79 = ORIENTED_EDGE ( 'NONE', *, *, #5796, .F. ) ;
#80 = ORIENTED_EDGE ( 'NONE', *, *, #3130, .T. ) ;
#81 = EDGE_CURVE ( 'NONE', #5284, #576, #283, .T. ) ;
#82 = EDGE_CURVE ( 'NONE', #2873, #5108, #6425, .T. ) ;
#83 = EDGE_LOOP ( 'NONE', ( #3665, #1809, #4962, #1519 ) ) ;
#84 = CARTESIAN_POINT ( 'NONE',  ( 34.60000000000000142, 1.030637635557567044, 8.864943216164022033 ) ) ;
#85 = CARTESIAN_POINT ( 'NONE',  ( 22.59999999999999432, -2.763066821399118744, 7.121905987407648020 ) ) ;
#86 = CARTESIAN_POINT ( 'NONE',  ( 34.60000000000000142, -10.35047573531249654, 13.63583152989489911 ) ) ;
#87 = ORIENTED_EDGE ( 'NONE', *, *, #3717, .T. ) ;
#88 = CARTESIAN_POINT ( 'NONE',  ( 15.20000000000000462, 29.50000000000001066, -3.500000000000003109 ) ) ;
#89 = CARTESIAN_POINT ( 'NONE',  ( -40.70000000000000284, 7.000000000000006217, 5.000000000000000000 ) ) ;
#90 = VERTEX_POINT ( 'NONE', #5283 ) ;
#91 = ADVANCED_FACE ( 'NONE', ( #3357 ), #875, .F. ) ;
#92 = DIRECTION ( 'NONE',  ( 0.000000000000000000, 0.000000000000000000, -1.000000000000000000 ) ) ;
#93 = DIRECTION ( 'NONE',  ( 1.000000000000000000, 0.000000000000000000, 0.000000000000000000 ) ) ;
#94 = VERTEX_POINT ( 'NONE', #5876 ) ;
#95 = DIRECTION ( 'NONE',  ( -1.000000000000000000, -0.000000000000000000, 2.891205793294679312E-16 ) ) ;
#96 = FACE_OUTER_BOUND ( 'NONE', #2680, .T. ) ;
#97 = CYLINDRICAL_SURFACE ( 'NONE', #1708, 9.000000000000000000 ) ;
#98 = CARTESIAN_POINT ( 'NONE',  ( 41.60000000000000142, -2.763066821399118744, 7.121905987407648020 ) ) ;
#99 = ORIENTED_EDGE ( 'NONE', *, *, #3552, .F. ) ;
#100 = EDGE_CURVE ( 'NONE', #2076, #1714, #6314, .T. ) ;
#101 = CARTESIAN_POINT ( 'NONE',  ( 0.000000000000000000, 29.50000000000001066, -7.000000000000002665 ) ) ;
#102 = CARTESIAN_POINT ( 'NONE',  ( 1.500000000000000444, 20.00000000000000355, 6.735557395310443009E-16 ) ) ;
#103 = ORIENTED_EDGE ( 'NONE', *, *, #5927, .T. ) ;
#104 = EDGE_CURVE ( 'NONE', #4366, #2297, #466, .T. ) ;
#105 = VECTOR ( 'NONE', #4113, 1000.000000000000000 ) ;
#106 = DIRECTION ( 'NONE',  ( 0.000000000000000000, 0.000000000000000000, 1.000000000000000000 ) ) ;
#107 = CARTESIAN_POINT ( 'NONE',  ( 36.59999999999999432, 0.000000000000000000, 0.000000000000000000 ) ) ;
#108 = VECTOR ( 'NONE', #1794, 1000.000000000000000 ) ;
#109 = EDGE_LOOP ( 'NONE', ( #2094, #1285, #1743, #3603, #5397, #5532, #4820, #4678, #3976 ) ) ;
#110 = EDGE_CURVE ( 'NONE', #1348, #4853, #2469, .T. ) ;
#111 = AXIS2_PLACEMENT_3D ( 'NONE', #3662, #2770, #5636 ) ;
#112 = ORIENTED_EDGE ( 'NONE', *, *, #4596, .F. ) ;
#113 = DIRECTION ( 'NONE',  ( -1.278665952808456908E-16, 1.000000000000000000, -0.000000000000000000 ) ) ;
#114 = DIRECTION ( 'NONE',  ( -1.000000000000000000, -0.000000000000000000, -0.000000000000000000 ) ) ;
#115 = DIRECTION ( 'NONE',  ( 1.000000000000000000, 0.000000000000000000, 0.000000000000000000 ) ) ;
#116 = DIRECTION ( 'NONE',  ( 0.000000000000000000, 0.000000000000000000, -1.000000000000000000 ) ) ;
#117 = ORIENTED_EDGE ( 'NONE', *, *, #384, .F. ) ;
#118 = DIRECTION ( 'NONE',  ( 1.000000000000000000, -0.000000000000000000, -0.000000000000000000 ) ) ;
#119 = CARTESIAN_POINT ( 'NONE',  ( 26.59999999999999787, 0.000000000000000000, 0.000000000000000000 ) ) ;
#120 = ORIENTED_EDGE ( 'NONE', *, *, #6084, .F. ) ;
#121 = EDGE_CURVE ( 'NONE', #355, #4661, #5620, .T. ) ;
#122 = CARTESIAN_POINT ( 'NONE',  ( 23.59999999999999432, 2.318934680004526516, 8.696122236369051350 ) ) ;
#123 = EDGE_CURVE ( 'NONE', #2400, #4180, #3614, .T. ) ;
#124 = EDGE_CURVE ( 'NONE', #5261, #1731, #3648, .T. ) ;
#125 = FACE_BOUND ( 'NONE', #4875, .T. ) ;
#126 = AXIS2_PLACEMENT_3D ( 'NONE', #1608, #4949, #3495 ) ;
#127 = EDGE_CURVE ( 'NONE', #6312, #2873, #1669, .T. ) ;
#128 = AXIS2_PLACEMENT_3D ( 'NONE', #2030, #5987, #948 ) ;
#129 = CARTESIAN_POINT ( 'NONE',  ( 26.59999999999999787, 0.000000000000000000, 0.1499999999999999944 ) ) ;
#130 = DIRECTION ( 'NONE',  ( -1.000000000000000000, -0.000000000000000000, -0.000000000000000000 ) ) ;
#131 = VECTOR ( 'NONE', #3459, 1000.000000000000000 ) ;
#132 = DIRECTION ( 'NONE',  ( 0.000000000000000000, 0.000000000000000000, -1.000000000000000000 ) ) ;
#133 = ORIENTED_EDGE ( 'NONE', *, *, #3383, .F. ) ;
#134 = CYLINDRICAL_SURFACE ( 'NONE', #2246, 10.00000000000000178 ) ;
#135 = FACE_OUTER_BOUND ( 'NONE', #3529, .T. ) ;
#136 = VECTOR ( 'NONE', #1245, 1000.000000000000000 ) ;
#137 = DIRECTION ( 'NONE',  ( 1.000000000000000000, 0.000000000000000000, 0.000000000000000000 ) ) ;
#138 = DIRECTION ( 'NONE',  ( -1.000000000000000000, -0.000000000000000000, -0.000000000000000000 ) ) ;
#139 = AXIS2_PLACEMENT_3D ( 'NONE', #2337, #5740, #2921 ) ;
#140 = ORIENTED_EDGE ( 'NONE', *, *, #1010, .T. ) ;
#141 = ORIENTED_EDGE ( 'NONE', *, *, #3549, .F. ) ;
#142 = DIRECTION ( 'NONE',  ( 0.000000000000000000, 0.000000000000000000, -1.000000000000000000 ) ) ;
#143 = LINE ( 'NONE', #3605, #3709 ) ;
#144 = CARTESIAN_POINT ( 'NONE',  ( -52.69999999999999574, 5.500000000000000000, -4.999999999999992895 ) ) ;
#145 = CARTESIAN_POINT ( 'NONE',  ( 34.60000000000000142, 2.318934680004526960, 8.696122236369053127 ) ) ;
#146 = VERTEX_POINT ( 'NONE', #1635 ) ;
#147 = ORIENTED_EDGE ( 'NONE', *, *, #3770, .T. ) ;
#148 = CARTESIAN_POINT ( 'NONE',  ( 1.500000000000000000, 0.000000000000000000, 0.1499999999999999944 ) ) ;
#149 = DIRECTION ( 'NONE',  ( 0.000000000000000000, 0.000000000000000000, 1.000000000000000000 ) ) ;
#150 = EDGE_LOOP ( 'NONE', ( #2457, #3822, #1416, #4321 ) ) ;
#151 = DIRECTION ( 'NONE',  ( 0.000000000000000000, 0.000000000000000000, 1.000000000000000000 ) ) ;
#152 = DIRECTION ( 'NONE',  ( 0.000000000000000000, 7.112366251504907509E-15, -1.000000000000000000 ) ) ;
#153 = ORIENTED_EDGE ( 'NONE', *, *, #2091, .T. ) ;
#154 = CARTESIAN_POINT ( 'NONE',  ( -0.002000000000002000178, 0.000000000000000000, -6.049999999999999822 ) ) ;
#155 = DIRECTION ( 'NONE',  ( 0.000000000000000000, 0.000000000000000000, -1.000000000000000000 ) ) ;
#156 = EDGE_CURVE ( 'NONE', #1425, #6334, #5382, .T. ) ;
#157 = CARTESIAN_POINT ( 'NONE',  ( 22.10000000000000142, 7.099999999999999645, -8.450000000000001066 ) ) ;
#158 = EDGE_CURVE ( 'NONE', #4216, #5432, #209, .T. ) ;
#159 = ORIENTED_EDGE ( 'NONE', *, *, #2961, .T. ) ;
#160 = VECTOR ( 'NONE', #1889, 1000.000000000000000 ) ;
#161 = CYLINDRICAL_SURFACE ( 'NONE', #6325, 3.500000000000003109 ) ;
#162 = CARTESIAN_POINT ( 'NONE',  ( 34.60000000000000142, 1.158410705710341659, -3.828587812352703956 ) ) ;
#163 = ADVANCED_FACE ( 'NONE', ( #6159, #125 ), #2189, .T. ) ;
#164 = ORIENTED_EDGE ( 'NONE', *, *, #539, .F. ) ;
#165 = CIRCLE ( 'NONE', #979, 5.000000000000000000 ) ;
#166 = CIRCLE ( 'NONE', #5833, 10.00000000000000000 ) ;
#167 = ORIENTED_EDGE ( 'NONE', *, *, #1645, .T. ) ;
#168 = DIRECTION ( 'NONE',  ( 0.000000000000000000, 0.000000000000000000, 1.000000000000000000 ) ) ;
#169 = DIRECTION ( 'NONE',  ( 0.000000000000000000, 0.000000000000000000, -1.000000000000000000 ) ) ;
#170 = CARTESIAN_POINT ( 'NONE',  ( 26.59999999999999787, 2.318934680004526516, 8.696122236369051350 ) ) ;
#171 = CARTESIAN_POINT ( 'NONE',  ( -40.70000000000000284, 7.000000000000006217, 8.449999999999999289 ) ) ;
#172 = ORIENTED_EDGE ( 'NONE', *, *, #2158, .T. ) ;
#173 = CARTESIAN_POINT ( 'NONE',  ( 26.59999999999999787, 1.158410705710341659, -3.828587812352703956 ) ) ;
#174 = CARTESIAN_POINT ( 'NONE',  ( 35.60000000000000142, 0.000000000000000000, 0.000000000000000000 ) ) ;
#175 = EDGE_LOOP ( 'NONE', ( #3236, #294, #640, #5966 ) ) ;
#176 = DIRECTION ( 'NONE',  ( 0.000000000000000000, 0.000000000000000000, -1.000000000000000000 ) ) ;
#177 = CARTESIAN_POINT ( 'NONE',  ( 13.80000000000000249, 23.75000000000000711, 6.249999999999999112 ) ) ;
#178 = CARTESIAN_POINT ( 'NONE',  ( 29.59999999999999787, 0.000000000000000000, 7.150000000000002132 ) ) ;
#179 = CARTESIAN_POINT ( 'NONE',  ( -40.70000000000000284, 0.000000000000000000, -2.699999999999997069 ) ) ;
#180 = CARTESIAN_POINT ( 'NONE',  ( 13.80000000000000249, 8.099999999999999645, -8.000000000000000000 ) ) ;
#181 = EDGE_CURVE ( 'NONE', #4080, #4971, #626, .T. ) ;
#182 = FACE_BOUND ( 'NONE', #4441, .T. ) ;
#183 = CARTESIAN_POINT ( 'NONE',  ( 13.80000000000000249, 20.00000000000000355, 6.735557395310443009E-16 ) ) ;
#184 = CARTESIAN_POINT ( 'NONE',  ( 24.59999999999999787, 0.000000000000000000, 7.150000000000002132 ) ) ;
#185 = EDGE_CURVE ( 'NONE', #1667, #2522, #2974, .T. ) ;
#186 = CARTESIAN_POINT ( 'NONE',  ( -6.392474825692380689E-16, 18.75000000000000355, 5.204748896376249713E-16 ) ) ;
#187 = AXIS2_PLACEMENT_3D ( 'NONE', #3618, #4074, #6059 ) ;
#188 = VERTEX_POINT ( 'NONE', #3099 ) ;
#189 = EDGE_CURVE ( 'NONE', #5547, #4433, #1139, .T. ) ;
#190 = ORIENTED_EDGE ( 'NONE', *, *, #239, .F. ) ;
#191 = ADVANCED_FACE ( 'NONE', ( #2157 ), #1041, .T. ) ;
#192 = CIRCLE ( 'NONE', #1571, 5.000000000000000888 ) ;
#193 = ADVANCED_FACE ( 'NONE', ( #96 ), #3029, .F. ) ;
#194 = ORIENTED_EDGE ( 'NONE', *, *, #3440, .T. ) ;
#195 = ADVANCED_FACE ( 'NONE', ( #5070 ), #1576, .F. ) ;
#196 = CARTESIAN_POINT ( 'NONE',  ( 15.20000000000000462, 29.50000000000001066, 0.000000000000000000 ) ) ;
#197 = AXIS2_PLACEMENT_3D ( 'NONE', #781, #2197, #5182 ) ;
#198 = ADVANCED_FACE ( 'NONE', ( #5531 ), #1604, .T. ) ;
#199 = FACE_OUTER_BOUND ( 'NONE', #2993, .T. ) ;
#200 = CARTESIAN_POINT ( 'NONE',  ( 24.10000000000000497, 7.100000000000003197, 9.000000000000001776 ) ) ;
#201 = CARTESIAN_POINT ( 'NONE',  ( 37.59999999999999432, -4.261960596893379360, 5.702989453486132732 ) ) ;
#202 = EDGE_LOOP ( 'NONE', ( #1454, #3664, #1869, #653 ) ) ;
#203 = ORIENTED_EDGE ( 'NONE', *, *, #2545, .F. ) ;
#204 = DIRECTION ( 'NONE',  ( 1.000000000000000000, 0.000000000000000000, 0.000000000000000000 ) ) ;
#205 = DIRECTION ( 'NONE',  ( 1.000000000000000000, 0.000000000000000000, 0.000000000000000000 ) ) ;
#206 = CIRCLE ( 'NONE', #111, 7.000000000000000000 ) ;
#207 = ORIENTED_EDGE ( 'NONE', *, *, #3649, .T. ) ;
#208 = VECTOR ( 'NONE', #1595, 1000.000000000000000 ) ;
#209 = LINE ( 'NONE', #5559, #3092 ) ;
#210 = VECTOR ( 'NONE', #2198, 1000.000000000000000 ) ;
#211 = EDGE_CURVE ( 'NONE', #94, #4348, #5992, .T. ) ;
#212 = CIRCLE ( 'NONE', #2493, 5.499999999999998224 ) ;
#214 = EDGE_CURVE ( 'NONE', #854, #6287, #391, .T. ) ;
#213 = CYLINDRICAL_SURFACE ( 'NONE', #4229, 5.000000000000000000 ) ;
#215 = CARTESIAN_POINT ( 'NONE',  ( -47.19999999999999574, 5.500000000000000000, 24.72882059609970895 ) ) ;
#216 = EDGE_CURVE ( 'NONE', #4880, #2998, #2270, .T. ) ;
#217 = AXIS2_PLACEMENT_3D ( 'NONE', #2724, #722, #4684 ) ;
#218 = CARTESIAN_POINT ( 'NONE',  ( 29.04974746830583499, 20.25000000000001066, 6.249999999999999112 ) ) ;
#219 = DIRECTION ( 'NONE',  ( 1.577021341797097314E-16, -1.000000000000000000, 0.000000000000000000 ) ) ;
#220 = VECTOR ( 'NONE', #3616, 1000.000000000000000 ) ;
#221 = LINE ( 'NONE', #3955, #2607 ) ;
#222 = ADVANCED_FACE ( 'NONE', ( #2237 ), #3692, .F. ) ;
#223 = CIRCLE ( 'NONE', #3217, 3.500000000000003109 ) ;
#224 = PLANE ( 'NONE',  #197 ) ;
#225 = EDGE_CURVE ( 'NONE', #4544, #3555, #6343, .T. ) ;
#226 = DIRECTION ( 'NONE',  ( -1.000000000000000000, -0.000000000000000000, -0.000000000000000000 ) ) ;
#227 = ORIENTED_EDGE ( 'NONE', *, *, #2128, .T. ) ;
#228 = VECTOR ( 'NONE', #6006, 1000.000000000000000 ) ;
#229 = ORIENTED_EDGE ( 'NONE', *, *, #3097, .F. ) ;
#230 = VECTOR ( 'NONE', #4595, 1000.000000000000000 ) ;
#231 = ORIENTED_EDGE ( 'NONE', *, *, #3534, .F. ) ;
#232 = EDGE_CURVE ( 'NONE', #3869, #3940, #1234, .T. ) ;
#233 = DIRECTION ( 'NONE',  ( 0.000000000000000000, 0.000000000000000000, 1.000000000000000000 ) ) ;
#234 = CARTESIAN_POINT ( 'NONE',  ( 24.10000000000000497, 6.066309438144025414E-17, -8.450000000000001066 ) ) ;
#235 = EDGE_CURVE ( 'NONE', #6217, #315, #3420, .T. ) ;
#236 = EDGE_CURVE ( 'NONE', #4385, #547, #3928, .T. ) ;
#237 = FACE_OUTER_BOUND ( 'NONE', #5255, .T. ) ;
#238 = ORIENTED_EDGE ( 'NONE', *, *, #1530, .T. ) ;
#239 = EDGE_CURVE ( 'NONE', #1116, #4588, #212, .T. ) ;
#240 = EDGE_LOOP ( 'NONE', ( #668, #5888, #4557, #6116 ) ) ;
#241 = CYLINDRICAL_SURFACE ( 'NONE', #4187, 5.000000000000000000 ) ;
#242 = CARTESIAN_POINT ( 'NONE',  ( 35.60000000000000142, 1.030637635557567044, 8.864943216164022033 ) ) ;
#243 = ORIENTED_EDGE ( 'NONE', *, *, #2908, .T. ) ;
#244 = DIRECTION ( 'NONE',  ( -1.000000000000000000, -0.000000000000000000, -0.000000000000000000 ) ) ;
#245 = ORIENTED_EDGE ( 'NONE', *, *, #2957, .T. ) ;
#246 = DIRECTION ( 'NONE',  ( -0.000000000000000000, -0.000000000000000000, -1.000000000000000000 ) ) ;
#247 = CARTESIAN_POINT ( 'NONE',  ( -40.70000000000000284, 0.000000000000000000, 5.000000000000006217 ) ) ;
#248 = PLANE ( 'NONE',  #3724 ) ;
#249 = CARTESIAN_POINT ( 'NONE',  ( 1.500000000000002220, -2.763066821399118744, 7.121905987407648020 ) ) ;
#250 = CYLINDRICAL_SURFACE ( 'NONE', #1422, 5.000000000000000000 ) ;
#251 = CARTESIAN_POINT ( 'NONE',  ( 1.500000000000001554, 1.030637635557567044, 3.864943216164022477 ) ) ;
#252 = EDGE_LOOP ( 'NONE', ( #1761, #3410, #4845, #3496 ) ) ;
#253 = VECTOR ( 'NONE', #6394, 1000.000000000000000 ) ;
#254 = DIRECTION ( 'NONE',  ( -1.000000000000000000, -0.000000000000000000, -0.000000000000000000 ) ) ;
#255 = ORIENTED_EDGE ( 'NONE', *, *, #1586, .F. ) ;
#256 = ORIENTED_EDGE ( 'NONE', *, *, #2772, .T. ) ;
#257 = ORIENTED_EDGE ( 'NONE', *, *, #5578, .T. ) ;
#258 = EDGE_CURVE ( 'NONE', #5521, #5310, #4679, .T. ) ;
#259 = DIRECTION ( 'NONE',  ( 0.000000000000000000, 0.000000000000000000, -1.000000000000000000 ) ) ;
#260 = AXIS2_PLACEMENT_3D ( 'NONE', #3020, #115, #5003 ) ;
#261 = CARTESIAN_POINT ( 'NONE',  ( 22.10000000000000142, 1.000000000000007550, 4.599999999999995204 ) ) ;
#262 = CARTESIAN_POINT ( 'NONE',  ( 27.59999999999999787, -10.35047573531249654, 13.63583152989489911 ) ) ;
#263 = ADVANCED_FACE ( 'NONE', ( #1798, #6321 ), #1329, .T. ) ;
#264 = VERTEX_POINT ( 'NONE', #296 ) ;
#265 = DIRECTION ( 'NONE',  ( 0.000000000000000000, 1.000000000000000000, 1.294569758191646909E-16 ) ) ;
#266 = LINE ( 'NONE', #4768, #1749 ) ;
#267 = ORIENTED_EDGE ( 'NONE', *, *, #3567, .F. ) ;
#268 = ORIENTED_EDGE ( 'NONE', *, *, #2652, .F. ) ;
#269 = CARTESIAN_POINT ( 'NONE',  ( -43.30000000000000426, 9.000000000000001776, 2.700000000000007283 ) ) ;
#270 = AXIS2_PLACEMENT_3D ( 'NONE', #757, #1183, #4753 ) ;
#271 = FACE_OUTER_BOUND ( 'NONE', #312, .T. ) ;
#272 = FACE_OUTER_BOUND ( 'NONE', #5050, .T. ) ;
#273 = DIRECTION ( 'NONE',  ( 0.000000000000000000, 0.000000000000000000, -1.000000000000000000 ) ) ;
#274 = CARTESIAN_POINT ( 'NONE',  ( 1.500000000000000000, 0.000000000000000000, 0.000000000000000000 ) ) ;
#275 = CARTESIAN_POINT ( 'NONE',  ( 23.59999999999999432, 0.000000000000000000, 0.1499999999999999944 ) ) ;
#276 = DIRECTION ( 'NONE',  ( 0.000000000000000000, 0.000000000000000000, -1.000000000000000000 ) ) ;
#277 = DIRECTION ( 'NONE',  ( -0.000000000000000000, 0.000000000000000000, 1.000000000000000000 ) ) ;
#278 = ORIENTED_EDGE ( 'NONE', *, *, #3331, .F. ) ;
#279 = VERTEX_POINT ( 'NONE', #4317 ) ;
#280 = AXIS2_PLACEMENT_3D ( 'NONE', #6111, #6007, #4545 ) ;
#281 = CIRCLE ( 'NONE', #2349, 9.000000000000000000 ) ;
#282 = DIRECTION ( 'NONE',  ( -1.000000000000000000, -0.000000000000000000, -0.000000000000000000 ) ) ;
#283 = CIRCLE ( 'NONE', #1105, 10.00000000000000178 ) ;
#284 = CARTESIAN_POINT ( 'NONE',  ( 31.59999999999999787, 1.030637635557567044, 3.864943216164022477 ) ) ;
#285 = PRODUCT_DEFINITION_SHAPE ( 'NONE', 'NONE',  #1612 ) ;
#286 = DIRECTION ( 'NONE',  ( 0.000000000000000000, 0.000000000000000000, -1.000000000000000000 ) ) ;
#287 = ORIENTED_EDGE ( 'NONE', *, *, #3830, .F. ) ;
#288 = VECTOR ( 'NONE', #113, 1000.000000000000000 ) ;
#289 = CARTESIAN_POINT ( 'NONE',  ( 18.59999999999999787, 0.000000000000000000, 0.1499999999999999944 ) ) ;
#290 = ORIENTED_EDGE ( 'NONE', *, *, #5961, .F. ) ;
#291 = DIRECTION ( 'NONE',  ( 1.000000000000000000, 0.000000000000000000, 0.000000000000000000 ) ) ;
#292 = FACE_BOUND ( 'NONE', #293, .T. ) ;
#293 = EDGE_LOOP ( 'NONE', ( #2212, #3218 ) ) ;
#294 = ORIENTED_EDGE ( 'NONE', *, *, #2226, .T. ) ;
#295 = VECTOR ( 'NONE', #1361, 1000.000000000000000 ) ;
#296 = CARTESIAN_POINT ( 'NONE',  ( 22.10000000000000142, 6.870694089831527394E-15, 8.449999999999997513 ) ) ;
#297 = ORIENTED_EDGE ( 'NONE', *, *, #1355, .T. ) ;
#298 = ORIENTED_EDGE ( 'NONE', *, *, #602, .T. ) ;
#299 = DIRECTION ( 'NONE',  ( -1.000000000000000000, -0.000000000000000000, -0.000000000000000000 ) ) ;
#300 = VECTOR ( 'NONE', #4958, 1000.000000000000000 ) ;
#301 = DIRECTION ( 'NONE',  ( -1.000000000000000000, -0.000000000000000000, -0.000000000000000000 ) ) ;
#302 = EDGE_CURVE ( 'NONE', #3011, #1268, #2887, .T. ) ;
#303 = CARTESIAN_POINT ( 'NONE',  ( -47.19999999999999574, -1.734723475976807094E-15, 24.72882059609970895 ) ) ;
#304 = CARTESIAN_POINT ( 'NONE',  ( 18.59999999999999787, -2.763066821399118744, 7.121905987407648020 ) ) ;
#305 = DIRECTION ( 'NONE',  ( 1.000000000000000000, 0.000000000000000000, 0.000000000000000000 ) ) ;
#306 = ADVANCED_FACE ( 'NONE', ( #837 ), #327, .T. ) ;
#307 = VERTEX_POINT ( 'NONE', #4802 ) ;
#308 = CARTESIAN_POINT ( 'NONE',  ( -47.19999999999999574, 5.500000000000000000, 5.000000000000004441 ) ) ;
#309 = CARTESIAN_POINT ( 'NONE',  ( 22.59999999999999432, 2.606424087848269178, -8.614322577793585012 ) ) ;
#310 = VECTOR ( 'NONE', #4262, 1000.000000000000000 ) ;
#311 = LINE ( 'NONE', #1781, #2378 ) ;
#312 = EDGE_LOOP ( 'NONE', ( #4033, #525, #6086, #3647 ) ) ;
#313 = CIRCLE ( 'NONE', #6027, 10.00000000000000178 ) ;
#314 = LINE ( 'NONE', #4273, #1923 ) ;
#315 = VERTEX_POINT ( 'NONE', #2303 ) ;
#316 = PRESENTATION_LAYER_ASSIGNMENT (  '', '', ( #6347 ) ) ;
#317 = LINE ( 'NONE', #2255, #3644 ) ;
#318 = CARTESIAN_POINT ( 'NONE',  ( 22.59999999999999432, 1.030637635557567044, 3.864943216164022477 ) ) ;
#319 = CIRCLE ( 'NONE', #4772, 10.00000000000000000 ) ;
#320 = FACE_OUTER_BOUND ( 'NONE', #5428, .T. ) ;
#321 = ORIENTED_EDGE ( 'NONE', *, *, #232, .F. ) ;
#322 = EDGE_CURVE ( 'NONE', #1598, #784, #1852, .T. ) ;
#323 = DIRECTION ( 'NONE',  ( 1.000000000000000000, 0.000000000000000000, 0.000000000000000000 ) ) ;
#324 = FACE_OUTER_BOUND ( 'NONE', #2452, .T. ) ;
#325 = VERTEX_POINT ( 'NONE', #269 ) ;
#326 = VERTEX_POINT ( 'NONE', #4219 ) ;
#327 = CYLINDRICAL_SURFACE ( 'NONE', #1764, 7.000000000000000000 ) ;
#328 = ORIENTED_EDGE ( 'NONE', *, *, #5796, .T. ) ;
#329 = CIRCLE ( 'NONE', #4491, 5.499999999999998224 ) ;
#330 = CARTESIAN_POINT ( 'NONE',  ( 38.59999999999999432, 1.030637635557567044, 8.864943216164022033 ) ) ;
#331 = ORIENTED_EDGE ( 'NONE', *, *, #2625, .F. ) ;
#332 = CARTESIAN_POINT ( 'NONE',  ( -43.69999999999999574, 5.500000000000000000, 24.72882059609970895 ) ) ;
#333 = DIRECTION ( 'NONE',  ( -1.000000000000000000, -0.000000000000000000, -0.000000000000000000 ) ) ;
#334 = DIRECTION ( 'NONE',  ( -0.000000000000000000, -0.000000000000000000, -1.000000000000000000 ) ) ;
#335 = ORIENTED_EDGE ( 'NONE', *, *, #211, .T. ) ;
#336 = CARTESIAN_POINT ( 'NONE',  ( 22.59999999999999432, 8.572527594031474176E-16, -6.850000000000002309 ) ) ;
#337 = EDGE_CURVE ( 'NONE', #4080, #4239, #2183, .T. ) ;
#338 = DIRECTION ( 'NONE',  ( 0.000000000000000000, 0.000000000000000000, -1.000000000000000000 ) ) ;
#339 = DIRECTION ( 'NONE',  ( 0.000000000000000000, 0.000000000000000000, -1.000000000000000000 ) ) ;
#340 = CARTESIAN_POINT ( 'NONE',  ( 22.10000000000000142, 20.25000000000001066, 6.249999999999999112 ) ) ;
#341 = EDGE_CURVE ( 'NONE', #1850, #854, #5738, .T. ) ;
#342 = EDGE_LOOP ( 'NONE', ( #2752, #6171, #927, #5450 ) ) ;
#343 = PLANE ( 'NONE',  #3590 ) ;
#344 = DIRECTION ( 'NONE',  ( -1.000000000000000000, -0.000000000000000000, -0.000000000000000000 ) ) ;
#345 = ORIENTED_EDGE ( 'NONE', *, *, #1169, .T. ) ;
#346 = CARTESIAN_POINT ( 'NONE',  ( 24.10000000000000497, 29.50000000000000000, 0.000000000000000000 ) ) ;
#347 = EDGE_CURVE ( 'NONE', #5453, #3923, #3256, .T. ) ;
#348 = ORIENTED_EDGE ( 'NONE', *, *, #4483, .F. ) ;
#349 = CARTESIAN_POINT ( 'NONE',  ( 24.59999999999999787, -10.35047573531249654, 13.63583152989489911 ) ) ;
#350 = DIRECTION ( 'NONE',  ( 0.000000000000000000, 0.000000000000000000, -1.000000000000000000 ) ) ;
#351 = ORIENTED_EDGE ( 'NONE', *, *, #3989, .F. ) ;
#352 = LINE ( 'NONE', #4313, #6410 ) ;
#353 = CARTESIAN_POINT ( 'NONE',  ( 1.500000000000000000, 0.000000000000000000, 0.000000000000000000 ) ) ;
#354 = EDGE_CURVE ( 'NONE', #2426, #886, #2271, .T. ) ;
#355 = VERTEX_POINT ( 'NONE', #4284 ) ;
#356 = ORIENTED_EDGE ( 'NONE', *, *, #1086, .T. ) ;
#357 = VECTOR ( 'NONE', #4904, 1000.000000000000000 ) ;
#358 = CARTESIAN_POINT ( 'NONE',  ( 8.225974270706696956, 29.50000000000001066, 0.000000000000000000 ) ) ;
#359 = DIRECTION ( 'NONE',  ( 0.000000000000000000, -1.162264728904460753E-14, -1.000000000000000000 ) ) ;
#360 = ORIENTED_EDGE ( 'NONE', *, *, #4018, .T. ) ;
#361 = DIRECTION ( 'NONE',  ( 1.000000000000000000, 0.000000000000000000, 0.000000000000000000 ) ) ;
#362 = CYLINDRICAL_SURFACE ( 'NONE', #3230, 3.000000000000000444 ) ;
#363 = VECTOR ( 'NONE', #738, 1000.000000000000000 ) ;
#364 = DIRECTION ( 'NONE',  ( -0.000000000000000000, 0.000000000000000000, 1.000000000000000000 ) ) ;
#365 = CARTESIAN_POINT ( 'NONE',  ( 31.59999999999999787, 1.030637635557567044, 8.864943216164022033 ) ) ;
#366 = DIRECTION ( 'NONE',  ( -1.000000000000000000, -1.504111723692325477E-16, 0.000000000000000000 ) ) ;
#367 = CARTESIAN_POINT ( 'NONE',  ( 21.59999999999999787, -10.60302848086181804, -13.13818223212012626 ) ) ;
#368 = EDGE_CURVE ( 'NONE', #4639, #1348, #5461, .T. ) ;
#369 = ORIENTED_EDGE ( 'NONE', *, *, #6098, .T. ) ;
#370 = EDGE_CURVE ( 'NONE', #4300, #5916, #4494, .T. ) ;
#371 = FACE_BOUND ( 'NONE', #1400, .T. ) ;
#372 = CARTESIAN_POINT ( 'NONE',  ( 40.59999999999999432, 1.030637635557567044, 3.864943216164022477 ) ) ;
#373 = DIRECTION ( 'NONE',  ( 1.000000000000000000, 0.000000000000000000, 0.000000000000000000 ) ) ;
#374 = ORIENTED_EDGE ( 'NONE', *, *, #3489, .F. ) ;
#375 = ORIENTED_EDGE ( 'NONE', *, *, #2821, .T. ) ;
#376 = VERTEX_POINT ( 'NONE', #5336 ) ;
#377 = DIRECTION ( 'NONE',  ( 0.000000000000000000, 0.000000000000000000, 1.000000000000000000 ) ) ;
#378 = ADVANCED_FACE ( 'NONE', ( #1000 ), #5806, .T. ) ;
#379 = ORIENTED_EDGE ( 'NONE', *, *, #4521, .T. ) ;
#380 = CARTESIAN_POINT ( 'NONE',  ( 22.10000000000000142, 21.50000000000000000, 7.999999999999998224 ) ) ;
#381 = LINE ( 'NONE', #6345, #2365 ) ;
#382 = DIRECTION ( 'NONE',  ( 0.000000000000000000, 0.000000000000000000, -1.000000000000000000 ) ) ;
#383 = EDGE_CURVE ( 'NONE', #4907, #3555, #4903, .T. ) ;
#384 = EDGE_CURVE ( 'NONE', #4340, #1901, #6226, .T. ) ;
#385 = ORIENTED_EDGE ( 'NONE', *, *, #3779, .T. ) ;
#386 = ORIENTED_EDGE ( 'NONE', *, *, #1573, .F. ) ;
#387 = DIRECTION ( 'NONE',  ( 0.000000000000000000, 0.000000000000000000, -1.000000000000000000 ) ) ;
#388 = DIRECTION ( 'NONE',  ( 0.000000000000000000, 0.000000000000000000, 1.000000000000000000 ) ) ;
#389 = CARTESIAN_POINT ( 'NONE',  ( 1.500000000000002220, -10.35047573531249654, 13.63583152989489911 ) ) ;
#390 = ORIENTED_EDGE ( 'NONE', *, *, #729, .F. ) ;
#391 = CIRCLE ( 'NONE', #619, 7.000000000000002665 ) ;
#392 = FACE_OUTER_BOUND ( 'NONE', #2383, .T. ) ;
#393 = LINE ( 'NONE', #3861, #522 ) ;
#394 = EDGE_CURVE ( 'NONE', #5707, #4639, #1662, .T. ) ;
#395 = DIRECTION ( 'NONE',  ( -1.000000000000000000, -0.000000000000000000, -0.000000000000000000 ) ) ;
#396 = ADVANCED_FACE ( 'NONE', ( #521 ), #5942, .T. ) ;
#397 = ORIENTED_EDGE ( 'NONE', *, *, #5656, .F. ) ;
#398 = CIRCLE ( 'NONE', #5168, 7.000000000000000888 ) ;
#399 = DIRECTION ( 'NONE',  ( 0.000000000000000000, 0.000000000000000000, 1.000000000000000000 ) ) ;
#400 = ADVANCED_FACE ( 'NONE', ( #4969 ), #2982, .F. ) ;
#401 = CARTESIAN_POINT ( 'NONE',  ( 32.59999999999999432, -10.60302848086181804, -13.13818223212012626 ) ) ;
#402 = CARTESIAN_POINT ( 'NONE',  ( 40.59999999999999432, 1.158410705710341659, -3.828587812352703956 ) ) ;
#403 = VERTEX_POINT ( 'NONE', #60 ) ;
#404 = ORIENTED_EDGE ( 'NONE', *, *, #5277, .F. ) ;
#405 = AXIS2_PLACEMENT_3D ( 'NONE', #5669, #4677, #2332 ) ;
#406 = DIRECTION ( 'NONE',  ( 0.000000000000000000, 0.000000000000000000, 1.000000000000000000 ) ) ;
#407 = DIRECTION ( 'NONE',  ( -1.000000000000000000, -0.000000000000000000, -0.000000000000000000 ) ) ;
#408 = CARTESIAN_POINT ( 'NONE',  ( 37.59999999999999432, 0.000000000000000000, 0.1499999999999999944 ) ) ;
#409 = ORIENTED_EDGE ( 'NONE', *, *, #4202, .F. ) ;
#410 = VECTOR ( 'NONE', #4895, 1000.000000000000000 ) ;
#411 = DIRECTION ( 'NONE',  ( -1.000000000000000000, -0.000000000000000000, -0.000000000000000000 ) ) ;
#412 = CYLINDRICAL_SURFACE ( 'NONE', #814, 5.000000000000000000 ) ;
#413 = EDGE_LOOP ( 'NONE', ( #5900, #287, #4631, #3498 ) ) ;
#414 = ORIENTED_EDGE ( 'NONE', *, *, #4139, .T. ) ;
#415 = CARTESIAN_POINT ( 'NONE',  ( 38.59999999999999432, 2.318934680004526516, 8.696122236369051350 ) ) ;
#416 = AXIS2_PLACEMENT_3D ( 'NONE', #251, #4203, #783 ) ;
#417 = ORIENTED_EDGE ( 'NONE', *, *, #2397, .F. ) ;
#418 = LINE ( 'NONE', #2867, #2474 ) ;
#419 = DIRECTION ( 'NONE',  ( 1.000000000000000000, 0.000000000000000000, 0.000000000000000000 ) ) ;
#420 = AXIS2_PLACEMENT_3D ( 'NONE', #874, #3297, #1430 ) ;
#421 = ORIENTED_EDGE ( 'NONE', *, *, #3717, .F. ) ;
#422 = DIRECTION ( 'NONE',  ( -1.000000000000000000, -0.000000000000000000, -0.000000000000000000 ) ) ;
#423 = AXIS2_PLACEMENT_3D ( 'NONE', #5313, #1802, #4841 ) ;
#424 = DIRECTION ( 'NONE',  ( 0.000000000000000000, 0.000000000000000000, -1.000000000000000000 ) ) ;
#425 = EDGE_CURVE ( 'NONE', #1667, #6239, #4932, .T. ) ;
#426 = CIRCLE ( 'NONE', #3945, 7.000000000000000888 ) ;
#427 = EDGE_CURVE ( 'NONE', #5268, #3321, #867, .T. ) ;
#428 = CARTESIAN_POINT ( 'NONE',  ( 24.59999999999999787, 1.158410705710341659, -3.828587812352703956 ) ) ;
#429 = CARTESIAN_POINT ( 'NONE',  ( 1.500000000000002220, -10.35047573531249654, 13.63583152989489911 ) ) ;
#430 = ORIENTED_EDGE ( 'NONE', *, *, #23, .T. ) ;
#431 = ADVANCED_FACE ( 'NONE', ( #3353 ), #3887, .T. ) ;
#432 = ORIENTED_EDGE ( 'NONE', *, *, #2908, .F. ) ;
#433 = ORIENTED_EDGE ( 'NONE', *, *, #3986, .F. ) ;
#434 = DIRECTION ( 'NONE',  ( 0.000000000000000000, -0.000000000000000000, -1.000000000000000000 ) ) ;
#435 = EDGE_CURVE ( 'NONE', #5916, #3018, #1559, .T. ) ;
#436 = CARTESIAN_POINT ( 'NONE',  ( 22.10000000000000142, 7.099999999999999645, -8.450000000000001066 ) ) ;
#437 = DIRECTION ( 'NONE',  ( 1.000000000000000000, 0.000000000000000000, 0.000000000000000000 ) ) ;
#438 = ORIENTED_EDGE ( 'NONE', *, *, #1108, .T. ) ;
#439 = EDGE_LOOP ( 'NONE', ( #2892, #978, #505, #756 ) ) ;
#440 = AXIS2_PLACEMENT_3D ( 'NONE', #2969, #47, #3073 ) ;
#441 = CARTESIAN_POINT ( 'NONE',  ( 1.500000000000000000, 0.000000000000000000, 7.150000000000000355 ) ) ;
#442 = VERTEX_POINT ( 'NONE', #3860 ) ;
#443 = CARTESIAN_POINT ( 'NONE',  ( -43.29999999999999716, 14.50000000000000355, 0.000000000000000000 ) ) ;
#444 = ORIENTED_EDGE ( 'NONE', *, *, #2376, .T. ) ;
#445 = VERTEX_POINT ( 'NONE', #5867 ) ;
#446 = DIRECTION ( 'NONE',  ( 0.000000000000000000, 0.000000000000000000, -1.000000000000000000 ) ) ;
#447 = ORIENTED_EDGE ( 'NONE', *, *, #5051, .T. ) ;
#448 = DIRECTION ( 'NONE',  ( 0.000000000000000000, 0.000000000000000000, -1.000000000000000000 ) ) ;
#449 = CARTESIAN_POINT ( 'NONE',  ( 29.59999999999999787, 1.030637635557567044, 3.864943216164022477 ) ) ;
#450 = PRODUCT_DEFINITION_SHAPE ( 'NONE', 'NONE',  #4589 ) ;
#451 = CARTESIAN_POINT ( 'NONE',  ( 26.59999999999999787, -2.763066821399118744, 7.121905987407648020 ) ) ;
#452 = ORIENTED_EDGE ( 'NONE', *, *, #189, .T. ) ;
#453 = VERTEX_POINT ( 'NONE', #4835 ) ;
#454 = DIRECTION ( 'NONE',  ( -1.000000000000000000, -0.000000000000000000, -0.000000000000000000 ) ) ;
#455 = CARTESIAN_POINT ( 'NONE',  ( 1.500000000000000000, 0.000000000000000000, 0.1499999999999999944 ) ) ;
#456 = DIRECTION ( 'NONE',  ( -1.000000000000000000, -0.000000000000000000, -0.000000000000000000 ) ) ;
#457 = CYLINDRICAL_SURFACE ( 'NONE', #1539, 5.000000000000000000 ) ;
#458 = ADVANCED_FACE ( 'NONE', ( #392 ), #1949, .F. ) ;
#459 = DIRECTION ( 'NONE',  ( 1.000000000000000000, 0.000000000000000000, 0.000000000000000000 ) ) ;
#460 = CIRCLE ( 'NONE', #4803, 7.000000000000000888 ) ;
#461 = VERTEX_POINT ( 'NONE', #2881 ) ;
#462 = DIRECTION ( 'NONE',  ( -1.000000000000000000, -0.000000000000000000, -0.000000000000000000 ) ) ;
#463 = AXIS2_PLACEMENT_3D ( 'NONE', #3133, #1104, #2666 ) ;
#464 = DIRECTION ( 'NONE',  ( -1.000000000000000000, -0.000000000000000000, -0.000000000000000000 ) ) ;
#465 = EDGE_CURVE ( 'NONE', #4501, #1163, #4389, .T. ) ;
#466 = LINE ( 'NONE', #6091, #5269 ) ;
#467 = ORIENTED_EDGE ( 'NONE', *, *, #4121, .F. ) ;
#468 = ORIENTED_EDGE ( 'NONE', *, *, #3266, .T. ) ;
#469 = EDGE_CURVE ( 'NONE', #4501, #3792, #5778, .T. ) ;
#470 = CIRCLE ( 'NONE', #4103, 5.000000000000000888 ) ;
#471 = CARTESIAN_POINT ( 'NONE',  ( 25.59999999999999787, -10.35047573531249654, 13.63583152989489911 ) ) ;
#472 = ORIENTED_EDGE ( 'NONE', *, *, #1086, .F. ) ;
#473 = DIRECTION ( 'NONE',  ( 1.000000000000000000, 0.000000000000000000, 0.000000000000000000 ) ) ;
#474 = ORIENTED_EDGE ( 'NONE', *, *, #5086, .F. ) ;
#475 = EDGE_LOOP ( 'NONE', ( #1466, #6074, #2328, #2134 ) ) ;
#476 = CIRCLE ( 'NONE', #4928, 3.500000000000003109 ) ;
#477 = CYLINDRICAL_SURFACE ( 'NONE', #2623, 5.000000000000000000 ) ;
#478 = ORIENTED_EDGE ( 'NONE', *, *, #2158, .F. ) ;
#479 = DIRECTION ( 'NONE',  ( 1.000000000000000000, 0.000000000000000000, 0.000000000000000000 ) ) ;
#480 = CARTESIAN_POINT ( 'NONE',  ( 18.59999999999999787, 0.000000000000000000, -6.049999999999999822 ) ) ;
#481 = ORIENTED_EDGE ( 'NONE', *, *, #4078, .F. ) ;
#482 = ORIENTED_EDGE ( 'NONE', *, *, #1596, .T. ) ;
#483 = CARTESIAN_POINT ( 'NONE',  ( 1.500000000000000000, 0.000000000000000000, 0.000000000000000000 ) ) ;
#484 = CARTESIAN_POINT ( 'NONE',  ( -8.300000000000002487, 4.499999999999999112, 2.650000000000000799 ) ) ;
#485 = DIRECTION ( 'NONE',  ( 1.000000000000000000, 0.000000000000000000, 0.000000000000000000 ) ) ;
#486 = ORIENTED_EDGE ( 'NONE', *, *, #2917, .T. ) ;
#487 = LINE ( 'NONE', #973, #3872 ) ;
#488 = ADVANCED_FACE ( 'NONE', ( #6419 ), #3456, .F. ) ;
#489 = EDGE_CURVE ( 'NONE', #6073, #3730, #3514, .T. ) ;
#490 = AXIS2_PLACEMENT_3D ( 'NONE', #681, #4532, #3557 ) ;
#491 = DIRECTION ( 'NONE',  ( -0.000000000000000000, -0.000000000000000000, -1.000000000000000000 ) ) ;
#492 = VERTEX_POINT ( 'NONE', #171 ) ;
#493 = ORIENTED_EDGE ( 'NONE', *, *, #4854, .F. ) ;
#494 = AXIS2_PLACEMENT_3D ( 'NONE', #2762, #4717, #276 ) ;
#495 = EDGE_CURVE ( 'NONE', #3773, #4573, #2149, .T. ) ;
#496 = FACE_OUTER_BOUND ( 'NONE', #2021, .T. ) ;
#497 = EDGE_LOOP ( 'NONE', ( #1059, #1768, #335, #4306 ) ) ;
#498 = AXIS2_PLACEMENT_3D ( 'NONE', #389, #966, #2364 ) ;
#499 = LINE ( 'NONE', #5476, #508 ) ;
#500 = ORIENTED_EDGE ( 'NONE', *, *, #4939, .F. ) ;
#501 = VECTOR ( 'NONE', #1465, 1000.000000000000000 ) ;
#502 = VERTEX_POINT ( 'NONE', #4614 ) ;
#503 = DIRECTION ( 'NONE',  ( -1.000000000000000000, -1.278665952808456908E-16, 0.000000000000000000 ) ) ;
#504 = EDGE_CURVE ( 'NONE', #6312, #5306, #4126, .T. ) ;
#505 = ORIENTED_EDGE ( 'NONE', *, *, #4767, .F. ) ;
#506 = CARTESIAN_POINT ( 'NONE',  ( 38.59999999999999432, 1.158410705710341659, -3.828587812352703956 ) ) ;
#507 = VECTOR ( 'NONE', #3577, 1000.000000000000000 ) ;
#508 = VECTOR ( 'NONE', #2964, 1000.000000000000000 ) ;
#509 = DIRECTION ( 'NONE',  ( 1.000000000000000000, 0.000000000000000000, 0.000000000000000000 ) ) ;
#510 = ORIENTED_EDGE ( 'NONE', *, *, #110, .T. ) ;
#511 = VECTOR ( 'NONE', #1437, 1000.000000000000000 ) ;
#512 = AXIS2_PLACEMENT_3D ( 'NONE', #2567, #2086, #6049 ) ;
#513 = VERTEX_POINT ( 'NONE', #1527 ) ;
#514 = CARTESIAN_POINT ( 'NONE',  ( 32.59999999999999432, 1.030637635557567044, 8.864943216164022033 ) ) ;
#515 = DIRECTION ( 'NONE',  ( 0.000000000000000000, 0.000000000000000000, -1.000000000000000000 ) ) ;
#516 = LINE ( 'NONE', #2507, #1674 ) ;
#517 = CONTEXT_DEPENDENT_SHAPE_REPRESENTATION ( #2626, #3620 ) ;
#518 = CARTESIAN_POINT ( 'NONE',  ( 22.59999999999999432, 0.000000000000000000, 0.1499999999999999944 ) ) ;
#519 = AXIS2_PLACEMENT_3D ( 'NONE', #3699, #5681, #273 ) ;
#520 = CARTESIAN_POINT ( 'NONE',  ( 1.500000000000001554, 1.030637635557567044, 3.864943216164022477 ) ) ;
#521 = FACE_OUTER_BOUND ( 'NONE', #1341, .T. ) ;
#522 = VECTOR ( 'NONE', #5203, 1000.000000000000000 ) ;
#523 = VECTOR ( 'NONE', #5489, 1000.000000000000000 ) ;
#524 = ORIENTED_EDGE ( 'NONE', *, *, #2749, .F. ) ;
#525 = ORIENTED_EDGE ( 'NONE', *, *, #383, .T. ) ;
#526 = DIRECTION ( 'NONE',  ( 2.891205793294679312E-16, 0.000000000000000000, 1.000000000000000000 ) ) ;
#527 = FILL_AREA_STYLE ('',( #2284 ) ) ;
#528 = DIRECTION ( 'NONE',  ( 0.000000000000000000, 0.000000000000000000, -1.000000000000000000 ) ) ;
#529 = ORIENTED_EDGE ( 'NONE', *, *, #5564, .F. ) ;
#530 = DIRECTION ( 'NONE',  ( 1.000000000000000000, 0.000000000000000000, 0.000000000000000000 ) ) ;
#531 = DIRECTION ( 'NONE',  ( -0.000000000000000000, -0.000000000000000000, -1.000000000000000000 ) ) ;
#532 = DIRECTION ( 'NONE',  ( 0.000000000000000000, 0.000000000000000000, -1.000000000000000000 ) ) ;
#533 = VERTEX_POINT ( 'NONE', #89 ) ;
#534 = EDGE_CURVE ( 'NONE', #5945, #4911, #4064, .T. ) ;
#535 = DIRECTION ( 'NONE',  ( 0.000000000000000000, 0.000000000000000000, -1.000000000000000000 ) ) ;
#536 = VERTEX_POINT ( 'NONE', #1566 ) ;
#537 = ORIENTED_EDGE ( 'NONE', *, *, #4344, .T. ) ;
#538 = ORIENTED_EDGE ( 'NONE', *, *, #4473, .T. ) ;
#539 = EDGE_CURVE ( 'NONE', #1497, #453, #2023, .T. ) ;
#540 = FACE_OUTER_BOUND ( 'NONE', #1783, .T. ) ;
#541 = UNCERTAINTY_MEASURE_WITH_UNIT (LENGTH_MEASURE( 1.000000000000000082E-05 ), #1404, 'distance_accuracy_value', 'NONE');
#542 = CARTESIAN_POINT ( 'NONE',  ( 36.59999999999999432, -10.60302848086181804, -13.13818223212012626 ) ) ;
#543 = ORIENTED_EDGE ( 'NONE', *, *, #559, .F. ) ;
#544 = EDGE_CURVE ( 'NONE', #1820, #5023, #1651, .T. ) ;
#545 = FACE_OUTER_BOUND ( 'NONE', #2009, .T. ) ;
#546 = ORIENTED_EDGE ( 'NONE', *, *, #3952, .F. ) ;
#547 = VERTEX_POINT ( 'NONE', #5127 ) ;
#548 = DIRECTION ( 'NONE',  ( -1.000000000000000000, -0.000000000000000000, -0.000000000000000000 ) ) ;
#549 = FACE_OUTER_BOUND ( 'NONE', #2366, .T. ) ;
#550 = FACE_OUTER_BOUND ( 'NONE', #2159, .T. ) ;
#551 = DIRECTION ( 'NONE',  ( 0.000000000000000000, 0.000000000000000000, -1.000000000000000000 ) ) ;
#552 = LINE ( 'NONE', #2540, #2492 ) ;
#553 = AXIS2_PLACEMENT_3D ( 'NONE', #8, #5789, #446 ) ;
#554 = ORIENTED_EDGE ( 'NONE', *, *, #1111, .T. ) ;
#555 = ORIENTED_EDGE ( 'NONE', *, *, #3241, .F. ) ;
#556 = CARTESIAN_POINT ( 'NONE',  ( 1.500000000000002220, -10.35047573531249654, 13.63583152989489911 ) ) ;
#557 = FACE_OUTER_BOUND ( 'NONE', #5235, .T. ) ;
#558 = VECTOR ( 'NONE', #1320, 1000.000000000000000 ) ;
#559 = EDGE_CURVE ( 'NONE', #744, #1061, #4562, .T. ) ;
#560 = LINE ( 'NONE', #976, #2903 ) ;
#561 = ADVANCED_FACE ( 'NONE', ( #5612 ), #1158, .T. ) ;
#562 = CIRCLE ( 'NONE', #66, 3.500000000000003109 ) ;
#563 = DIRECTION ( 'NONE',  ( 0.000000000000000000, 0.000000000000000000, -1.000000000000000000 ) ) ;
#564 = DIRECTION ( 'NONE',  ( 0.000000000000000000, -1.162264728904460753E-14, -1.000000000000000000 ) ) ;
#565 = AXIS2_PLACEMENT_3D ( 'NONE', #520, #586, #2566 ) ;
#566 = DIRECTION ( 'NONE',  ( 1.504111723692325724E-16, -1.000000000000000000, 0.000000000000000000 ) ) ;
#567 = ORIENTED_EDGE ( 'NONE', *, *, #5173, .F. ) ;
#568 = AXIS2_PLACEMENT_3D ( 'NONE', #3269, #1836, #3805 ) ;
#569 = DIRECTION ( 'NONE',  ( 1.000000000000000000, 0.000000000000000000, 0.000000000000000000 ) ) ;
#570 = EDGE_LOOP ( 'NONE', ( #3517, #2631, #5155, #5926 ) ) ;
#571 =( GEOMETRIC_REPRESENTATION_CONTEXT ( 3 ) GLOBAL_UNCERTAINTY_ASSIGNED_CONTEXT ( ( #5998 ) ) GLOBAL_UNIT_ASSIGNED_CONTEXT ( ( #1935, #4509, #3842 ) ) REPRESENTATION_CONTEXT ( 'NONE', 'WORKASPACE' ) );
#572 = ADVANCED_FACE ( 'NONE', ( #5975 ), #3120, .F. ) ;
#573 = DIRECTION ( 'NONE',  ( 0.000000000000000000, 0.000000000000000000, -1.000000000000000000 ) ) ;
#574 = EDGE_CURVE ( 'NONE', #1985, #1598, #552, .T. ) ;
#575 = FACE_OUTER_BOUND ( 'NONE', #413, .T. ) ;
#576 = VERTEX_POINT ( 'NONE', #2053 ) ;
#577 = EDGE_LOOP ( 'NONE', ( #2077, #328, #3876, #6041 ) ) ;
#578 = PLANE ( 'NONE',  #6032 ) ;
#579 = AXIS2_PLACEMENT_3D ( 'NONE', #148, #1534, #3612 ) ;
#580 = ORIENTED_EDGE ( 'NONE', *, *, #539, .T. ) ;
#581 = ORIENTED_EDGE ( 'NONE', *, *, #3697, .T. ) ;
#582 = DIRECTION ( 'NONE',  ( 1.000000000000000000, 0.000000000000000000, 0.000000000000000000 ) ) ;
#583 = EDGE_CURVE ( 'NONE', #4853, #1425, #2886, .T. ) ;
#584 = CARTESIAN_POINT ( 'NONE',  ( 39.59999999999999432, 2.318934680004526516, 8.696122236369051350 ) ) ;
#585 = EDGE_CURVE ( 'NONE', #4119, #4588, #5029, .T. ) ;
#586 = DIRECTION ( 'NONE',  ( -1.000000000000000000, -0.000000000000000000, -0.000000000000000000 ) ) ;
#587 = DIRECTION ( 'NONE',  ( -0.000000000000000000, -0.000000000000000000, -1.000000000000000000 ) ) ;
#588 = EDGE_CURVE ( 'NONE', #4382, #376, #2587, .T. ) ;
#589 = ORIENTED_EDGE ( 'NONE', *, *, #826, .F. ) ;
#590 = CARTESIAN_POINT ( 'NONE',  ( 31.59999999999999787, 0.000000000000000000, 0.000000000000000000 ) ) ;
#591 = DIRECTION ( 'NONE',  ( -1.000000000000000000, -0.000000000000000000, -0.000000000000000000 ) ) ;
#592 = ORIENTED_EDGE ( 'NONE', *, *, #5270, .F. ) ;
#593 = CYLINDRICAL_SURFACE ( 'NONE', #1567, 5.499999999999998224 ) ;
#594 = CARTESIAN_POINT ( 'NONE',  ( 0.000000000000000000, 29.50000000000001066, 0.000000000000000000 ) ) ;
#595 = EDGE_CURVE ( 'NONE', #3629, #5324, #2627, .T. ) ;
#596 = FACE_OUTER_BOUND ( 'NONE', #4828, .T. ) ;
#597 = PLANE ( 'NONE',  #4664 ) ;
#598 = VERTEX_POINT ( 'NONE', #3579 ) ;
#599 = EDGE_CURVE ( 'NONE', #1620, #4357, #1094, .T. ) ;
#600 = ORIENTED_EDGE ( 'NONE', *, *, #860, .T. ) ;
#601 = VECTOR ( 'NONE', #4814, 1000.000000000000000 ) ;
#602 = EDGE_CURVE ( 'NONE', #5819, #376, #617, .T. ) ;
#603 = CARTESIAN_POINT ( 'NONE',  ( 1.500000000000001554, 1.030637635557567044, 3.864943216164022477 ) ) ;
#604 = PRODUCT_DEFINITION_CONTEXT ( 'detailed design', #1296, 'design' ) ;
#605 = VECTOR ( 'NONE', #2906, 1000.000000000000000 ) ;
#606 = CARTESIAN_POINT ( 'NONE',  ( 19.59999999999999787, 1.158410705710341659, -3.828587812352703956 ) ) ;
#607 = CIRCLE ( 'NONE', #4232, 9.000000000000000000 ) ;
#608 = ORIENTED_EDGE ( 'NONE', *, *, #1119, .T. ) ;
#609 = EDGE_LOOP ( 'NONE', ( #5122, #3045, #472, #147, #3609, #5300, #1154, #268, #3216, #278, #2496, #5742, #1827, #2026, #5953, #4663, #2241 ) ) ;
#610 = SURFACE_SIDE_STYLE ('',( #5157 ) ) ;
#611 = ORIENTED_EDGE ( 'NONE', *, *, #1202, .T. ) ;
#612 = DIRECTION ( 'NONE',  ( -1.000000000000000000, -0.000000000000000000, -0.000000000000000000 ) ) ;
#613 = DIRECTION ( 'NONE',  ( 1.000000000000000000, 0.000000000000000000, 0.000000000000000000 ) ) ;
#614 = AXIS2_PLACEMENT_3D ( 'NONE', #5717, #1741, #3708 ) ;
#615 = DIRECTION ( 'NONE',  ( 1.000000000000000000, 0.000000000000000000, 0.000000000000000000 ) ) ;
#616 = VECTOR ( 'NONE', #6082, 1000.000000000000000 ) ;
#617 = LINE ( 'NONE', #4583, #616 ) ;
#618 = ORIENTED_EDGE ( 'NONE', *, *, #6122, .T. ) ;
#619 = AXIS2_PLACEMENT_3D ( 'NONE', #594, #6289, #5171 ) ;
#620 = ORIENTED_EDGE ( 'NONE', *, *, #970, .F. ) ;
#621 = CARTESIAN_POINT ( 'NONE',  ( 23.59999999999999432, 1.030637635557567044, 3.864943216164022477 ) ) ;
#622 = AXIS2_PLACEMENT_3D ( 'NONE', #3973, #3528, #983 ) ;
#623 = CARTESIAN_POINT ( 'NONE',  ( 30.59999999999999432, 1.158410705710341659, -3.828587812352703956 ) ) ;
#624 = ORIENTED_EDGE ( 'NONE', *, *, #302, .F. ) ;
#625 = DIRECTION ( 'NONE',  ( 0.000000000000000000, 0.000000000000000000, -1.000000000000000000 ) ) ;
#626 = LINE ( 'NONE', #2547, #5279 ) ;
#627 = ORIENTED_EDGE ( 'NONE', *, *, #2443, .F. ) ;
#628 = DIRECTION ( 'NONE',  ( 0.000000000000000000, -1.000000000000000000, -6.195440985631460248E-16 ) ) ;
#629 = DIRECTION ( 'NONE',  ( 1.000000000000000000, 0.000000000000000000, 0.000000000000000000 ) ) ;
#630 = CYLINDRICAL_SURFACE ( 'NONE', #1032, 10.00000000000000000 ) ;
#631 = ORIENTED_EDGE ( 'NONE', *, *, #5470, .T. ) ;
#632 = DIRECTION ( 'NONE',  ( 0.000000000000000000, 0.000000000000000000, 1.000000000000000000 ) ) ;
#633 = DIRECTION ( 'NONE',  ( 0.000000000000000000, 0.000000000000000000, 1.000000000000000000 ) ) ;
#634 = EDGE_CURVE ( 'NONE', #4119, #2799, #1626, .T. ) ;
#635 = DIRECTION ( 'NONE',  ( -1.000000000000000000, -1.504111723692325477E-16, 0.000000000000000000 ) ) ;
#636 = VERTEX_POINT ( 'NONE', #4185 ) ;
#637 = ORIENTED_EDGE ( 'NONE', *, *, #6317, .F. ) ;
#638 = AXIS2_PLACEMENT_3D ( 'NONE', #1199, #3694, #4873 ) ;
#639 = ORIENTED_EDGE ( 'NONE', *, *, #127, .T. ) ;
#640 = ORIENTED_EDGE ( 'NONE', *, *, #6249, .F. ) ;
#641 = DIRECTION ( 'NONE',  ( 1.000000000000000000, 0.000000000000000000, 0.000000000000000000 ) ) ;
#642 = DIRECTION ( 'NONE',  ( -1.000000000000000000, 0.000000000000000000, 1.445602896647339656E-16 ) ) ;
#643 = DIRECTION ( 'NONE',  ( 0.000000000000000000, 0.000000000000000000, 1.000000000000000000 ) ) ;
#644 = CARTESIAN_POINT ( 'NONE',  ( -43.29999999999999716, 9.378143885933059920, 24.72882059609970895 ) ) ;
#645 = ORIENTED_EDGE ( 'NONE', *, *, #6098, .F. ) ;
#646 = CARTESIAN_POINT ( 'NONE',  ( -52.69999999999999574, 5.500000000000000000, 2.700000000000008171 ) ) ;
#647 = DIRECTION ( 'NONE',  ( 0.000000000000000000, 0.000000000000000000, -1.000000000000000000 ) ) ;
#648 = ADVANCED_FACE ( 'NONE', ( #3400, #3686 ), #1720, .F. ) ;
#649 = DIRECTION ( 'NONE',  ( 0.000000000000000000, 0.000000000000000000, -1.000000000000000000 ) ) ;
#650 = AXIS2_PLACEMENT_3D ( 'NONE', #4443, #1876, #917 ) ;
#651 = DIRECTION ( 'NONE',  ( 0.000000000000000000, 1.294569758191647155E-16, -1.000000000000000000 ) ) ;
#652 = VECTOR ( 'NONE', #3696, 1000.000000000000000 ) ;
#653 = ORIENTED_EDGE ( 'NONE', *, *, #3397, .F. ) ;
#654 = DIRECTION ( 'NONE',  ( 0.000000000000000000, 0.000000000000000000, -1.000000000000000000 ) ) ;
#655 = CIRCLE ( 'NONE', #2532, 5.000000000000000000 ) ;
#656 = CARTESIAN_POINT ( 'NONE',  ( -40.70000000000000284, 0.000000000000000000, 8.449999999999999289 ) ) ;
#657 = EDGE_CURVE ( 'NONE', #4887, #2605, #1408, .T. ) ;
#658 = PLANE ( 'NONE',  #217 ) ;
#659 = EDGE_CURVE ( 'NONE', #676, #1016, #2231, .T. ) ;
#660 = DIRECTION ( 'NONE',  ( 0.000000000000000000, -1.162264728904460753E-14, -1.000000000000000000 ) ) ;
#661 = LINE ( 'NONE', #2438, #2577 ) ;
#662 = ORIENTED_EDGE ( 'NONE', *, *, #3266, .F. ) ;
#663 = LINE ( 'NONE', #1675, #1670 ) ;
#664 = CARTESIAN_POINT ( 'NONE',  ( 34.60000000000000142, 2.606424087848269178, -8.614322577793585012 ) ) ;
#665 = CARTESIAN_POINT ( 'NONE',  ( 29.59999999999999787, 1.158410705710341659, -3.828587812352703956 ) ) ;
#666 = VECTOR ( 'NONE', #5185, 1000.000000000000000 ) ;
#667 = EDGE_LOOP ( 'NONE', ( #1475, #6200, #433, #5133 ) ) ;
#668 = ORIENTED_EDGE ( 'NONE', *, *, #2376, .F. ) ;
#669 = ORIENTED_EDGE ( 'NONE', *, *, #5630, .T. ) ;
#670 = AXIS2_PLACEMENT_3D ( 'NONE', #1226, #291, #4189 ) ;
#671 = ORIENTED_EDGE ( 'NONE', *, *, #5141, .T. ) ;
#672 = CARTESIAN_POINT ( 'NONE',  ( 34.60000000000000142, 2.318934680004526516, 8.696122236369051350 ) ) ;
#673 = DIRECTION ( 'NONE',  ( -1.000000000000000000, -0.000000000000000000, -0.000000000000000000 ) ) ;
#674 = CARTESIAN_POINT ( 'NONE',  ( 40.59999999999999432, 0.000000000000000000, 0.000000000000000000 ) ) ;
#675 = VECTOR ( 'NONE', #6162, 1000.000000000000000 ) ;
#676 = VERTEX_POINT ( 'NONE', #2900 ) ;
#677 = ADVANCED_FACE ( 'NONE', ( #5386 ), #4212, .T. ) ;
#678 = DIRECTION ( 'NONE',  ( -1.000000000000000000, 0.000000000000000000, 0.000000000000000000 ) ) ;
#679 = CYLINDRICAL_SURFACE ( 'NONE', #2367, 9.000000000000000000 ) ;
#680 = VERTEX_POINT ( 'NONE', #914 ) ;
#681 = CARTESIAN_POINT ( 'NONE',  ( 39.59999999999999432, 0.000000000000000000, 0.000000000000000000 ) ) ;
#682 = LINE ( 'NONE', #4645, #2188 ) ;
#683 = CARTESIAN_POINT ( 'NONE',  ( 23.59999999999999432, 1.158410705710341659, -3.828587812352703956 ) ) ;
#684 = DIRECTION ( 'NONE',  ( 0.000000000000000000, 0.000000000000000000, -1.000000000000000000 ) ) ;
#685 = DIRECTION ( 'NONE',  ( 0.000000000000000000, 0.000000000000000000, -1.000000000000000000 ) ) ;
#686 = DIRECTION ( 'NONE',  ( 0.000000000000000000, 0.000000000000000000, -1.000000000000000000 ) ) ;
#687 = AXIS2_PLACEMENT_3D ( 'NONE', #6414, #454, #515 ) ;
#688 = PRODUCT ( 'fin_asm', 'fin_asm', '', ( #950 ) ) ;
#689 = LINE ( 'NONE', #4999, #3941 ) ;
#690 = ADVANCED_FACE ( 'NONE', ( #5665 ), #3206, .T. ) ;
#691 = LINE ( 'NONE', #3655, #2869 ) ;
#692 = DIRECTION ( 'NONE',  ( 1.000000000000000000, 0.000000000000000000, 0.000000000000000000 ) ) ;
#693 = AXIS2_PLACEMENT_3D ( 'NONE', #1102, #651, #6021 ) ;
#694 = CIRCLE ( 'NONE', #3094, 6.049999999999999822 ) ;
#695 = ORIENTED_EDGE ( 'NONE', *, *, #559, .T. ) ;
#696 = ORIENTED_EDGE ( 'NONE', *, *, #6399, .T. ) ;
#697 = DIRECTION ( 'NONE',  ( -1.000000000000000000, -0.000000000000000000, -0.000000000000000000 ) ) ;
#698 = ORIENTED_EDGE ( 'NONE', *, *, #3443, .T. ) ;
#699 = DIRECTION ( 'NONE',  ( 1.000000000000000000, 0.000000000000000000, 0.000000000000000000 ) ) ;
#700 = CIRCLE ( 'NONE', #5170, 5.000000000000000888 ) ;
#701 = LINE ( 'NONE', #2709, #2994 ) ;
#702 = CIRCLE ( 'NONE', #1542, 3.500000000000003109 ) ;
#703 = DIRECTION ( 'NONE',  ( 1.000000000000000000, 0.000000000000000000, 0.000000000000000000 ) ) ;
#704 = AXIS2_PLACEMENT_3D ( 'NONE', #1792, #5733, #1846 ) ;
#705 = ADVANCED_FACE ( 'NONE', ( #1263 ), #412, .T. ) ;
#706 = CARTESIAN_POINT ( 'NONE',  ( 32.59999999999999432, 0.000000000000000000, 0.000000000000000000 ) ) ;
#707 = VERTEX_POINT ( 'NONE', #3246 ) ;
#708 = CIRCLE ( 'NONE', #3196, 5.000000000000000000 ) ;
#709 = ORIENTED_EDGE ( 'NONE', *, *, #2665, .F. ) ;
#710 = CARTESIAN_POINT ( 'NONE',  ( 13.80000000000000249, 8.099999999999999645, -8.000000000000000000 ) ) ;
#711 = LINE ( 'NONE', #3252, #6004 ) ;
#712 = EDGE_CURVE ( 'NONE', #6235, #5147, #1231, .T. ) ;
#713 = CIRCLE ( 'NONE', #2372, 7.000000000000000888 ) ;
#714 = ORIENTED_EDGE ( 'NONE', *, *, #2647, .T. ) ;
#715 = CIRCLE ( 'NONE', #1552, 7.000000000000000888 ) ;
#716 = CARTESIAN_POINT ( 'NONE',  ( 29.59999999999999787, -10.60302848086181804, -13.13818223212012626 ) ) ;
#717 = VECTOR ( 'NONE', #3935, 1000.000000000000000 ) ;
#718 = DIRECTION ( 'NONE',  ( 1.000000000000000000, 0.000000000000000000, 0.000000000000000000 ) ) ;
#719 = AXIS2_PLACEMENT_3D ( 'NONE', #5202, #4771, #5308 ) ;
#720 = DIRECTION ( 'NONE',  ( -1.000000000000000000, -0.000000000000000000, -0.000000000000000000 ) ) ;
#721 = CARTESIAN_POINT ( 'NONE',  ( 38.59999999999999432, -2.762069023147044167, -6.931785952275177465 ) ) ;
#722 = DIRECTION ( 'NONE',  ( -0.000000000000000000, 0.000000000000000000, 1.000000000000000000 ) ) ;
#723 = CIRCLE ( 'NONE', #6023, 7.000000000000000888 ) ;
#724 = VERTEX_POINT ( 'NONE', #201 ) ;
#725 = VECTOR ( 'NONE', #5298, 1000.000000000000000 ) ;
#726 = DIRECTION ( 'NONE',  ( 0.000000000000000000, 0.000000000000000000, -1.000000000000000000 ) ) ;
#727 = DIRECTION ( 'NONE',  ( -1.000000000000000000, 0.000000000000000000, 2.478176394252579169E-16 ) ) ;
#728 = DIRECTION ( 'NONE',  ( 0.000000000000000000, 0.000000000000000000, -1.000000000000000000 ) ) ;
#729 = EDGE_CURVE ( 'NONE', #2866, #5220, #18, .T. ) ;
#730 = CIRCLE ( 'NONE', #4061, 7.000000000000000888 ) ;
#731 = ORIENTED_EDGE ( 'NONE', *, *, #4612, .T. ) ;
#732 = CIRCLE ( 'NONE', #2099, 7.000000000000000888 ) ;
#733 = AXIS2_PLACEMENT_3D ( 'NONE', #4603, #4844, #6266 ) ;
#734 = ORIENTED_EDGE ( 'NONE', *, *, #4182, .F. ) ;
#735 = DIRECTION ( 'NONE',  ( 0.000000000000000000, 0.000000000000000000, 1.000000000000000000 ) ) ;
#736 = DIRECTION ( 'NONE',  ( -0.000000000000000000, 0.000000000000000000, 1.000000000000000000 ) ) ;
#737 = ADVANCED_FACE ( 'NONE', ( #6206 ), #1688, .F. ) ;
#738 = DIRECTION ( 'NONE',  ( -1.000000000000000000, -0.000000000000000000, -0.000000000000000000 ) ) ;
#739 = DIRECTION ( 'NONE',  ( 1.000000000000000000, 0.000000000000000000, 0.000000000000000000 ) ) ;
#740 = EDGE_CURVE ( 'NONE', #3680, #4950, #4372, .T. ) ;
#741 = EDGE_LOOP ( 'NONE', ( #3727, #3839, #1514, #2863 ) ) ;
#742 = DIRECTION ( 'NONE',  ( -1.000000000000000000, -0.000000000000000000, -0.000000000000000000 ) ) ;
#743 = CARTESIAN_POINT ( 'NONE',  ( 28.59999999999999787, 0.000000000000000000, 0.000000000000000000 ) ) ;
#744 = VERTEX_POINT ( 'NONE', #4247 ) ;
#745 = ORIENTED_EDGE ( 'NONE', *, *, #1055, .F. ) ;
#746 = CARTESIAN_POINT ( 'NONE',  ( 13.80000000000000249, 14.50000000000000533, 0.000000000000000000 ) ) ;
#747 = EDGE_LOOP ( 'NONE', ( #1738, #6031, #4028, #3079, #6001, #3877 ) ) ;
#748 = CARTESIAN_POINT ( 'NONE',  ( -6.800000000000001599, 6.999999999999999112, -2.649999999999999023 ) ) ;
#749 = DIRECTION ( 'NONE',  ( -1.000000000000000000, -0.000000000000000000, -0.000000000000000000 ) ) ;
#750 = CARTESIAN_POINT ( 'NONE',  ( 19.86927765092148945, 20.00000000000000711, 6.735557395310441037E-16 ) ) ;
#751 = APPLICATION_CONTEXT ( 'automotive_design' ) ;
#752 = FACE_OUTER_BOUND ( 'NONE', #2428, .T. ) ;
#753 = LINE ( 'NONE', #309, #105 ) ;
#754 = DIRECTION ( 'NONE',  ( 0.000000000000000000, 0.000000000000000000, -1.000000000000000000 ) ) ;
#755 = ORIENTED_EDGE ( 'NONE', *, *, #4220, .T. ) ;
#756 = ORIENTED_EDGE ( 'NONE', *, *, #2764, .F. ) ;
#757 = CARTESIAN_POINT ( 'NONE',  ( 31.59999999999999787, 1.030637635557567044, 3.864943216164022477 ) ) ;
#758 = VERTEX_POINT ( 'NONE', #3175 ) ;
#759 = DIRECTION ( 'NONE',  ( 0.000000000000000000, 0.000000000000000000, 1.000000000000000000 ) ) ;
#760 = DIRECTION ( 'NONE',  ( 1.000000000000000000, 0.000000000000000000, 0.000000000000000000 ) ) ;
#761 = CARTESIAN_POINT ( 'NONE',  ( 19.86927765092148945, 10.25000000000000888, 0.000000000000000000 ) ) ;
#762 = DIRECTION ( 'NONE',  ( 0.000000000000000000, 0.000000000000000000, -1.000000000000000000 ) ) ;
#763 = ORIENTED_EDGE ( 'NONE', *, *, #1253, .T. ) ;
#764 = EDGE_LOOP ( 'NONE', ( #4249, #345, #2968, #3858 ) ) ;
#765 = FACE_OUTER_BOUND ( 'NONE', #240, .T. ) ;
#766 = DIRECTION ( 'NONE',  ( -1.000000000000000000, -0.000000000000000000, -0.000000000000000000 ) ) ;
#767 = EDGE_CURVE ( 'NONE', #1016, #5696, #5784, .T. ) ;
#768 = EDGE_LOOP ( 'NONE', ( #2985, #5250, #5923, #2819 ) ) ;
#769 = CIRCLE ( 'NONE', #4417, 7.000000000000000888 ) ;
#770 = VERTEX_POINT ( 'NONE', #1790 ) ;
#771 = DIRECTION ( 'NONE',  ( 0.000000000000000000, 0.000000000000000000, 1.000000000000000000 ) ) ;
#772 = CIRCLE ( 'NONE', #4421, 7.000000000000002665 ) ;
#773 = CARTESIAN_POINT ( 'NONE',  ( -38.10000000000000142, 4.499999999999995559, 2.650000000000000799 ) ) ;
#774 = CARTESIAN_POINT ( 'NONE',  ( 23.59999999999999432, 1.030637635557567044, 8.864943216164022033 ) ) ;
#775 = VERTEX_POINT ( 'NONE', #5638 ) ;
#776 = DIRECTION ( 'NONE',  ( 0.000000000000000000, 0.000000000000000000, -1.000000000000000000 ) ) ;
#777 = LINE ( 'NONE', #1801, #2803 ) ;
#778 = FACE_OUTER_BOUND ( 'NONE', #2495, .T. ) ;
#779 = ORIENTED_EDGE ( 'NONE', *, *, #3527, .T. ) ;
#780 = CARTESIAN_POINT ( 'NONE',  ( 22.59999999999999432, 2.318934680004526516, 8.696122236369051350 ) ) ;
#781 = CARTESIAN_POINT ( 'NONE',  ( -36.60000000000000142, 4.499999999999995559, -2.649999999999991473 ) ) ;
#782 = EDGE_CURVE ( 'NONE', #1363, #3721, #3875, .T. ) ;
#783 = DIRECTION ( 'NONE',  ( 0.000000000000000000, 0.000000000000000000, 1.000000000000000000 ) ) ;
#784 = VERTEX_POINT ( 'NONE', #794 ) ;
#785 = ORIENTED_EDGE ( 'NONE', *, *, #110, .F. ) ;
#786 = DIRECTION ( 'NONE',  ( -1.000000000000000000, -0.000000000000000000, -0.000000000000000000 ) ) ;
#787 = FACE_OUTER_BOUND ( 'NONE', #4133, .T. ) ;
#788 = EDGE_LOOP ( 'NONE', ( #467, #2338 ) ) ;
#789 = DIRECTION ( 'NONE',  ( 0.000000000000000000, 0.000000000000000000, -1.000000000000000000 ) ) ;
#790 = AXIS2_PLACEMENT_3D ( 'NONE', #4744, #305, #6265 ) ;
#791 = FACE_OUTER_BOUND ( 'NONE', #3257, .T. ) ;
#792 = CARTESIAN_POINT ( 'NONE',  ( -6.800000000000001599, 4.499999999999999112, -2.649999999999999023 ) ) ;
#793 = EDGE_CURVE ( 'NONE', #1060, #5190, #3926, .T. ) ;
#794 = CARTESIAN_POINT ( 'NONE',  ( -40.70000000000000284, 0.000000000000000000, -2.699999999999997069 ) ) ;
#795 = CIRCLE ( 'NONE', #4447, 3.500000000000003109 ) ;
#796 = ORIENTED_EDGE ( 'NONE', *, *, #1108, .F. ) ;
#797 = DIRECTION ( 'NONE',  ( 0.000000000000000000, 0.000000000000000000, -1.000000000000000000 ) ) ;
#798 = VECTOR ( 'NONE', #5457, 1000.000000000000000 ) ;
#799 = FACE_OUTER_BOUND ( 'NONE', #109, .T. ) ;
#800 = ORIENTED_EDGE ( 'NONE', *, *, #852, .F. ) ;
#801 = ORIENTED_EDGE ( 'NONE', *, *, #5578, .F. ) ;
#802 = CIRCLE ( 'NONE', #4859, 7.000000000000000888 ) ;
#803 = DIRECTION ( 'NONE',  ( -0.000000000000000000, -0.000000000000000000, -1.000000000000000000 ) ) ;
#804 = ADVANCED_FACE ( 'NONE', ( #3281, #237 ), #5260, .T. ) ;
#805 = DIRECTION ( 'NONE',  ( -1.000000000000000000, -0.000000000000000000, -0.000000000000000000 ) ) ;
#806 = ORIENTED_EDGE ( 'NONE', *, *, #2872, .T. ) ;
#807 = DIRECTION ( 'NONE',  ( -1.000000000000000000, -0.000000000000000000, -0.000000000000000000 ) ) ;
#808 = AXIS2_PLACEMENT_3D ( 'NONE', #4547, #5054, #2148 ) ;
#809 = EDGE_CURVE ( 'NONE', #3011, #4484, #499, .T. ) ;
#810 = CARTESIAN_POINT ( 'NONE',  ( 24.10000000000000497, 6.066309438144025414E-17, -8.450000000000001066 ) ) ;
#811 = EDGE_CURVE ( 'NONE', #4775, #2542, #1126, .T. ) ;
#812 = ORIENTED_EDGE ( 'NONE', *, *, #3571, .F. ) ;
#813 = VECTOR ( 'NONE', #2763, 1000.000000000000000 ) ;
#814 = AXIS2_PLACEMENT_3D ( 'NONE', #2686, #5728, #2385 ) ;
#815 = ORIENTED_EDGE ( 'NONE', *, *, #2004, .T. ) ;
#816 = ADVANCED_FACE ( 'NONE', ( #985 ), #3040, .F. ) ;
#817 = LINE ( 'NONE', #2824, #829 ) ;
#818 =( LENGTH_UNIT ( ) NAMED_UNIT ( * ) SI_UNIT ( .MILLI., .METRE. ) );
#819 = CIRCLE ( 'NONE', #622, 10.00000000000000178 ) ;
#820 = CARTESIAN_POINT ( 'NONE',  ( 35.60000000000000142, 2.318934680004526516, 8.696122236369051350 ) ) ;
#821 = ORIENTED_EDGE ( 'NONE', *, *, #1111, .F. ) ;
#822 = VECTOR ( 'NONE', #4793, 1000.000000000000000 ) ;
#823 = FACE_OUTER_BOUND ( 'NONE', #3864, .T. ) ;
#824 = ORIENTED_EDGE ( 'NONE', *, *, #1006, .F. ) ;
#825 = CARTESIAN_POINT ( 'NONE',  ( 26.59999999999999787, 8.572527594031474176E-16, -6.850000000000002309 ) ) ;
#826 = EDGE_CURVE ( 'NONE', #4278, #5284, #3467, .T. ) ;
#827 = FACE_OUTER_BOUND ( 'NONE', #2499, .T. ) ;
#828 = EDGE_CURVE ( 'NONE', #1191, #1591, #3713, .T. ) ;
#829 = VECTOR ( 'NONE', #4265, 1000.000000000000000 ) ;
#830 = DIRECTION ( 'NONE',  ( 1.000000000000000000, 0.000000000000000000, 0.000000000000000000 ) ) ;
#831 = ORIENTED_EDGE ( 'NONE', *, *, #3404, .T. ) ;
#832 = DIRECTION ( 'NONE',  ( -1.000000000000000000, -0.000000000000000000, -0.000000000000000000 ) ) ;
#833 = FACE_OUTER_BOUND ( 'NONE', #3726, .T. ) ;
#834 = CARTESIAN_POINT ( 'NONE',  ( 13.80000000000000249, 2.400000000000006128, 4.599999999999996092 ) ) ;
#835 = ORIENTED_EDGE ( 'NONE', *, *, #5701, .T. ) ;
#836 = ORIENTED_EDGE ( 'NONE', *, *, #4627, .F. ) ;
#837 = FACE_OUTER_BOUND ( 'NONE', #5264, .T. ) ;
#838 = AXIS2_PLACEMENT_3D ( 'NONE', #6220, #5245, #2278 ) ;
#839 = CARTESIAN_POINT ( 'NONE',  ( 19.59999999999999787, 8.572527594031474176E-16, -6.850000000000002309 ) ) ;
#840 = ORIENTED_EDGE ( 'NONE', *, *, #2035, .F. ) ;
#841 = LINE ( 'NONE', #1769, #3475 ) ;
#842 = CARTESIAN_POINT ( 'NONE',  ( 23.59999999999999432, -2.762069023147044167, -6.931785952275177465 ) ) ;
#843 = DIRECTION ( 'NONE',  ( 1.000000000000000000, 0.000000000000000000, 0.000000000000000000 ) ) ;
#844 = DIRECTION ( 'NONE',  ( -1.000000000000000000, -0.000000000000000000, -0.000000000000000000 ) ) ;
#845 = DIRECTION ( 'NONE',  ( 0.000000000000000000, 0.000000000000000000, -1.000000000000000000 ) ) ;
#846 = ORIENTED_EDGE ( 'NONE', *, *, #1691, .F. ) ;
#847 = ORIENTED_EDGE ( 'NONE', *, *, #3125, .F. ) ;
#848 = CARTESIAN_POINT ( 'NONE',  ( 40.59999999999999432, -4.365952903884279479, -5.321604448520053765 ) ) ;
#849 = EDGE_CURVE ( 'NONE', #5261, #5268, #3627, .T. ) ;
#850 = CARTESIAN_POINT ( 'NONE',  ( 22.10000000000000142, 6.993104012531503599E-15, 7.450000000000005507 ) ) ;
#851 = CYLINDRICAL_SURFACE ( 'NONE', #3931, 9.000000000000000000 ) ;
#852 = EDGE_CURVE ( 'NONE', #4239, #2735, #5511, .T. ) ;
#853 = VERTEX_POINT ( 'NONE', #2932 ) ;
#854 = VERTEX_POINT ( 'NONE', #101 ) ;
#855 = ORIENTED_EDGE ( 'NONE', *, *, #4867, .F. ) ;
#856 = DIRECTION ( 'NONE',  ( 1.000000000000000000, 0.000000000000000000, 0.000000000000000000 ) ) ;
#857 = ORIENTED_EDGE ( 'NONE', *, *, #3764, .F. ) ;
#858 = DIRECTION ( 'NONE',  ( -1.000000000000000000, -0.000000000000000000, -0.000000000000000000 ) ) ;
#859 = FACE_OUTER_BOUND ( 'NONE', #5335, .T. ) ;
#860 = EDGE_CURVE ( 'NONE', #4988, #3465, #2036, .T. ) ;
#861 = ORIENTED_EDGE ( 'NONE', *, *, #3516, .F. ) ;
#862 = CARTESIAN_POINT ( 'NONE',  ( -43.30000000000000426, 9.000000000000001776, 7.470744176750633514 ) ) ;
#863 = DIRECTION ( 'NONE',  ( -1.000000000000000000, -0.000000000000000000, -0.000000000000000000 ) ) ;
#864 = CARTESIAN_POINT ( 'NONE',  ( 1.500000000000002220, -2.763066821399118744, 7.121905987407648020 ) ) ;
#865 = VERTEX_POINT ( 'NONE', #4951 ) ;
#866 = CIRCLE ( 'NONE', #2223, 3.000000000000000444 ) ;
#867 = LINE ( 'NONE', #2406, #4975 ) ;
#868 = PLANE ( 'NONE',  #4266 ) ;
#869 = CARTESIAN_POINT ( 'NONE',  ( 22.59999999999999432, -4.261960596893380249, 5.702989453486133620 ) ) ;
#870 = VERTEX_POINT ( 'NONE', #1968 ) ;
#871 = AXIS2_PLACEMENT_3D ( 'NONE', #1323, #742, #2714 ) ;
#872 = LINE ( 'NONE', #4498, #5836 ) ;
#873 = DIRECTION ( 'NONE',  ( -1.000000000000000000, -0.000000000000000000, -0.000000000000000000 ) ) ;
#874 = CARTESIAN_POINT ( 'NONE',  ( 1.500000000000002220, -10.35047573531249654, 13.63583152989489911 ) ) ;
#875 = PLANE ( 'NONE',  #3504 ) ;
#876 = VERTEX_POINT ( 'NONE', #1512 ) ;
#877 = ORIENTED_EDGE ( 'NONE', *, *, #5317, .T. ) ;
#878 = CARTESIAN_POINT ( 'NONE',  ( 1.500000000000000666, 18.75000000000000355, 5.204748896376249713E-16 ) ) ;
#879 = CARTESIAN_POINT ( 'NONE',  ( 41.60000000000000142, 0.000000000000000000, 0.1499999999999999944 ) ) ;
#880 = CARTESIAN_POINT ( 'NONE',  ( -43.69999999999999574, 5.500000000000000000, -4.999999999999994671 ) ) ;
#881 = ORIENTED_EDGE ( 'NONE', *, *, #50, .T. ) ;
#882 = DIRECTION ( 'NONE',  ( 0.000000000000000000, 0.000000000000000000, -1.000000000000000000 ) ) ;
#883 = VERTEX_POINT ( 'NONE', #4507 ) ;
#884 = DIRECTION ( 'NONE',  ( 0.000000000000000000, 0.000000000000000000, 1.000000000000000000 ) ) ;
#885 = EDGE_CURVE ( 'NONE', #6065, #6267, #5295, .T. ) ;
#886 = VERTEX_POINT ( 'NONE', #4538 ) ;
#887 = CARTESIAN_POINT ( 'NONE',  ( 18.59999999999999787, 7.409113134841484549E-16, 6.049999999999999822 ) ) ;
#888 = CARTESIAN_POINT ( 'NONE',  ( 36.59999999999999432, -10.60302848086181804, -13.13818223212012626 ) ) ;
#889 = ORIENTED_EDGE ( 'NONE', *, *, #1301, .F. ) ;
#890 = VERTEX_POINT ( 'NONE', #2007 ) ;
#891 = ORIENTED_EDGE ( 'NONE', *, *, #5393, .F. ) ;
#892 = DIRECTION ( 'NONE',  ( 0.000000000000000000, 0.000000000000000000, -1.000000000000000000 ) ) ;
#893 = DIRECTION ( 'NONE',  ( 0.000000000000000000, 0.000000000000000000, -1.000000000000000000 ) ) ;
#894 = DIRECTION ( 'NONE',  ( -1.000000000000000000, -0.000000000000000000, -0.000000000000000000 ) ) ;
#895 = CARTESIAN_POINT ( 'NONE',  ( 27.59999999999999787, 1.030637635557567044, 3.864943216164022477 ) ) ;
#896 = VECTOR ( 'NONE', #3502, 1000.000000000000000 ) ;
#897 = LINE ( 'NONE', #5837, #5113 ) ;
#898 = EDGE_LOOP ( 'NONE', ( #709, #3342, #7, #6125 ) ) ;
#899 = ORIENTED_EDGE ( 'NONE', *, *, #3364, .T. ) ;
#900 = DIRECTION ( 'NONE',  ( 0.000000000000000000, 0.000000000000000000, 1.000000000000000000 ) ) ;
#901 = CIRCLE ( 'NONE', #2989, 9.000000000000000000 ) ;
#902 = FACE_OUTER_BOUND ( 'NONE', #5219, .T. ) ;
#903 = CARTESIAN_POINT ( 'NONE',  ( 18.59999999999999787, -10.60302848086181804, -13.13818223212012626 ) ) ;
#904 = ADVANCED_FACE ( 'NONE', ( #6033 ), #2071, .T. ) ;
#905 = EDGE_LOOP ( 'NONE', ( #4829, #4442, #5708, #3428 ) ) ;
#906 = VERTEX_POINT ( 'NONE', #4440 ) ;
#907 = EDGE_LOOP ( 'NONE', ( #159, #815, #3992, #5497 ) ) ;
#908 = CIRCLE ( 'NONE', #2879, 7.000000000000000888 ) ;
#909 = DIRECTION ( 'NONE',  ( 0.000000000000000000, 0.000000000000000000, -1.000000000000000000 ) ) ;
#910 = ORIENTED_EDGE ( 'NONE', *, *, #1718, .F. ) ;
#911 = AXIS2_PLACEMENT_3D ( 'NONE', #2837, #3947, #382 ) ;
#912 = AXIS2_PLACEMENT_3D ( 'NONE', #674, #5004, #4636 ) ;
#913 = VECTOR ( 'NONE', #2748, 1000.000000000000000 ) ;
#914 = CARTESIAN_POINT ( 'NONE',  ( 13.60000000000000497, 29.50000000000001066, -3.500000000000003109 ) ) ;
#915 = VERTEX_POINT ( 'NONE', #3565 ) ;
#916 = ORIENTED_EDGE ( 'NONE', *, *, #4596, .T. ) ;
#917 = DIRECTION ( 'NONE',  ( 0.000000000000000000, 0.000000000000000000, -1.000000000000000000 ) ) ;
#918 = CIRCLE ( 'NONE', #2586, 7.000000000000000888 ) ;
#919 = VERTEX_POINT ( 'NONE', #3431 ) ;
#920 = DIRECTION ( 'NONE',  ( 0.000000000000000000, 0.000000000000000000, -1.000000000000000000 ) ) ;
#921 = EDGE_CURVE ( 'NONE', #2742, #5453, #2996, .T. ) ;
#922 = ADVANCED_FACE ( 'NONE', ( #3938 ), #4008, .F. ) ;
#923 = DIRECTION ( 'NONE',  ( 0.000000000000000000, 0.000000000000000000, -1.000000000000000000 ) ) ;
#924 = AXIS2_PLACEMENT_3D ( 'NONE', #3597, #3473, #4480 ) ;
#925 = CIRCLE ( 'NONE', #5187, 10.00000000000000000 ) ;
#926 = ORIENTED_EDGE ( 'NONE', *, *, #1273, .F. ) ;
#927 = ORIENTED_EDGE ( 'NONE', *, *, #4403, .F. ) ;
#928 = CARTESIAN_POINT ( 'NONE',  ( -6.800000000000001599, 4.499999999999999112, -2.649999999999999023 ) ) ;
#929 = CIRCLE ( 'NONE', #3729, 5.000000000000000000 ) ;
#930 = CARTESIAN_POINT ( 'NONE',  ( 24.59999999999999787, 2.606424087848269178, -8.614322577793585012 ) ) ;
#931 = SHAPE_DEFINITION_REPRESENTATION ( #4390, #1281 ) ;
#932 = ADVANCED_FACE ( 'NONE', ( #5993 ), #5447, .F. ) ;
#933 = CARTESIAN_POINT ( 'NONE',  ( 0.000000000000000000, 7.099999999999999645, -8.450000000000001066 ) ) ;
#934 = EDGE_CURVE ( 'NONE', #5672, #4178, #715, .T. ) ;
#935 = CYLINDRICAL_SURFACE ( 'NONE', #5769, 5.000000000000000000 ) ;
#936 = DIRECTION ( 'NONE',  ( 0.000000000000000000, 0.000000000000000000, -1.000000000000000000 ) ) ;
#937 = CIRCLE ( 'NONE', #5914, 1.749999999999998890 ) ;
#938 = DIRECTION ( 'NONE',  ( 1.000000000000000000, 0.000000000000000000, 0.000000000000000000 ) ) ;
#939 = DIRECTION ( 'NONE',  ( -1.000000000000000000, 0.000000000000000000, 0.000000000000000000 ) ) ;
#940 = AXIS2_PLACEMENT_3D ( 'NONE', #5697, #4668, #3239 ) ;
#941 = ORIENTED_EDGE ( 'NONE', *, *, #6340, .T. ) ;
#942 = VECTOR ( 'NONE', #4108, 1000.000000000000000 ) ;
#943 = DIRECTION ( 'NONE',  ( -1.000000000000000000, 0.000000000000000000, 0.000000000000000000 ) ) ;
#944 = CYLINDRICAL_SURFACE ( 'NONE', #420, 10.00000000000000178 ) ;
#945 = DIRECTION ( 'NONE',  ( -1.000000000000000000, -1.504111723692325477E-16, 0.000000000000000000 ) ) ;
#946 = AXIS2_PLACEMENT_3D ( 'NONE', #3158, #1637, #684 ) ;
#947 = EDGE_LOOP ( 'NONE', ( #2525, #3798 ) ) ;
#948 = DIRECTION ( 'NONE',  ( 0.000000000000000000, 0.000000000000000000, 1.000000000000000000 ) ) ;
#949 = ORIENTED_EDGE ( 'NONE', *, *, #595, .T. ) ;
#950 = PRODUCT_CONTEXT ( 'NONE', #2733, 'mechanical' ) ;
#951 = VECTOR ( 'NONE', #2785, 1000.000000000000000 ) ;
#952 = CARTESIAN_POINT ( 'NONE',  ( -52.69999999999999574, 5.500000000000000000, 24.72882059609970895 ) ) ;
#953 = ORIENTED_EDGE ( 'NONE', *, *, #1292, .T. ) ;
#954 = DIRECTION ( 'NONE',  ( 0.000000000000000000, 0.000000000000000000, -1.000000000000000000 ) ) ;
#955 = ORIENTED_EDGE ( 'NONE', *, *, #934, .F. ) ;
#956 = VERTEX_POINT ( 'NONE', #5079 ) ;
#957 = DIRECTION ( 'NONE',  ( 0.000000000000000000, 0.000000000000000000, 1.000000000000000000 ) ) ;
#958 = VERTEX_POINT ( 'NONE', #1737 ) ;
#959 = DIRECTION ( 'NONE',  ( 1.000000000000000000, 0.000000000000000000, 0.000000000000000000 ) ) ;
#960 = CARTESIAN_POINT ( 'NONE',  ( 1.500000000000000000, 0.000000000000000000, 7.150000000000000355 ) ) ;
#961 = LINE ( 'NONE', #3852, #4653 ) ;
#962 = AXIS2_PLACEMENT_3D ( 'NONE', #2904, #2462, #1903 ) ;
#963 = ORIENTED_EDGE ( 'NONE', *, *, #2512, .T. ) ;
#964 = ORIENTED_EDGE ( 'NONE', *, *, #2556, .F. ) ;
#965 = FACE_OUTER_BOUND ( 'NONE', #6152, .T. ) ;
#966 = DIRECTION ( 'NONE',  ( -1.000000000000000000, -0.000000000000000000, -0.000000000000000000 ) ) ;
#967 = ORIENTED_EDGE ( 'NONE', *, *, #5937, .F. ) ;
#968 = DIRECTION ( 'NONE',  ( -1.000000000000000000, -0.000000000000000000, -0.000000000000000000 ) ) ;
#969 = ADVANCED_FACE ( 'NONE', ( #4112 ), #4601, .F. ) ;
#970 = EDGE_CURVE ( 'NONE', #5485, #598, #6011, .T. ) ;
#971 = VERTEX_POINT ( 'NONE', #5042 ) ;
#972 = ADVANCED_FACE ( 'NONE', ( #135 ), #6064, .T. ) ;
#973 = CARTESIAN_POINT ( 'NONE',  ( 40.59999999999999432, -2.762069023147042390, -6.931785952275175688 ) ) ;
#974 = DIRECTION ( 'NONE',  ( -0.000000000000000000, -0.000000000000000000, -1.000000000000000000 ) ) ;
#975 = CARTESIAN_POINT ( 'NONE',  ( 32.59999999999999432, 2.606424087848269178, -8.614322577793585012 ) ) ;
#976 = CARTESIAN_POINT ( 'NONE',  ( 1.500000000000001554, 1.030637635557567044, 8.864943216164022033 ) ) ;
#977 = CARTESIAN_POINT ( 'NONE',  ( 41.60000000000000142, -4.365952903884278591, -5.321604448520052877 ) ) ;
#978 = ORIENTED_EDGE ( 'NONE', *, *, #1157, .T. ) ;
#979 = AXIS2_PLACEMENT_3D ( 'NONE', #6087, #2090, #3643 ) ;
#980 = VERTEX_POINT ( 'NONE', #5597 ) ;
#981 = AXIS2_PLACEMENT_3D ( 'NONE', #4698, #4184, #2181 ) ;
#982 = DIRECTION ( 'NONE',  ( 0.000000000000000000, 6.938893903907228378E-18, -1.000000000000000222 ) ) ;
#983 = DIRECTION ( 'NONE',  ( 0.000000000000000000, 7.112366251504907509E-15, -1.000000000000000000 ) ) ;
#984 = ORIENTED_EDGE ( 'NONE', *, *, #3247, .T. ) ;
#985 = FACE_OUTER_BOUND ( 'NONE', #1589, .T. ) ;
#986 = VERTEX_POINT ( 'NONE', #5116 ) ;
#987 = ORIENTED_EDGE ( 'NONE', *, *, #1510, .F. ) ;
#988 = CIRCLE ( 'NONE', #3277, 6.049999999999999822 ) ;
#989 = ORIENTED_EDGE ( 'NONE', *, *, #1333, .T. ) ;
#990 = DIRECTION ( 'NONE',  ( -1.000000000000000000, -0.000000000000000000, -0.000000000000000000 ) ) ;
#991 = FACE_OUTER_BOUND ( 'NONE', #5825, .T. ) ;
#992 = AXIS2_PLACEMENT_3D ( 'NONE', #903, #437, #1431 ) ;
#993 = ORIENTED_EDGE ( 'NONE', *, *, #3486, .F. ) ;
#994 = ORIENTED_EDGE ( 'NONE', *, *, #5729, .T. ) ;
#995 = CARTESIAN_POINT ( 'NONE',  ( 30.59999999999999432, 1.030637635557567044, 3.864943216164022477 ) ) ;
#996 = DIRECTION ( 'NONE',  ( -3.273063162220390819E-16, 0.000000000000000000, -1.000000000000000000 ) ) ;
#997 = CARTESIAN_POINT ( 'NONE',  ( -43.29999999999999716, 9.378143885933059920, -5.000000000000000000 ) ) ;
#998 = EDGE_CURVE ( 'NONE', #1061, #5108, #661, .T. ) ;
#999 = DIRECTION ( 'NONE',  ( 1.000000000000000000, 0.000000000000000000, 0.000000000000000000 ) ) ;
#1000 = FACE_OUTER_BOUND ( 'NONE', #4287, .T. ) ;
#1001 = EDGE_CURVE ( 'NONE', #5408, #919, #1947, .T. ) ;
#1002 = AXIS2_PLACEMENT_3D ( 'NONE', #5683, #334, #6223 ) ;
#1003 = ORIENTED_EDGE ( 'NONE', *, *, #469, .T. ) ;
#1004 = ORIENTED_EDGE ( 'NONE', *, *, #2561, .F. ) ;
#1005 = DIRECTION ( 'NONE',  ( 1.000000000000000000, 0.000000000000000000, -3.154042683594195614E-16 ) ) ;
#1006 = EDGE_CURVE ( 'NONE', #2706, #6369, #5094, .T. ) ;
#1007 = CARTESIAN_POINT ( 'NONE',  ( 1.099114204119462590, 23.75000000000000711, -6.250000000000000888 ) ) ;
#1008 = EDGE_CURVE ( 'NONE', #3660, #2735, #1426, .T. ) ;
#1009 = DIRECTION ( 'NONE',  ( -1.000000000000000000, -0.000000000000000000, -0.000000000000000000 ) ) ;
#1010 = EDGE_CURVE ( 'NONE', #4693, #5327, #1773, .T. ) ;
#1011 = ORIENTED_EDGE ( 'NONE', *, *, #23, .F. ) ;
#1012 = CIRCLE ( 'NONE', #2064, 10.00000000000000000 ) ;
#1013 = CARTESIAN_POINT ( 'NONE',  ( 32.59999999999999432, -4.261960596893380249, 5.702989453486133620 ) ) ;
#1014 = EDGE_CURVE ( 'NONE', #492, #2509, #4386, .T. ) ;
#1015 = CARTESIAN_POINT ( 'NONE',  ( -43.29999999999999716, 38.49999999999999289, 2.700000000000006839 ) ) ;
#1016 = VERTEX_POINT ( 'NONE', #304 ) ;
#1017 = CIRCLE ( 'NONE', #405, 10.00000000000000178 ) ;
#1018 = DIRECTION ( 'NONE',  ( -1.000000000000000000, -0.000000000000000000, -0.000000000000000000 ) ) ;
#1019 = ORIENTED_EDGE ( 'NONE', *, *, #1314, .F. ) ;
#1020 = AXIS2_PLACEMENT_3D ( 'NONE', #1421, #3415, #4425 ) ;
#1021 = ORIENTED_EDGE ( 'NONE', *, *, #3632, .T. ) ;
#1022 = ORIENTED_EDGE ( 'NONE', *, *, #1001, .T. ) ;
#1023 = CARTESIAN_POINT ( 'NONE',  ( 34.60000000000000142, -10.60302848086181804, -13.13818223212012626 ) ) ;
#1024 = CIRCLE ( 'NONE', #3200, 7.000000000000000888 ) ;
#1025 = FACE_OUTER_BOUND ( 'NONE', #1351, .T. ) ;
#1026 = ORIENTED_EDGE ( 'NONE', *, *, #2861, .F. ) ;
#1027 = AXIS2_PLACEMENT_3D ( 'NONE', #3679, #1212, #4719 ) ;
#1028 = ORIENTED_EDGE ( 'NONE', *, *, #4121, .T. ) ;
#1029 = CARTESIAN_POINT ( 'NONE',  ( 22.10000000000000142, 7.100000000000003197, 8.450000000000001066 ) ) ;
#1030 = CARTESIAN_POINT ( 'NONE',  ( 24.10000000000000497, 29.50000000000000000, 8.999999999999998224 ) ) ;
#1031 = CARTESIAN_POINT ( 'NONE',  ( 33.60000000000000142, 8.572527594031474176E-16, -6.850000000000002309 ) ) ;
#1032 = AXIS2_PLACEMENT_3D ( 'NONE', #6095, #4598, #5075 ) ;
#1033 = DIRECTION ( 'NONE',  ( -1.000000000000000000, -0.000000000000000000, -0.000000000000000000 ) ) ;
#1034 = CARTESIAN_POINT ( 'NONE',  ( -6.800000000000001599, 4.499999999999999112, -2.649999999999999023 ) ) ;
#1035 = AXIS2_PLACEMENT_3D ( 'NONE', #2546, #5948, #6020 ) ;
#1036 = EDGE_CURVE ( 'NONE', #1103, #5169, #2368, .T. ) ;
#1037 = CARTESIAN_POINT ( 'NONE',  ( 34.60000000000000142, -10.60302848086181804, -13.13818223212012626 ) ) ;
#1038 = CARTESIAN_POINT ( 'NONE',  ( -50.70000000000000284, 5.500000000000000000, 24.72882059609970895 ) ) ;
#1039 = DIRECTION ( 'NONE',  ( -1.000000000000000000, -0.000000000000000000, -0.000000000000000000 ) ) ;
#1040 = PRODUCT_DEFINITION_FORMATION_WITH_SPECIFIED_SOURCE ( 'ANY', '', #688, .NOT_KNOWN. ) ;
#1041 = PLANE ( 'NONE',  #490 ) ;
#1042 = ADVANCED_FACE ( 'NONE', ( #3385 ), #935, .T. ) ;
#1043 = CARTESIAN_POINT ( 'NONE',  ( 25.59999999999999787, 1.030637635557567044, 3.864943216164022477 ) ) ;
#1044 = ADVANCED_FACE ( 'NONE', ( #4902 ), #457, .T. ) ;
#1045 =( NAMED_UNIT ( * ) SI_UNIT ( $, .STERADIAN. ) SOLID_ANGLE_UNIT ( ) );
#1046 = CYLINDRICAL_SURFACE ( 'NONE', #4256, 10.00000000000000000 ) ;
#1047 = DIRECTION ( 'NONE',  ( -1.000000000000000000, -0.000000000000000000, -0.000000000000000000 ) ) ;
#1048 = LINE ( 'NONE', #3593, #4760 ) ;
#1049 = AXIS2_PLACEMENT_3D ( 'NONE', #2501, #4052, #5962 ) ;
#1050 = ORIENTED_EDGE ( 'NONE', *, *, #1136, .F. ) ;
#1051 = CARTESIAN_POINT ( 'NONE',  ( 0.000000000000000000, 0.000000000000000000, 0.1499999999999999944 ) ) ;
#1052 = ORIENTED_EDGE ( 'NONE', *, *, #885, .T. ) ;
#1053 = DIRECTION ( 'NONE',  ( 0.000000000000000000, 0.000000000000000000, -1.000000000000000000 ) ) ;
#1054 = ORIENTED_EDGE ( 'NONE', *, *, #595, .F. ) ;
#1055 = EDGE_CURVE ( 'NONE', #326, #3433, #398, .T. ) ;
#1056 = DIRECTION ( 'NONE',  ( -1.000000000000000000, -0.000000000000000000, -0.000000000000000000 ) ) ;
#1057 = PRODUCT_DEFINITION_CONTEXT ( 'detailed design', #6421, 'design' ) ;
#1058 = CARTESIAN_POINT ( 'NONE',  ( 38.59999999999999432, 1.030637635557567044, 3.864943216164022477 ) ) ;
#1059 = ORIENTED_EDGE ( 'NONE', *, *, #2285, .T. ) ;
#1060 = VERTEX_POINT ( 'NONE', #5941 ) ;
#1061 = VERTEX_POINT ( 'NONE', #3085 ) ;
#1062 = DIRECTION ( 'NONE',  ( 0.000000000000000000, 7.112366251504907509E-15, -1.000000000000000000 ) ) ;
#1063 = LINE ( 'NONE', #4611, #5879 ) ;
#1064 = PLANE ( 'NONE',  #3414 ) ;
#1065 = CARTESIAN_POINT ( 'NONE',  ( 31.59999999999999787, 1.158410705710341659, -3.828587812352703956 ) ) ;
#1066 = DIRECTION ( 'NONE',  ( 0.000000000000000000, 0.000000000000000000, -1.000000000000000000 ) ) ;
#1067 = EDGE_CURVE ( 'NONE', #3110, #1976, #5671, .T. ) ;
#1068 = CIRCLE ( 'NONE', #4695, 7.000000000000000888 ) ;
#1069 = AXIS2_PLACEMENT_3D ( 'NONE', #3794, #5244, #2215 ) ;
#1070 = ORIENTED_EDGE ( 'NONE', *, *, #1055, .T. ) ;
#1071 = DIRECTION ( 'NONE',  ( 0.000000000000000000, 0.000000000000000000, 1.000000000000000000 ) ) ;
#1072 = FACE_OUTER_BOUND ( 'NONE', #1823, .T. ) ;
#1074 = CIRCLE ( 'NONE', #1184, 5.000000000000000000 ) ;
#1073 = DIRECTION ( 'NONE',  ( -1.000000000000000000, -0.000000000000000000, -0.000000000000000000 ) ) ;
#1075 = DIRECTION ( 'NONE',  ( 1.000000000000000000, 0.000000000000000000, 0.000000000000000000 ) ) ;
#1076 = DIRECTION ( 'NONE',  ( 0.000000000000000000, 0.000000000000000000, 1.000000000000000000 ) ) ;
#1077 = CARTESIAN_POINT ( 'NONE',  ( 22.59999999999999432, 1.158410705710341659, -3.828587812352703956 ) ) ;
#1078 = FACE_OUTER_BOUND ( 'NONE', #2931, .T. ) ;
#1079 = VERTEX_POINT ( 'NONE', #1495 ) ;
#1080 = CIRCLE ( 'NONE', #5956, 10.00000000000000178 ) ;
#1081 = CARTESIAN_POINT ( 'NONE',  ( 1.500000000000000000, 0.000000000000000000, 0.1499999999999999944 ) ) ;
#1082 = CARTESIAN_POINT ( 'NONE',  ( 40.59999999999999432, 0.000000000000000000, 0.000000000000000000 ) ) ;
#1083 = DIRECTION ( 'NONE',  ( -1.000000000000000000, -0.000000000000000000, -0.000000000000000000 ) ) ;
#1084 = CIRCLE ( 'NONE', #6402, 7.000000000000000888 ) ;
#1085 = DIRECTION ( 'NONE',  ( 0.000000000000000000, -1.000000000000000000, 4.074853802630083799E-16 ) ) ;
#1086 = EDGE_CURVE ( 'NONE', #5973, #1943, #1526, .T. ) ;
#1087 = EDGE_LOOP ( 'NONE', ( #5944, #167, #5091, #5352 ) ) ;
#1088 = EDGE_CURVE ( 'NONE', #980, #2605, #1594, .T. ) ;
#1089 = ORIENTED_EDGE ( 'NONE', *, *, #1202, .F. ) ;
#1090 = ORIENTED_EDGE ( 'NONE', *, *, #3998, .T. ) ;
#1091 = CARTESIAN_POINT ( 'NONE',  ( 13.80000000000000249, 1.000000000000000444, -7.450000000000001066 ) ) ;
#1092 = FACE_OUTER_BOUND ( 'NONE', #2351, .T. ) ;
#1093 = CARTESIAN_POINT ( 'NONE',  ( -40.70000000000000284, 38.49999999999999289, -8.450000000000001066 ) ) ;
#1094 = LINE ( 'NONE', #3086, #5593 ) ;
#1095 = ORIENTED_EDGE ( 'NONE', *, *, #2753, .F. ) ;
#1096 = EDGE_LOOP ( 'NONE', ( #468, #1861, #5412, #4516, #5660, #631, #2146, #2840, #3151 ) ) ;
#1097 = DIRECTION ( 'NONE',  ( 0.000000000000000000, 1.000000000000000000, 0.000000000000000000 ) ) ;
#1098 = EDGE_CURVE ( 'NONE', #4274, #4293, #3578, .T. ) ;
#1099 = LINE ( 'NONE', #2604, #4342 ) ;
#1100 = ORIENTED_EDGE ( 'NONE', *, *, #4979, .F. ) ;
#1101 = CARTESIAN_POINT ( 'NONE',  ( 20.59999999999999787, -10.60302848086181804, -13.13818223212012626 ) ) ;
#1102 = CARTESIAN_POINT ( 'NONE',  ( 13.80000000000000249, 8.099999999999999645, -8.000000000000000000 ) ) ;
#1103 = VERTEX_POINT ( 'NONE', #5460 ) ;
#1105 = AXIS2_PLACEMENT_3D ( 'NONE', #367, #3736, #3837 ) ;
#1104 = DIRECTION ( 'NONE',  ( -1.000000000000000000, -0.000000000000000000, -0.000000000000000000 ) ) ;
#1106 = DIRECTION ( 'NONE',  ( 0.000000000000000000, 0.000000000000000000, -1.000000000000000000 ) ) ;
#1107 = ORIENTED_EDGE ( 'NONE', *, *, #5173, .T. ) ;
#1108 = EDGE_CURVE ( 'NONE', #4020, #3629, #2980, .T. ) ;
#1109 = ORIENTED_EDGE ( 'NONE', *, *, #5431, .T. ) ;
#1110 = AXIS2_PLACEMENT_3D ( 'NONE', #6424, #2517, #1953 ) ;
#1111 = EDGE_CURVE ( 'NONE', #3394, #2568, #1012, .T. ) ;
#1112 = CARTESIAN_POINT ( 'NONE',  ( 20.59999999999999787, 0.000000000000000000, 0.000000000000000000 ) ) ;
#1113 = CARTESIAN_POINT ( 'NONE',  ( 1.500000000000001554, 1.030637635557567044, 3.864943216164022477 ) ) ;
#1114 = AXIS2_PLACEMENT_3D ( 'NONE', #2210, #3788, #5761 ) ;
#1115 = ORIENTED_EDGE ( 'NONE', *, *, #585, .T. ) ;
#1116 = VERTEX_POINT ( 'NONE', #144 ) ;
#1117 = ORIENTED_EDGE ( 'NONE', *, *, #6277, .F. ) ;
#1118 = AXIS2_PLACEMENT_3D ( 'NONE', #318, #2737, #350 ) ;
#1119 = EDGE_CURVE ( 'NONE', #41, #5994, #6081, .T. ) ;
#1120 = ADVANCED_FACE ( 'NONE', ( #3513 ), #4024, .T. ) ;
#1121 = ORIENTED_EDGE ( 'NONE', *, *, #2815, .F. ) ;
#1122 = CARTESIAN_POINT ( 'NONE',  ( 22.10000000000000142, 8.100000000000003197, -7.450000000000001066 ) ) ;
#1123 = DIRECTION ( 'NONE',  ( 1.000000000000000000, 0.000000000000000000, 0.000000000000000000 ) ) ;
#1124 = CIRCLE ( 'NONE', #3925, 10.00000000000000178 ) ;
#1125 = CARTESIAN_POINT ( 'NONE',  ( 34.60000000000000142, 0.000000000000000000, 0.000000000000000000 ) ) ;
#1126 = CIRCLE ( 'NONE', #6336, 7.000000000000000000 ) ;
#1127 = DIRECTION ( 'NONE',  ( -0.000000000000000000, -0.000000000000000000, -1.000000000000000000 ) ) ;
#1128 = ORIENTED_EDGE ( 'NONE', *, *, #1902, .T. ) ;
#1129 = AXIS2_PLACEMENT_3D ( 'NONE', #2213, #6216, #1765 ) ;
#1130 = EDGE_LOOP ( 'NONE', ( #4475, #3003, #404, #3469 ) ) ;
#1131 = ADVANCED_FACE ( 'NONE', ( #2117 ), #1565, .T. ) ;
#1132 = ORIENTED_EDGE ( 'NONE', *, *, #574, .F. ) ;
#1133 = DIRECTION ( 'NONE',  ( 0.000000000000000000, 0.000000000000000000, -1.000000000000000000 ) ) ;
#1134 = AXIS2_PLACEMENT_3D ( 'NONE', #2614, #4109, #532 ) ;
#1135 = FACE_OUTER_BOUND ( 'NONE', #53, .T. ) ;
#1136 = EDGE_CURVE ( 'NONE', #2184, #1079, #4914, .T. ) ;
#1137 = CARTESIAN_POINT ( 'NONE',  ( 23.59999999999999432, 0.000000000000000000, 0.000000000000000000 ) ) ;
#1138 = ADVANCED_FACE ( 'NONE', ( #2510 ), #4493, .T. ) ;
#1139 = LINE ( 'NONE', #3129, #6104 ) ;
#1140 = AXIS2_PLACEMENT_3D ( 'NONE', #3748, #2738, #286 ) ;
#1141 = CARTESIAN_POINT ( 'NONE',  ( 20.59999999999999787, -2.763066821399118744, 7.121905987407648020 ) ) ;
#1142 = CARTESIAN_POINT ( 'NONE',  ( -43.29999999999999716, 7.000000000000006217, -5.000000000000000000 ) ) ;
#1143 = CARTESIAN_POINT ( 'NONE',  ( 31.59999999999999787, 0.000000000000000000, 7.150000000000002132 ) ) ;
#1144 = CIRCLE ( 'NONE', #3437, 10.00000000000000178 ) ;
#1145 = EDGE_CURVE ( 'NONE', #536, #870, #4515, .T. ) ;
#1146 = ORIENTED_EDGE ( 'NONE', *, *, #5307, .F. ) ;
#1147 = AXIS2_PLACEMENT_3D ( 'NONE', #5754, #1257, #233 ) ;
#1148 = DIRECTION ( 'NONE',  ( -1.000000000000000000, -0.000000000000000000, -0.000000000000000000 ) ) ;
#1149 = DIRECTION ( 'NONE',  ( 1.000000000000000000, 0.000000000000000000, 0.000000000000000000 ) ) ;
#1150 = ORIENTED_EDGE ( 'NONE', *, *, #1314, .T. ) ;
#1151 = ORIENTED_EDGE ( 'NONE', *, *, #3641, .T. ) ;
#1152 = ORIENTED_EDGE ( 'NONE', *, *, #4398, .F. ) ;
#1153 = VERTEX_POINT ( 'NONE', #88 ) ;
#1154 = ORIENTED_EDGE ( 'NONE', *, *, #6423, .T. ) ;
#1155 = CARTESIAN_POINT ( 'NONE',  ( 1.500000000000000000, -4.261960596893379360, 5.702989453486133620 ) ) ;
#1156 = PLANE ( 'NONE',  #2073 ) ;
#1157 = EDGE_CURVE ( 'NONE', #3169, #5885, #3547, .T. ) ;
#1158 = CYLINDRICAL_SURFACE ( 'NONE', #4041, 5.000000000000000000 ) ;
#1159 = ORIENTED_EDGE ( 'NONE', *, *, #574, .T. ) ;
#1160 = EDGE_CURVE ( 'NONE', #3314, #5306, #2052, .T. ) ;
#1161 = VERTEX_POINT ( 'NONE', #5525 ) ;
#1162 = EDGE_CURVE ( 'NONE', #3642, #5400, #5024, .T. ) ;
#1163 = VERTEX_POINT ( 'NONE', #6246 ) ;
#1164 = DIRECTION ( 'NONE',  ( -0.000000000000000000, 0.000000000000000000, 1.000000000000000000 ) ) ;
#1165 = DIRECTION ( 'NONE',  ( -1.000000000000000000, -0.000000000000000000, -0.000000000000000000 ) ) ;
#1166 = ORIENTED_EDGE ( 'NONE', *, *, #934, .T. ) ;
#1167 = DIRECTION ( 'NONE',  ( -1.000000000000000000, -0.000000000000000000, -0.000000000000000000 ) ) ;
#1168 = VECTOR ( 'NONE', #2696, 1000.000000000000000 ) ;
#1169 = EDGE_CURVE ( 'NONE', #502, #890, #2739, .T. ) ;
#1170 = FACE_OUTER_BOUND ( 'NONE', #342, .T. ) ;
#1171 = CIRCLE ( 'NONE', #5628, 10.00000000000000000 ) ;
#1172 = DIRECTION ( 'NONE',  ( -1.000000000000000000, -0.000000000000000000, -0.000000000000000000 ) ) ;
#1173 = EDGE_CURVE ( 'NONE', #2973, #3274, #1084, .T. ) ;
#1174 = VECTOR ( 'NONE', #4279, 1000.000000000000000 ) ;
#1175 = CARTESIAN_POINT ( 'NONE',  ( 1.500000000000002220, 9.000000000000005329, 0.000000000000000000 ) ) ;
#1176 = FACE_OUTER_BOUND ( 'NONE', #6323, .T. ) ;
#1177 = CARTESIAN_POINT ( 'NONE',  ( 1.500000000000001332, 14.50000000000000355, 0.000000000000000000 ) ) ;
#1178 = DIRECTION ( 'NONE',  ( -1.000000000000000000, -0.000000000000000000, -0.000000000000000000 ) ) ;
#1179 = CARTESIAN_POINT ( 'NONE',  ( 41.60000000000000142, 0.000000000000000000, 0.000000000000000000 ) ) ;
#1180 = DIRECTION ( 'NONE',  ( 1.000000000000000000, 0.000000000000000000, 0.000000000000000000 ) ) ;
#1181 = CIRCLE ( 'NONE', #2729, 5.000000000000000000 ) ;
#1182 = AXIS2_PLACEMENT_3D ( 'NONE', #6304, #2251, #6234 ) ;
#1183 = DIRECTION ( 'NONE',  ( 1.000000000000000000, 0.000000000000000000, 0.000000000000000000 ) ) ;
#1184 = AXIS2_PLACEMENT_3D ( 'NONE', #4676, #1193, #797 ) ;
#1185 = VERTEX_POINT ( 'NONE', #3245 ) ;
#1186 = CIRCLE ( 'NONE', #6294, 5.000000000000000888 ) ;
#1187 = CARTESIAN_POINT ( 'NONE',  ( 27.59999999999999787, 0.000000000000000000, 0.1499999999999999944 ) ) ;
#1188 = EDGE_CURVE ( 'NONE', #3291, #6158, #1186, .T. ) ;
#1189 = CARTESIAN_POINT ( 'NONE',  ( 26.59999999999999787, -2.762069023147042390, -6.931785952275175688 ) ) ;
#1190 = DIRECTION ( 'NONE',  ( 0.000000000000000000, -1.162264728904460753E-14, -1.000000000000000000 ) ) ;
#1191 = VERTEX_POINT ( 'NONE', #3149 ) ;
#1192 = ORIENTED_EDGE ( 'NONE', *, *, #4311, .T. ) ;
#1193 = DIRECTION ( 'NONE',  ( -1.000000000000000000, -0.000000000000000000, -0.000000000000000000 ) ) ;
#1194 = CARTESIAN_POINT ( 'NONE',  ( 36.59999999999999432, -2.763066821399118744, 7.121905987407648020 ) ) ;
#1195 = ADVANCED_FACE ( 'NONE', ( #2205 ), #4125, .T. ) ;
#1196 = ORIENTED_EDGE ( 'NONE', *, *, #5803, .F. ) ;
#1197 = AXIS2_PLACEMENT_3D ( 'NONE', #3081, #612, #2017 ) ;
#1198 = CARTESIAN_POINT ( 'NONE',  ( -8.827416997969503853, 29.50000000000000000, 7.999999999999996447 ) ) ;
#1199 = CARTESIAN_POINT ( 'NONE',  ( 0.000000000000000000, 29.50000000000000000, 0.000000000000000000 ) ) ;
#1200 = CARTESIAN_POINT ( 'NONE',  ( 28.59999999999999787, 2.318934680004526960, 8.696122236369053127 ) ) ;
#1201 = LINE ( 'NONE', #4649, #5199 ) ;
#1202 = EDGE_CURVE ( 'NONE', #3169, #4355, #1719, .T. ) ;
#1203 = CARTESIAN_POINT ( 'NONE',  ( 38.59999999999999432, 1.030637635557567044, 3.864943216164022477 ) ) ;
#1204 = CARTESIAN_POINT ( 'NONE',  ( 1.500000000000000000, -4.261960596893379360, 5.702989453486133620 ) ) ;
#1205 = AXIS2_PLACEMENT_3D ( 'NONE', #3204, #4089, #169 ) ;
#1206 = ADVANCED_FACE ( 'NONE', ( #2899 ), #343, .T. ) ;
#1207 = DIRECTION ( 'NONE',  ( 1.000000000000000000, 0.000000000000000000, 0.000000000000000000 ) ) ;
#1208 = EDGE_CURVE ( 'NONE', #5583, #5696, #5719, .T. ) ;
#1209 = DIRECTION ( 'NONE',  ( 0.000000000000000000, 0.000000000000000000, 1.000000000000000000 ) ) ;
#1210 = EDGE_CURVE ( 'NONE', #2504, #4029, #4371, .T. ) ;
#1211 = AXIS2_PLACEMENT_3D ( 'NONE', #1652, #3116, #142 ) ;
#1212 = DIRECTION ( 'NONE',  ( -1.000000000000000000, -0.000000000000000000, -0.000000000000000000 ) ) ;
#1213 = ORIENTED_EDGE ( 'NONE', *, *, #2741, .T. ) ;
#1214 = PRESENTATION_LAYER_ASSIGNMENT (  '', '', ( #1354 ) ) ;
#1215 = ORIENTED_EDGE ( 'NONE', *, *, #659, .T. ) ;
#1216 = EDGE_LOOP ( 'NONE', ( #3855, #2151, #3111, #2657 ) ) ;
#1217 = ORIENTED_EDGE ( 'NONE', *, *, #425, .F. ) ;
#1218 = CARTESIAN_POINT ( 'NONE',  ( 30.59999999999999432, 0.000000000000000000, 0.000000000000000000 ) ) ;
#1219 = AXIS2_PLACEMENT_3D ( 'NONE', #6139, #1677, #5983 ) ;
#1220 = PLANE ( 'NONE',  #6009 ) ;
#1221 = CIRCLE ( 'NONE', #2671, 7.000000000000000888 ) ;
#1222 = CARTESIAN_POINT ( 'NONE',  ( 1.500000000000002220, -2.763066821399118744, 7.121905987407648020 ) ) ;
#1223 = CIRCLE ( 'NONE', #2875, 7.000000000000000888 ) ;
#1224 = EDGE_CURVE ( 'NONE', #2172, #1362, #5353, .T. ) ;
#1225 = ORIENTED_EDGE ( 'NONE', *, *, #1532, .T. ) ;
#1226 = CARTESIAN_POINT ( 'NONE',  ( 24.59999999999999787, 0.000000000000000000, 0.000000000000000000 ) ) ;
#1227 = AXIS2_PLACEMENT_3D ( 'NONE', #3033, #5622, #4534 ) ;
#1228 = DIRECTION ( 'NONE',  ( -1.000000000000000000, -0.000000000000000000, -0.000000000000000000 ) ) ;
#1229 = AXIS2_PLACEMENT_3D ( 'NONE', #4244, #6174, #1813 ) ;
#1230 = ORIENTED_EDGE ( 'NONE', *, *, #2103, .T. ) ;
#1231 = CIRCLE ( 'NONE', #4863, 7.000000000000000888 ) ;
#1232 = VERTEX_POINT ( 'NONE', #2374 ) ;
#1233 = AXIS2_PLACEMENT_3D ( 'NONE', #1915, #3485, #936 ) ;
#1234 = LINE ( 'NONE', #1198, #5180 ) ;
#1235 = AXIS2_PLACEMENT_3D ( 'NONE', #4860, #419, #14 ) ;
#1236 = VERTEX_POINT ( 'NONE', #365 ) ;
#1237 = CARTESIAN_POINT ( 'NONE',  ( 28.59999999999999787, -10.35047573531249654, 13.63583152989489911 ) ) ;
#1238 = CARTESIAN_POINT ( 'NONE',  ( 35.60000000000000142, 8.572527594031474176E-16, -6.850000000000002309 ) ) ;
#1239 = CARTESIAN_POINT ( 'NONE',  ( 32.59999999999999432, 8.572527594031474176E-16, -6.850000000000002309 ) ) ;
#1240 = VECTOR ( 'NONE', #1673, 1000.000000000000000 ) ;
#1241 = DIRECTION ( 'NONE',  ( 1.000000000000000000, 0.000000000000000000, -3.154042683594195614E-16 ) ) ;
#1242 = VERTEX_POINT ( 'NONE', #4361 ) ;
#1243 = ADVANCED_FACE ( 'NONE', ( #5378 ), #6395, .T. ) ;
#1244 = VECTOR ( 'NONE', #1603, 1000.000000000000000 ) ;
#1245 = DIRECTION ( 'NONE',  ( -0.000000000000000000, 1.000000000000000000, 1.548860246407863583E-16 ) ) ;
#1246 = DIRECTION ( 'NONE',  ( -1.000000000000000000, -0.000000000000000000, -0.000000000000000000 ) ) ;
#1247 = VECTOR ( 'NONE', #1715, 1000.000000000000000 ) ;
#1248 = FACE_OUTER_BOUND ( 'NONE', #5844, .T. ) ;
#1249 = CARTESIAN_POINT ( 'NONE',  ( 24.59999999999999787, -4.261960596893380249, 5.702989453486133620 ) ) ;
#1250 = AXIS2_PLACEMENT_3D ( 'NONE', #2726, #1374, #5286 ) ;
#1251 = DIRECTION ( 'NONE',  ( 0.000000000000000000, -1.162264728904460753E-14, -1.000000000000000000 ) ) ;
#1252 = VERTEX_POINT ( 'NONE', #2447 ) ;
#1253 = EDGE_CURVE ( 'NONE', #5604, #6418, #769, .T. ) ;
#1254 = DIRECTION ( 'NONE',  ( -1.000000000000000000, -0.000000000000000000, -0.000000000000000000 ) ) ;
#1255 = EDGE_CURVE ( 'NONE', #6287, #854, #5249, .T. ) ;
#1256 = VERTEX_POINT ( 'NONE', #2850 ) ;
#1257 = DIRECTION ( 'NONE',  ( -1.000000000000000000, -0.000000000000000000, -0.000000000000000000 ) ) ;
#1258 = CIRCLE ( 'NONE', #2003, 7.000000000000000888 ) ;
#1259 = AXIS2_PLACEMENT_3D ( 'NONE', #506, #2585, #5018 ) ;
#1260 = CARTESIAN_POINT ( 'NONE',  ( 1.500000000000001554, 1.030637635557567044, 3.864943216164022477 ) ) ;
#1261 = CARTESIAN_POINT ( 'NONE',  ( 1.500000000000000000, 8.572527594031473190E-16, -6.850000000000000533 ) ) ;
#1262 = AXIS2_PLACEMENT_3D ( 'NONE', #2275, #2410, #3760 ) ;
#1263 = FACE_OUTER_BOUND ( 'NONE', #3889, .T. ) ;
#1264 = ORIENTED_EDGE ( 'NONE', *, *, #1333, .F. ) ;
#1265 = DIRECTION ( 'NONE',  ( -1.000000000000000000, -1.504111723692325477E-16, 0.000000000000000000 ) ) ;
#1266 = LINE ( 'NONE', #5801, #3622 ) ;
#1267 = EDGE_LOOP ( 'NONE', ( #2853, #3347, #4376, #1556, #1887, #2008, #5988, #1089 ) ) ;
#1268 = VERTEX_POINT ( 'NONE', #1470 ) ;
#1269 = CARTESIAN_POINT ( 'NONE',  ( 8.225974270706696956, 29.50000000000001066, -7.000000000000002665 ) ) ;
#1270 = FACE_OUTER_BOUND ( 'NONE', #2854, .T. ) ;
#1271 = ORIENTED_EDGE ( 'NONE', *, *, #1001, .F. ) ;
#1272 = CARTESIAN_POINT ( 'NONE',  ( 23.59999999999999432, 1.030637635557567044, 3.864943216164022477 ) ) ;
#1273 = EDGE_CURVE ( 'NONE', #188, #6329, #3834, .T. ) ;
#1274 = CARTESIAN_POINT ( 'NONE',  ( 25.59999999999999787, -2.762069023147044167, -6.931785952275177465 ) ) ;
#1275 = CARTESIAN_POINT ( 'NONE',  ( 33.60000000000000142, 1.030637635557567044, 3.864943216164022477 ) ) ;
#1276 = CIRCLE ( 'NONE', #962, 10.00000000000000178 ) ;
#1277 = CARTESIAN_POINT ( 'NONE',  ( 19.59999999999999787, 1.030637635557567044, 3.864943216164022477 ) ) ;
#1278 = CARTESIAN_POINT ( 'NONE',  ( -47.19999999999999574, 5.500000000000000000, -4.999999999999993783 ) ) ;
#1279 = EDGE_CURVE ( 'NONE', #3433, #4786, #2341, .T. ) ;
#1280 = LINE ( 'NONE', #2673, #5293 ) ;
#1281 = SHAPE_REPRESENTATION ( 'base', ( #4477 ), #4258 ) ;
#1282 = ORIENTED_EDGE ( 'NONE', *, *, #6282, .F. ) ;
#1283 = DIRECTION ( 'NONE',  ( 1.000000000000000000, 1.278665952808457648E-16, 0.000000000000000000 ) ) ;
#1284 = CARTESIAN_POINT ( 'NONE',  ( 1.500000000000002220, -10.35047573531249654, 13.63583152989489911 ) ) ;
#1285 = ORIENTED_EDGE ( 'NONE', *, *, #3039, .T. ) ;
#1286 = DIRECTION ( 'NONE',  ( 1.000000000000000000, 0.000000000000000000, 0.000000000000000000 ) ) ;
#1287 = CARTESIAN_POINT ( 'NONE',  ( 1.500000000000000000, 0.000000000000000000, 0.1499999999999999944 ) ) ;
#1288 = EDGE_CURVE ( 'NONE', #6349, #3773, #5134, .T. ) ;
#1289 = CARTESIAN_POINT ( 'NONE',  ( 31.59999999999999787, 2.318934680004526516, 8.696122236369051350 ) ) ;
#1290 = DIRECTION ( 'NONE',  ( 1.000000000000000000, 0.000000000000000000, 0.000000000000000000 ) ) ;
#1291 = DIRECTION ( 'NONE',  ( -1.000000000000000000, -0.000000000000000000, -0.000000000000000000 ) ) ;
#1292 = EDGE_CURVE ( 'NONE', #1943, #6312, #3994, .T. ) ;
#1293 = DIRECTION ( 'NONE',  ( 0.000000000000000000, 0.000000000000000000, -1.000000000000000000 ) ) ;
#1294 = VERTEX_POINT ( 'NONE', #880 ) ;
#1295 = PLANE ( 'NONE',  #5337 ) ;
#1296 = APPLICATION_CONTEXT ( 'automotive_design' ) ;
#1297 = LINE ( 'NONE', #4705, #3811 ) ;
#1298 = VERTEX_POINT ( 'NONE', #2288 ) ;
#1299 = ORIENTED_EDGE ( 'NONE', *, *, #6249, .T. ) ;
#1300 = CARTESIAN_POINT ( 'NONE',  ( 38.59999999999999432, 2.606424087848269178, -8.614322577793585012 ) ) ;
#1301 = EDGE_CURVE ( 'NONE', #724, #6235, #2649, .T. ) ;
#1302 = DIRECTION ( 'NONE',  ( -1.000000000000000000, 0.000000000000000000, -0.000000000000000000 ) ) ;
#1303 = ORIENTED_EDGE ( 'NONE', *, *, #2262, .T. ) ;
#1304 = CARTESIAN_POINT ( 'NONE',  ( -43.30000000000000426, 9.000000000000001776, -2.700000000000008615 ) ) ;
#1305 = DIRECTION ( 'NONE',  ( 0.000000000000000000, 1.000000000000000000, -0.000000000000000000 ) ) ;
#1306 = ORIENTED_EDGE ( 'NONE', *, *, #712, .T. ) ;
#1307 = ADVANCED_FACE ( 'NONE', ( #4536 ), #6030, .T. ) ;
#1308 = CARTESIAN_POINT ( 'NONE',  ( 13.80000000000000249, 8.100000000000003197, 8.000000000000000000 ) ) ;
#1309 = DIRECTION ( 'NONE',  ( -1.000000000000000000, -0.000000000000000000, -0.000000000000000000 ) ) ;
#1310 = CYLINDRICAL_SURFACE ( 'NONE', #1027, 10.00000000000000000 ) ;
#1311 = CARTESIAN_POINT ( 'NONE',  ( 21.59999999999999787, 0.000000000000000000, 0.000000000000000000 ) ) ;
#1312 = DIRECTION ( 'NONE',  ( -1.000000000000000000, -0.000000000000000000, -0.000000000000000000 ) ) ;
#1313 = ORIENTED_EDGE ( 'NONE', *, *, #354, .F. ) ;
#1314 = EDGE_CURVE ( 'NONE', #6334, #1667, #5032, .T. ) ;
#1315 = EDGE_LOOP ( 'NONE', ( #3883, #989, #3695, #2344 ) ) ;
#1316 = LINE ( 'NONE', #1447, #5022 ) ;
#1317 = VECTOR ( 'NONE', #4168, 1000.000000000000000 ) ;
#1318 = DIRECTION ( 'NONE',  ( 0.000000000000000000, 1.000000000000000000, -4.105854381010193828E-16 ) ) ;
#1319 = DIRECTION ( 'NONE',  ( 1.000000000000000000, 0.000000000000000000, 0.000000000000000000 ) ) ;
#1320 = DIRECTION ( 'NONE',  ( 0.000000000000000000, 1.000000000000000000, 0.000000000000000000 ) ) ;
#1321 = VECTOR ( 'NONE', #3678, 1000.000000000000000 ) ;
#1322 = ORIENTED_EDGE ( 'NONE', *, *, #4510, .T. ) ;
#1323 = CARTESIAN_POINT ( 'NONE',  ( 40.59999999999999432, 1.030637635557567044, 3.864943216164022477 ) ) ;
#1324 = EDGE_CURVE ( 'NONE', #5463, #5128, #5655, .T. ) ;
#1325 = CARTESIAN_POINT ( 'NONE',  ( 29.59999999999999787, 2.318934680004526516, 8.696122236369051350 ) ) ;
#1326 = ORIENTED_EDGE ( 'NONE', *, *, #4387, .T. ) ;
#1327 = ORIENTED_EDGE ( 'NONE', *, *, #6204, .T. ) ;
#1328 = CIRCLE ( 'NONE', #3, 3.500000000000003109 ) ;
#1329 = PLANE ( 'NONE',  #719 ) ;
#1330 = EDGE_LOOP ( 'NONE', ( #4411, #3757 ) ) ;
#1331 = EDGE_CURVE ( 'NONE', #5388, #5408, #3292, .T. ) ;
#1332 = ORIENTED_EDGE ( 'NONE', *, *, #4193, .T. ) ;
#1333 = EDGE_CURVE ( 'NONE', #6393, #3274, #2927, .T. ) ;
#1334 = DIRECTION ( 'NONE',  ( 1.000000000000000000, 0.000000000000000000, 0.000000000000000000 ) ) ;
#1335 = AXIS2_PLACEMENT_3D ( 'NONE', #6280, #3685, #5258 ) ;
#1336 = VECTOR ( 'NONE', #4407, 1000.000000000000000 ) ;
#1337 = CARTESIAN_POINT ( 'NONE',  ( 19.86927765092148945, 14.50000000000000711, 0.000000000000000000 ) ) ;
#1338 = DIRECTION ( 'NONE',  ( 1.000000000000000000, 1.278665952808457648E-16, 0.000000000000000000 ) ) ;
#1339 = ORIENTED_EDGE ( 'NONE', *, *, #3580, .T. ) ;
#1340 = AXIS2_PLACEMENT_3D ( 'NONE', #429, #1886, #2511 ) ;
#1341 = EDGE_LOOP ( 'NONE', ( #1217, #1019, #61, #4811 ) ) ;
#1342 = DIRECTION ( 'NONE',  ( 1.000000000000000000, 0.000000000000000000, 0.000000000000000000 ) ) ;
#1343 = CIRCLE ( 'NONE', #4977, 5.000000000000000000 ) ;
#1344 = DIRECTION ( 'NONE',  ( -1.000000000000000000, -0.000000000000000000, -0.000000000000000000 ) ) ;
#1345 = ORIENTED_EDGE ( 'NONE', *, *, #712, .F. ) ;
#1346 = DIRECTION ( 'NONE',  ( 1.000000000000000000, 0.000000000000000000, 0.000000000000000000 ) ) ;
#1347 = ORIENTED_EDGE ( 'NONE', *, *, #1984, .F. ) ;
#1348 = VERTEX_POINT ( 'NONE', #4432 ) ;
#1349 = AXIS2_PLACEMENT_3D ( 'NONE', #995, #3163, #2196 ) ;
#1350 = CARTESIAN_POINT ( 'NONE',  ( 22.10000000000000142, 8.099999999999999645, -8.000000000000000000 ) ) ;
#1351 = EDGE_LOOP ( 'NONE', ( #2470, #3894, #2864, #5488, #3930, #447, #2616, #1050, #4188 ) ) ;
#1352 = CARTESIAN_POINT ( 'NONE',  ( -8.827416997969503853, 29.50000000000000000, 0.000000000000000000 ) ) ;
#1353 = DIRECTION ( 'NONE',  ( -1.000000000000000000, -0.000000000000000000, -0.000000000000000000 ) ) ;
#1354 = STYLED_ITEM ( 'NONE', ( #1501 ), #4047 ) ;
#1355 = EDGE_CURVE ( 'NONE', #5047, #5572, #694, .T. ) ;
#1356 = LINE ( 'NONE', #1843, #6196 ) ;
#1357 = ORIENTED_EDGE ( 'NONE', *, *, #6105, .T. ) ;
#1358 = AXIS2_PLACEMENT_3D ( 'NONE', #349, #2464, #2393 ) ;
#1359 = CARTESIAN_POINT ( 'NONE',  ( 1.500000000000000000, 0.000000000000000000, 4.000000000000000000 ) ) ;
#1360 = CARTESIAN_POINT ( 'NONE',  ( -47.19999999999999574, 5.500000000000000000, -2.699999999999993960 ) ) ;
#1361 = DIRECTION ( 'NONE',  ( -1.000000000000000000, -0.000000000000000000, -0.000000000000000000 ) ) ;
#1362 = VERTEX_POINT ( 'NONE', #977 ) ;
#1363 = VERTEX_POINT ( 'NONE', #2484 ) ;
#1364 = DIRECTION ( 'NONE',  ( 1.000000000000000000, 0.000000000000000000, 0.000000000000000000 ) ) ;
#1365 = CARTESIAN_POINT ( 'NONE',  ( 13.60000000000000497, 29.50000000000001066, -7.000000000000002665 ) ) ;
#1366 = EDGE_LOOP ( 'NONE', ( #1011, #1215, #4780, #2200 ) ) ;
#1367 = CARTESIAN_POINT ( 'NONE',  ( 39.59999999999999432, 0.000000000000000000, 0.1499999999999999944 ) ) ;
#1368 = EDGE_CURVE ( 'NONE', #2089, #707, #4466, .T. ) ;
#1369 = DIRECTION ( 'NONE',  ( 1.000000000000000000, 0.000000000000000000, -0.000000000000000000 ) ) ;
#1370 = CARTESIAN_POINT ( 'NONE',  ( 0.000000000000000000, 29.50000000000001066, 0.000000000000000000 ) ) ;
#1371 = DIRECTION ( 'NONE',  ( 1.000000000000000000, 0.000000000000000000, -0.000000000000000000 ) ) ;
#1372 = ADVANCED_FACE ( 'NONE', ( #3250 ), #5366, .T. ) ;
#1373 = ORIENTED_EDGE ( 'NONE', *, *, #4983, .T. ) ;
#1374 = DIRECTION ( 'NONE',  ( 1.000000000000000000, 0.000000000000000000, 0.000000000000000000 ) ) ;
#1375 = CARTESIAN_POINT ( 'NONE',  ( 13.80000000000000249, 21.50000000000000000, 7.999999999999998224 ) ) ;
#1376 = ORIENTED_EDGE ( 'NONE', *, *, #5471, .F. ) ;
#1377 = CIRCLE ( 'NONE', #3753, 7.000000000000000888 ) ;
#1378 = CARTESIAN_POINT ( 'NONE',  ( 24.10000000000000497, 7.099999999999999645, -8.450000000000001066 ) ) ;
#1379 = ORIENTED_EDGE ( 'NONE', *, *, #4612, .F. ) ;
#1380 = DIRECTION ( 'NONE',  ( -1.000000000000000000, -0.000000000000000000, -0.000000000000000000 ) ) ;
#1381 = ORIENTED_EDGE ( 'NONE', *, *, #2226, .F. ) ;
#1382 = CARTESIAN_POINT ( 'NONE',  ( -52.69999999999999574, 38.49999999999999289, 2.700000000000006839 ) ) ;
#1383 = AXIS2_PLACEMENT_3D ( 'NONE', #1693, #1722, #4165 ) ;
#1384 = DIRECTION ( 'NONE',  ( 1.000000000000000000, 0.000000000000000000, 0.000000000000000000 ) ) ;
#1385 = AXIS2_PLACEMENT_3D ( 'NONE', #2413, #4394, #434 ) ;
#1386 = CARTESIAN_POINT ( 'NONE',  ( 39.59999999999999432, 8.572527594031474176E-16, -6.850000000000002309 ) ) ;
#1387 = ORIENTED_EDGE ( 'NONE', *, *, #370, .T. ) ;
#1388 = ORIENTED_EDGE ( 'NONE', *, *, #2749, .T. ) ;
#1389 = CARTESIAN_POINT ( 'NONE',  ( 26.59999999999999787, -4.261960596893380249, 5.702989453486133620 ) ) ;
#1390 = LINE ( 'NONE', #4832, #2169 ) ;
#1391 = DIRECTION ( 'NONE',  ( 1.000000000000000000, 0.000000000000000000, 0.000000000000000000 ) ) ;
#1392 = CARTESIAN_POINT ( 'NONE',  ( 1.500000000000001554, 1.030637635557567044, 8.864943216164022033 ) ) ;
#1393 = CARTESIAN_POINT ( 'NONE',  ( 1.500000000000001332, 14.50000000000000355, 0.000000000000000000 ) ) ;
#1394 = ORIENTED_EDGE ( 'NONE', *, *, #5538, .T. ) ;
#1395 = CIRCLE ( 'NONE', #2548, 7.000000000000000888 ) ;
#1396 = CARTESIAN_POINT ( 'NONE',  ( 19.59999999999999787, 0.000000000000000000, 0.1499999999999999944 ) ) ;
#1397 = DIRECTION ( 'NONE',  ( 0.000000000000000000, 0.000000000000000000, 1.000000000000000000 ) ) ;
#1398 = CARTESIAN_POINT ( 'NONE',  ( 27.59999999999999787, 1.158410705710341659, -3.828587812352703956 ) ) ;
#1399 = VECTOR ( 'NONE', #3553, 1000.000000000000000 ) ;
#1400 = EDGE_LOOP ( 'NONE', ( #2942, #4162, #4624, #2905, #2583, #4824, #1225, #3658, #4393, #5730, #385, #227, #5512, #172, #3468, #5642, #5845, #2002, #695, #369, #4007 ) ) ;
#1401 = EDGE_CURVE ( 'NONE', #3405, #536, #5301, .T. ) ;
#1402 = ORIENTED_EDGE ( 'NONE', *, *, #3082, .F. ) ;
#1403 = EDGE_CURVE ( 'NONE', #325, #2799, #4703, .T. ) ;
#1404 =( LENGTH_UNIT ( ) NAMED_UNIT ( * ) SI_UNIT ( .MILLI., .METRE. ) );
#1405 = AXIS2_PLACEMENT_3D ( 'NONE', #6364, #1891, #3393 ) ;
#1406 = CARTESIAN_POINT ( 'NONE',  ( 24.59999999999999787, 0.000000000000000000, 0.000000000000000000 ) ) ;
#1407 = ORIENTED_EDGE ( 'NONE', *, *, #495, .F. ) ;
#1408 = LINE ( 'NONE', #2773, #2176 ) ;
#1409 = ORIENTED_EDGE ( 'NONE', *, *, #860, .F. ) ;
#1410 = EDGE_LOOP ( 'NONE', ( #4255, #1966, #3633, #5475 ) ) ;
#1411 = CARTESIAN_POINT ( 'NONE',  ( 40.59999999999999432, 2.318934680004526960, 8.696122236369053127 ) ) ;
#1412 = ADVANCED_FACE ( 'NONE', ( #4419 ), #2048, .T. ) ;
#1413 = ORIENTED_EDGE ( 'NONE', *, *, #2917, .F. ) ;
#1414 = CARTESIAN_POINT ( 'NONE',  ( 24.59999999999999787, 1.158410705710341659, -3.828587812352703956 ) ) ;
#1415 = DIRECTION ( 'NONE',  ( -1.000000000000000000, -0.000000000000000000, -0.000000000000000000 ) ) ;
#1416 = ORIENTED_EDGE ( 'NONE', *, *, #583, .F. ) ;
#1417 = EDGE_CURVE ( 'NONE', #3382, #3950, #6201, .T. ) ;
#1418 = CARTESIAN_POINT ( 'NONE',  ( 22.10000000000000142, 23.75000000000000711, 6.249999999999999112 ) ) ;
#1419 = DIRECTION ( 'NONE',  ( 1.000000000000000000, 0.000000000000000000, 0.000000000000000000 ) ) ;
#1420 = AXIS2_PLACEMENT_3D ( 'NONE', #1352, #3438, #448 ) ;
#1421 = CARTESIAN_POINT ( 'NONE',  ( -43.29999999999999716, 14.50000000000000355, 0.000000000000000000 ) ) ;
#1422 = AXIS2_PLACEMENT_3D ( 'NONE', #5626, #6194, #1740 ) ;
#1423 = DIRECTION ( 'NONE',  ( 0.000000000000000000, 0.000000000000000000, -1.000000000000000000 ) ) ;
#1424 = ORIENTED_EDGE ( 'NONE', *, *, #3710, .T. ) ;
#1425 = VERTEX_POINT ( 'NONE', #2977 ) ;
#1426 = CIRCLE ( 'NONE', #6212, 10.00000000000000000 ) ;
#1427 = DIRECTION ( 'NONE',  ( -3.273063162220390819E-16, -0.000000000000000000, -1.000000000000000000 ) ) ;
#1428 = EDGE_CURVE ( 'NONE', #5021, #1116, #5472, .T. ) ;
#1429 = DIRECTION ( 'NONE',  ( -0.000000000000000000, 0.000000000000000000, 1.000000000000000000 ) ) ;
#1430 = DIRECTION ( 'NONE',  ( 0.000000000000000000, 0.000000000000000000, 1.000000000000000000 ) ) ;
#1431 = DIRECTION ( 'NONE',  ( 0.000000000000000000, 0.000000000000000000, -1.000000000000000000 ) ) ;
#1432 = CARTESIAN_POINT ( 'NONE',  ( 1.500000000000001332, 14.50000000000000355, 0.000000000000000000 ) ) ;
#1433 = ORIENTED_EDGE ( 'NONE', *, *, #124, .F. ) ;
#1434 = VERTEX_POINT ( 'NONE', #55 ) ;
#1435 = AXIS2_PLACEMENT_3D ( 'NONE', #6346, #5931, #5426 ) ;
#1436 = CARTESIAN_POINT ( 'NONE',  ( 0.000000000000000000, 0.000000000000000000, 0.000000000000000000 ) ) ;
#1437 = DIRECTION ( 'NONE',  ( -0.000000000000000000, -0.000000000000000000, -1.000000000000000000 ) ) ;
#1438 = ORIENTED_EDGE ( 'NONE', *, *, #3567, .T. ) ;
#1439 = AXIS2_PLACEMENT_3D ( 'NONE', #1113, #3108, #3503 ) ;
#1440 = VECTOR ( 'NONE', #5539, 1000.000000000000000 ) ;
#1441 = DIRECTION ( 'NONE',  ( 1.000000000000000000, 0.000000000000000000, 0.000000000000000000 ) ) ;
#1442 = ORIENTED_EDGE ( 'NONE', *, *, #5930, .F. ) ;
#1443 = ORIENTED_EDGE ( 'NONE', *, *, #4159, .T. ) ;
#1444 = DIRECTION ( 'NONE',  ( 0.000000000000000000, -1.000000000000000000, 0.000000000000000000 ) ) ;
#1445 = AXIS2_PLACEMENT_3D ( 'NONE', #2551, #2997, #3069 ) ;
#1446 = ORIENTED_EDGE ( 'NONE', *, *, #6051, .F. ) ;
#1447 = CARTESIAN_POINT ( 'NONE',  ( 24.59999999999999787, 2.318934680004526960, 8.696122236369053127 ) ) ;
#1448 = EDGE_CURVE ( 'NONE', #4178, #4786, #5159, .T. ) ;
#1449 = CARTESIAN_POINT ( 'NONE',  ( 28.59999999999999787, -4.261960596893380249, 5.702989453486133620 ) ) ;
#1450 = ADVANCED_FACE ( 'NONE', ( #2912 ), #5970, .F. ) ;
#1451 = AXIS2_PLACEMENT_3D ( 'NONE', #1137, #830, #4620 ) ;
#1452 = EDGE_CURVE ( 'NONE', #1161, #2293, #281, .T. ) ;
#1453 = ADVANCED_FACE ( 'NONE', ( #3371 ), #1481, .F. ) ;
#1454 = ORIENTED_EDGE ( 'NONE', *, *, #1963, .F. ) ;
#1455 = CARTESIAN_POINT ( 'NONE',  ( 13.80000000000000249, 8.099999999999999645, -7.450000000000001066 ) ) ;
#1456 = VECTOR ( 'NONE', #5599, 1000.000000000000000 ) ;
#1457 = EDGE_LOOP ( 'NONE', ( #3775, #3813, #3890, #1874 ) ) ;
#1458 = DIRECTION ( 'NONE',  ( 1.000000000000000000, 0.000000000000000000, 0.000000000000000000 ) ) ;
#1459 = AXIS2_PLACEMENT_3D ( 'NONE', #6165, #3677, #4487 ) ;
#1460 = ADVANCED_FACE ( 'NONE', ( #3229 ), #2857, .T. ) ;
#1461 = EDGE_CURVE ( 'NONE', #5310, #784, #5114, .T. ) ;
#1462 = CARTESIAN_POINT ( 'NONE',  ( 28.59999999999999787, -2.763066821399118744, 7.121905987407648020 ) ) ;
#1463 = AXIS2_PLACEMENT_3D ( 'NONE', #1187, #4694, #259 ) ;
#1464 = ORIENTED_EDGE ( 'NONE', *, *, #1653, .T. ) ;
#1465 = DIRECTION ( 'NONE',  ( 1.000000000000000000, 0.000000000000000000, 0.000000000000000000 ) ) ;
#1466 = ORIENTED_EDGE ( 'NONE', *, *, #5089, .F. ) ;
#1467 = PLANE ( 'NONE',  #1385 ) ;
#1468 = ADVANCED_FACE ( 'NONE', ( #2102 ), #5507, .F. ) ;
#1469 = CARTESIAN_POINT ( 'NONE',  ( 13.60000000000000497, 29.50000000000001066, 0.000000000000000000 ) ) ;
#1470 = CARTESIAN_POINT ( 'NONE',  ( -43.29999999999999716, 14.50000000000000355, 3.000000000000000444 ) ) ;
#1471 = DIRECTION ( 'NONE',  ( 0.000000000000000000, 0.000000000000000000, -1.000000000000000000 ) ) ;
#1472 = ORIENTED_EDGE ( 'NONE', *, *, #1754, .F. ) ;
#1473 = ORIENTED_EDGE ( 'NONE', *, *, #3331, .T. ) ;
#1474 = FACE_OUTER_BOUND ( 'NONE', #6297, .T. ) ;
#1475 = ORIENTED_EDGE ( 'NONE', *, *, #4564, .F. ) ;
#1476 = DIRECTION ( 'NONE',  ( 0.000000000000000000, 0.000000000000000000, -1.000000000000000000 ) ) ;
#1477 = EDGE_LOOP ( 'NONE', ( #3533, #3057, #5445, #6352, #801, #4970 ) ) ;
#1478 = VERTEX_POINT ( 'NONE', #3187 ) ;
#1479 = CARTESIAN_POINT ( 'NONE',  ( 1.500000000000002220, -2.763066821399118744, 7.121905987407648020 ) ) ;
#1480 = VERTEX_POINT ( 'NONE', #4683 ) ;
#1481 = CYLINDRICAL_SURFACE ( 'NONE', #5377, 10.00000000000000178 ) ;
#1482 = PLANE ( 'NONE',  #440 ) ;
#1483 = LINE ( 'NONE', #4446, #5898 ) ;
#1484 = CIRCLE ( 'NONE', #2311, 7.000000000000000000 ) ;
#1485 = ORIENTED_EDGE ( 'NONE', *, *, #5727, .F. ) ;
#1486 = CIRCLE ( 'NONE', #5014, 9.000000000000000000 ) ;
#1487 = EDGE_CURVE ( 'NONE', #4880, #1298, #3221, .T. ) ;
#1488 = EDGE_CURVE ( 'NONE', #5327, #2651, #4323, .T. ) ;
#1489 = VERTEX_POINT ( 'NONE', #1289 ) ;
#1490 = LINE ( 'NONE', #4626, #3330 ) ;
#1491 = FACE_OUTER_BOUND ( 'NONE', #4925, .T. ) ;
#1492 = ITEM_DEFINED_TRANSFORMATION ( 'NONE', 'NONE', #2793,  #4477 ) ;
#1493 = EDGE_CURVE ( 'NONE', #3999, #5878, #381, .T. ) ;
#1494 = CYLINDRICAL_SURFACE ( 'NONE', #5059, 10.00000000000000178 ) ;
#1495 = CARTESIAN_POINT ( 'NONE',  ( 36.59999999999999432, 8.572527594031474176E-16, -6.850000000000002309 ) ) ;
#1496 = DIRECTION ( 'NONE',  ( 0.000000000000000000, 0.000000000000000000, 1.000000000000000000 ) ) ;
#1497 = VERTEX_POINT ( 'NONE', #1879 ) ;
#1498 = ORIENTED_EDGE ( 'NONE', *, *, #5051, .F. ) ;
#1499 = EDGE_CURVE ( 'NONE', #3997, #6393, #2055, .T. ) ;
#1500 = CARTESIAN_POINT ( 'NONE',  ( 20.59999999999999787, 2.318934680004526516, 8.696122236369051350 ) ) ;
#1501 = PRESENTATION_STYLE_ASSIGNMENT (( #2988 ) ) ;
#1502 = VECTOR ( 'NONE', #254, 1000.000000000000000 ) ;
#1503 = CARTESIAN_POINT ( 'NONE',  ( -52.69999999999999574, 0.000000000000000000, -2.699999999999993516 ) ) ;
#1504 = ORIENTED_EDGE ( 'NONE', *, *, #3962, .F. ) ;
#1505 = AXIS2_PLACEMENT_3D ( 'NONE', #4129, #4529, #1133 ) ;
#1506 = ORIENTED_EDGE ( 'NONE', *, *, #2044, .T. ) ;
#1507 = AXIS2_PLACEMENT_3D ( 'NONE', #1065, #2596, #4582 ) ;
#1508 = APPLICATION_PROTOCOL_DEFINITION ( 'draft international standard', 'automotive_design', 1998, #1296 ) ;
#1509 = LINE ( 'NONE', #3102, #4246 ) ;
#1510 = EDGE_CURVE ( 'NONE', #2184, #279, #1938, .T. ) ;
#1511 = EDGE_LOOP ( 'NONE', ( #2025, #6338 ) ) ;
#1512 = CARTESIAN_POINT ( 'NONE',  ( 22.10000000000000142, 29.50000000000000000, -8.999999999999998224 ) ) ;
#1513 = ORIENTED_EDGE ( 'NONE', *, *, #1210, .F. ) ;
#1514 = ORIENTED_EDGE ( 'NONE', *, *, #4763, .F. ) ;
#1515 = ORIENTED_EDGE ( 'NONE', *, *, #1145, .F. ) ;
#1516 = DIRECTION ( 'NONE',  ( 0.000000000000000000, 0.000000000000000000, -1.000000000000000000 ) ) ;
#1517 = DIRECTION ( 'NONE',  ( 0.000000000000000000, 0.000000000000000000, 1.000000000000000000 ) ) ;
#1518 = CIRCLE ( 'NONE', #1197, 7.000000000000000888 ) ;
#1519 = ORIENTED_EDGE ( 'NONE', *, *, #4948, .F. ) ;
#1520 = ORIENTED_EDGE ( 'NONE', *, *, #3551, .F. ) ;
#1521 = CARTESIAN_POINT ( 'NONE',  ( 13.80000000000000249, 1.000000000000006439, 7.450000000000001066 ) ) ;
#1522 = AXIS2_PLACEMENT_3D ( 'NONE', #5971, #4123, #2049 ) ;
#1523 = FACE_OUTER_BOUND ( 'NONE', #3112, .T. ) ;
#1524 = DIRECTION ( 'NONE',  ( 0.000000000000000000, 1.000000000000000000, 0.000000000000000000 ) ) ;
#1525 = ORIENTED_EDGE ( 'NONE', *, *, #6102, .T. ) ;
#1526 = LINE ( 'NONE', #3483, #4956 ) ;
#1527 = CARTESIAN_POINT ( 'NONE',  ( 28.59999999999999787, 2.318934680004526516, 8.696122236369051350 ) ) ;
#1528 = CARTESIAN_POINT ( 'NONE',  ( 22.10000000000000142, 7.100000000000003197, 8.450000000000001066 ) ) ;
#1529 = VECTOR ( 'NONE', #832, 1000.000000000000000 ) ;
#1530 = EDGE_CURVE ( 'NONE', #1884, #2079, #5649, .T. ) ;
#1531 = VERTEX_POINT ( 'NONE', #5292 ) ;
#1532 = EDGE_CURVE ( 'NONE', #4888, #4887, #4154, .T. ) ;
#1533 = ORIENTED_EDGE ( 'NONE', *, *, #6114, .F. ) ;
#1534 = DIRECTION ( 'NONE',  ( -1.000000000000000000, -0.000000000000000000, -0.000000000000000000 ) ) ;
#1535 = ADVANCED_FACE ( 'NONE', ( #787 ), #2201, .F. ) ;
#1536 = CARTESIAN_POINT ( 'NONE',  ( 36.59999999999999432, 1.030637635557567044, 3.864943216164022477 ) ) ;
#1537 = ADVANCED_FACE ( 'NONE', ( #4665 ), #5661, .T. ) ;
#1538 = ORIENTED_EDGE ( 'NONE', *, *, #4785, .T. ) ;
#1539 = AXIS2_PLACEMENT_3D ( 'NONE', #59, #4456, #25 ) ;
#1540 = AXIS2_PLACEMENT_3D ( 'NONE', #603, #6070, #2527 ) ;
#1541 = DIRECTION ( 'NONE',  ( 0.000000000000000000, 0.000000000000000000, 1.000000000000000000 ) ) ;
#1542 = AXIS2_PLACEMENT_3D ( 'NONE', #1360, #6415, #3856 ) ;
#1543 = CARTESIAN_POINT ( 'NONE',  ( 37.59999999999999432, 2.318934680004526516, 8.696122236369051350 ) ) ;
#1544 = EDGE_LOOP ( 'NONE', ( #2949, #5498 ) ) ;
#1545 = VECTOR ( 'NONE', #531, 1000.000000000000000 ) ;
#1546 = VECTOR ( 'NONE', #3958, 1000.000000000000000 ) ;
#1547 = CARTESIAN_POINT ( 'NONE',  ( 34.60000000000000142, 0.000000000000000000, 0.000000000000000000 ) ) ;
#1548 = ORIENTED_EDGE ( 'NONE', *, *, #5017, .T. ) ;
#1549 = EDGE_CURVE ( 'NONE', #1236, #4539, #5856, .T. ) ;
#1550 = FACE_OUTER_BOUND ( 'NONE', #4401, .T. ) ;
#1551 = VECTOR ( 'NONE', #456, 1000.000000000000000 ) ;
#1552 = AXIS2_PLACEMENT_3D ( 'NONE', #3497, #1018, #3531 ) ;
#1553 = DIRECTION ( 'NONE',  ( -1.000000000000000000, -0.000000000000000000, -0.000000000000000000 ) ) ;
#1554 = AXIS2_PLACEMENT_3D ( 'NONE', #716, #5648, #3323 ) ;
#1555 = ORIENTED_EDGE ( 'NONE', *, *, #5339, .T. ) ;
#1556 = ORIENTED_EDGE ( 'NONE', *, *, #2821, .F. ) ;
#1557 = ORIENTED_EDGE ( 'NONE', *, *, #2838, .T. ) ;
#1558 = AXIS2_PLACEMENT_3D ( 'NONE', #1375, #4333, #6302 ) ;
#1559 = CIRCLE ( 'NONE', #4347, 9.000000000000000000 ) ;
#1560 = VERTEX_POINT ( 'NONE', #2734 ) ;
#1561 = CARTESIAN_POINT ( 'NONE',  ( 38.59999999999999432, 0.000000000000000000, 0.1499999999999999944 ) ) ;
#1562 = DIRECTION ( 'NONE',  ( -1.000000000000000000, -0.000000000000000000, -0.000000000000000000 ) ) ;
#1563 = DIRECTION ( 'NONE',  ( 0.000000000000000000, 0.000000000000000000, 1.000000000000000000 ) ) ;
#1564 = CIRCLE ( 'NONE', #4051, 5.000000000000000888 ) ;
#1565 = CYLINDRICAL_SURFACE ( 'NONE', #2432, 5.000000000000000000 ) ;
#1566 = CARTESIAN_POINT ( 'NONE',  ( 0.000000000000000000, 0.000000000000000000, 4.000000000000000000 ) ) ;
#1567 = AXIS2_PLACEMENT_3D ( 'NONE', #34, #491, #6058 ) ;
#1568 = ORIENTED_EDGE ( 'NONE', *, *, #6052, .T. ) ;
#1569 = ORIENTED_EDGE ( 'NONE', *, *, #4016, .T. ) ;
#1570 = CARTESIAN_POINT ( 'NONE',  ( 22.10000000000000142, 6.803368632346540323E-15, 8.999999999999998224 ) ) ;
#1571 = AXIS2_PLACEMENT_3D ( 'NONE', #3604, #641, #2082 ) ;
#1572 = CARTESIAN_POINT ( 'NONE',  ( 24.59999999999999787, -2.763066821399118744, 7.121905987407648020 ) ) ;
#1573 = EDGE_CURVE ( 'NONE', #5400, #3291, #3199, .T. ) ;
#1574 = LINE ( 'NONE', #4558, #6237 ) ;
#1575 = CIRCLE ( 'NONE', #4580, 7.000000000000000888 ) ;
#1576 = PLANE ( 'NONE',  #4846 ) ;
#1577 = CIRCLE ( 'NONE', #940, 4.249999999999998224 ) ;
#1578 = VECTOR ( 'NONE', #2101, 1000.000000000000000 ) ;
#1579 = CARTESIAN_POINT ( 'NONE',  ( 20.59999999999999787, -2.762069023147042390, -6.931785952275175688 ) ) ;
#1580 = CARTESIAN_POINT ( 'NONE',  ( -0.002000000000002000178, 0.000000000000000000, 0.000000000000000000 ) ) ;
#1581 = LINE ( 'NONE', #1015, #2084 ) ;
#1582 = EDGE_CURVE ( 'NONE', #442, #5239, #1713, .T. ) ;
#1583 = EDGE_LOOP ( 'NONE', ( #3790, #5186, #2807, #5206 ) ) ;
#1584 = CARTESIAN_POINT ( 'NONE',  ( 1.500000000000002220, -2.763066821399118744, 7.121905987407648020 ) ) ;
#1585 = ORIENTED_EDGE ( 'NONE', *, *, #4130, .F. ) ;
#1586 = EDGE_CURVE ( 'NONE', #533, #2207, #314, .T. ) ;
#1587 = FACE_OUTER_BOUND ( 'NONE', #1410, .T. ) ;
#1588 = DIRECTION ( 'NONE',  ( 1.000000000000000000, 0.000000000000000000, 0.000000000000000000 ) ) ;
#1589 = EDGE_LOOP ( 'NONE', ( #627, #4271, #4011, #3691 ) ) ;
#1590 = EDGE_CURVE ( 'NONE', #3417, #403, #988, .T. ) ;
#1591 = VERTEX_POINT ( 'NONE', #1972 ) ;
#1592 = CARTESIAN_POINT ( 'NONE',  ( 24.10000000000000497, 29.50000000000000000, -8.999999999999998224 ) ) ;
#1593 = CARTESIAN_POINT ( 'NONE',  ( 1.500000000000001554, 1.030637635557567044, 3.864943216164022477 ) ) ;
#1594 = LINE ( 'NONE', #2022, #5996 ) ;
#1595 = DIRECTION ( 'NONE',  ( 1.000000000000000000, 0.000000000000000000, 0.000000000000000000 ) ) ;
#1596 = EDGE_CURVE ( 'NONE', #4149, #1016, #4821, .T. ) ;
#1597 = ORIENTED_EDGE ( 'NONE', *, *, #3985, .F. ) ;
#1598 = VERTEX_POINT ( 'NONE', #2832 ) ;
#1599 = LINE ( 'NONE', #1570, #2336 ) ;
#1600 = CARTESIAN_POINT ( 'NONE',  ( 34.60000000000000142, 0.000000000000000000, 0.000000000000000000 ) ) ;
#1602 = ORIENTED_EDGE ( 'NONE', *, *, #322, .T. ) ;
#1601 = STYLED_ITEM ( 'NONE', ( #5326 ), #1904 ) ;
#1603 = DIRECTION ( 'NONE',  ( -1.000000000000000000, -0.000000000000000000, -0.000000000000000000 ) ) ;
#1604 = PLANE ( 'NONE',  #5164 ) ;
#1605 = CARTESIAN_POINT ( 'NONE',  ( 24.59999999999999787, 2.318934680004526516, 8.696122236369051350 ) ) ;
#1606 = CARTESIAN_POINT ( 'NONE',  ( 32.59999999999999432, -2.763066821399118744, 7.121905987407648020 ) ) ;
#1607 = CIRCLE ( 'NONE', #1182, 7.000000000000000888 ) ;
#1608 = CARTESIAN_POINT ( 'NONE',  ( 28.59999999999999787, 0.000000000000000000, 0.1499999999999999944 ) ) ;
#1609 = VERTEX_POINT ( 'NONE', #1350 ) ;
#1610 = EDGE_CURVE ( 'NONE', #1850, #3436, #772, .T. ) ;
#1611 = CARTESIAN_POINT ( 'NONE',  ( 19.59999999999999787, -10.35047573531249654, 13.63583152989489911 ) ) ;
#1612 = PRODUCT_DEFINITION ( 'UNKNOWN', '', #1040, #604 ) ;
#1613 = AXIS2_PLACEMENT_3D ( 'NONE', #4858, #3308, #3946 ) ;
#1614 = DIRECTION ( 'NONE',  ( 0.000000000000000000, 0.000000000000000000, -1.000000000000000000 ) ) ;
#1615 = DIRECTION ( 'NONE',  ( -1.000000000000000000, -0.000000000000000000, -0.000000000000000000 ) ) ;
#1616 = LINE ( 'NONE', #3599, #5183 ) ;
#1617 = VECTOR ( 'NONE', #4338, 1000.000000000000000 ) ;
#1618 = ORIENTED_EDGE ( 'NONE', *, *, #3770, .F. ) ;
#1619 = EDGE_CURVE ( 'NONE', #4282, #5819, #1824, .T. ) ;
#1620 = VERTEX_POINT ( 'NONE', #5325 ) ;
#1621 = EDGE_CURVE ( 'NONE', #5375, #1943, #5925, .T. ) ;
#1622 = VERTEX_POINT ( 'NONE', #415 ) ;
#1623 = CARTESIAN_POINT ( 'NONE',  ( -6.799999999999999822, 4.499999999999999112, 2.650000000000000799 ) ) ;
#1624 = FACE_BOUND ( 'NONE', #1894, .T. ) ;
#1625 = DIRECTION ( 'NONE',  ( -1.000000000000000000, -0.000000000000000000, -0.000000000000000000 ) ) ;
#1626 = LINE ( 'NONE', #3608, #5899 ) ;
#1627 = ORIENTED_EDGE ( 'NONE', *, *, #5940, .F. ) ;
#1628 = VECTOR ( 'NONE', #3575, 1000.000000000000000 ) ;
#1629 = EDGE_CURVE ( 'NONE', #67, #5165, #5857, .T. ) ;
#1630 = ORIENTED_EDGE ( 'NONE', *, *, #4706, .F. ) ;
#1631 = CYLINDRICAL_SURFACE ( 'NONE', #579, 7.000000000000000000 ) ;
#1632 = DIRECTION ( 'NONE',  ( 1.000000000000000000, 0.000000000000000000, 0.000000000000000000 ) ) ;
#1633 = ORIENTED_EDGE ( 'NONE', *, *, #1487, .T. ) ;
#1634 = DIRECTION ( 'NONE',  ( 1.000000000000000000, 0.000000000000000000, 0.000000000000000000 ) ) ;
#1635 = CARTESIAN_POINT ( 'NONE',  ( 19.59999999999999787, -4.261960596893379360, 5.702989453486132732 ) ) ;
#1636 = FACE_OUTER_BOUND ( 'NONE', #5121, .T. ) ;
#1637 = DIRECTION ( 'NONE',  ( -1.000000000000000000, -0.000000000000000000, -0.000000000000000000 ) ) ;
#1638 = EDGE_CURVE ( 'NONE', #4316, #1153, #476, .T. ) ;
#1639 = LINE ( 'NONE', #1734, #24 ) ;
#1640 = ADVANCED_FACE ( 'NONE', ( #4375 ), #477, .T. ) ;
#1641 = VECTOR ( 'NONE', #1391, 1000.000000000000000 ) ;
#1642 = AXIS2_PLACEMENT_3D ( 'NONE', #3587, #2576, #4036 ) ;
#1643 = CIRCLE ( 'NONE', #1742, 7.999999999999996447 ) ;
#1644 = CARTESIAN_POINT ( 'NONE',  ( 15.20000000000000462, 29.50000000000000000, 0.000000000000000000 ) ) ;
#1645 = EDGE_CURVE ( 'NONE', #2938, #6286, #1838, .T. ) ;
#1646 = DIRECTION ( 'NONE',  ( -1.000000000000000000, -0.000000000000000000, -0.000000000000000000 ) ) ;
#1647 = AXIS2_PLACEMENT_3D ( 'NONE', #3179, #4555, #4068 ) ;
#1648 = ORIENTED_EDGE ( 'NONE', *, *, #1873, .T. ) ;
#1649 = VECTOR ( 'NONE', #3205, 1000.000000000000000 ) ;
#1650 = EDGE_LOOP ( 'NONE', ( #967, #2334, #1712, #589 ) ) ;
#1651 = CIRCLE ( 'NONE', #4462, 7.000000000000000888 ) ;
#1652 = CARTESIAN_POINT ( 'NONE',  ( 25.59999999999999787, 1.158410705710341659, -3.828587812352703956 ) ) ;
#1653 = EDGE_CURVE ( 'NONE', #5272, #3999, #6271, .T. ) ;
#1654 = CARTESIAN_POINT ( 'NONE',  ( -52.69999999999999574, 38.49999999999999289, -4.999999999999993783 ) ) ;
#1655 = CIRCLE ( 'NONE', #1757, 10.00000000000000000 ) ;
#1656 = EDGE_CURVE ( 'NONE', #1884, #3501, #2812, .T. ) ;
#1657 = AXIS2_PLACEMENT_3D ( 'NONE', #5691, #692, #5659 ) ;
#1658 = AXIS2_PLACEMENT_3D ( 'NONE', #443, #5015, #4987 ) ;
#1659 = DIRECTION ( 'NONE',  ( 1.000000000000000000, -0.000000000000000000, -0.000000000000000000 ) ) ;
#1660 = ORIENTED_EDGE ( 'NONE', *, *, #2862, .F. ) ;
#1661 = EDGE_CURVE ( 'NONE', #4786, #3642, #1276, .T. ) ;
#1662 = CIRCLE ( 'NONE', #1233, 7.000000000000000888 ) ;
#1663 = ORIENTED_EDGE ( 'NONE', *, *, #3521, .T. ) ;
#1664 = FACE_OUTER_BOUND ( 'NONE', #4098, .T. ) ;
#1665 = CIRCLE ( 'NONE', #519, 5.000000000000000000 ) ;
#1666 = DIRECTION ( 'NONE',  ( 0.000000000000000000, 0.000000000000000000, -1.000000000000000000 ) ) ;
#1667 = VERTEX_POINT ( 'NONE', #4889 ) ;
#1668 = AXIS2_PLACEMENT_3D ( 'NONE', #1671, #4102, #3693 ) ;
#1669 = LINE ( 'NONE', #177, #4445 ) ;
#1670 = VECTOR ( 'NONE', #1207, 1000.000000000000000 ) ;
#1671 = CARTESIAN_POINT ( 'NONE',  ( 26.59999999999999787, 1.030637635557567044, 3.864943216164022477 ) ) ;
#1672 = DIRECTION ( 'NONE',  ( 0.000000000000000000, 0.000000000000000000, -1.000000000000000000 ) ) ;
#1673 = DIRECTION ( 'NONE',  ( -1.000000000000000000, -1.504111723692325477E-16, 0.000000000000000000 ) ) ;
#1674 = VECTOR ( 'NONE', #4489, 1000.000000000000000 ) ;
#1675 = CARTESIAN_POINT ( 'NONE',  ( 1.500000000000000000, -4.365952903884278591, -5.321604448520052877 ) ) ;
#1676 = CIRCLE ( 'NONE', #2916, 5.000000000000000888 ) ;
#1677 = DIRECTION ( 'NONE',  ( 1.000000000000000000, 0.000000000000000000, 0.000000000000000000 ) ) ;
#1678 = CYLINDRICAL_SURFACE ( 'NONE', #614, 5.000000000000000000 ) ;
#1679 = ORIENTED_EDGE ( 'NONE', *, *, #4758, .F. ) ;
#1680 = ADVANCED_FACE ( 'NONE', ( #823 ), #5890, .F. ) ;
#1681 = ORIENTED_EDGE ( 'NONE', *, *, #588, .T. ) ;
#1682 = ADVANCED_FACE ( 'NONE', ( #3403 ), #3807, .T. ) ;
#1683 = EDGE_LOOP ( 'NONE', ( #3284, #3461, #1877, #3540 ) ) ;
#1684 = ORIENTED_EDGE ( 'NONE', *, *, #5762, .T. ) ;
#1685 = ORIENTED_EDGE ( 'NONE', *, *, #2822, .F. ) ;
#1686 = DIRECTION ( 'NONE',  ( 0.000000000000000000, 7.112366251504907509E-15, -1.000000000000000000 ) ) ;
#1687 = LINE ( 'NONE', #5226, #1649 ) ;
#1688 = PLANE ( 'NONE',  #1762 ) ;
#1689 = VERTEX_POINT ( 'NONE', #3849 ) ;
#1690 = ADVANCED_FACE ( 'NONE', ( #2427 ), #5820, .T. ) ;
#1691 = EDGE_CURVE ( 'NONE', #6356, #2591, #1377, .T. ) ;
#1692 = ORIENTED_EDGE ( 'NONE', *, *, #1963, .T. ) ;
#1693 = CARTESIAN_POINT ( 'NONE',  ( 35.60000000000000142, 0.000000000000000000, 0.1499999999999999944 ) ) ;
#1694 = DIRECTION ( 'NONE',  ( 0.000000000000000000, 0.000000000000000000, -1.000000000000000000 ) ) ;
#1695 = ORIENTED_EDGE ( 'NONE', *, *, #4250, .T. ) ;
#1696 = DIRECTION ( 'NONE',  ( 1.000000000000000000, 0.000000000000000000, 0.000000000000000000 ) ) ;
#1697 = ADVANCED_FACE ( 'NONE', ( #2137 ), #4050, .F. ) ;
#1698 = DIRECTION ( 'NONE',  ( -1.000000000000000000, 0.000000000000000000, 0.000000000000000000 ) ) ;
#1699 = DIRECTION ( 'NONE',  ( 1.000000000000000000, 0.000000000000000000, 0.000000000000000000 ) ) ;
#1700 = DIRECTION ( 'NONE',  ( -1.000000000000000000, -0.000000000000000000, -0.000000000000000000 ) ) ;
#1701 = AXIS2_PLACEMENT_3D ( 'NONE', #3891, #462, #4359 ) ;
#1702 = LINE ( 'NONE', #2280, #2784 ) ;
#1703 = AXIS2_PLACEMENT_3D ( 'NONE', #2539, #615, #2085 ) ;
#1704 = LINE ( 'NONE', #3479, #2503 ) ;
#1705 = LINE ( 'NONE', #4201, #3098 ) ;
#1706 = ADVANCED_FACE ( 'NONE', ( #4954 ), #5479, .T. ) ;
#1707 = FACE_OUTER_BOUND ( 'NONE', #4405, .T. ) ;
#1708 = AXIS2_PLACEMENT_3D ( 'NONE', #4136, #3157, #3562 ) ;
#1709 = EDGE_CURVE ( 'NONE', #3024, #4385, #4604, .T. ) ;
#1710 = EDGE_CURVE ( 'NONE', #1163, #5863, #5943, .T. ) ;
#1711 = ORIENTED_EDGE ( 'NONE', *, *, #3404, .F. ) ;
#1712 = ORIENTED_EDGE ( 'NONE', *, *, #81, .F. ) ;
#1713 = LINE ( 'NONE', #5188, #5136 ) ;
#1714 = VERTEX_POINT ( 'NONE', #1175 ) ;
#1715 = DIRECTION ( 'NONE',  ( 1.000000000000000000, 0.000000000000000000, 0.000000000000000000 ) ) ;
#1716 = CARTESIAN_POINT ( 'NONE',  ( 29.59999999999999787, 2.606424087848269178, -8.614322577793585012 ) ) ;
#1717 = EDGE_CURVE ( 'NONE', #2509, #2207, #2581, .T. ) ;
#1718 = EDGE_CURVE ( 'NONE', #4988, #5604, #1068, .T. ) ;
#1719 = LINE ( 'NONE', #4160, #6077 ) ;
#1720 = PLANE ( 'NONE',  #5072 ) ;
#1721 = ORIENTED_EDGE ( 'NONE', *, *, #6233, .T. ) ;
#1722 = DIRECTION ( 'NONE',  ( -1.000000000000000000, -0.000000000000000000, -0.000000000000000000 ) ) ;
#1723 = DIRECTION ( 'NONE',  ( 1.000000000000000000, 0.000000000000000000, 0.000000000000000000 ) ) ;
#1724 = ORIENTED_EDGE ( 'NONE', *, *, #5153, .T. ) ;
#1725 = EDGE_CURVE ( 'NONE', #2305, #5427, #6380, .T. ) ;
#1726 = EDGE_CURVE ( 'NONE', #4408, #3023, #1171, .T. ) ;
#1727 = ORIENTED_EDGE ( 'NONE', *, *, #5086, .T. ) ;
#1728 = AXIS2_PLACEMENT_3D ( 'NONE', #2472, #5864, #2913 ) ;
#1729 = DIRECTION ( 'NONE',  ( 0.000000000000000000, 0.000000000000000000, -1.000000000000000000 ) ) ;
#1730 = FACE_OUTER_BOUND ( 'NONE', #6178, .T. ) ;
#1731 = VERTEX_POINT ( 'NONE', #842 ) ;
#1732 = DIRECTION ( 'NONE',  ( 1.000000000000000000, 0.000000000000000000, 0.000000000000000000 ) ) ;
#1733 = EDGE_CURVE ( 'NONE', #2358, #1622, #3259, .T. ) ;
#1734 = CARTESIAN_POINT ( 'NONE',  ( 1.500000000000000000, 8.572527594031473190E-16, -6.850000000000000533 ) ) ;
#1735 = DIRECTION ( 'NONE',  ( -1.000000000000000000, -0.000000000000000000, -0.000000000000000000 ) ) ;
#1736 = DIRECTION ( 'NONE',  ( 1.278665952808457648E-16, -1.000000000000000000, 0.000000000000000000 ) ) ;
#1737 = CARTESIAN_POINT ( 'NONE',  ( 21.59999999999999787, -4.261960596893379360, 5.702989453486132732 ) ) ;
#1738 = ORIENTED_EDGE ( 'NONE', *, *, #6221, .F. ) ;
#1739 = DIRECTION ( 'NONE',  ( -0.000000000000000000, 0.000000000000000000, 1.000000000000000000 ) ) ;
#1740 = DIRECTION ( 'NONE',  ( 0.000000000000000000, 0.000000000000000000, 1.000000000000000000 ) ) ;
#1741 = DIRECTION ( 'NONE',  ( -1.000000000000000000, -0.000000000000000000, -0.000000000000000000 ) ) ;
#1742 = AXIS2_PLACEMENT_3D ( 'NONE', #5008, #5750, #339 ) ;
#1743 = ORIENTED_EDGE ( 'NONE', *, *, #2822, .T. ) ;
#1744 = CARTESIAN_POINT ( 'NONE',  ( 39.59999999999999432, -10.35047573531249654, 13.63583152989489911 ) ) ;
#1745 = DIRECTION ( 'NONE',  ( -1.000000000000000000, -0.000000000000000000, -0.000000000000000000 ) ) ;
#1746 = EDGE_LOOP ( 'NONE', ( #4409, #1373, #734, #6428 ) ) ;
#1747 = EDGE_CURVE ( 'NONE', #4539, #4017, #4085, .T. ) ;
#1748 = FACE_OUTER_BOUND ( 'NONE', #1130, .T. ) ;
#1749 = VECTOR ( 'NONE', #4732, 1000.000000000000000 ) ;
#1750 = CYLINDRICAL_SURFACE ( 'NONE', #4966, 5.000000000000000000 ) ;
#1751 = DIRECTION ( 'NONE',  ( 1.000000000000000000, 0.000000000000000000, 0.000000000000000000 ) ) ;
#1752 = DIRECTION ( 'NONE',  ( -1.000000000000000000, -0.000000000000000000, -0.000000000000000000 ) ) ;
#1753 = CARTESIAN_POINT ( 'NONE',  ( 1.500000000000001554, 1.030637635557567044, 3.864943216164022477 ) ) ;
#1754 = EDGE_CURVE ( 'NONE', #6369, #853, #5210, .T. ) ;
#1755 = VECTOR ( 'NONE', #3747, 1000.000000000000000 ) ;
#1756 = ORIENTED_EDGE ( 'NONE', *, *, #6050, .F. ) ;
#1757 = AXIS2_PLACEMENT_3D ( 'NONE', #4594, #2065, #564 ) ;
#1758 = DIRECTION ( 'NONE',  ( 0.000000000000000000, 0.000000000000000000, -1.000000000000000000 ) ) ;
#1759 = CARTESIAN_POINT ( 'NONE',  ( 8.225974270706696956, 29.50000000000001066, 0.000000000000000000 ) ) ;
#1760 = AXIS2_PLACEMENT_3D ( 'NONE', #665, #3771, #728 ) ;
#1761 = ORIENTED_EDGE ( 'NONE', *, *, #4069, .F. ) ;
#1762 = AXIS2_PLACEMENT_3D ( 'NONE', #3720, #739, #6175 ) ;
#1763 = EDGE_LOOP ( 'NONE', ( #6413, #3793, #4194, #4795 ) ) ;
#1764 = AXIS2_PLACEMENT_3D ( 'NONE', #4710, #244, #3759 ) ;
#1765 = DIRECTION ( 'NONE',  ( 0.000000000000000000, 0.000000000000000000, -1.000000000000000000 ) ) ;
#1766 = AXIS2_PLACEMENT_3D ( 'NONE', #180, #3162, #5247 ) ;
#1767 = CARTESIAN_POINT ( 'NONE',  ( 22.10000000000000142, 2.400000000000006128, 2.899999999999995914 ) ) ;
#1768 = ORIENTED_EDGE ( 'NONE', *, *, #3516, .T. ) ;
#1769 = CARTESIAN_POINT ( 'NONE',  ( -43.69999999999999574, 5.500000000000000000, 24.72882059609970895 ) ) ;
#1770 = PLANE ( 'NONE',  #3453 ) ;
#1771 = DIRECTION ( 'NONE',  ( 1.000000000000000000, 0.000000000000000000, 0.000000000000000000 ) ) ;
#1772 = VECTOR ( 'NONE', #2642, 1000.000000000000000 ) ;
#1773 = LINE ( 'NONE', #6190, #4334 ) ;
#1774 = CARTESIAN_POINT ( 'NONE',  ( -38.10000000000000142, 4.499999999999995559, 2.650000000000000799 ) ) ;
#1775 = EDGE_CURVE ( 'NONE', #3334, #3505, #4485, .T. ) ;
#1776 = AXIS2_PLACEMENT_3D ( 'NONE', #5259, #3782, #4590 ) ;
#1777 = DIRECTION ( 'NONE',  ( 0.000000000000000000, 0.000000000000000000, -1.000000000000000000 ) ) ;
#1778 = EDGE_CURVE ( 'NONE', #915, #4544, #2468, .T. ) ;
#1779 = CYLINDRICAL_SURFACE ( 'NONE', #4742, 10.00000000000000178 ) ;
#1780 = UNCERTAINTY_MEASURE_WITH_UNIT (LENGTH_MEASURE( 1.000000000000000082E-05 ), #69, 'distance_accuracy_value', 'NONE');
#1781 = CARTESIAN_POINT ( 'NONE',  ( 1.500000000000000000, -4.261960596893379360, 5.702989453486133620 ) ) ;
#1782 = AXIS2_PLACEMENT_3D ( 'NONE', #4200, #1342, #338 ) ;
#1783 = EDGE_LOOP ( 'NONE', ( #2620, #5345, #5871, #6142 ) ) ;
#1784 = ORIENTED_EDGE ( 'NONE', *, *, #2455, .F. ) ;
#1785 = DIRECTION ( 'NONE',  ( 1.000000000000000000, -0.000000000000000000, -0.000000000000000000 ) ) ;
#1786 = CYLINDRICAL_SURFACE ( 'NONE', #5066, 4.249999999999998224 ) ;
#1787 = CYLINDRICAL_SURFACE ( 'NONE', #3118, 6.049999999999999822 ) ;
#1788 = FACE_OUTER_BOUND ( 'NONE', #6034, .T. ) ;
#1789 = DIRECTION ( 'NONE',  ( 0.000000000000000000, 0.000000000000000000, -1.000000000000000000 ) ) ;
#1790 = CARTESIAN_POINT ( 'NONE',  ( 15.20000000000000284, 23.75000000000000711, 8.000000000000003553 ) ) ;
#1791 = EDGE_LOOP ( 'NONE', ( #5753, #3448, #964, #4110, #4980, #4708 ) ) ;
#1792 = CARTESIAN_POINT ( 'NONE',  ( 1.500000000000000000, 0.000000000000000000, 0.1499999999999999944 ) ) ;
#1793 = LINE ( 'NONE', #3755, #3701 ) ;
#1794 = DIRECTION ( 'NONE',  ( -1.000000000000000000, -0.000000000000000000, -0.000000000000000000 ) ) ;
#1795 = ADVANCED_FACE ( 'NONE', ( #52 ), #6379, .F. ) ;
#1796 = ORIENTED_EDGE ( 'NONE', *, *, #1982, .F. ) ;
#1797 = ORIENTED_EDGE ( 'NONE', *, *, #5314, .T. ) ;
#1798 = FACE_OUTER_BOUND ( 'NONE', #747, .T. ) ;
#1799 = EDGE_LOOP ( 'NONE', ( #5016, #45, #356, #4800 ) ) ;
#1800 = CARTESIAN_POINT ( 'NONE',  ( 34.60000000000000142, 2.606424087848269178, -8.614322577793585012 ) ) ;
#1801 = CARTESIAN_POINT ( 'NONE',  ( -40.70000000000000284, 9.000000000000000000, 2.700000000000007283 ) ) ;
#1802 = DIRECTION ( 'NONE',  ( -1.000000000000000000, 0.000000000000000000, 0.000000000000000000 ) ) ;
#1803 = EDGE_CURVE ( 'NONE', #5201, #2866, #655, .T. ) ;
#1804 = DIRECTION ( 'NONE',  ( 0.000000000000000000, 0.000000000000000000, -1.000000000000000000 ) ) ;
#1805 = VECTOR ( 'NONE', #4808, 1000.000000000000000 ) ;
#1806 = DIRECTION ( 'NONE',  ( 1.000000000000000000, 0.000000000000000000, 0.000000000000000000 ) ) ;
#1807 = CARTESIAN_POINT ( 'NONE',  ( 22.59999999999999432, -2.762069023147044167, -6.931785952275177465 ) ) ;
#1808 = VECTOR ( 'NONE', #1427, 1000.000000000000000 ) ;
#1809 = ORIENTED_EDGE ( 'NONE', *, *, #1487, .F. ) ;
#1810 = ORIENTED_EDGE ( 'NONE', *, *, #185, .T. ) ;
#1811 = CARTESIAN_POINT ( 'NONE',  ( 32.59999999999999432, 0.000000000000000000, 0.1499999999999999944 ) ) ;
#1812 = DIRECTION ( 'NONE',  ( -1.000000000000000000, -0.000000000000000000, -0.000000000000000000 ) ) ;
#1813 = DIRECTION ( 'NONE',  ( 0.000000000000000000, 7.112366251504907509E-15, -1.000000000000000000 ) ) ;
#1814 = DIRECTION ( 'NONE',  ( 0.000000000000000000, 0.000000000000000000, -1.000000000000000000 ) ) ;
#1815 = EDGE_CURVE ( 'NONE', #1480, #513, #2014, .T. ) ;
#1816 = VECTOR ( 'NONE', #5342, 1000.000000000000000 ) ;
#1817 = ORIENTED_EDGE ( 'NONE', *, *, #3649, .F. ) ;
#1818 = CARTESIAN_POINT ( 'NONE',  ( 28.59999999999999787, 1.158410705710341659, -3.828587812352703956 ) ) ;
#1819 = DIRECTION ( 'NONE',  ( 1.000000000000000000, 0.000000000000000000, 0.000000000000000000 ) ) ;
#1820 = VERTEX_POINT ( 'NONE', #1013 ) ;
#1821 = EDGE_LOOP ( 'NONE', ( #6398, #5934, #3121, #397 ) ) ;
#1822 = DIRECTION ( 'NONE',  ( 0.000000000000000000, 7.112366251504907509E-15, -1.000000000000000000 ) ) ;
#1823 = EDGE_LOOP ( 'NONE', ( #5692, #6127, #2225, #5613 ) ) ;
#1824 = CIRCLE ( 'NONE', #2450, 9.000000000000000000 ) ;
#1825 = CARTESIAN_POINT ( 'NONE',  ( 0.000000000000000000, 0.000000000000000000, 0.1499999999999999944 ) ) ;
#1826 = DIRECTION ( 'NONE',  ( 0.000000000000000000, 0.000000000000000000, 1.000000000000000000 ) ) ;
#1827 = ORIENTED_EDGE ( 'NONE', *, *, #3986, .T. ) ;
#1828 = LINE ( 'NONE', #2313, #3019 ) ;
#1829 = ORIENTED_EDGE ( 'NONE', *, *, #3022, .F. ) ;
#1830 = CARTESIAN_POINT ( 'NONE',  ( 33.60000000000000142, 2.318934680004526516, 8.696122236369051350 ) ) ;
#1831 = EDGE_CURVE ( 'NONE', #1901, #461, #68, .T. ) ;
#1832 = DIRECTION ( 'NONE',  ( 0.000000000000000000, 0.000000000000000000, -1.000000000000000000 ) ) ;
#1833 = LINE ( 'NONE', #5351, #5500 ) ;
#1834 = EDGE_LOOP ( 'NONE', ( #1100, #5062, #1196, #1829 ) ) ;
#1835 = AXIS2_PLACEMENT_3D ( 'NONE', #2063, #4134, #152 ) ;
#1836 = DIRECTION ( 'NONE',  ( 1.000000000000000000, 0.000000000000000000, 0.000000000000000000 ) ) ;
#1837 = ORIENTED_EDGE ( 'NONE', *, *, #5984, .F. ) ;
#1838 = LINE ( 'NONE', #1411, #6164 ) ;
#1839 = ORIENTED_EDGE ( 'NONE', *, *, #3248, .T. ) ;
#1840 = DIRECTION ( 'NONE',  ( 0.000000000000000000, 0.000000000000000000, -1.000000000000000000 ) ) ;
#1841 = DIRECTION ( 'NONE',  ( -1.000000000000000000, -0.000000000000000000, -0.000000000000000000 ) ) ;
#1842 = CARTESIAN_POINT ( 'NONE',  ( -47.19999999999999574, 5.500000000000000000, 24.72882059609970895 ) ) ;
#1843 = CARTESIAN_POINT ( 'NONE',  ( 24.10000000000000497, 7.100000000000003197, 8.450000000000001066 ) ) ;
#1844 = COLOUR_RGB ( '',0.7921568627450980005, 0.8196078431372548767, 0.9333333333333333481 ) ;
#1845 = ORIENTED_EDGE ( 'NONE', *, *, #1331, .F. ) ;
#1846 = DIRECTION ( 'NONE',  ( 0.000000000000000000, 0.000000000000000000, 1.000000000000000000 ) ) ;
#1847 = CARTESIAN_POINT ( 'NONE',  ( 1.500000000000000000, 0.000000000000000000, 0.1499999999999999944 ) ) ;
#1848 = PLANE ( 'NONE',  #2674 ) ;
#1849 = EDGE_CURVE ( 'NONE', #4293, #4680, #1486, .T. ) ;
#1850 = VERTEX_POINT ( 'NONE', #1365 ) ;
#1851 = ORIENTED_EDGE ( 'NONE', *, *, #1368, .F. ) ;
#1852 = LINE ( 'NONE', #3182, #19 ) ;
#1853 = ORIENTED_EDGE ( 'NONE', *, *, #2984, .F. ) ;
#1854 = LINE ( 'NONE', #2810, #4413 ) ;
#1855 = DIRECTION ( 'NONE',  ( 0.000000000000000000, 0.000000000000000000, -1.000000000000000000 ) ) ;
#1856 = CIRCLE ( 'NONE', #4237, 6.049999999999999822 ) ;
#1857 = AXIS2_PLACEMENT_3D ( 'NONE', #2494, #569, #954 ) ;
#1858 = LINE ( 'NONE', #3833, #230 ) ;
#1859 = CARTESIAN_POINT ( 'NONE',  ( 36.59999999999999432, 2.318934680004526960, 8.696122236369053127 ) ) ;
#1860 = DIRECTION ( 'NONE',  ( 0.000000000000000000, 0.000000000000000000, -1.000000000000000000 ) ) ;
#1861 = ORIENTED_EDGE ( 'NONE', *, *, #4130, .T. ) ;
#1862 = AXIS2_PLACEMENT_3D ( 'NONE', #4514, #1553, #4054 ) ;
#1863 = AXIS2_PLACEMENT_3D ( 'NONE', #358, #4257, #771 ) ;
#1864 = ORIENTED_EDGE ( 'NONE', *, *, #5653, .T. ) ;
#1865 = CARTESIAN_POINT ( 'NONE',  ( 27.59999999999999787, 1.030637635557567044, 3.864943216164022477 ) ) ;
#1866 = CARTESIAN_POINT ( 'NONE',  ( 0.000000000000000000, 29.50000000000000000, -8.999999999999998224 ) ) ;
#1867 = VECTOR ( 'NONE', #3623, 1000.000000000000000 ) ;
#1868 = CARTESIAN_POINT ( 'NONE',  ( 24.59999999999999787, 1.030637635557567044, 8.864943216164022033 ) ) ;
#1869 = ORIENTED_EDGE ( 'NONE', *, *, #123, .F. ) ;
#1870 = ORIENTED_EDGE ( 'NONE', *, *, #4523, .T. ) ;
#1871 = CARTESIAN_POINT ( 'NONE',  ( 18.59999999999999787, 1.030637635557567044, 3.864943216164022477 ) ) ;
#1872 = ORIENTED_EDGE ( 'NONE', *, *, #5629, .T. ) ;
#1873 = EDGE_CURVE ( 'NONE', #744, #1988, #3828, .T. ) ;
#1874 = ORIENTED_EDGE ( 'NONE', *, *, #6018, .F. ) ;
#1875 = VECTOR ( 'NONE', #65, 1000.000000000000000 ) ;
#1876 = DIRECTION ( 'NONE',  ( 1.000000000000000000, 0.000000000000000000, 0.000000000000000000 ) ) ;
#1877 = ORIENTED_EDGE ( 'NONE', *, *, #602, .F. ) ;
#1878 = FACE_OUTER_BOUND ( 'NONE', #1477, .T. ) ;
#1879 = CARTESIAN_POINT ( 'NONE',  ( 20.59999999999999787, 0.000000000000000000, 7.150000000000002132 ) ) ;
#1880 = CARTESIAN_POINT ( 'NONE',  ( 24.59999999999999787, -2.762069023147042390, -6.931785952275175688 ) ) ;
#1881 = ORIENTED_EDGE ( 'NONE', *, *, #394, .F. ) ;
#1882 = DIRECTION ( 'NONE',  ( 0.000000000000000000, 0.000000000000000000, -1.000000000000000000 ) ) ;
#1883 = LINE ( 'NONE', #5902, #1954 ) ;
#1884 = VERTEX_POINT ( 'NONE', #869 ) ;
#1885 = ADVANCED_FACE ( 'NONE', ( #1270 ), #4837, .F. ) ;
#1886 = DIRECTION ( 'NONE',  ( -1.000000000000000000, -0.000000000000000000, -0.000000000000000000 ) ) ;
#1887 = ORIENTED_EDGE ( 'NONE', *, *, #6122, .F. ) ;
#1888 = VERTEX_POINT ( 'NONE', #774 ) ;
#1889 = DIRECTION ( 'NONE',  ( -0.000000000000000000, -1.000000000000000000, -0.000000000000000000 ) ) ;
#1890 = FACE_OUTER_BOUND ( 'NONE', #5390, .T. ) ;
#1891 = DIRECTION ( 'NONE',  ( 1.000000000000000000, 0.000000000000000000, 0.000000000000000000 ) ) ;
#1892 = EDGE_CURVE ( 'NONE', #445, #5165, #6063, .T. ) ;
#1893 = DIRECTION ( 'NONE',  ( 0.000000000000000000, 0.000000000000000000, -1.000000000000000000 ) ) ;
#1894 = EDGE_LOOP ( 'NONE', ( #3370, #5619 ) ) ;
#1895 = ORIENTED_EDGE ( 'NONE', *, *, #2454, .F. ) ;
#1896 = SHAPE_REPRESENTATION_RELATIONSHIP ( 'NONE' , 'NONE' ,  #1281, #4533 ) ;
#1897 = PLANE ( 'NONE',  #1558 ) ;
#1898 = VERTEX_POINT ( 'NONE', #4260 ) ;
#1899 = DIRECTION ( 'NONE',  ( -1.278665952808456908E-16, 1.000000000000000000, -0.000000000000000000 ) ) ;
#1900 = ORIENTED_EDGE ( 'NONE', *, *, #3814, .F. ) ;
#1901 = VERTEX_POINT ( 'NONE', #6260 ) ;
#1902 = EDGE_CURVE ( 'NONE', #2467, #4573, #3048, .T. ) ;
#1903 = DIRECTION ( 'NONE',  ( 0.000000000000000000, 7.112366251504907509E-15, -1.000000000000000000 ) ) ;
#1904 = MANIFOLD_SOLID_BREP ( 'Cut-Extrude31', #2856 ) ;
#1905 = ORIENTED_EDGE ( 'NONE', *, *, #767, .T. ) ;
#1906 = CARTESIAN_POINT ( 'NONE',  ( 29.04974746830583499, 22.00000000000001066, 6.249999999999999112 ) ) ;
#1907 = AXIS2_PLACEMENT_3D ( 'NONE', #4806, #5838, #5243 ) ;
#1908 = AXIS2_PLACEMENT_3D ( 'NONE', #4704, #3688, #5166 ) ;
#1909 = LINE ( 'NONE', #3376, #4749 ) ;
#1910 = ORIENTED_EDGE ( 'NONE', *, *, #1160, .F. ) ;
#1911 = DIRECTION ( 'NONE',  ( -0.000000000000000000, -0.000000000000000000, -1.000000000000000000 ) ) ;
#1912 = CARTESIAN_POINT ( 'NONE',  ( 22.59999999999999432, 0.000000000000000000, 0.000000000000000000 ) ) ;
#1913 = ORIENTED_EDGE ( 'NONE', *, *, #2392, .T. ) ;
#1914 = CIRCLE ( 'NONE', #6288, 9.000000000000000000 ) ;
#1915 = CARTESIAN_POINT ( 'NONE',  ( 32.59999999999999432, 0.000000000000000000, 0.1499999999999999944 ) ) ;
#1916 = ORIENTED_EDGE ( 'NONE', *, *, #849, .T. ) ;
#1917 = CARTESIAN_POINT ( 'NONE',  ( 36.59999999999999432, -4.261960596893380249, 5.702989453486133620 ) ) ;
#1918 = VERTEX_POINT ( 'NONE', #6420 ) ;
#1919 = CARTESIAN_POINT ( 'NONE',  ( 37.59999999999999432, -2.762069023147044167, -6.931785952275177465 ) ) ;
#1920 = PRODUCT_DEFINITION ( 'UNKNOWN', '', #3016, #1057 ) ;
#1921 = LINE ( 'NONE', #436, #4152 ) ;
#1922 = CARTESIAN_POINT ( 'NONE',  ( 1.500000000000000000, 8.572527594031473190E-16, -6.850000000000000533 ) ) ;
#1923 = VECTOR ( 'NONE', #1444, 1000.000000000000000 ) ;
#1924 = ORIENTED_EDGE ( 'NONE', *, *, #2114, .T. ) ;
#1925 = ORIENTED_EDGE ( 'NONE', *, *, #2652, .T. ) ;
#1926 = CIRCLE ( 'NONE', #1728, 7.000000000000000888 ) ;
#1927 = CARTESIAN_POINT ( 'NONE',  ( 31.59999999999999787, 2.606424087848269178, -8.614322577793585012 ) ) ;
#1928 = ADVANCED_FACE ( 'NONE', ( #6209 ), #3034, .F. ) ;
#1929 = EDGE_LOOP ( 'NONE', ( #5965, #3358, #5607, #2780 ) ) ;
#1930 = CARTESIAN_POINT ( 'NONE',  ( 1.500000000000000000, -4.365952903884278591, -5.321604448520052877 ) ) ;
#1931 = EDGE_LOOP ( 'NONE', ( #1513, #5318, #1230, #2817 ) ) ;
#1932 = ORIENTED_EDGE ( 'NONE', *, *, #970, .T. ) ;
#1933 = PRESENTATION_STYLE_ASSIGNMENT (( #5356 ) ) ;
#1934 = DIRECTION ( 'NONE',  ( -1.000000000000000000, -0.000000000000000000, -0.000000000000000000 ) ) ;
#1935 =( LENGTH_UNIT ( ) NAMED_UNIT ( * ) SI_UNIT ( .MILLI., .METRE. ) );
#1936 = EDGE_LOOP ( 'NONE', ( #836, #2269, #409, #2350 ) ) ;
#1937 = CARTESIAN_POINT ( 'NONE',  ( 20.59999999999999787, -2.762069023147044167, -6.931785952275177465 ) ) ;
#1938 = LINE ( 'NONE', #960, #675 ) ;
#1939 = CARTESIAN_POINT ( 'NONE',  ( -39.69999999999999574, 7.000000000000006217, -5.000000000000000000 ) ) ;
#1940 = ADVANCED_FACE ( 'NONE', ( #3525 ), #1046, .F. ) ;
#1941 = ORIENTED_EDGE ( 'NONE', *, *, #100, .T. ) ;
#1942 = ADVANCED_FACE ( 'NONE', ( #1959 ), #3559, .T. ) ;
#1943 = VERTEX_POINT ( 'NONE', #4037 ) ;
#1944 = CARTESIAN_POINT ( 'NONE',  ( 20.59999999999999787, 0.000000000000000000, 0.000000000000000000 ) ) ;
#1945 = DIRECTION ( 'NONE',  ( -1.000000000000000000, -0.000000000000000000, -0.000000000000000000 ) ) ;
#1946 = DIRECTION ( 'NONE',  ( 0.000000000000000000, 0.000000000000000000, -1.000000000000000000 ) ) ;
#1947 = LINE ( 'NONE', #4309, #4231 ) ;
#1948 = ORIENTED_EDGE ( 'NONE', *, *, #4707, .T. ) ;
#1949 = PLANE ( 'NONE',  #2775 ) ;
#1950 = AXIS2_PLACEMENT_3D ( 'NONE', #455, #422, #3956 ) ;
#1951 = ORIENTED_EDGE ( 'NONE', *, *, #2211, .F. ) ;
#1952 = FACE_OUTER_BOUND ( 'NONE', #439, .T. ) ;
#1953 = DIRECTION ( 'NONE',  ( 0.000000000000000000, 0.000000000000000000, -1.000000000000000000 ) ) ;
#1954 = VECTOR ( 'NONE', #4965, 1000.000000000000000 ) ;
#1955 = DIRECTION ( 'NONE',  ( 0.000000000000000000, 0.000000000000000000, -1.000000000000000000 ) ) ;
#1956 = CARTESIAN_POINT ( 'NONE',  ( 21.59999999999999787, 0.000000000000000000, 0.1499999999999999944 ) ) ;
#1957 = ORIENTED_EDGE ( 'NONE', *, *, #2114, .F. ) ;
#1958 = VERTEX_POINT ( 'NONE', #6024 ) ;
#1959 = FACE_OUTER_BOUND ( 'NONE', #4270, .T. ) ;
#1960 = EDGE_LOOP ( 'NONE', ( #6153, #2847 ) ) ;
#1961 = AXIS2_PLACEMENT_3D ( 'NONE', #2116, #5579, #6149 ) ;
#1962 = VECTOR ( 'NONE', #116, 1000.000000000000000 ) ;
#1963 = EDGE_CURVE ( 'NONE', #5128, #724, #4667, .T. ) ;
#1964 = DIRECTION ( 'NONE',  ( 0.000000000000000000, 0.000000000000000000, 1.000000000000000000 ) ) ;
#1965 = LINE ( 'NONE', #5781, #717 ) ;
#1966 = ORIENTED_EDGE ( 'NONE', *, *, #347, .F. ) ;
#1967 = VECTOR ( 'NONE', #5709, 1000.000000000000000 ) ;
#1968 = CARTESIAN_POINT ( 'NONE',  ( 0.000000000000000000, 4.898587196589412829E-16, -4.000000000000000000 ) ) ;
#1969 = ORIENTED_EDGE ( 'NONE', *, *, #1403, .T. ) ;
#1970 = ORIENTED_EDGE ( 'NONE', *, *, #1691, .T. ) ;
#1971 = ADVANCED_FACE ( 'NONE', ( #2416 ), #5880, .F. ) ;
#1972 = CARTESIAN_POINT ( 'NONE',  ( -43.69999999999999574, 5.500000000000000000, -2.699999999999994849 ) ) ;
#1973 = EDGE_CURVE ( 'NONE', #4693, #3198, #6240, .T. ) ;
#1974 = EDGE_CURVE ( 'NONE', #1185, #4680, #3326, .T. ) ;
#1975 = AXIS2_PLACEMENT_3D ( 'NONE', #3563, #2490, #5535 ) ;
#1976 = VERTEX_POINT ( 'NONE', #5107 ) ;
#1977 = DIRECTION ( 'NONE',  ( -1.000000000000000000, -0.000000000000000000, -0.000000000000000000 ) ) ;
#1978 = UNCERTAINTY_MEASURE_WITH_UNIT (LENGTH_MEASURE( 1.000000000000000082E-05 ), #818, 'distance_accuracy_value', 'NONE');
#1979 = CARTESIAN_POINT ( 'NONE',  ( 41.60000000000000142, 0.000000000000000000, -6.049999999999999822 ) ) ;
#1980 = DIRECTION ( 'NONE',  ( 1.000000000000000000, 0.000000000000000000, 0.000000000000000000 ) ) ;
#1981 = CIRCLE ( 'NONE', #5506, 7.000000000000000888 ) ;
#1982 = EDGE_CURVE ( 'NONE', #3367, #1898, #682, .T. ) ;
#1983 = CIRCLE ( 'NONE', #4575, 5.000000000000000000 ) ;
#1984 = EDGE_CURVE ( 'NONE', #1079, #2214, #393, .T. ) ;
#1985 = VERTEX_POINT ( 'NONE', #4711 ) ;
#1986 = CARTESIAN_POINT ( 'NONE',  ( 1.500000000000000000, -4.365952903884278591, -5.321604448520052877 ) ) ;
#1987 = MECHANICAL_DESIGN_GEOMETRIC_PRESENTATION_REPRESENTATION (  '', ( #6347 ), #4360 ) ;
#1988 = VERTEX_POINT ( 'NONE', #2272 ) ;
#1989 = DIRECTION ( 'NONE',  ( -1.000000000000000000, -0.000000000000000000, -0.000000000000000000 ) ) ;
#1990 = DIRECTION ( 'NONE',  ( -1.000000000000000000, -0.000000000000000000, -0.000000000000000000 ) ) ;
#1991 = DIRECTION ( 'NONE',  ( -0.000000000000000000, 0.000000000000000000, 1.000000000000000000 ) ) ;
#1992 = DIRECTION ( 'NONE',  ( 1.000000000000000000, -0.000000000000000000, -0.000000000000000000 ) ) ;
#1993 = DIRECTION ( 'NONE',  ( 1.000000000000000000, 0.000000000000000000, 0.000000000000000000 ) ) ;
#1994 = ORIENTED_EDGE ( 'NONE', *, *, #2894, .T. ) ;
#1995 = ORIENTED_EDGE ( 'NONE', *, *, #3868, .T. ) ;
#1996 = LINE ( 'NONE', #5436, #253 ) ;
#1997 =( NAMED_UNIT ( * ) SI_UNIT ( $, .STERADIAN. ) SOLID_ANGLE_UNIT ( ) );
#1998 = CARTESIAN_POINT ( 'NONE',  ( -47.19999999999999574, 5.500000000000000000, 5.000000000000004441 ) ) ;
#1999 = CARTESIAN_POINT ( 'NONE',  ( 13.80000000000000249, 20.25000000000001066, 8.000000000000003553 ) ) ;
#2000 = CARTESIAN_POINT ( 'NONE',  ( 1.500000000000000000, 8.572527594031473190E-16, -6.850000000000000533 ) ) ;
#2001 = AXIS2_PLACEMENT_3D ( 'NONE', #5869, #938, #1423 ) ;
#2002 = ORIENTED_EDGE ( 'NONE', *, *, #5262, .T. ) ;
#2003 = AXIS2_PLACEMENT_3D ( 'NONE', #2939, #3406, #4341 ) ;
#2004 = EDGE_CURVE ( 'NONE', #74, #5380, #2238, .T. ) ;
#2005 = DIRECTION ( 'NONE',  ( -1.278665952808456908E-16, 1.000000000000000000, -0.000000000000000000 ) ) ;
#2006 = ORIENTED_EDGE ( 'NONE', *, *, #3646, .F. ) ;
#2007 = CARTESIAN_POINT ( 'NONE',  ( 0.000000000000000000, 7.100000000000003197, 9.000000000000001776 ) ) ;
#2008 = ORIENTED_EDGE ( 'NONE', *, *, #2405, .T. ) ;
#2009 = EDGE_LOOP ( 'NONE', ( #5605, #3784, #5991, #4057, #1021, #4294, #3874, #6146, #4552 ) ) ;
#2010 = FACE_BOUND ( 'NONE', #1544, .T. ) ;
#2011 = PRODUCT_RELATED_PRODUCT_CATEGORY ( 'part', '', ( #4737 ) ) ;
#2012 = CYLINDRICAL_SURFACE ( 'NONE', #3711, 4.249999999999998224 ) ;
#2013 = ORIENTED_EDGE ( 'NONE', *, *, #5216, .T. ) ;
#2014 = CIRCLE ( 'NONE', #2820, 9.000000000000000000 ) ;
#2015 = ORIENTED_EDGE ( 'NONE', *, *, #1582, .T. ) ;
#2016 = LINE ( 'NONE', #3988, #6250 ) ;
#2017 = DIRECTION ( 'NONE',  ( 0.000000000000000000, 0.000000000000000000, -1.000000000000000000 ) ) ;
#2018 = EDGE_CURVE ( 'NONE', #2411, #919, #1981, .T. ) ;
#2019 = CARTESIAN_POINT ( 'NONE',  ( 1.500000000000000000, 4.898587196589412829E-16, -4.000000000000000000 ) ) ;
#2020 = MANIFOLD_SOLID_BREP ( 'Split1[2]', #4010 ) ;
#2021 = EDGE_LOOP ( 'NONE', ( #1837, #3905, #1322, #2966, #881, #3447 ) ) ;
#2022 = CARTESIAN_POINT ( 'NONE',  ( 13.80000000000000249, 1.000000000000006439, 7.450000000000001066 ) ) ;
#2023 = LINE ( 'NONE', #3021, #5589 ) ;
#2024 = FILL_AREA_STYLE ('',( #3922 ) ) ;
#2025 = ORIENTED_EDGE ( 'NONE', *, *, #5580, .F. ) ;
#2026 = ORIENTED_EDGE ( 'NONE', *, *, #3225, .T. ) ;
#2027 = CARTESIAN_POINT ( 'NONE',  ( -47.19999999999999574, 5.500000000000000000, -2.699999999999993960 ) ) ;
#2028 = CARTESIAN_POINT ( 'NONE',  ( 30.59999999999999432, 0.000000000000000000, 0.000000000000000000 ) ) ;
#2029 = DIRECTION ( 'NONE',  ( 0.000000000000000000, 0.000000000000000000, -1.000000000000000000 ) ) ;
#2030 = CARTESIAN_POINT ( 'NONE',  ( 24.59999999999999787, -10.60302848086181804, -13.13818223212012626 ) ) ;
#2031 = EDGE_LOOP ( 'NONE', ( #4993, #3213, #1994, #3744 ) ) ;
#2032 = VECTOR ( 'NONE', #118, 1000.000000000000000 ) ;
#2033 = FACE_OUTER_BOUND ( 'NONE', #3752, .T. ) ;
#2034 = ORIENTED_EDGE ( 'NONE', *, *, #6306, .T. ) ;
#2035 = EDGE_CURVE ( 'NONE', #5678, #6065, #3271, .T. ) ;
#2036 = LINE ( 'NONE', #3975, #1336 ) ;
#2037 = ORIENTED_EDGE ( 'NONE', *, *, #5757, .F. ) ;
#2038 = ORIENTED_EDGE ( 'NONE', *, *, #2135, .T. ) ;
#2039 = ORIENTED_EDGE ( 'NONE', *, *, #4264, .F. ) ;
#2040 = CARTESIAN_POINT ( 'NONE',  ( 1.500000000000002220, -10.35047573531249654, 13.63583152989489911 ) ) ;
#2041 = DIRECTION ( 'NONE',  ( -0.000000000000000000, -0.000000000000000000, -1.000000000000000000 ) ) ;
#2042 = DIRECTION ( 'NONE',  ( 0.000000000000000000, 0.000000000000000000, -1.000000000000000000 ) ) ;
#2043 = ORIENTED_EDGE ( 'NONE', *, *, #659, .F. ) ;
#2044 = EDGE_CURVE ( 'NONE', #1714, #2076, #4762, .T. ) ;
#2045 = ORIENTED_EDGE ( 'NONE', *, *, #2971, .F. ) ;
#2046 = EDGE_LOOP ( 'NONE', ( #1602, #3970, #2782, #1159 ) ) ;
#2047 = DIRECTION ( 'NONE',  ( 0.000000000000000000, 0.000000000000000000, -1.000000000000000000 ) ) ;
#2048 = CYLINDRICAL_SURFACE ( 'NONE', #2662, 9.000000000000000000 ) ;
#2049 = DIRECTION ( 'NONE',  ( 0.000000000000000000, 0.000000000000000000, -1.000000000000000000 ) ) ;
#2050 = DIRECTION ( 'NONE',  ( 0.000000000000000000, 0.000000000000000000, -1.000000000000000000 ) ) ;
#2051 = ORIENTED_EDGE ( 'NONE', *, *, #3868, .F. ) ;
#2052 = LINE ( 'NONE', #5551, #3160 ) ;
#2053 = CARTESIAN_POINT ( 'NONE',  ( 21.59999999999999787, -2.762069023147044167, -6.931785952275177465 ) ) ;
#2054 = CARTESIAN_POINT ( 'NONE',  ( 30.59999999999999432, -10.60302848086181804, -13.13818223212012626 ) ) ;
#2055 = CIRCLE ( 'NONE', #6003, 7.000000000000000888 ) ;
#2056 = ORIENTED_EDGE ( 'NONE', *, *, #2858, .F. ) ;
#2057 = ADVANCED_FACE ( 'NONE', ( #545 ), #578, .T. ) ;
#2058 = CARTESIAN_POINT ( 'NONE',  ( 1.500000000000001998, 10.25000000000000533, 0.000000000000000000 ) ) ;
#2059 = CARTESIAN_POINT ( 'NONE',  ( 18.59999999999999787, -4.261960596893380249, 5.702989453486133620 ) ) ;
#2060 = ORIENTED_EDGE ( 'NONE', *, *, #2138, .F. ) ;
#2061 = LINE ( 'NONE', #4465, #5193 ) ;
#2062 =( GEOMETRIC_REPRESENTATION_CONTEXT ( 3 ) GLOBAL_UNCERTAINTY_ASSIGNED_CONTEXT ( ( #1978 ) ) GLOBAL_UNIT_ASSIGNED_CONTEXT ( ( #818, #5780, #1997 ) ) REPRESENTATION_CONTEXT ( 'NONE', 'WORKASPACE' ) );
#2063 = CARTESIAN_POINT ( 'NONE',  ( 33.60000000000000142, -10.60302848086181804, -13.13818223212012626 ) ) ;
#2064 = AXIS2_PLACEMENT_3D ( 'NONE', #4524, #999, #551 ) ;
#2065 = DIRECTION ( 'NONE',  ( -1.000000000000000000, -0.000000000000000000, -0.000000000000000000 ) ) ;
#2066 = VECTOR ( 'NONE', #5832, 1000.000000000000000 ) ;
#2067 = DIRECTION ( 'NONE',  ( -1.000000000000000000, -0.000000000000000000, -0.000000000000000000 ) ) ;
#2068 = ORIENTED_EDGE ( 'NONE', *, *, #5096, .T. ) ;
#2069 = FACE_OUTER_BOUND ( 'NONE', #2119, .T. ) ;
#2070 = AXIS2_PLACEMENT_3D ( 'NONE', #6180, #1723, #3689 ) ;
#2071 = CYLINDRICAL_SURFACE ( 'NONE', #5179, 5.000000000000000000 ) ;
#2072 = CARTESIAN_POINT ( 'NONE',  ( 27.59999999999999787, 0.000000000000000000, 7.150000000000002132 ) ) ;
#2073 = AXIS2_PLACEMENT_3D ( 'NONE', #2537, #1123, #5027 ) ;
#2074 = VECTOR ( 'NONE', #6370, 1000.000000000000000 ) ;
#2075 = DIRECTION ( 'NONE',  ( 0.000000000000000000, 0.000000000000000000, -1.000000000000000000 ) ) ;
#2076 = VERTEX_POINT ( 'NONE', #102 ) ;
#2077 = ORIENTED_EDGE ( 'NONE', *, *, #4388, .F. ) ;
#2078 = ORIENTED_EDGE ( 'NONE', *, *, #214, .F. ) ;
#2079 = VERTEX_POINT ( 'NONE', #2934 ) ;
#2080 = AXIS2_PLACEMENT_3D ( 'NONE', #2704, #2222, #5184 ) ;
#2081 = EDGE_LOOP ( 'NONE', ( #2039, #4689, #2747, #20 ) ) ;
#2082 = DIRECTION ( 'NONE',  ( 0.000000000000000000, 0.000000000000000000, -1.000000000000000000 ) ) ;
#2083 = LINE ( 'NONE', #4062, #507 ) ;
#2084 = VECTOR ( 'NONE', #5039, 1000.000000000000000 ) ;
#2085 = DIRECTION ( 'NONE',  ( 0.000000000000000000, 0.000000000000000000, -1.000000000000000000 ) ) ;
#2086 = DIRECTION ( 'NONE',  ( 1.000000000000000000, 0.000000000000000000, 0.000000000000000000 ) ) ;
#2087 = ADVANCED_FACE ( 'NONE', ( #6066 ), #3105, .F. ) ;
#2088 = AXIS2_PLACEMENT_3D ( 'NONE', #1337, #366, #5379 ) ;
#2089 = VERTEX_POINT ( 'NONE', #336 ) ;
#2090 = DIRECTION ( 'NONE',  ( -1.000000000000000000, -0.000000000000000000, -0.000000000000000000 ) ) ;
#2091 = EDGE_CURVE ( 'NONE', #1434, #3915, #1828, .T. ) ;
#2092 = EDGE_CURVE ( 'NONE', #2965, #1560, #2610, .T. ) ;
#2093 = CARTESIAN_POINT ( 'NONE',  ( 25.59999999999999787, 0.000000000000000000, 0.1499999999999999944 ) ) ;
#2094 = ORIENTED_EDGE ( 'NONE', *, *, #2826, .T. ) ;
#2095 = EDGE_CURVE ( 'NONE', #6365, #5163, #1858, .T. ) ;
#2096 = FACE_BOUND ( 'NONE', #947, .T. ) ;
#2097 = VECTOR ( 'NONE', #5350, 1000.000000000000000 ) ;
#2098 = DIRECTION ( 'NONE',  ( 0.000000000000000000, 6.195440985631460248E-16, -1.000000000000000000 ) ) ;
#2099 = AXIS2_PLACEMENT_3D ( 'NONE', #1811, #4243, #3275 ) ;
#2100 = DIRECTION ( 'NONE',  ( 1.000000000000000000, 0.000000000000000000, 0.000000000000000000 ) ) ;
#2101 = DIRECTION ( 'NONE',  ( 0.000000000000000000, 0.000000000000000000, -1.000000000000000000 ) ) ;
#2102 = FACE_OUTER_BOUND ( 'NONE', #4426, .T. ) ;
#2103 = EDGE_CURVE ( 'NONE', #1478, #29, #3134, .T. ) ;
#2104 = CARTESIAN_POINT ( 'NONE',  ( 40.59999999999999432, 8.572527594031474176E-16, -6.850000000000002309 ) ) ;
#2105 = VERTEX_POINT ( 'NONE', #721 ) ;
#2106 = DIRECTION ( 'NONE',  ( -1.000000000000000000, -0.000000000000000000, -0.000000000000000000 ) ) ;
#2107 = ADVANCED_FACE ( 'NONE', ( #6132 ), #5176, .T. ) ;
#2108 = FACE_OUTER_BOUND ( 'NONE', #4537, .T. ) ;
#2109 = DIRECTION ( 'NONE',  ( 1.000000000000000000, 0.000000000000000000, 0.000000000000000000 ) ) ;
#2110 = ORIENTED_EDGE ( 'NONE', *, *, #5877, .T. ) ;
#2111 = ORIENTED_EDGE ( 'NONE', *, *, #1974, .F. ) ;
#2112 = ORIENTED_EDGE ( 'NONE', *, *, #6028, .F. ) ;
#2113 = ORIENTED_EDGE ( 'NONE', *, *, #181, .F. ) ;
#2114 = EDGE_CURVE ( 'NONE', #4901, #5261, #4479, .T. ) ;
#2115 = FACE_OUTER_BOUND ( 'NONE', #5419, .T. ) ;
#2116 = CARTESIAN_POINT ( 'NONE',  ( -0.002000000000002000178, 0.000000000000000000, 0.000000000000000000 ) ) ;
#2117 = FACE_OUTER_BOUND ( 'NONE', #6359, .T. ) ;
#2118 = DIRECTION ( 'NONE',  ( 0.000000000000000000, -0.000000000000000000, 1.000000000000000000 ) ) ;
#2119 = EDGE_LOOP ( 'NONE', ( #16, #2463, #5632, #5449 ) ) ;
#2120 = FACE_OUTER_BOUND ( 'NONE', #2713, .T. ) ;
#2121 = DIRECTION ( 'NONE',  ( 1.000000000000000000, 0.000000000000000000, 0.000000000000000000 ) ) ;
#2123 = EDGE_LOOP ( 'NONE', ( #2461, #2876, #5046, #4879, #5477, #4424, #1464 ) ) ;
#2122 = VECTOR ( 'NONE', #4106, 1000.000000000000000 ) ;
#2124 = CARTESIAN_POINT ( 'NONE',  ( 35.60000000000000142, -2.762069023147044167, -6.931785952275177465 ) ) ;
#2125 = DIRECTION ( 'NONE',  ( -1.000000000000000000, -0.000000000000000000, -0.000000000000000000 ) ) ;
#2126 = DIRECTION ( 'NONE',  ( 0.000000000000000000, 0.000000000000000000, -1.000000000000000000 ) ) ;
#2127 = ORIENTED_EDGE ( 'NONE', *, *, #2035, .T. ) ;
#2128 = EDGE_CURVE ( 'NONE', #2635, #5375, #6161, .T. ) ;
#2129 = CARTESIAN_POINT ( 'NONE',  ( 22.10000000000000142, 1.000000000000000444, -7.450000000000001066 ) ) ;
#2130 = CARTESIAN_POINT ( 'NONE',  ( 13.80000000000000249, 1.000000000000000444, -7.450000000000001066 ) ) ;
#2131 = CARTESIAN_POINT ( 'NONE',  ( -38.10000000000000142, 4.499999999999995559, 2.650000000000000799 ) ) ;
#2132 = ORIENTED_EDGE ( 'NONE', *, *, #2430, .T. ) ;
#2133 = DIRECTION ( 'NONE',  ( 0.000000000000000000, 0.000000000000000000, 1.000000000000000000 ) ) ;
#2134 = ORIENTED_EDGE ( 'NONE', *, *, #6392, .T. ) ;
#2135 = EDGE_CURVE ( 'NONE', #4382, #4282, #1201, .T. ) ;
#2136 = VERTEX_POINT ( 'NONE', #1606 ) ;
#2137 = FACE_OUTER_BOUND ( 'NONE', #4059, .T. ) ;
#2138 = EDGE_CURVE ( 'NONE', #636, #4911, #3066, .T. ) ;
#2139 = EDGE_CURVE ( 'NONE', #3792, #5863, #5112, .T. ) ;
#2140 = PLANE ( 'NONE',  #3449 ) ;
#2141 = DIRECTION ( 'NONE',  ( -1.000000000000000000, -0.000000000000000000, -0.000000000000000000 ) ) ;
#2142 = EDGE_CURVE ( 'NONE', #5432, #3334, #2613, .T. ) ;
#2143 = ORIENTED_EDGE ( 'NONE', *, *, #504, .T. ) ;
#2144 = ORIENTED_EDGE ( 'NONE', *, *, #6367, .T. ) ;
#2145 = ORIENTED_EDGE ( 'NONE', *, *, #2485, .F. ) ;
#2146 = ORIENTED_EDGE ( 'NONE', *, *, #5967, .T. ) ;
#2147 = CYLINDRICAL_SURFACE ( 'NONE', #2150, 9.000000000000000000 ) ;
#2148 = DIRECTION ( 'NONE',  ( 0.000000000000000000, 7.112366251504907509E-15, -1.000000000000000000 ) ) ;
#2149 = LINE ( 'NONE', #5582, #4750 ) ;
#2150 = AXIS2_PLACEMENT_3D ( 'NONE', #5001, #582, #2563 ) ;
#2151 = ORIENTED_EDGE ( 'NONE', *, *, #5307, .T. ) ;
#2152 = ORIENTED_EDGE ( 'NONE', *, *, #2957, .F. ) ;
#2153 = CYLINDRICAL_SURFACE ( 'NONE', #4305, 3.500000000000003109 ) ;
#2154 = DIRECTION ( 'NONE',  ( 1.000000000000000000, 0.000000000000000000, 0.000000000000000000 ) ) ;
#2155 = ORIENTED_EDGE ( 'NONE', *, *, #5762, .F. ) ;
#2156 = PLANE ( 'NONE',  #5411 ) ;
#2157 = FACE_OUTER_BOUND ( 'NONE', #5933, .T. ) ;
#2158 = EDGE_CURVE ( 'NONE', #3314, #1252, #2667, .T. ) ;
#2159 = EDGE_LOOP ( 'NONE', ( #2621, #6315, #4865, #3500 ) ) ;
#2160 = FACE_OUTER_BOUND ( 'NONE', #252, .T. ) ;
#2161 = CARTESIAN_POINT ( 'NONE',  ( 26.59999999999999787, 0.000000000000000000, 0.000000000000000000 ) ) ;
#2162 = FACE_OUTER_BOUND ( 'NONE', #1330, .T. ) ;
#2163 = VECTOR ( 'NONE', #6010, 1000.000000000000000 ) ;
#2164 = AXIS2_PLACEMENT_3D ( 'NONE', #6230, #5600, #4746 ) ;
#2165 = DIRECTION ( 'NONE',  ( -0.000000000000000000, -0.000000000000000000, 1.000000000000000000 ) ) ;
#2166 = CARTESIAN_POINT ( 'NONE',  ( 41.60000000000000142, 2.606424087848269178, -8.614322577793585012 ) ) ;
#2167 = PRODUCT_DEFINITION_CONTEXT ( 'detailed design', #751, 'design' ) ;
#2168 = CYLINDRICAL_SURFACE ( 'NONE', #3626, 1.749999999999998002 ) ;
#2169 = VECTOR ( 'NONE', #4868, 1000.000000000000000 ) ;
#2170 = EDGE_CURVE ( 'NONE', #958, #4438, #3446, .T. ) ;
#2171 = EDGE_CURVE ( 'NONE', #3899, #3024, #2615, .T. ) ;
#2172 = VERTEX_POINT ( 'NONE', #5140 ) ;
#2173 = ORIENTED_EDGE ( 'NONE', *, *, #3776, .F. ) ;
#2174 = CIRCLE ( 'NONE', #5783, 5.000000000000000000 ) ;
#2175 = ORIENTED_EDGE ( 'NONE', *, *, #1549, .T. ) ;
#2176 = VECTOR ( 'NONE', #4761, 1000.000000000000000 ) ;
#2177 = DIRECTION ( 'NONE',  ( 1.000000000000000000, 0.000000000000000000, 0.000000000000000000 ) ) ;
#2178 = DIRECTION ( 'NONE',  ( -1.000000000000000000, -0.000000000000000000, -0.000000000000000000 ) ) ;
#2179 = EDGE_CURVE ( 'NONE', #4029, #29, #4172, .T. ) ;
#2180 = VECTOR ( 'NONE', #4404, 1000.000000000000000 ) ;
#2181 = DIRECTION ( 'NONE',  ( 0.000000000000000000, 0.000000000000000000, 1.000000000000000000 ) ) ;
#2182 = DIRECTION ( 'NONE',  ( -1.000000000000000000, -0.000000000000000000, -0.000000000000000000 ) ) ;
#2183 = CIRCLE ( 'NONE', #1129, 5.000000000000000000 ) ;
#2184 = VERTEX_POINT ( 'NONE', #2307 ) ;
#2185 = LINE ( 'NONE', #710, #2839 ) ;
#2186 = CIRCLE ( 'NONE', #5504, 7.000000000000000888 ) ;
#2187 = DIRECTION ( 'NONE',  ( 1.000000000000000000, 0.000000000000000000, 0.000000000000000000 ) ) ;
#2188 = VECTOR ( 'NONE', #5807, 1000.000000000000000 ) ;
#2189 = PLANE ( 'NONE',  #187 ) ;
#2190 = AXIS2_PLACEMENT_3D ( 'NONE', #3356, #3795, #3866 ) ;
#2191 = CARTESIAN_POINT ( 'NONE',  ( 22.10000000000000142, 7.100000000000003197, 9.000000000000001776 ) ) ;
#2192 = CARTESIAN_POINT ( 'NONE',  ( 21.59999999999999787, 0.000000000000000000, 0.1499999999999999944 ) ) ;
#2193 = ADVANCED_FACE ( 'NONE', ( #272 ), #362, .F. ) ;
#2194 = AXIS2_PLACEMENT_3D ( 'NONE', #3705, #2855, #2220 ) ;
#2195 = DIRECTION ( 'NONE',  ( -1.000000000000000000, 0.000000000000000000, 0.000000000000000000 ) ) ;
#2196 = DIRECTION ( 'NONE',  ( 0.000000000000000000, 0.000000000000000000, -1.000000000000000000 ) ) ;
#2197 = DIRECTION ( 'NONE',  ( 0.000000000000000000, 0.000000000000000000, -1.000000000000000000 ) ) ;
#2198 = DIRECTION ( 'NONE',  ( -1.000000000000000000, -0.000000000000000000, -0.000000000000000000 ) ) ;
#2199 = ORIENTED_EDGE ( 'NONE', *, *, #2044, .F. ) ;
#2200 = ORIENTED_EDGE ( 'NONE', *, *, #2530, .F. ) ;
#2201 = CYLINDRICAL_SURFACE ( 'NONE', #5355, 10.00000000000000178 ) ;
#2202 = EDGE_LOOP ( 'NONE', ( #1121, #2263, #4302, #3341 ) ) ;
#2203 = CYLINDRICAL_SURFACE ( 'NONE', #1147, 5.000000000000000000 ) ;
#2204 = DIRECTION ( 'NONE',  ( 0.000000000000000000, 0.000000000000000000, 1.000000000000000000 ) ) ;
#2205 = FACE_OUTER_BOUND ( 'NONE', #3879, .T. ) ;
#2206 = DIRECTION ( 'NONE',  ( 1.000000000000000000, 0.000000000000000000, 0.000000000000000000 ) ) ;
#2207 = VERTEX_POINT ( 'NONE', #247 ) ;
#2208 = ADVANCED_FACE ( 'NONE', ( #3260 ), #1770, .F. ) ;
#2209 = FACE_OUTER_BOUND ( 'NONE', #5359, .T. ) ;
#2210 = CARTESIAN_POINT ( 'NONE',  ( -39.69999999999999574, 14.50000000000000355, 0.000000000000000000 ) ) ;
#2211 = EDGE_CURVE ( 'NONE', #355, #4834, #2515, .T. ) ;
#2212 = ORIENTED_EDGE ( 'NONE', *, *, #302, .T. ) ;
#2213 = CARTESIAN_POINT ( 'NONE',  ( 21.59999999999999787, 1.030637635557567044, 3.864943216164022477 ) ) ;
#2214 = VERTEX_POINT ( 'NONE', #1238 ) ;
#2215 = DIRECTION ( 'NONE',  ( 0.000000000000000000, 0.000000000000000000, 1.000000000000000000 ) ) ;
#2216 = VECTOR ( 'NONE', #4874, 1000.000000000000000 ) ;
#2217 = DIRECTION ( 'NONE',  ( -1.000000000000000000, -0.000000000000000000, -0.000000000000000000 ) ) ;
#2218 = DIRECTION ( 'NONE',  ( -1.000000000000000000, -0.000000000000000000, -0.000000000000000000 ) ) ;
#2219 = CARTESIAN_POINT ( 'NONE',  ( 39.59999999999999432, 1.030637635557567044, 3.864943216164022477 ) ) ;
#2220 = DIRECTION ( 'NONE',  ( 0.000000000000000000, 0.000000000000000000, -1.000000000000000000 ) ) ;
#2221 = DIRECTION ( 'NONE',  ( 1.000000000000000000, 0.000000000000000000, 0.000000000000000000 ) ) ;
#2222 = DIRECTION ( 'NONE',  ( -1.000000000000000000, -0.000000000000000000, -0.000000000000000000 ) ) ;
#2223 = AXIS2_PLACEMENT_3D ( 'NONE', #2829, #2290, #4269 ) ;
#2224 = LINE ( 'NONE', #975, #5640 ) ;
#2225 = ORIENTED_EDGE ( 'NONE', *, *, #354, .T. ) ;
#2226 = EDGE_CURVE ( 'NONE', #4539, #307, #3220, .T. ) ;
#2227 = ORIENTED_EDGE ( 'NONE', *, *, #5746, .F. ) ;
#2228 = EDGE_LOOP ( 'NONE', ( #6366, #4213, #229, #6248 ) ) ;
#2229 = CARTESIAN_POINT ( 'NONE',  ( 22.59999999999999432, 1.030637635557567044, 3.864943216164022477 ) ) ;
#2230 = LINE ( 'NONE', #3276, #4455 ) ;
#2231 = LINE ( 'NONE', #1222, #3320 ) ;
#2232 = ORIENTED_EDGE ( 'NONE', *, *, #2139, .F. ) ;
#2233 = CYLINDRICAL_SURFACE ( 'NONE', #6388, 5.000000000000000000 ) ;
#2234 = CARTESIAN_POINT ( 'NONE',  ( 22.10000000000000142, 7.100000000000002309, -8.999999999999998224 ) ) ;
#2235 = ORIENTED_EDGE ( 'NONE', *, *, #1549, .F. ) ;
#2236 = EDGE_LOOP ( 'NONE', ( #755, #6385, #2491, #3978, #1970, #4807, #1388, #6283, #2013 ) ) ;
#2237 = FACE_OUTER_BOUND ( 'NONE', #2031, .T. ) ;
#2238 = LINE ( 'NONE', #773, #6135 ) ;
#2239 = EDGE_CURVE ( 'NONE', #4399, #5424, #4714, .T. ) ;
#2240 = DIRECTION ( 'NONE',  ( 1.000000000000000000, -6.672013369141553384E-16, 0.000000000000000000 ) ) ;
#2241 = ORIENTED_EDGE ( 'NONE', *, *, #82, .F. ) ;
#2242 = DIRECTION ( 'NONE',  ( 0.000000000000000000, 0.000000000000000000, -1.000000000000000000 ) ) ;
#2243 = CARTESIAN_POINT ( 'NONE',  ( 1.500000000000000000, -4.261960596893379360, 5.702989453486133620 ) ) ;
#2244 = FACE_BOUND ( 'NONE', #788, .T. ) ;
#2245 = DIRECTION ( 'NONE',  ( 1.000000000000000000, 0.000000000000000000, 0.000000000000000000 ) ) ;
#2246 = AXIS2_PLACEMENT_3D ( 'NONE', #5041, #2106, #2133 ) ;
#2247 = CARTESIAN_POINT ( 'NONE',  ( 29.59999999999999787, -4.261960596893379360, 5.702989453486132732 ) ) ;
#2248 = CARTESIAN_POINT ( 'NONE',  ( 22.10000000000000142, 29.50000000000000000, 7.999999999999996447 ) ) ;
#2249 = CARTESIAN_POINT ( 'NONE',  ( 38.59999999999999432, -2.763066821399118744, 7.121905987407648020 ) ) ;
#2250 = AXIS2_PLACEMENT_3D ( 'NONE', #372, #5287, #4974 ) ;
#2251 = DIRECTION ( 'NONE',  ( -1.000000000000000000, -0.000000000000000000, -0.000000000000000000 ) ) ;
#2252 = VERTEX_POINT ( 'NONE', #4224 ) ;
#2253 = ORIENTED_EDGE ( 'NONE', *, *, #4513, .F. ) ;
#2254 = DIRECTION ( 'NONE',  ( 1.000000000000000000, 0.000000000000000000, -0.000000000000000000 ) ) ;
#2255 = CARTESIAN_POINT ( 'NONE',  ( 15.20000000000000284, 23.75000000000000711, 0.000000000000000000 ) ) ;
#2256 = VECTOR ( 'NONE', #2403, 1000.000000000000000 ) ;
#2257 = DIRECTION ( 'NONE',  ( 0.000000000000000000, 4.105854381010193828E-16, 1.000000000000000000 ) ) ;
#2258 = DIRECTION ( 'NONE',  ( 0.000000000000000000, 0.000000000000000000, -1.000000000000000000 ) ) ;
#2259 = CARTESIAN_POINT ( 'NONE',  ( 20.59999999999999787, 1.158410705710341659, -3.828587812352703956 ) ) ;
#2260 = ORIENTED_EDGE ( 'NONE', *, *, #1717, .T. ) ;
#2261 = AXIS2_PLACEMENT_3D ( 'NONE', #1654, #6008, #642 ) ;
#2262 = EDGE_CURVE ( 'NONE', #2568, #1185, #6150, .T. ) ;
#2263 = ORIENTED_EDGE ( 'NONE', *, *, #1288, .T. ) ;
#2264 = DIRECTION ( 'NONE',  ( 0.000000000000000000, 0.000000000000000000, -1.000000000000000000 ) ) ;
#2265 = CARTESIAN_POINT ( 'NONE',  ( 21.59999999999999787, 0.000000000000000000, 7.150000000000002132 ) ) ;
#2266 = VECTOR ( 'NONE', #277, 1000.000000000000000 ) ;
#2267 = ORIENTED_EDGE ( 'NONE', *, *, #1008, .T. ) ;
#2268 = AXIS2_PLACEMENT_3D ( 'NONE', #2259, #4727, #6151 ) ;
#2269 = ORIENTED_EDGE ( 'NONE', *, *, #2945, .T. ) ;
#2270 = CIRCLE ( 'NONE', #3000, 9.000000000000000000 ) ;
#2271 = LINE ( 'NONE', #3290, #5594 ) ;
#2272 = CARTESIAN_POINT ( 'NONE',  ( 15.20000000000000284, 23.75000000000000711, -6.250000000000000888 ) ) ;
#2273 = ORIENTED_EDGE ( 'NONE', *, *, #2171, .F. ) ;
#2274 = AXIS2_PLACEMENT_3D ( 'NONE', #2219, #1771, #686 ) ;
#2275 = CARTESIAN_POINT ( 'NONE',  ( 41.60000000000000142, 0.000000000000000000, 0.000000000000000000 ) ) ;
#2276 = ORIENTED_EDGE ( 'NONE', *, *, #258, .T. ) ;
#2277 = CARTESIAN_POINT ( 'NONE',  ( 37.59999999999999432, 0.000000000000000000, 0.1499999999999999944 ) ) ;
#2278 = DIRECTION ( 'NONE',  ( 0.000000000000000000, 0.000000000000000000, -1.000000000000000000 ) ) ;
#2279 = CARTESIAN_POINT ( 'NONE',  ( 15.20000000000000462, 21.50000000000000000, -8.000000000000000000 ) ) ;
#2280 = CARTESIAN_POINT ( 'NONE',  ( -43.29999999999999716, 7.000000000000006217, 5.000000000000000000 ) ) ;
#2281 = AXIS2_PLACEMENT_3D ( 'NONE', #4976, #5530, #2029 ) ;
#2282 = CARTESIAN_POINT ( 'NONE',  ( 22.10000000000000142, 1.000000000000007772, 1.199999999999995737 ) ) ;
#2283 = EDGE_CURVE ( 'NONE', #325, #1985, #777, .T. ) ;
#2284 = FILL_AREA_STYLE_COLOUR ( '', #1844 ) ;
#2285 = EDGE_CURVE ( 'NONE', #4888, #853, #3025, .T. ) ;
#2286 = CARTESIAN_POINT ( 'NONE',  ( 1.500000000000002220, -2.763066821399118744, 7.121905987407648020 ) ) ;
#2287 = EDGE_CURVE ( 'NONE', #5521, #3110, #329, .T. ) ;
#2288 = CARTESIAN_POINT ( 'NONE',  ( 24.59999999999999787, 2.606424087848269178, -8.614322577793585012 ) ) ;
#2289 = CARTESIAN_POINT ( 'NONE',  ( 22.10000000000000142, 20.25000000000001066, -6.250000000000000888 ) ) ;
#2290 = DIRECTION ( 'NONE',  ( 1.000000000000000000, 0.000000000000000000, 0.000000000000000000 ) ) ;
#2291 = APPLICATION_CONTEXT ( 'automotive_design' ) ;
#2292 = DIRECTION ( 'NONE',  ( -1.000000000000000000, -0.000000000000000000, -0.000000000000000000 ) ) ;
#2293 = VERTEX_POINT ( 'NONE', #3671 ) ;
#2294 = DIRECTION ( 'NONE',  ( -1.000000000000000000, -0.000000000000000000, -0.000000000000000000 ) ) ;
#2295 = DIRECTION ( 'NONE',  ( -0.000000000000000000, -1.000000000000000000, -7.608436298143895003E-16 ) ) ;
#2296 = CARTESIAN_POINT ( 'NONE',  ( 22.10000000000000142, 29.50000000000000000, 0.000000000000000000 ) ) ;
#2297 = VERTEX_POINT ( 'NONE', #4646 ) ;
#2298 = DIRECTION ( 'NONE',  ( -1.000000000000000000, -0.000000000000000000, -0.000000000000000000 ) ) ;
#2299 = DIRECTION ( 'NONE',  ( 1.000000000000000000, 0.000000000000000000, 0.000000000000000000 ) ) ;
#2300 = ORIENTED_EDGE ( 'NONE', *, *, #4115, .T. ) ;
#2301 = ADVANCED_FACE ( 'NONE', ( #2638, #6184, #1730 ), #4135, .F. ) ;
#2302 = ORIENTED_EDGE ( 'NONE', *, *, #6310, .F. ) ;
#2303 = CARTESIAN_POINT ( 'NONE',  ( 13.80000000000000249, 9.000000000000007105, 0.000000000000000000 ) ) ;
#2304 = EDGE_LOOP ( 'NONE', ( #3249, #2078 ) ) ;
#2305 = VERTEX_POINT ( 'NONE', #3888 ) ;
#2306 = LINE ( 'NONE', #2721, #1168 ) ;
#2307 = CARTESIAN_POINT ( 'NONE',  ( 36.59999999999999432, 0.000000000000000000, 7.150000000000002132 ) ) ;
#2308 = CARTESIAN_POINT ( 'NONE',  ( 23.59999999999999432, -10.35047573531249654, 13.63583152989489911 ) ) ;
#2309 = AXIS2_PLACEMENT_3D ( 'NONE', #6193, #1246, #3844 ) ;
#2310 = LINE ( 'NONE', #1859, #3209 ) ;
#2311 = AXIS2_PLACEMENT_3D ( 'NONE', #1825, #3258, #4681 ) ;
#2312 = ORIENTED_EDGE ( 'NONE', *, *, #5759, .T. ) ;
#2313 = CARTESIAN_POINT ( 'NONE',  ( 1.500000000000000000, -4.365952903884278591, -5.321604448520052877 ) ) ;
#2314 = AXIS2_PLACEMENT_3D ( 'NONE', #5741, #4934, #939 ) ;
#2315 = FACE_OUTER_BOUND ( 'NONE', #3010, .T. ) ;
#2316 = DIRECTION ( 'NONE',  ( 0.000000000000000000, 0.000000000000000000, 1.000000000000000000 ) ) ;
#2317 = CARTESIAN_POINT ( 'NONE',  ( -6.799999999999999822, 4.499999999999999112, 2.650000000000000799 ) ) ;
#2318 = ORIENTED_EDGE ( 'NONE', *, *, #5967, .F. ) ;
#2319 = ORIENTED_EDGE ( 'NONE', *, *, #2861, .T. ) ;
#2320 = DIRECTION ( 'NONE',  ( 0.000000000000000000, 0.000000000000000000, -1.000000000000000000 ) ) ;
#2321 = ADVANCED_FACE ( 'NONE', ( #3416 ), #868, .F. ) ;
#2322 = ORIENTED_EDGE ( 'NONE', *, *, #6114, .T. ) ;
#2323 = CIRCLE ( 'NONE', #3984, 9.000000000000000000 ) ;
#2324 = DIRECTION ( 'NONE',  ( -1.000000000000000000, -0.000000000000000000, -0.000000000000000000 ) ) ;
#2325 = CIRCLE ( 'NONE', #3881, 10.00000000000000178 ) ;
#2326 = VECTOR ( 'NONE', #6048, 1000.000000000000000 ) ;
#2327 = CARTESIAN_POINT ( 'NONE',  ( 0.000000000000000000, 0.000000000000000000, 7.150000000000000355 ) ) ;
#2328 = ORIENTED_EDGE ( 'NONE', *, *, #5637, .F. ) ;
#2329 = AXIS2_PLACEMENT_3D ( 'NONE', #1998, #364, #5910 ) ;
#2330 = ORIENTED_EDGE ( 'NONE', *, *, #809, .T. ) ;
#2331 = FACE_OUTER_BOUND ( 'NONE', #4610, .T. ) ;
#2332 = DIRECTION ( 'NONE',  ( 0.000000000000000000, 0.000000000000000000, -1.000000000000000000 ) ) ;
#2333 = EDGE_LOOP ( 'NONE', ( #3982, #321, #360, #2628 ) ) ;
#2334 = ORIENTED_EDGE ( 'NONE', *, *, #2645, .T. ) ;
#2335 = DIRECTION ( 'NONE',  ( 1.000000000000000000, 0.000000000000000000, 0.000000000000000000 ) ) ;
#2336 = VECTOR ( 'NONE', #3583, 1000.000000000000000 ) ;
#2337 = CARTESIAN_POINT ( 'NONE',  ( 35.60000000000000142, 0.000000000000000000, 0.1499999999999999944 ) ) ;
#2338 = ORIENTED_EDGE ( 'NONE', *, *, #2894, .F. ) ;
#2339 = DIRECTION ( 'NONE',  ( 0.000000000000000000, 0.000000000000000000, -1.000000000000000000 ) ) ;
#2340 = DIRECTION ( 'NONE',  ( 0.000000000000000000, -1.548860246407863583E-16, 1.000000000000000000 ) ) ;
#2341 = LINE ( 'NONE', #4325, #1816 ) ;
#2342 = CYLINDRICAL_SURFACE ( 'NONE', #2088, 5.500000000000000000 ) ;
#2343 = ORIENTED_EDGE ( 'NONE', *, *, #50, .F. ) ;
#2344 = ORIENTED_EDGE ( 'NONE', *, *, #3287, .F. ) ;
#2345 = FACE_OUTER_BOUND ( 'NONE', #2552, .T. ) ;
#2346 = CARTESIAN_POINT ( 'NONE',  ( 1.500000000000000000, 0.000000000000000000, 7.150000000000000355 ) ) ;
#2347 = EDGE_CURVE ( 'NONE', #5572, #5047, #4066, .T. ) ;
#2348 = ORIENTED_EDGE ( 'NONE', *, *, #740, .F. ) ;
#2349 = AXIS2_PLACEMENT_3D ( 'NONE', #4242, #1286, #1840 ) ;
#2350 = ORIENTED_EDGE ( 'NONE', *, *, #2091, .F. ) ;
#2351 = EDGE_LOOP ( 'NONE', ( #2379, #6191, #2786, #297 ) ) ;
#2352 = DIRECTION ( 'NONE',  ( -1.000000000000000000, -0.000000000000000000, -0.000000000000000000 ) ) ;
#2353 = ORIENTED_EDGE ( 'NONE', *, *, #1255, .T. ) ;
#2354 = DIRECTION ( 'NONE',  ( 0.000000000000000000, -1.000000000000000000, 0.000000000000000000 ) ) ;
#2355 = EDGE_CURVE ( 'NONE', #5878, #2938, #4891, .T. ) ;
#2356 = EDGE_CURVE ( 'NONE', #4399, #279, #5100, .T. ) ;
#2357 = FACE_OUTER_BOUND ( 'NONE', #4221, .T. ) ;
#2358 = VERTEX_POINT ( 'NONE', #330 ) ;
#2359 = CIRCLE ( 'NONE', #2575, 9.000000000000000000 ) ;
#2360 = ORIENTED_EDGE ( 'NONE', *, *, #3832, .F. ) ;
#2361 = CYLINDRICAL_SURFACE ( 'NONE', #1950, 7.000000000000000000 ) ;
#2362 = SHAPE_DEFINITION_REPRESENTATION ( #285, #4358 ) ;
#2363 = ADVANCED_FACE ( 'NONE', ( #2846 ), #3827, .T. ) ;
#2364 = DIRECTION ( 'NONE',  ( 0.000000000000000000, 0.000000000000000000, 1.000000000000000000 ) ) ;
#2365 = VECTOR ( 'NONE', #1812, 1000.000000000000000 ) ;
#2366 = EDGE_LOOP ( 'NONE', ( #1339, #1568, #955, #2145 ) ) ;
#2367 = AXIS2_PLACEMENT_3D ( 'NONE', #1600, #6123, #4641 ) ;
#2368 = LINE ( 'NONE', #3859, #1641 ) ;
#2369 = DIRECTION ( 'NONE',  ( 0.000000000000000000, 1.294569758191647155E-16, 1.000000000000000000 ) ) ;
#2370 = ORIENTED_EDGE ( 'NONE', *, *, #5927, .F. ) ;
#2371 = CARTESIAN_POINT ( 'NONE',  ( 25.59999999999999787, 2.318934680004526516, 8.696122236369051350 ) ) ;
#2372 = AXIS2_PLACEMENT_3D ( 'NONE', #6376, #1415, #6311 ) ;
#2373 = AXIS2_PLACEMENT_3D ( 'NONE', #218, #3703, #4568 ) ;
#2374 = CARTESIAN_POINT ( 'NONE',  ( 13.80000000000000249, 8.099999999999999645, -8.000000000000000000 ) ) ;
#2375 = LINE ( 'NONE', #810, #3009 ) ;
#2376 = EDGE_CURVE ( 'NONE', #4282, #5388, #1676, .T. ) ;
#2377 = EDGE_LOOP ( 'NONE', ( #3939, #117, #3507, #1685 ) ) ;
#2378 = VECTOR ( 'NONE', #226, 1000.000000000000000 ) ;
#2379 = ORIENTED_EDGE ( 'NONE', *, *, #5520, .F. ) ;
#2380 = DIRECTION ( 'NONE',  ( -1.000000000000000000, 0.000000000000000000, 0.000000000000000000 ) ) ;
#2381 = VECTOR ( 'NONE', #4362, 1000.000000000000000 ) ;
#2382 = DIRECTION ( 'NONE',  ( 1.000000000000000000, 0.000000000000000000, 0.000000000000000000 ) ) ;
#2383 = EDGE_LOOP ( 'NONE', ( #4690, #5513, #1618, #4472 ) ) ;
#2384 = AXIS2_PLACEMENT_3D ( 'NONE', #1043, #3030, #2126 ) ;
#2385 = DIRECTION ( 'NONE',  ( 0.000000000000000000, 0.000000000000000000, 1.000000000000000000 ) ) ;
#2386 = ORIENTED_EDGE ( 'NONE', *, *, #4075, .F. ) ;
#2387 = ORIENTED_EDGE ( 'NONE', *, *, #100, .F. ) ;
#2388 = AXIS2_PLACEMENT_3D ( 'NONE', #2771, #1634, #176 ) ;
#2389 = DIRECTION ( 'NONE',  ( -1.000000000000000000, -0.000000000000000000, -0.000000000000000000 ) ) ;
#2390 = ORIENTED_EDGE ( 'NONE', *, *, #4039, .F. ) ;
#2391 = AXIS2_PLACEMENT_3D ( 'NONE', #1287, #2294, #3715 ) ;
#2392 = EDGE_CURVE ( 'NONE', #3611, #5521, #897, .T. ) ;
#2393 = DIRECTION ( 'NONE',  ( 0.000000000000000000, 0.000000000000000000, -1.000000000000000000 ) ) ;
#2394 = CARTESIAN_POINT ( 'NONE',  ( 28.59999999999999787, -2.762069023147044167, -6.931785952275177465 ) ) ;
#2395 = ORIENTED_EDGE ( 'NONE', *, *, #1162, .T. ) ;
#2396 = AXIS2_PLACEMENT_3D ( 'NONE', #3778, #282, #735 ) ;
#2397 = EDGE_CURVE ( 'NONE', #6365, #3089, #5932, .T. ) ;
#2398 = VECTOR ( 'NONE', #3592, 1000.000000000000000 ) ;
#2399 = ORIENTED_EDGE ( 'NONE', *, *, #1973, .F. ) ;
#2400 = VERTEX_POINT ( 'NONE', #1917 ) ;
#2401 = CYLINDRICAL_SURFACE ( 'NONE', #3785, 4.000000000000000000 ) ;
#2402 = SHAPE_DEFINITION_REPRESENTATION ( #450, #3283 ) ;
#2403 = DIRECTION ( 'NONE',  ( -0.000000000000000000, -0.000000000000000000, 1.000000000000000000 ) ) ;
#2404 = ORIENTED_EDGE ( 'NONE', *, *, #4111, .T. ) ;
#2405 = EDGE_CURVE ( 'NONE', #492, #4543, #5372, .T. ) ;
#2406 = CARTESIAN_POINT ( 'NONE',  ( 1.500000000000000000, -4.365952903884278591, -5.321604448520052877 ) ) ;
#2407 = ORIENTED_EDGE ( 'NONE', *, *, #3843, .T. ) ;
#2408 = EDGE_CURVE ( 'NONE', #5201, #1185, #4288, .T. ) ;
#2409 = EDGE_CURVE ( 'NONE', #4239, #958, #5446, .T. ) ;
#2410 = DIRECTION ( 'NONE',  ( 1.000000000000000000, 0.000000000000000000, 0.000000000000000000 ) ) ;
#2411 = VERTEX_POINT ( 'NONE', #839 ) ;
#2412 = EDGE_CURVE ( 'NONE', #3721, #5464, #1854, .T. ) ;
#2413 = CARTESIAN_POINT ( 'NONE',  ( 29.04974746830583499, 23.75000000000000711, -6.250000000000000888 ) ) ;
#2414 = DIRECTION ( 'NONE',  ( 0.000000000000000000, 0.000000000000000000, -1.000000000000000000 ) ) ;
#2415 = ORIENTED_EDGE ( 'NONE', *, *, #5689, .T. ) ;
#2416 = FACE_OUTER_BOUND ( 'NONE', #5354, .T. ) ;
#2417 = ORIENTED_EDGE ( 'NONE', *, *, #2645, .F. ) ;
#2418 = CARTESIAN_POINT ( 'NONE',  ( 28.59999999999999787, 0.000000000000000000, 0.000000000000000000 ) ) ;
#2419 = PRODUCT_DEFINITION_SHAPE ( 'NONE', 'NONE',  #6432 ) ;
#2420 =( NAMED_UNIT ( * ) PLANE_ANGLE_UNIT ( ) SI_UNIT ( $, .RADIAN. ) );
#2421 = CARTESIAN_POINT ( 'NONE',  ( 1.500000000000000000, 4.898587196589412829E-16, -4.000000000000000000 ) ) ;
#2422 = ORIENTED_EDGE ( 'NONE', *, *, #3008, .T. ) ;
#2423 = AXIS2_PLACEMENT_3D ( 'NONE', #4410, #1380, #3878 ) ;
#2424 = CARTESIAN_POINT ( 'NONE',  ( -47.19999999999999574, 5.500000000000000000, -2.699999999999993960 ) ) ;
#2425 = ORIENTED_EDGE ( 'NONE', *, *, #5017, .F. ) ;
#2426 = VERTEX_POINT ( 'NONE', #6322 ) ;
#2427 = FACE_OUTER_BOUND ( 'NONE', #150, .T. ) ;
#2428 = EDGE_LOOP ( 'NONE', ( #5363, #6255, #3237, #6097, #3047, #3303, #2541, #452 ) ) ;
#2429 = LINE ( 'NONE', #3345, #5915 ) ;
#2430 = EDGE_CURVE ( 'NONE', #90, #5907, #1914, .T. ) ;
#2431 = CARTESIAN_POINT ( 'NONE',  ( 22.59999999999999432, 2.606424087848269178, -8.614322577793585012 ) ) ;
#2432 = AXIS2_PLACEMENT_3D ( 'NONE', #5494, #4549, #643 ) ;
#2433 = ORIENTED_EDGE ( 'NONE', *, *, #6423, .F. ) ;
#2434 = CIRCLE ( 'NONE', #3374, 5.000000000000000000 ) ;
#2435 = CARTESIAN_POINT ( 'NONE',  ( 23.59999999999999432, -4.365952903884278591, -5.321604448520052877 ) ) ;
#2436 = CARTESIAN_POINT ( 'NONE',  ( 37.59999999999999432, 1.158410705710341659, -3.828587812352703956 ) ) ;
#2437 = FACE_OUTER_BOUND ( 'NONE', #4055, .T. ) ;
#2438 = CARTESIAN_POINT ( 'NONE',  ( 29.04974746830583499, 22.00000000000001066, -4.500000000000003553 ) ) ;
#2439 = AXIS2_PLACEMENT_3D ( 'NONE', #3251, #5237, #4796 ) ;
#2440 = EDGE_CURVE ( 'NONE', #67, #3539, #6177, .T. ) ;
#2441 = DIRECTION ( 'NONE',  ( 0.000000000000000000, 0.000000000000000000, -1.000000000000000000 ) ) ;
#2442 = CYLINDRICAL_SURFACE ( 'NONE', #6080, 5.000000000000000000 ) ;
#2443 = EDGE_CURVE ( 'NONE', #1268, #3011, #866, .T. ) ;
#2444 = AXIS2_PLACEMENT_3D ( 'NONE', #15, #1980, #3948 ) ;
#2445 = DIRECTION ( 'NONE',  ( 1.000000000000000000, 0.000000000000000000, 0.000000000000000000 ) ) ;
#2446 = EDGE_CURVE ( 'NONE', #4357, #6144, #3478, .T. ) ;
#2447 = CARTESIAN_POINT ( 'NONE',  ( 22.10000000000000142, 23.75000000000000711, 8.000000000000003553 ) ) ;
#2448 = PLANE ( 'NONE',  #423 ) ;
#2449 = DIRECTION ( 'NONE',  ( -1.000000000000000000, -0.000000000000000000, -0.000000000000000000 ) ) ;
#2450 = AXIS2_PLACEMENT_3D ( 'NONE', #5423, #4789, #4920 ) ;
#2451 = EDGE_CURVE ( 'NONE', #5696, #5819, #2434, .T. ) ;
#2452 = EDGE_LOOP ( 'NONE', ( #6062, #2689, #257, #4046, #5338, #3076, #1442, #5331 ) ) ;
#2453 = ORIENTED_EDGE ( 'NONE', *, *, #3568, .T. ) ;
#2454 = EDGE_CURVE ( 'NONE', #3660, #1497, #1607, .T. ) ;
#2455 = EDGE_CURVE ( 'NONE', #41, #5553, #5241, .T. ) ;
#2456 = DIRECTION ( 'NONE',  ( 0.000000000000000000, 0.000000000000000000, -1.000000000000000000 ) ) ;
#2457 = ORIENTED_EDGE ( 'NONE', *, *, #4945, .F. ) ;
#2458 = CARTESIAN_POINT ( 'NONE',  ( 35.60000000000000142, 1.158410705710341659, -3.828587812352703956 ) ) ;
#2459 = ORIENTED_EDGE ( 'NONE', *, *, #3489, .T. ) ;
#2460 = AXIS2_PLACEMENT_3D ( 'NONE', #4087, #5026, #56 ) ;
#2461 = ORIENTED_EDGE ( 'NONE', *, *, #3942, .T. ) ;
#2462 = DIRECTION ( 'NONE',  ( -1.000000000000000000, -0.000000000000000000, -0.000000000000000000 ) ) ;
#2463 = ORIENTED_EDGE ( 'NONE', *, *, #4548, .T. ) ;
#2464 = DIRECTION ( 'NONE',  ( 1.000000000000000000, 0.000000000000000000, 0.000000000000000000 ) ) ;
#2465 = CARTESIAN_POINT ( 'NONE',  ( 6.392474825692381676E-16, 10.25000000000000533, 0.000000000000000000 ) ) ;
#2466 = CIRCLE ( 'NONE', #6100, 9.000000000000000000 ) ;
#2467 = VERTEX_POINT ( 'NONE', #5786 ) ;
#2468 = LINE ( 'NONE', #1986, #2722 ) ;
#2469 = CIRCLE ( 'NONE', #1835, 10.00000000000000178 ) ;
#2470 = ORIENTED_EDGE ( 'NONE', *, *, #123, .T. ) ;
#2471 = DIRECTION ( 'NONE',  ( -1.000000000000000000, -0.000000000000000000, -0.000000000000000000 ) ) ;
#2472 = CARTESIAN_POINT ( 'NONE',  ( 39.59999999999999432, 0.000000000000000000, 0.1499999999999999944 ) ) ;
#2473 = CARTESIAN_POINT ( 'NONE',  ( 1.500000000000000000, -4.261960596893379360, 5.702989453486133620 ) ) ;
#2474 = VECTOR ( 'NONE', #5893, 1000.000000000000000 ) ;
#2475 = DIRECTION ( 'NONE',  ( 0.000000000000000000, -1.000000000000000000, 1.294569758191647155E-16 ) ) ;
#2476 = AXIS2_PLACEMENT_3D ( 'NONE', #1278, #5150, #727 ) ;
#2477 = AXIS2_PLACEMENT_3D ( 'NONE', #5936, #1458, #1882 ) ;
#2478 = EDGE_LOOP ( 'NONE', ( #4038, #5797, #5505, #1003 ) ) ;
#2479 = DIRECTION ( 'NONE',  ( 0.000000000000000000, 0.000000000000000000, 1.000000000000000000 ) ) ;
#2480 = LINE ( 'NONE', #850, #6207 ) ;
#2481 = DIRECTION ( 'NONE',  ( -1.000000000000000000, -0.000000000000000000, -0.000000000000000000 ) ) ;
#2482 = AXIS2_PLACEMENT_3D ( 'NONE', #1912, #3886, #22 ) ;
#2483 = CARTESIAN_POINT ( 'NONE',  ( 8.225974270706696956, 29.50000000000001066, 3.500000000000003109 ) ) ;
#2484 = CARTESIAN_POINT ( 'NONE',  ( -38.10000000000000142, 4.499999999999995559, -2.649999999999991473 ) ) ;
#2485 = EDGE_CURVE ( 'NONE', #5023, #5672, #4819, .T. ) ;
#2486 = ORIENTED_EDGE ( 'NONE', *, *, #4738, .T. ) ;
#2487 = ORIENTED_EDGE ( 'NONE', *, *, #2497, .T. ) ;
#2488 =( NAMED_UNIT ( * ) SI_UNIT ( $, .STERADIAN. ) SOLID_ANGLE_UNIT ( ) );
#2489 = EDGE_CURVE ( 'NONE', #5547, #2426, #6197, .T. ) ;
#2490 = DIRECTION ( 'NONE',  ( -1.000000000000000000, -0.000000000000000000, -0.000000000000000000 ) ) ;
#2491 = ORIENTED_EDGE ( 'NONE', *, *, #4905, .T. ) ;
#2492 = VECTOR ( 'NONE', #4526, 1000.000000000000000 ) ;
#2493 = AXIS2_PLACEMENT_3D ( 'NONE', #6182, #2783, #5765 ) ;
#2494 = CARTESIAN_POINT ( 'NONE',  ( 22.59999999999999432, -10.60302848086181804, -13.13818223212012626 ) ) ;
#2495 = EDGE_LOOP ( 'NONE', ( #3638, #2319, #414, #481 ) ) ;
#2496 = ORIENTED_EDGE ( 'NONE', *, *, #158, .T. ) ;
#2497 = EDGE_CURVE ( 'NONE', #1425, #1060, #2224, .T. ) ;
#2498 = CIRCLE ( 'NONE', #1134, 7.000000000000000888 ) ;
#2499 = EDGE_LOOP ( 'NONE', ( #3212, #3425, #3853, #6040 ) ) ;
#2500 = ADVANCED_FACE ( 'NONE', ( #3421 ), #4429, .T. ) ;
#2501 = CARTESIAN_POINT ( 'NONE',  ( 1.500000000000001332, 14.50000000000000355, 0.000000000000000000 ) ) ;
#2502 = CARTESIAN_POINT ( 'NONE',  ( 13.80000000000000249, 22.00000000000001066, -4.500000000000003553 ) ) ;
#2503 = VECTOR ( 'NONE', #5455, 1000.000000000000000 ) ;
#2504 = VERTEX_POINT ( 'NONE', #5341 ) ;
#2505 = ORIENTED_EDGE ( 'NONE', *, *, #5984, .T. ) ;
#2506 = CARTESIAN_POINT ( 'NONE',  ( 30.59999999999999432, -2.762069023147044167, -6.931785952275177465 ) ) ;
#2507 = CARTESIAN_POINT ( 'NONE',  ( 0.000000000000000000, 7.100000000000003197, 8.450000000000001066 ) ) ;
#2508 = CARTESIAN_POINT ( 'NONE',  ( 1.500000000000002220, -10.35047573531249654, 13.63583152989489911 ) ) ;
#2509 = VERTEX_POINT ( 'NONE', #3328 ) ;
#2510 = FACE_OUTER_BOUND ( 'NONE', #5240, .T. ) ;
#2511 = DIRECTION ( 'NONE',  ( 0.000000000000000000, 0.000000000000000000, 1.000000000000000000 ) ) ;
#2512 = EDGE_CURVE ( 'NONE', #6412, #5907, #4395, .T. ) ;
#2513 = ORIENTED_EDGE ( 'NONE', *, *, #3610, .T. ) ;
#2514 = EDGE_LOOP ( 'NONE', ( #5480, #4179, #2661, #4418, #4009, #4370, #6172, #2750, #3352 ) ) ;
#2515 = CIRCLE ( 'NONE', #3136, 7.000000000000000888 ) ;
#2516 = PLANE ( 'NONE',  #4088 ) ;
#2517 = DIRECTION ( 'NONE',  ( -1.000000000000000000, -0.000000000000000000, -0.000000000000000000 ) ) ;
#2518 = LINE ( 'NONE', #3929, #131 ) ;
#2519 = EDGE_LOOP ( 'NONE', ( #5889, #4208, #953, #2143, #1910 ) ) ;
#2520 = DIRECTION ( 'NONE',  ( 1.000000000000000000, 0.000000000000000000, 0.000000000000000000 ) ) ;
#2521 = CARTESIAN_POINT ( 'NONE',  ( 0.000000000000000000, 14.50000000000000355, 0.000000000000000000 ) ) ;
#2522 = VERTEX_POINT ( 'NONE', #3892 ) ;
#2523 = DIRECTION ( 'NONE',  ( 1.000000000000000000, 0.000000000000000000, -2.478176394252579169E-16 ) ) ;
#2524 = ORIENTED_EDGE ( 'NONE', *, *, #4939, .T. ) ;
#2525 = ORIENTED_EDGE ( 'NONE', *, *, #1145, .T. ) ;
#2526 = ORIENTED_EDGE ( 'NONE', *, *, #2283, .F. ) ;
#2527 = DIRECTION ( 'NONE',  ( 0.000000000000000000, 0.000000000000000000, 1.000000000000000000 ) ) ;
#2528 = CYLINDRICAL_SURFACE ( 'NONE', #1862, 7.000000000000002665 ) ;
#2529 = EDGE_LOOP ( 'NONE', ( #6298, #4599, #2459, #3712 ) ) ;
#2530 = EDGE_CURVE ( 'NONE', #146, #4149, #5747, .T. ) ;
#2531 = EDGE_CURVE ( 'NONE', #3367, #2297, #4840, .T. ) ;
#2532 = AXIS2_PLACEMENT_3D ( 'NONE', #1865, #3360, #3682 ) ;
#2533 = ORIENTED_EDGE ( 'NONE', *, *, #465, .T. ) ;
#2534 = CARTESIAN_POINT ( 'NONE',  ( 0.000000000000000000, 29.50000000000001066, 7.000000000000002665 ) ) ;
#2535 = LINE ( 'NONE', #3990, #5467 ) ;
#2536 = VECTOR ( 'NONE', #5840, 1000.000000000000000 ) ;
#2537 = CARTESIAN_POINT ( 'NONE',  ( 32.59999999999999432, 0.000000000000000000, 0.000000000000000000 ) ) ;
#2538 = ORIENTED_EDGE ( 'NONE', *, *, #5486, .F. ) ;
#2539 = CARTESIAN_POINT ( 'NONE',  ( 0.000000000000000000, 0.000000000000000000, 0.000000000000000000 ) ) ;
#2540 = CARTESIAN_POINT ( 'NONE',  ( -40.70000000000000284, 9.000000000000000000, 7.470744176750633514 ) ) ;
#2541 = ORIENTED_EDGE ( 'NONE', *, *, #5757, .T. ) ;
#2542 = VERTEX_POINT ( 'NONE', #2888 ) ;
#2543 = DIRECTION ( 'NONE',  ( 0.000000000000000000, 0.000000000000000000, 1.000000000000000000 ) ) ;
#2544 = DIRECTION ( 'NONE',  ( 0.000000000000000000, 0.000000000000000000, -1.000000000000000000 ) ) ;
#2545 = EDGE_CURVE ( 'NONE', #3518, #4639, #2325, .T. ) ;
#2546 = CARTESIAN_POINT ( 'NONE',  ( 1.500000000000000000, 0.000000000000000000, 0.1499999999999999944 ) ) ;
#2547 = CARTESIAN_POINT ( 'NONE',  ( 1.500000000000001554, 1.030637635557567044, 8.864943216164022033 ) ) ;
#2548 = AXIS2_PLACEMENT_3D ( 'NONE', #3723, #3316, #5704 ) ;
#2549 = CARTESIAN_POINT ( 'NONE',  ( 38.59999999999999432, 0.000000000000000000, 0.000000000000000000 ) ) ;
#2550 = EDGE_CURVE ( 'NONE', #6158, #3433, #1080, .T. ) ;
#2551 = CARTESIAN_POINT ( 'NONE',  ( -52.69999999999999574, 38.49999999999999289, -2.699999999999993516 ) ) ;
#2552 = EDGE_LOOP ( 'NONE', ( #2693, #5099, #4943, #6404 ) ) ;
#2553 = DIRECTION ( 'NONE',  ( 0.000000000000000000, 0.000000000000000000, -1.000000000000000000 ) ) ;
#2554 = DIRECTION ( 'NONE',  ( -1.000000000000000000, -0.000000000000000000, -0.000000000000000000 ) ) ;
#2555 = DIRECTION ( 'NONE',  ( 0.000000000000000000, 0.000000000000000000, -1.000000000000000000 ) ) ;
#2556 = EDGE_CURVE ( 'NONE', #6259, #264, #4026, .T. ) ;
#2557 = CARTESIAN_POINT ( 'NONE',  ( 34.60000000000000142, 0.000000000000000000, 0.1499999999999999944 ) ) ;
#2558 = VECTOR ( 'NONE', #4579, 1000.000000000000000 ) ;
#2559 = ORIENTED_EDGE ( 'NONE', *, *, #544, .F. ) ;
#2560 = ORIENTED_EDGE ( 'NONE', *, *, #1036, .T. ) ;
#2561 = EDGE_CURVE ( 'NONE', #986, #5201, #4812, .T. ) ;
#2562 = VERTEX_POINT ( 'NONE', #4933 ) ;
#2563 = DIRECTION ( 'NONE',  ( 0.000000000000000000, 0.000000000000000000, -1.000000000000000000 ) ) ;
#2564 = AXIS2_PLACEMENT_3D ( 'NONE', #3279, #5362, #3783 ) ;
#2565 = CYLINDRICAL_SURFACE ( 'NONE', #5894, 5.000000000000000000 ) ;
#2566 = DIRECTION ( 'NONE',  ( 0.000000000000000000, 0.000000000000000000, 1.000000000000000000 ) ) ;
#2567 = CARTESIAN_POINT ( 'NONE',  ( 19.59999999999999787, 0.000000000000000000, 0.000000000000000000 ) ) ;
#2568 = VERTEX_POINT ( 'NONE', #451 ) ;
#2569 = ADVANCED_FACE ( 'NONE', ( #3476 ), #3377, .F. ) ;
#2570 = ORIENTED_EDGE ( 'NONE', *, *, #3082, .T. ) ;
#2571 = DIRECTION ( 'NONE',  ( 1.000000000000000000, 0.000000000000000000, 0.000000000000000000 ) ) ;
#2572 = PLANE ( 'NONE',  #6215 ) ;
#2573 = ORIENTED_EDGE ( 'NONE', *, *, #3646, .T. ) ;
#2574 = LINE ( 'NONE', #1503, #2695 ) ;
#2575 = AXIS2_PLACEMENT_3D ( 'NONE', #1179, #2221, #3625 ) ;
#2576 = DIRECTION ( 'NONE',  ( 1.000000000000000000, 0.000000000000000000, 0.000000000000000000 ) ) ;
#2577 = VECTOR ( 'NONE', #6047, 1000.000000000000000 ) ;
#2578 = LINE ( 'NONE', #1579, #5395 ) ;
#2579 = VECTOR ( 'NONE', #591, 1000.000000000000000 ) ;
#2580 = DIRECTION ( 'NONE',  ( 0.000000000000000000, 0.000000000000000000, -1.000000000000000000 ) ) ;
#2581 = LINE ( 'NONE', #656, #5827 ) ;
#2582 = CARTESIAN_POINT ( 'NONE',  ( 25.59999999999999787, 0.000000000000000000, 0.000000000000000000 ) ) ;
#2583 = ORIENTED_EDGE ( 'NONE', *, *, #1754, .T. ) ;
#2584 = CIRCLE ( 'NONE', #1229, 10.00000000000000178 ) ;
#2585 = DIRECTION ( 'NONE',  ( -1.000000000000000000, -0.000000000000000000, -0.000000000000000000 ) ) ;
#2586 = AXIS2_PLACEMENT_3D ( 'NONE', #6140, #3166, #6232 ) ;
#2587 = CIRCLE ( 'NONE', #512, 9.000000000000000000 ) ;
#2588 = LINE ( 'NONE', #4482, #4869 ) ;
#2589 = VECTOR ( 'NONE', #1993, 1000.000000000000000 ) ;
#2590 = ORIENTED_EDGE ( 'NONE', *, *, #4979, .T. ) ;
#2591 = VERTEX_POINT ( 'NONE', #178 ) ;
#2592 = ORIENTED_EDGE ( 'NONE', *, *, #2485, .T. ) ;
#2593 = LINE ( 'NONE', #1030, #4940 ) ;
#2594 = DIRECTION ( 'NONE',  ( -1.000000000000000000, 0.000000000000000000, 0.000000000000000000 ) ) ;
#2595 = VECTOR ( 'NONE', #6426, 1000.000000000000000 ) ;
#2596 = DIRECTION ( 'NONE',  ( 1.000000000000000000, 0.000000000000000000, 0.000000000000000000 ) ) ;
#2597 = CARTESIAN_POINT ( 'NONE',  ( -39.69999999999999574, 7.000000000000006217, 5.000000000000000000 ) ) ;
#2598 = AXIS2_PLACEMENT_3D ( 'NONE', #5037, #5952, #4944 ) ;
#2599 = ADVANCED_FACE ( 'NONE', ( #5074 ), #5038, .T. ) ;
#2600 = CIRCLE ( 'NONE', #2790, 8.999999999999998224 ) ;
#2601 = ORIENTED_EDGE ( 'NONE', *, *, #6389, .T. ) ;
#2602 = VECTOR ( 'NONE', #699, 1000.000000000000000 ) ;
#2603 = DIRECTION ( 'NONE',  ( -1.000000000000000000, -0.000000000000000000, -0.000000000000000000 ) ) ;
#2604 = CARTESIAN_POINT ( 'NONE',  ( 22.10000000000000142, 8.100000000000003197, 7.450000000000001066 ) ) ;
#2605 = VERTEX_POINT ( 'NONE', #5533 ) ;
#2606 = FACE_BOUND ( 'NONE', #3344, .T. ) ;
#2607 = VECTOR ( 'NONE', #6138, 1000.000000000000000 ) ;
#2608 = ADVANCED_FACE ( 'NONE', ( #1636 ), #97, .T. ) ;
#2609 = DIRECTION ( 'NONE',  ( -5.782411586589351722E-16, 1.000000000000000000, 0.000000000000000000 ) ) ;
#2610 = CIRCLE ( 'NONE', #40, 5.000000000000000888 ) ;
#2611 = EDGE_CURVE ( 'NONE', #502, #6259, #4563, .T. ) ;
#2612 = CYLINDRICAL_SURFACE ( 'NONE', #1227, 5.499999999999998224 ) ;
#2613 = LINE ( 'NONE', #2130, #5706 ) ;
#2614 = CARTESIAN_POINT ( 'NONE',  ( 21.59999999999999787, 0.000000000000000000, 0.1499999999999999944 ) ) ;
#2615 = CIRCLE ( 'NONE', #946, 7.000000000000000888 ) ;
#2616 = ORIENTED_EDGE ( 'NONE', *, *, #3710, .F. ) ;
#2617 = ORIENTED_EDGE ( 'NONE', *, *, #370, .F. ) ;
#2618 = CARTESIAN_POINT ( 'NONE',  ( 1.500000000000000000, 0.000000000000000000, 7.150000000000000355 ) ) ;
#2619 = DIRECTION ( 'NONE',  ( 0.000000000000000000, -1.000000000000000000, 0.000000000000000000 ) ) ;
#2620 = ORIENTED_EDGE ( 'NONE', *, *, #1803, .F. ) ;
#2621 = ORIENTED_EDGE ( 'NONE', *, *, #3838, .F. ) ;
#2622 = LINE ( 'NONE', #1155, #36 ) ;
#2623 = AXIS2_PLACEMENT_3D ( 'NONE', #3343, #6307, #3903 ) ;
#2624 = PLANE ( 'NONE',  #2261 ) ;
#2625 = EDGE_CURVE ( 'NONE', #6267, #5324, #2466, .T. ) ;
#2626 =( REPRESENTATION_RELATIONSHIP ('NONE','NONE', #4358, #1281 ) REPRESENTATION_RELATIONSHIP_WITH_TRANSFORMATION ( #1492 )SHAPE_REPRESENTATION_RELATIONSHIP( ) );
#2627 = LINE ( 'NONE', #145, #208 ) ;
#2628 = ORIENTED_EDGE ( 'NONE', *, *, #1982, .T. ) ;
#2629 = AXIS2_PLACEMENT_3D ( 'NONE', #3732, #3765, #3222 ) ;
#2630 = EDGE_CURVE ( 'NONE', #3680, #6017, #4222, .T. ) ;
#2631 = ORIENTED_EDGE ( 'NONE', *, *, #124, .T. ) ;
#2632 = DIRECTION ( 'NONE',  ( 1.000000000000000000, 0.000000000000000000, 0.000000000000000000 ) ) ;
#2633 = ADVANCED_FACE ( 'NONE', ( #596 ), #2612, .T. ) ;
#2634 = FACE_OUTER_BOUND ( 'NONE', #4329, .T. ) ;
#2635 = VERTEX_POINT ( 'NONE', #6160 ) ;
#2636 = DIRECTION ( 'NONE',  ( -1.000000000000000000, -0.000000000000000000, 0.000000000000000000 ) ) ;
#2637 = CARTESIAN_POINT ( 'NONE',  ( 13.80000000000000249, 2.400000000000006128, 2.899999999999995914 ) ) ;
#2638 = FACE_BOUND ( 'NONE', #1511, .T. ) ;
#2639 = DIRECTION ( 'NONE',  ( -1.000000000000000000, -0.000000000000000000, -0.000000000000000000 ) ) ;
#2640 = AXIS2_PLACEMENT_3D ( 'NONE', #6291, #4774, #359 ) ;
#2641 = ADVANCED_FACE ( 'NONE', ( #2160 ), #213, .T. ) ;
#2642 = DIRECTION ( 'NONE',  ( -1.000000000000000000, -0.000000000000000000, -0.000000000000000000 ) ) ;
#2643 = CARTESIAN_POINT ( 'NONE',  ( 13.80000000000000249, 20.25000000000001066, -8.000000000000000000 ) ) ;
#2644 = ORIENTED_EDGE ( 'NONE', *, *, #4561, .F. ) ;
#2645 = EDGE_CURVE ( 'NONE', #3767, #576, #2578, .T. ) ;
#2646 = CARTESIAN_POINT ( 'NONE',  ( -40.70000000000000284, 6.999999999999994671, 49.74757862151242449 ) ) ;
#2647 = EDGE_CURVE ( 'NONE', #4496, #67, #3921, .T. ) ;
#2648 = CARTESIAN_POINT ( 'NONE',  ( 22.10000000000000142, 20.25000000000001066, -8.000000000000000000 ) ) ;
#2649 = CIRCLE ( 'NONE', #3165, 7.000000000000000888 ) ;
#2650 = LINE ( 'NONE', #2286, #210 ) ;
#2651 = VERTEX_POINT ( 'NONE', #1605 ) ;
#2652 = EDGE_CURVE ( 'NONE', #4348, #5067, #3065, .T. ) ;
#2653 = ORIENTED_EDGE ( 'NONE', *, *, #5033, .F. ) ;
#2654 = DIRECTION ( 'NONE',  ( 1.000000000000000000, 0.000000000000000000, 0.000000000000000000 ) ) ;
#2655 = CARTESIAN_POINT ( 'NONE',  ( 25.59999999999999787, 0.000000000000000000, 0.1499999999999999944 ) ) ;
#2656 = CARTESIAN_POINT ( 'NONE',  ( 22.10000000000000142, 22.00000000000001066, -6.250000000000000888 ) ) ;
#2657 = ORIENTED_EDGE ( 'NONE', *, *, #5693, .F. ) ;
#2658 = ORIENTED_EDGE ( 'NONE', *, *, #5937, .T. ) ;
#2659 = FACE_OUTER_BOUND ( 'NONE', #5088, .T. ) ;
#2660 = CARTESIAN_POINT ( 'NONE',  ( 27.59999999999999787, 0.000000000000000000, 0.000000000000000000 ) ) ;
#2661 = ORIENTED_EDGE ( 'NONE', *, *, #1488, .T. ) ;
#2662 = AXIS2_PLACEMENT_3D ( 'NONE', #1944, #3480, #3543 ) ;
#2663 = DIRECTION ( 'NONE',  ( 0.000000000000000000, -4.074853802630083306E-16, -1.000000000000000000 ) ) ;
#2664 = ORIENTED_EDGE ( 'NONE', *, *, #1709, .F. ) ;
#2665 = EDGE_CURVE ( 'NONE', #1620, #4399, #1655, .T. ) ;
#2666 = DIRECTION ( 'NONE',  ( 0.000000000000000000, 0.000000000000000000, 1.000000000000000000 ) ) ;
#2667 = LINE ( 'NONE', #5623, #942 ) ;
#2668 = CARTESIAN_POINT ( 'NONE',  ( 1.500000000000000000, 0.000000000000000000, 0.000000000000000000 ) ) ;
#2669 = DIRECTION ( 'NONE',  ( -0.000000000000000000, -0.000000000000000000, -1.000000000000000000 ) ) ;
#2670 = DIRECTION ( 'NONE',  ( 0.000000000000000000, -1.000000000000000000, -1.294569758191647155E-16 ) ) ;
#2671 = AXIS2_PLACEMENT_3D ( 'NONE', #6155, #5302, #2743 ) ;
#2672 = FACE_OUTER_BOUND ( 'NONE', #6075, .T. ) ;
#2673 = CARTESIAN_POINT ( 'NONE',  ( 0.000000000000000000, 7.100000000000003197, 9.000000000000001776 ) ) ;
#2674 = AXIS2_PLACEMENT_3D ( 'NONE', #743, #2299, #3821 ) ;
#2675 = EDGE_CURVE ( 'NONE', #403, #5047, #4043, .T. ) ;
#2676 = ORIENTED_EDGE ( 'NONE', *, *, #5216, .F. ) ;
#2677 = AXIS2_PLACEMENT_3D ( 'NONE', #129, #5560, #3100 ) ;
#2678 = ADVANCED_FACE ( 'NONE', ( #1170 ), #4076, .T. ) ;
#2679 = AXIS2_PLACEMENT_3D ( 'NONE', #484, #1991, #613 ) ;
#2680 = EDGE_LOOP ( 'NONE', ( #1117, #1796, #5854, #5554 ) ) ;
#2681 = AXIS2_PLACEMENT_3D ( 'NONE', #262, #6247, #1190 ) ;
#2682 = DIRECTION ( 'NONE',  ( -1.000000000000000000, -0.000000000000000000, -0.000000000000000000 ) ) ;
#2683 = FACE_OUTER_BOUND ( 'NONE', #1931, .T. ) ;
#2684 = CARTESIAN_POINT ( 'NONE',  ( 22.10000000000000142, 1.000000000000006439, 7.450000000000001066 ) ) ;
#2685 = CIRCLE ( 'NONE', #2999, 7.000000000000000888 ) ;
#2686 = CARTESIAN_POINT ( 'NONE',  ( 1.500000000000001554, 1.030637635557567044, 3.864943216164022477 ) ) ;
#2687 = EDGE_LOOP ( 'NONE', ( #4918, #5006, #2792, #2045 ) ) ;
#2688 = EDGE_CURVE ( 'NONE', #1731, #90, #3463, .T. ) ;
#2689 = ORIENTED_EDGE ( 'NONE', *, *, #1403, .F. ) ;
#2690 = DIRECTION ( 'NONE',  ( 0.000000000000000000, 0.000000000000000000, 1.000000000000000000 ) ) ;
#2691 = AXIS2_PLACEMENT_3D ( 'NONE', #2889, #464, #3392 ) ;
#2692 = LINE ( 'NONE', #5198, #108 ) ;
#2693 = ORIENTED_EDGE ( 'NONE', *, *, #42, .T. ) ;
#2694 = CARTESIAN_POINT ( 'NONE',  ( 27.59999999999999787, -10.60302848086181804, -13.13818223212012626 ) ) ;
#2695 = VECTOR ( 'NONE', #95, 1000.000000000000000 ) ;
#2696 = DIRECTION ( 'NONE',  ( 1.000000000000000000, 0.000000000000000000, 0.000000000000000000 ) ) ;
#2697 = DIRECTION ( 'NONE',  ( -1.000000000000000000, -0.000000000000000000, -0.000000000000000000 ) ) ;
#2698 = VECTOR ( 'NONE', #4913, 1000.000000000000000 ) ;
#2699 = DIRECTION ( 'NONE',  ( -1.000000000000000000, -5.782411586589351722E-16, 0.000000000000000000 ) ) ;
#2700 = LINE ( 'NONE', #2646, #5303 ) ;
#2701 = DIRECTION ( 'NONE',  ( 0.000000000000000000, 0.000000000000000000, 1.000000000000000000 ) ) ;
#2702 = AXIS2_PLACEMENT_3D ( 'NONE', #2192, #1172, #6093 ) ;
#2703 = CARTESIAN_POINT ( 'NONE',  ( 13.80000000000000249, 8.099999999999999645, -7.450000000000001066 ) ) ;
#2704 = CARTESIAN_POINT ( 'NONE',  ( 38.59999999999999432, -10.60302848086181804, -13.13818223212012626 ) ) ;
#2705 = DIRECTION ( 'NONE',  ( 0.000000000000000000, 0.000000000000000000, -1.000000000000000000 ) ) ;
#2706 = VERTEX_POINT ( 'NONE', #2129 ) ;
#2707 = ORIENTED_EDGE ( 'NONE', *, *, #2440, .T. ) ;
#2708 = CARTESIAN_POINT ( 'NONE',  ( -47.19999999999999574, 0.000000000000000000, 5.000000000000006217 ) ) ;
#2709 = CARTESIAN_POINT ( 'NONE',  ( 22.10000000000000142, 2.400000000000005684, -7.450000000000005507 ) ) ;
#2710 = EDGE_CURVE ( 'NONE', #1985, #5310, #4622, .T. ) ;
#2711 = DIRECTION ( 'NONE',  ( -1.000000000000000000, -0.000000000000000000, -0.000000000000000000 ) ) ;
#2712 = CARTESIAN_POINT ( 'NONE',  ( 1.500000000000000000, 8.572527594031473190E-16, -6.850000000000000533 ) ) ;
#2713 = EDGE_LOOP ( 'NONE', ( #1026, #899, #6089, #4997 ) ) ;
#2714 = DIRECTION ( 'NONE',  ( 0.000000000000000000, 0.000000000000000000, -1.000000000000000000 ) ) ;
#2715 = CARTESIAN_POINT ( 'NONE',  ( 23.59999999999999432, -2.763066821399118744, 7.121905987407648020 ) ) ;
#2716 = ORIENTED_EDGE ( 'NONE', *, *, #1530, .F. ) ;
#2717 = AXIS2_PLACEMENT_3D ( 'NONE', #6373, #3471, #2320 ) ;
#2718 = DIRECTION ( 'NONE',  ( 1.000000000000000000, 0.000000000000000000, 0.000000000000000000 ) ) ;
#2719 = CIRCLE ( 'NONE', #3572, 10.00000000000000000 ) ;
#2720 = ORIENTED_EDGE ( 'NONE', *, *, #1892, .T. ) ;
#2721 = CARTESIAN_POINT ( 'NONE',  ( 36.59999999999999432, -2.762069023147042390, -6.931785952275175688 ) ) ;
#2722 = VECTOR ( 'NONE', #5364, 1000.000000000000000 ) ;
#2723 = CARTESIAN_POINT ( 'NONE',  ( 34.60000000000000142, 0.000000000000000000, 0.1499999999999999944 ) ) ;
#2724 = CARTESIAN_POINT ( 'NONE',  ( -52.69999999999999574, 38.49999999999999289, 5.000000000000006217 ) ) ;
#2725 = FACE_OUTER_BOUND ( 'NONE', #5421, .T. ) ;
#2726 = CARTESIAN_POINT ( 'NONE',  ( 37.59999999999999432, 0.000000000000000000, 0.000000000000000000 ) ) ;
#2727 = DIRECTION ( 'NONE',  ( 0.000000000000000000, 0.000000000000000000, -1.000000000000000000 ) ) ;
#2728 = CARTESIAN_POINT ( 'NONE',  ( 20.59999999999999787, 2.318934680004526960, 8.696122236369053127 ) ) ;
#2729 = AXIS2_PLACEMENT_3D ( 'NONE', #621, #2632, #4617 ) ;
#2730 = EDGE_LOOP ( 'NONE', ( #4898, #6214, #243, #5768 ) ) ;
#2731 = AXIS2_PLACEMENT_3D ( 'NONE', #895, #2920, #5434 ) ;
#2732 = ORIENTED_EDGE ( 'NONE', *, *, #2440, .F. ) ;
#2733 = APPLICATION_CONTEXT ( 'automotive_design' ) ;
#2734 = CARTESIAN_POINT ( 'NONE',  ( 37.59999999999999432, 2.606424087848269178, -8.614322577793585012 ) ) ;
#2735 = VERTEX_POINT ( 'NONE', #1141 ) ;
#2736 = DIRECTION ( 'NONE',  ( 0.000000000000000000, 0.000000000000000000, -1.000000000000000000 ) ) ;
#2737 = DIRECTION ( 'NONE',  ( -1.000000000000000000, -0.000000000000000000, -0.000000000000000000 ) ) ;
#2738 = DIRECTION ( 'NONE',  ( 1.000000000000000000, 0.000000000000000000, 0.000000000000000000 ) ) ;
#2739 = LINE ( 'NONE', #200, #363 ) ;
#2740 = DIRECTION ( 'NONE',  ( -1.000000000000000000, 0.000000000000000000, 0.000000000000000000 ) ) ;
#2741 = EDGE_CURVE ( 'NONE', #5324, #4303, #4797, .T. ) ;
#2742 = VERTEX_POINT ( 'NONE', #5278 ) ;
#2743 = DIRECTION ( 'NONE',  ( 0.000000000000000000, 0.000000000000000000, -1.000000000000000000 ) ) ;
#2744 = DIRECTION ( 'NONE',  ( -1.000000000000000000, -0.000000000000000000, -0.000000000000000000 ) ) ;
#2745 = DIRECTION ( 'NONE',  ( -1.000000000000000000, -0.000000000000000000, -0.000000000000000000 ) ) ;
#2746 = ORIENTED_EDGE ( 'NONE', *, *, #544, .T. ) ;
#2747 = ORIENTED_EDGE ( 'NONE', *, *, #3706, .F. ) ;
#2748 = DIRECTION ( 'NONE',  ( -1.000000000000000000, -0.000000000000000000, -0.000000000000000000 ) ) ;
#2749 = EDGE_CURVE ( 'NONE', #1256, #4544, #4608, .T. ) ;
#2750 = ORIENTED_EDGE ( 'NONE', *, *, #1499, .F. ) ;
#2751 = DIRECTION ( 'NONE',  ( -1.000000000000000000, -0.000000000000000000, -0.000000000000000000 ) ) ;
#2752 = ORIENTED_EDGE ( 'NONE', *, *, #4513, .T. ) ;
#2753 = EDGE_CURVE ( 'NONE', #4543, #4355, #6185, .T. ) ;
#2754 = CARTESIAN_POINT ( 'NONE',  ( 26.59999999999999787, 0.000000000000000000, 7.150000000000002132 ) ) ;
#2755 = DIRECTION ( 'NONE',  ( 0.000000000000000000, 0.000000000000000000, -1.000000000000000000 ) ) ;
#2756 = CARTESIAN_POINT ( 'NONE',  ( 1.500000000000000000, -4.261960596893379360, 5.702989453486133620 ) ) ;
#2757 = DIRECTION ( 'NONE',  ( -1.000000000000000000, -0.000000000000000000, -0.000000000000000000 ) ) ;
#2758 = DIRECTION ( 'NONE',  ( 0.000000000000000000, -1.000000000000000000, 0.000000000000000000 ) ) ;
#2759 = ORIENTED_EDGE ( 'NONE', *, *, #2355, .F. ) ;
#2760 = AXIS2_PLACEMENT_3D ( 'NONE', #274, #6328, #1860 ) ;
#2761 = CARTESIAN_POINT ( 'NONE',  ( 32.59999999999999432, 2.318934680004526960, 8.696122236369053127 ) ) ;
#2762 = CARTESIAN_POINT ( 'NONE',  ( 34.60000000000000142, 1.158410705710341659, -3.828587812352703956 ) ) ;
#2763 = DIRECTION ( 'NONE',  ( -1.000000000000000000, -0.000000000000000000, -0.000000000000000000 ) ) ;
#2764 = EDGE_CURVE ( 'NONE', #636, #2252, #5770, .T. ) ;
#2765 = CIRCLE ( 'NONE', #3515, 7.000000000000000888 ) ;
#2766 = EDGE_LOOP ( 'NONE', ( #4527, #207, #2898, #4616 ) ) ;
#2767 = ORIENTED_EDGE ( 'NONE', *, *, #2530, .T. ) ;
#2768 = FACE_OUTER_BOUND ( 'NONE', #3582, .T. ) ;
#2769 = AXIS2_PLACEMENT_3D ( 'NONE', #353, #1819, #5304 ) ;
#2770 = DIRECTION ( 'NONE',  ( -1.000000000000000000, 0.000000000000000000, 0.000000000000000000 ) ) ;
#2771 = CARTESIAN_POINT ( 'NONE',  ( 22.10000000000000142, 22.00000000000001066, -6.250000000000000888 ) ) ;
#2772 = EDGE_CURVE ( 'NONE', #5907, #1888, #3867, .T. ) ;
#2773 = CARTESIAN_POINT ( 'NONE',  ( 22.10000000000000142, 1.000000000000006439, 7.450000000000001066 ) ) ;
#2774 = AXIS2_PLACEMENT_3D ( 'NONE', #888, #3407, #4308 ) ;
#2775 = AXIS2_PLACEMENT_3D ( 'NONE', #5905, #2369, #2475 ) ;
#2776 = ORIENTED_EDGE ( 'NONE', *, *, #2018, .F. ) ;
#2777 = CARTESIAN_POINT ( 'NONE',  ( 37.59999999999999432, 0.000000000000000000, 0.000000000000000000 ) ) ;
#2778 = CARTESIAN_POINT ( 'NONE',  ( 27.59999999999999787, -4.365952903884278591, -5.321604448520052877 ) ) ;
#2779 = CIRCLE ( 'NONE', #1235, 3.000000000000000444 ) ;
#2780 = ORIENTED_EDGE ( 'NONE', *, *, #5689, .F. ) ;
#2781 = AXIS2_PLACEMENT_3D ( 'NONE', #4673, #3663, #762 ) ;
#2782 = ORIENTED_EDGE ( 'NONE', *, *, #2710, .F. ) ;
#2783 = DIRECTION ( 'NONE',  ( -1.445602896647339656E-16, -0.000000000000000000, -1.000000000000000000 ) ) ;
#2784 = VECTOR ( 'NONE', #6189, 1000.000000000000000 ) ;
#2785 = DIRECTION ( 'NONE',  ( -1.000000000000000000, -0.000000000000000000, -0.000000000000000000 ) ) ;
#2786 = ORIENTED_EDGE ( 'NONE', *, *, #2675, .T. ) ;
#2787 = LINE ( 'NONE', #1800, #5631 ) ;
#2788 = EDGE_CURVE ( 'NONE', #883, #2965, #2306, .T. ) ;
#2789 = CARTESIAN_POINT ( 'NONE',  ( 29.04974746830583499, 1.000000000000007772, 1.199999999999995737 ) ) ;
#2790 = AXIS2_PLACEMENT_3D ( 'NONE', #2296, #1319, #2258 ) ;
#2791 = EDGE_CURVE ( 'NONE', #2542, #4775, #1484, .T. ) ;
#2792 = ORIENTED_EDGE ( 'NONE', *, *, #1653, .F. ) ;
#2793 = AXIS2_PLACEMENT_3D ( 'NONE', #4368, #406, #2520 ) ;
#2794 = PLANE ( 'NONE',  #1782 ) ;
#2795 = DIRECTION ( 'NONE',  ( -0.000000000000000000, -0.000000000000000000, -1.000000000000000000 ) ) ;
#2796 = CARTESIAN_POINT ( 'NONE',  ( 18.59999999999999787, 0.000000000000000000, 0.000000000000000000 ) ) ;
#2797 = ORIENTED_EDGE ( 'NONE', *, *, #1417, .F. ) ;
#2798 = DIRECTION ( 'NONE',  ( 1.000000000000000000, -0.000000000000000000, -0.000000000000000000 ) ) ;
#2799 = VERTEX_POINT ( 'NONE', #1304 ) ;
#2800 = LINE ( 'NONE', #4377, #4773 ) ;
#2801 = CARTESIAN_POINT ( 'NONE',  ( 31.59999999999999787, -4.365952903884278591, -5.321604448520052877 ) ) ;
#2802 = DIRECTION ( 'NONE',  ( 0.000000000000000000, 0.000000000000000000, -1.000000000000000000 ) ) ;
#2803 = VECTOR ( 'NONE', #2240, 1000.000000000000000 ) ;
#2804 = ORIENTED_EDGE ( 'NONE', *, *, #4118, .T. ) ;
#2805 = DIRECTION ( 'NONE',  ( -1.000000000000000000, -0.000000000000000000, -0.000000000000000000 ) ) ;
#2806 = CARTESIAN_POINT ( 'NONE',  ( 0.000000000000000000, 7.000000000000000000, -8.449999999999999289 ) ) ;
#2807 = ORIENTED_EDGE ( 'NONE', *, *, #3763, .T. ) ;
#2808 = ORIENTED_EDGE ( 'NONE', *, *, #4115, .F. ) ;
#2809 = DIRECTION ( 'NONE',  ( 0.000000000000000000, 0.000000000000000000, -1.000000000000000000 ) ) ;
#2810 = CARTESIAN_POINT ( 'NONE',  ( -38.10000000000000142, 6.999999999999994671, -2.649999999999991473 ) ) ;
#2811 = DIRECTION ( 'NONE',  ( 0.000000000000000000, 0.000000000000000000, -1.000000000000000000 ) ) ;
#2812 = CIRCLE ( 'NONE', #2717, 10.00000000000000000 ) ;
#2813 = DIRECTION ( 'NONE',  ( 0.000000000000000000, 0.000000000000000000, 1.000000000000000000 ) ) ;
#2814 = CARTESIAN_POINT ( 'NONE',  ( 33.60000000000000142, 0.000000000000000000, 0.1499999999999999944 ) ) ;
#2815 = EDGE_CURVE ( 'NONE', #6349, #2467, #4713, .T. ) ;
#2816 = DIRECTION ( 'NONE',  ( 2.891205793294679312E-16, 0.000000000000000000, 1.000000000000000000 ) ) ;
#2817 = ORIENTED_EDGE ( 'NONE', *, *, #2179, .F. ) ;
#2818 = ADVANCED_FACE ( 'NONE', ( #271 ), #4322, .F. ) ;
#2819 = ORIENTED_EDGE ( 'NONE', *, *, #4823, .F. ) ;
#2820 = AXIS2_PLACEMENT_3D ( 'NONE', #2418, #5223, #4560 ) ;
#2821 = EDGE_CURVE ( 'NONE', #533, #5945, #3295, .T. ) ;
#2822 = EDGE_CURVE ( 'NONE', #461, #513, #4697, .T. ) ;
#2823 = CIRCLE ( 'NONE', #1908, 10.00000000000000000 ) ;
#2824 = CARTESIAN_POINT ( 'NONE',  ( 13.80000000000000249, 1.000000000000006439, 7.450000000000001066 ) ) ;
#2825 = VECTOR ( 'NONE', #5174, 1000.000000000000000 ) ;
#2826 = EDGE_CURVE ( 'NONE', #4960, #4449, #2719, .T. ) ;
#2827 = FACE_OUTER_BOUND ( 'NONE', #3289, .T. ) ;
#2828 = PLANE ( 'NONE',  #2896 ) ;
#2829 = CARTESIAN_POINT ( 'NONE',  ( -43.29999999999999716, 14.50000000000000355, 0.000000000000000000 ) ) ;
#2830 = EDGE_LOOP ( 'NONE', ( #4799, #1107, #662, #1387 ) ) ;
#2831 = EDGE_LOOP ( 'NONE', ( #3573, #298, #4946, #2038 ) ) ;
#2832 = CARTESIAN_POINT ( 'NONE',  ( -40.70000000000000284, 9.000000000000000000, -2.700000000000008615 ) ) ;
#2833 = EDGE_CURVE ( 'NONE', #513, #4340, #3831, .T. ) ;
#2834 = VERTEX_POINT ( 'NONE', #2754 ) ;
#2835 = CARTESIAN_POINT ( 'NONE',  ( 19.86927765092148945, 9.000000000000007105, 0.000000000000000000 ) ) ;
#2836 = AXIS2_PLACEMENT_3D ( 'NONE', #3912, #2744, #5248 ) ;
#2837 = CARTESIAN_POINT ( 'NONE',  ( 24.59999999999999787, 0.000000000000000000, 0.000000000000000000 ) ) ;
#2838 = EDGE_CURVE ( 'NONE', #5147, #6329, #460, .T. ) ;
#2839 = VECTOR ( 'NONE', #265, 1000.000000000000000 ) ;
#2840 = ORIENTED_EDGE ( 'NONE', *, *, #81, .T. ) ;
#2841 = FACE_OUTER_BOUND ( 'NONE', #5897, .T. ) ;
#2842 = CYLINDRICAL_SURFACE ( 'NONE', #498, 10.00000000000000178 ) ;
#2843 = EDGE_LOOP ( 'NONE', ( #1681, #2312, #696, #430, #806, #4248, #4459, #4117, #671 ) ) ;
#2844 = DIRECTION ( 'NONE',  ( 0.000000000000000000, 0.000000000000000000, -1.000000000000000000 ) ) ;
#2845 = CIRCLE ( 'NONE', #6188, 10.00000000000000000 ) ;
#2846 = FACE_OUTER_BOUND ( 'NONE', #4952, .T. ) ;
#2847 = ORIENTED_EDGE ( 'NONE', *, *, #1902, .F. ) ;
#2848 = DIRECTION ( 'NONE',  ( 1.000000000000000000, 0.000000000000000000, 0.000000000000000000 ) ) ;
#2849 = DIRECTION ( 'NONE',  ( 0.000000000000000000, 0.000000000000000000, -1.000000000000000000 ) ) ;
#2850 = CARTESIAN_POINT ( 'NONE',  ( 29.59999999999999787, 8.572527594031474176E-16, -6.850000000000002309 ) ) ;
#2851 = CARTESIAN_POINT ( 'NONE',  ( 40.59999999999999432, 2.606424087848269178, -8.614322577793585012 ) ) ;
#2852 = ADVANCED_FACE ( 'NONE', ( #6324 ), #4195, .T. ) ;
#2853 = ORIENTED_EDGE ( 'NONE', *, *, #6147, .F. ) ;
#2854 = EDGE_LOOP ( 'NONE', ( #891, #5809, #6405, #351 ) ) ;
#2856 = CLOSED_SHELL ( 'NONE', ( #816, #5677, #3335, #4365, #222, #4842, #3140, #49, #5929, #378, #193, #5670, #458, #5346, #2208, #1682, #6429, #3746, #3774, #3512, #969, #5228, #4892, #2950, #2599, #4437, #2321, #4833, #1795, #32, #2633, #5020, #2301, #6227, #5129, #4226, #488, #4511, #2087, #1450, #91, #195, #5848, #163, #263, #5866, #3825, #5065, #4015, #5621, #5126, #6360, #5823, #3796, #5571, #3884, #1243, #5710, #2895, #4642, #3055, #431, #2193, #6054, #6, #1697, #3904, #3384, #4597, #198, #4638 ) ) ;
#2855 = DIRECTION ( 'NONE',  ( -1.000000000000000000, -0.000000000000000000, -0.000000000000000000 ) ) ;
#2857 = CYLINDRICAL_SURFACE ( 'NONE', #4339, 9.000000000000000000 ) ;
#2858 = EDGE_CURVE ( 'NONE', #6267, #4020, #2787, .T. ) ;
#2859 = DIRECTION ( 'NONE',  ( 0.000000000000000000, 0.000000000000000000, -1.000000000000000000 ) ) ;
#2860 = ORIENTED_EDGE ( 'NONE', *, *, #998, .T. ) ;
#2861 = EDGE_CURVE ( 'NONE', #1591, #1294, #841, .T. ) ;
#2862 = EDGE_CURVE ( 'NONE', #4851, #1103, #5731, .T. ) ;
#2863 = ORIENTED_EDGE ( 'NONE', *, *, #6136, .F. ) ;
#2864 = ORIENTED_EDGE ( 'NONE', *, *, #3022, .T. ) ;
#2865 = CARTESIAN_POINT ( 'NONE',  ( 15.20000000000000462, 29.50000000000001066, 0.000000000000000000 ) ) ;
#2866 = VERTEX_POINT ( 'NONE', #5744 ) ;
#2867 = CARTESIAN_POINT ( 'NONE',  ( 15.20000000000000462, 29.50000000000000000, 7.999999999999996447 ) ) ;
#2868 = CARTESIAN_POINT ( 'NONE',  ( -47.19999999999999574, -1.734723475976807094E-15, -4.999999999999993783 ) ) ;
#2869 = VECTOR ( 'NONE', #3707, 1000.000000000000000 ) ;
#2870 = EDGE_CURVE ( 'NONE', #1232, #1609, #5208, .T. ) ;
#2871 = EDGE_CURVE ( 'NONE', #6411, #3730, #3731, .T. ) ;
#2872 = EDGE_CURVE ( 'NONE', #146, #453, #2941, .T. ) ;
#2873 = VERTEX_POINT ( 'NONE', #3390 ) ;
#2874 = VECTOR ( 'NONE', #1625, 1000.000000000000000 ) ;
#2875 = AXIS2_PLACEMENT_3D ( 'NONE', #5618, #1165, #2544 ) ;
#2876 = ORIENTED_EDGE ( 'NONE', *, *, #6028, .T. ) ;
#2877 = CARTESIAN_POINT ( 'NONE',  ( 13.60000000000000497, 29.50000000000001066, 7.000000000000002665 ) ) ;
#2878 = CARTESIAN_POINT ( 'NONE',  ( -39.69999999999999574, 14.50000000000000355, -3.000000000000000444 ) ) ;
#2879 = AXIS2_PLACEMENT_3D ( 'NONE', #2655, #5610, #5492 ) ;
#2880 = CARTESIAN_POINT ( 'NONE',  ( 20.59999999999999787, -10.35047573531249654, 13.63583152989489911 ) ) ;
#2881 = CARTESIAN_POINT ( 'NONE',  ( 28.59999999999999787, 1.030637635557567044, 8.864943216164022033 ) ) ;
#2882 = EDGE_CURVE ( 'NONE', #315, #6217, #3363, .T. ) ;
#2883 = CARTESIAN_POINT ( 'NONE',  ( 0.000000000000000000, 7.000000000000000000, 8.449999999999999289 ) ) ;
#2884 = ORIENTED_EDGE ( 'NONE', *, *, #427, .T. ) ;
#2885 = DIRECTION ( 'NONE',  ( 0.000000000000000000, 0.000000000000000000, 1.000000000000000000 ) ) ;
#2886 = CIRCLE ( 'NONE', #4346, 5.000000000000000888 ) ;
#2887 = CIRCLE ( 'NONE', #3714, 3.000000000000000444 ) ;
#2888 = CARTESIAN_POINT ( 'NONE',  ( 0.000000000000000000, 8.572527594031473190E-16, -6.850000000000000533 ) ) ;
#2889 = CARTESIAN_POINT ( 'NONE',  ( 26.59999999999999787, 0.000000000000000000, 0.1499999999999999944 ) ) ;
#2890 = EDGE_LOOP ( 'NONE', ( #6397, #1151 ) ) ;
#2891 = EDGE_CURVE ( 'NONE', #4720, #5813, #3470, .T. ) ;
#2892 = ORIENTED_EDGE ( 'NONE', *, *, #6147, .T. ) ;
#2893 = CARTESIAN_POINT ( 'NONE',  ( 13.60000000000000497, 29.50000000000000711, 0.1500000000000251132 ) ) ;
#2894 = EDGE_CURVE ( 'NONE', #680, #1918, #562, .T. ) ;
#2895 = ADVANCED_FACE ( 'NONE', ( #1952 ), #2516, .T. ) ;
#2896 = AXIS2_PLACEMENT_3D ( 'NONE', #879, #2382, #2859 ) ;
#2897 = FACE_OUTER_BOUND ( 'NONE', #2831, .T. ) ;
#2898 = ORIENTED_EDGE ( 'NONE', *, *, #1661, .F. ) ;
#2899 = FACE_OUTER_BOUND ( 'NONE', #1096, .T. ) ;
#2900 = CARTESIAN_POINT ( 'NONE',  ( 19.59999999999999787, -2.763066821399118744, 7.121905987407648020 ) ) ;
#2901 = ORIENTED_EDGE ( 'NONE', *, *, #4702, .T. ) ;
#2902 = ORIENTED_EDGE ( 'NONE', *, *, #2961, .F. ) ;
#2903 = VECTOR ( 'NONE', #4034, 1000.000000000000000 ) ;
#2904 = CARTESIAN_POINT ( 'NONE',  ( 31.59999999999999787, -10.60302848086181804, -13.13818223212012626 ) ) ;
#2905 = ORIENTED_EDGE ( 'NONE', *, *, #1006, .T. ) ;
#2906 = DIRECTION ( 'NONE',  ( 0.000000000000000000, -1.000000000000000000, 1.294569758191647155E-16 ) ) ;
#2907 = CARTESIAN_POINT ( 'NONE',  ( 32.59999999999999432, -2.762069023147042390, -6.931785952275175688 ) ) ;
#2908 = EDGE_CURVE ( 'NONE', #5863, #5945, #3924, .T. ) ;
#2909 = CIRCLE ( 'NONE', #3545, 10.00000000000000178 ) ;
#2910 = ORIENTED_EDGE ( 'NONE', *, *, #4981, .T. ) ;
#2911 = EDGE_LOOP ( 'NONE', ( #824, #5839, #5441, #1627 ) ) ;
#2912 = FACE_OUTER_BOUND ( 'NONE', #2081, .T. ) ;
#2913 = DIRECTION ( 'NONE',  ( 0.000000000000000000, 0.000000000000000000, -1.000000000000000000 ) ) ;
#2914 = APPLICATION_PROTOCOL_DEFINITION ( 'draft international standard', 'automotive_design', 1998, #6199 ) ;
#2915 = CARTESIAN_POINT ( 'NONE',  ( -52.69999999999999574, 0.000000000000000000, 5.000000000000006217 ) ) ;
#2916 = AXIS2_PLACEMENT_3D ( 'NONE', #6391, #805, #3863 ) ;
#2917 = EDGE_CURVE ( 'NONE', #3023, #2973, #5950, .T. ) ;
#2918 = DIRECTION ( 'NONE',  ( 0.000000000000000000, 0.000000000000000000, 1.000000000000000000 ) ) ;
#2919 = CARTESIAN_POINT ( 'NONE',  ( 20.59999999999999787, 2.606424087848269178, -8.614322577793585012 ) ) ;
#2920 = DIRECTION ( 'NONE',  ( 1.000000000000000000, 0.000000000000000000, 0.000000000000000000 ) ) ;
#2921 = DIRECTION ( 'NONE',  ( 0.000000000000000000, 0.000000000000000000, -1.000000000000000000 ) ) ;
#2922 = ORIENTED_EDGE ( 'NONE', *, *, #2764, .T. ) ;
#2923 = ORIENTED_EDGE ( 'NONE', *, *, #337, .F. ) ;
#2924 = CARTESIAN_POINT ( 'NONE',  ( 24.59999999999999787, 0.000000000000000000, 0.1499999999999999944 ) ) ;
#2925 = CARTESIAN_POINT ( 'NONE',  ( -40.70000000000000284, 38.49999999999999289, 8.449999999999999289 ) ) ;
#2926 = CARTESIAN_POINT ( 'NONE',  ( 18.59999999999999787, 8.572527594031474176E-16, -6.850000000000002309 ) ) ;
#2927 = LINE ( 'NONE', #1922, #3803 ) ;
#2928 = ORIENTED_EDGE ( 'NONE', *, *, #6051, .T. ) ;
#2929 = ORIENTED_EDGE ( 'NONE', *, *, #1188, .T. ) ;
#2930 = FACE_BOUND ( 'NONE', #4122, .T. ) ;
#2931 = EDGE_LOOP ( 'NONE', ( #6053, #3619, #4722, #1555, #3124, #1332, #4637, #4476, #779 ) ) ;
#2932 = CARTESIAN_POINT ( 'NONE',  ( 22.10000000000000142, 2.400000000000006128, 1.199999999999995515 ) ) ;
#2933 = ORIENTED_EDGE ( 'NONE', *, *, #6204, .F. ) ;
#2934 = CARTESIAN_POINT ( 'NONE',  ( 22.59999999999999432, 0.000000000000000000, 7.150000000000002132 ) ) ;
#2935 = ORIENTED_EDGE ( 'NONE', *, *, #2871, .F. ) ;
#2936 = AXIS2_PLACEMENT_3D ( 'NONE', #5111, #6131, #3650 ) ;
#2937 = DIRECTION ( 'NONE',  ( 0.000000000000000000, 0.000000000000000000, -1.000000000000000000 ) ) ;
#2938 = VERTEX_POINT ( 'NONE', #3418 ) ;
#2939 = CARTESIAN_POINT ( 'NONE',  ( 18.59999999999999787, 0.000000000000000000, 0.1499999999999999944 ) ) ;
#2940 = DIRECTION ( 'NONE',  ( 0.000000000000000000, 0.000000000000000000, -1.000000000000000000 ) ) ;
#2941 = CIRCLE ( 'NONE', #3262, 7.000000000000000888 ) ;
#2942 = ORIENTED_EDGE ( 'NONE', *, *, #6035, .T. ) ;
#2943 = MECHANICAL_DESIGN_GEOMETRIC_PRESENTATION_REPRESENTATION (  '', ( #1601 ), #571 ) ;
#2944 = EDGE_LOOP ( 'NONE', ( #1724, #3511, #500, #3226 ) ) ;
#2945 = EDGE_CURVE ( 'NONE', #2105, #2742, #3865, .T. ) ;
#2946 = PLANE ( 'NONE',  #4625 ) ;
#2947 = CONTEXT_DEPENDENT_SHAPE_REPRESENTATION ( #4861, #2419 ) ;
#2948 = LINE ( 'NONE', #933, #4862 ) ;
#2949 = ORIENTED_EDGE ( 'NONE', *, *, #3830, .T. ) ;
#2950 = ADVANCED_FACE ( 'NONE', ( #5908 ), #1467, .F. ) ;
#2951 = CARTESIAN_POINT ( 'NONE',  ( 29.59999999999999787, 1.030637635557567044, 3.864943216164022477 ) ) ;
#2952 = EDGE_LOOP ( 'NONE', ( #4740, #4492 ) ) ;
#2953 = DIRECTION ( 'NONE',  ( -1.000000000000000000, -0.000000000000000000, -0.000000000000000000 ) ) ;
#2954 = CARTESIAN_POINT ( 'NONE',  ( 21.59999999999999787, 1.030637635557567044, 3.864943216164022477 ) ) ;
#2955 = DIRECTION ( 'NONE',  ( -1.000000000000000000, 0.000000000000000000, -0.000000000000000000 ) ) ;
#2956 = LINE ( 'NONE', #2483, #1244 ) ;
#2957 = EDGE_CURVE ( 'NONE', #906, #2411, #872, .T. ) ;
#2958 = AXIS2_PLACEMENT_3D ( 'NONE', #1037, #4030, #3519 ) ;
#2959 = ORIENTED_EDGE ( 'NONE', *, *, #3225, .F. ) ;
#2960 = VERTEX_POINT ( 'NONE', #5340 ) ;
#2961 = EDGE_CURVE ( 'NONE', #1363, #74, #1996, .T. ) ;
#2962 = CARTESIAN_POINT ( 'NONE',  ( 13.80000000000000249, 1.000000000000000444, -7.450000000000001066 ) ) ;
#2963 = ORIENTED_EDGE ( 'NONE', *, *, #1188, .F. ) ;
#2964 = DIRECTION ( 'NONE',  ( 1.000000000000000000, 0.000000000000000000, 0.000000000000000000 ) ) ;
#2965 = VERTEX_POINT ( 'NONE', #1919 ) ;
#2966 = ORIENTED_EDGE ( 'NONE', *, *, #634, .F. ) ;
#2967 = CARTESIAN_POINT ( 'NONE',  ( -38.10000000000000142, 4.499999999999995559, -2.649999999999991473 ) ) ;
#2968 = ORIENTED_EDGE ( 'NONE', *, *, #5234, .T. ) ;
#2969 = CARTESIAN_POINT ( 'NONE',  ( 1.500000000000003109, 9.000000000000005329, 0.000000000000000000 ) ) ;
#2970 = CYLINDRICAL_SURFACE ( 'NONE', #1439, 5.000000000000000000 ) ;
#2971 = EDGE_CURVE ( 'NONE', #5440, #5272, #487, .T. ) ;
#2972 = ORIENTED_EDGE ( 'NONE', *, *, #3847, .T. ) ;
#2973 = VERTEX_POINT ( 'NONE', #31 ) ;
#2974 = CIRCLE ( 'NONE', #3799, 5.000000000000000000 ) ;
#2975 = VERTEX_POINT ( 'NONE', #5465 ) ;
#2976 = LINE ( 'NONE', #5657, #4984 ) ;
#2977 = CARTESIAN_POINT ( 'NONE',  ( 33.60000000000000142, 2.606424087848269178, -8.614322577793585012 ) ) ;
#2978 = LINE ( 'NONE', #3380, #4205 ) ;
#2979 = DIRECTION ( 'NONE',  ( -0.000000000000000000, 1.000000000000000000, -0.000000000000000000 ) ) ;
#2980 = CIRCLE ( 'NONE', #3189, 9.000000000000000000 ) ;
#2981 = CARTESIAN_POINT ( 'NONE',  ( 36.59999999999999432, 0.000000000000000000, 0.1499999999999999944 ) ) ;
#2982 = CYLINDRICAL_SURFACE ( 'NONE', #1340, 10.00000000000000178 ) ;
#2983 = AXIS2_PLACEMENT_3D ( 'NONE', #1112, #3569, #2555 ) ;
#2984 = EDGE_CURVE ( 'NONE', #3465, #5, #5542, .T. ) ;
#2985 = ORIENTED_EDGE ( 'NONE', *, *, #3743, .T. ) ;
#2986 = ORIENTED_EDGE ( 'NONE', *, *, #4890, .T. ) ;
#2987 = CARTESIAN_POINT ( 'NONE',  ( 13.80000000000000249, 14.50000000000000533, 0.000000000000000000 ) ) ;
#2988 = SURFACE_STYLE_USAGE ( .BOTH. , #4783 ) ;
#2989 = AXIS2_PLACEMENT_3D ( 'NONE', #3153, #93, #1694 ) ;
#2990 = PLANE ( 'NONE',  #2281 ) ;
#2991 = EDGE_CURVE ( 'NONE', #3436, #1850, #5842, .T. ) ;
#2992 = DIRECTION ( 'NONE',  ( -1.000000000000000000, -0.000000000000000000, -0.000000000000000000 ) ) ;
#2993 = EDGE_LOOP ( 'NONE', ( #3823, #5858, #5852, #2533, #3965, #2060, #2922, #1504 ) ) ;
#2994 = VECTOR ( 'NONE', #2295, 1000.000000000000000 ) ;
#2995 = ADVANCED_FACE ( 'NONE', ( #4839 ), #2442, .T. ) ;
#2996 = CIRCLE ( 'NONE', #3817, 5.000000000000000888 ) ;
#2997 = DIRECTION ( 'NONE',  ( 2.891205793294679312E-16, 0.000000000000000000, 1.000000000000000000 ) ) ;
#2998 = VERTEX_POINT ( 'NONE', #2371 ) ;
#2999 = AXIS2_PLACEMENT_3D ( 'NONE', #2557, #3980, #6103 ) ;
#3000 = AXIS2_PLACEMENT_3D ( 'NONE', #3791, #5242, #1729 ) ;
#3001 = DIRECTION ( 'NONE',  ( 1.000000000000000000, 0.000000000000000000, 0.000000000000000000 ) ) ;
#3002 = ORIENTED_EDGE ( 'NONE', *, *, #3241, .T. ) ;
#3003 = ORIENTED_EDGE ( 'NONE', *, *, #5653, .F. ) ;
#3004 = CIRCLE ( 'NONE', #4570, 4.249999999999998224 ) ;
#3005 = ORIENTED_EDGE ( 'NONE', *, *, #2179, .T. ) ;
#3006 = DIRECTION ( 'NONE',  ( 0.000000000000000000, -1.162264728904460753E-14, -1.000000000000000000 ) ) ;
#3007 = CARTESIAN_POINT ( 'NONE',  ( 29.59999999999999787, -2.763066821399118744, 7.121905987407648020 ) ) ;
#3008 = EDGE_CURVE ( 'NONE', #6393, #1103, #5550, .T. ) ;
#3009 = VECTOR ( 'NONE', #844, 1000.000000000000000 ) ;
#3010 = EDGE_LOOP ( 'NONE', ( #847, #194, #5646, #4095 ) ) ;
#3011 = VERTEX_POINT ( 'NONE', #6422 ) ;
#3012 = ORIENTED_EDGE ( 'NONE', *, *, #2688, .F. ) ;
#3013 = CARTESIAN_POINT ( 'NONE',  ( 37.59999999999999432, 0.000000000000000000, 7.150000000000002132 ) ) ;
#3014 = DIRECTION ( 'NONE',  ( 0.000000000000000000, 0.000000000000000000, -1.000000000000000000 ) ) ;
#3015 = CARTESIAN_POINT ( 'NONE',  ( 39.59999999999999432, 0.000000000000000000, 7.150000000000002132 ) ) ;
#3016 = PRODUCT_DEFINITION_FORMATION_WITH_SPECIFIED_SOURCE ( 'ANY', '', #5483, .NOT_KNOWN. ) ;
#3017 = FACE_BOUND ( 'NONE', #5616, .T. ) ;
#3018 = VERTEX_POINT ( 'NONE', #1500 ) ;
#3019 = VECTOR ( 'NONE', #5316, 1000.000000000000000 ) ;
#3020 = CARTESIAN_POINT ( 'NONE',  ( 32.59999999999999432, 0.000000000000000000, 0.000000000000000000 ) ) ;
#3021 = CARTESIAN_POINT ( 'NONE',  ( 1.500000000000000000, 0.000000000000000000, 7.150000000000000355 ) ) ;
#3022 = EDGE_CURVE ( 'NONE', #5196, #2293, #3273, .T. ) ;
#3023 = VERTEX_POINT ( 'NONE', #5528 ) ;
#3024 = VERTEX_POINT ( 'NONE', #5555 ) ;
#3025 = CIRCLE ( 'NONE', #5204, 1.700000000000000400 ) ;
#3026 = DIRECTION ( 'NONE',  ( 0.000000000000000000, 1.000000000000000000, 0.000000000000000000 ) ) ;
#3027 = LINE ( 'NONE', #1007, #601 ) ;
#3028 = CARTESIAN_POINT ( 'NONE',  ( 29.04974746830583499, 1.000000000000007772, 1.199999999999995737 ) ) ;
#3029 = PLANE ( 'NONE',  #693 ) ;
#3030 = DIRECTION ( 'NONE',  ( 1.000000000000000000, 0.000000000000000000, 0.000000000000000000 ) ) ;
#3031 = ORIENTED_EDGE ( 'NONE', *, *, #2870, .T. ) ;
#3032 = CARTESIAN_POINT ( 'NONE',  ( 1.500000000000001554, 1.030637635557567044, 8.864943216164022033 ) ) ;
#3033 = CARTESIAN_POINT ( 'NONE',  ( -47.19999999999999574, 5.500000000000000000, 24.72882059609970895 ) ) ;
#3034 = CYLINDRICAL_SURFACE ( 'NONE', #4198, 10.00000000000000000 ) ;
#3035 = DIRECTION ( 'NONE',  ( 0.000000000000000000, 0.000000000000000000, -1.000000000000000000 ) ) ;
#3036 = CARTESIAN_POINT ( 'NONE',  ( -47.19999999999999574, 0.000000000000000000, 2.700000000000006839 ) ) ;
#3037 = ORIENTED_EDGE ( 'NONE', *, *, #4591, .T. ) ;
#3038 = EDGE_CURVE ( 'NONE', #4433, #876, #6055, .T. ) ;
#3039 = EDGE_CURVE ( 'NONE', #4449, #461, #165, .T. ) ;
#3040 = CYLINDRICAL_SURFACE ( 'NONE', #1658, 3.000000000000000444 ) ;
#3041 = EDGE_LOOP ( 'NONE', ( #390, #6085, #821, #38 ) ) ;
#3042 = CARTESIAN_POINT ( 'NONE',  ( -47.19999999999999574, 5.500000000000000000, 24.72882059609970895 ) ) ;
#3043 = PLANE ( 'NONE',  #5592 ) ;
#3044 = ORIENTED_EDGE ( 'NONE', *, *, #156, .F. ) ;
#3045 = ORIENTED_EDGE ( 'NONE', *, *, #1292, .F. ) ;
#3046 = EDGE_CURVE ( 'NONE', #4293, #3640, #470, .T. ) ;
#3047 = ORIENTED_EDGE ( 'NONE', *, *, #2556, .T. ) ;
#3048 = CIRCLE ( 'NONE', #2314, 3.500000000000003109 ) ;
#3049 = EDGE_LOOP ( 'NONE', ( #1932, #5030, #1345, #5365 ) ) ;
#3050 = DIRECTION ( 'NONE',  ( -1.000000000000000000, -0.000000000000000000, -0.000000000000000000 ) ) ;
#3051 = LINE ( 'NONE', #3509, #6320 ) ;
#3052 = FACE_OUTER_BOUND ( 'NONE', #6025, .T. ) ;
#3053 = DIRECTION ( 'NONE',  ( -1.000000000000000000, 0.000000000000000000, 0.000000000000000000 ) ) ;
#3054 = CARTESIAN_POINT ( 'NONE',  ( 26.59999999999999787, 1.158410705710341659, -3.828587812352703956 ) ) ;
#3055 = ADVANCED_FACE ( 'NONE', ( #2120 ), #2153, .F. ) ;
#3056 = EDGE_LOOP ( 'NONE', ( #5588, #6251, #5374, #5639 ) ) ;
#3057 = ORIENTED_EDGE ( 'NONE', *, *, #258, .F. ) ;
#3058 = CYLINDRICAL_SURFACE ( 'NONE', #3167, 10.00000000000000000 ) ;
#3059 = DIRECTION ( 'NONE',  ( -1.000000000000000000, 0.000000000000000000, 2.478176394252579169E-16 ) ) ;
#3060 = DIRECTION ( 'NONE',  ( -1.000000000000000000, -0.000000000000000000, -0.000000000000000000 ) ) ;
#3061 = ORIENTED_EDGE ( 'NONE', *, *, #2287, .F. ) ;
#3062 = VECTOR ( 'NONE', #873, 1000.000000000000000 ) ;
#3063 = DIRECTION ( 'NONE',  ( 0.000000000000000000, 0.000000000000000000, -1.000000000000000000 ) ) ;
#3064 = DIRECTION ( 'NONE',  ( 0.000000000000000000, 0.000000000000000000, -1.000000000000000000 ) ) ;
#3065 = LINE ( 'NONE', #4107, #4458 ) ;
#3066 = LINE ( 'NONE', #1142, #2398 ) ;
#3067 = DIRECTION ( 'NONE',  ( 0.000000000000000000, 0.000000000000000000, 1.000000000000000000 ) ) ;
#3068 = ADVANCED_FACE ( 'NONE', ( #2659 ), #1631, .T. ) ;
#3069 = DIRECTION ( 'NONE',  ( 1.000000000000000000, 0.000000000000000000, -2.891205793294679312E-16 ) ) ;
#3070 = ORIENTED_EDGE ( 'NONE', *, *, #1619, .F. ) ;
#3071 = DIRECTION ( 'NONE',  ( 0.000000000000000000, 0.000000000000000000, -1.000000000000000000 ) ) ;
#3072 = DIRECTION ( 'NONE',  ( 1.000000000000000000, 0.000000000000000000, 0.000000000000000000 ) ) ;
#3073 = DIRECTION ( 'NONE',  ( 1.504111723692325477E-16, -1.000000000000000000, 0.000000000000000000 ) ) ;
#3074 = DIRECTION ( 'NONE',  ( 0.000000000000000000, 0.000000000000000000, 1.000000000000000000 ) ) ;
#3075 = CIRCLE ( 'NONE', #1522, 8.999999999999998224 ) ;
#3076 = ORIENTED_EDGE ( 'NONE', *, *, #469, .F. ) ;
#3077 = ORIENTED_EDGE ( 'NONE', *, *, #3443, .F. ) ;
#3078 = ORIENTED_EDGE ( 'NONE', *, *, #2871, .T. ) ;
#3079 = ORIENTED_EDGE ( 'NONE', *, *, #4018, .F. ) ;
#3080 = EDGE_CURVE ( 'NONE', #1242, #1531, #4067, .T. ) ;
#3081 = CARTESIAN_POINT ( 'NONE',  ( 39.59999999999999432, 0.000000000000000000, 0.1499999999999999944 ) ) ;
#3082 = EDGE_CURVE ( 'NONE', #5802, #3611, #5650, .T. ) ;
#3083 = CYLINDRICAL_SURFACE ( 'NONE', #5684, 5.000000000000000000 ) ;
#3084 = ADVANCED_FACE ( 'NONE', ( #4640 ), #3058, .F. ) ;
#3085 = CARTESIAN_POINT ( 'NONE',  ( 22.10000000000000142, 22.00000000000001066, -4.500000000000003553 ) ) ;
#3086 = CARTESIAN_POINT ( 'NONE',  ( 1.500000000000002220, -2.763066821399118744, 7.121905987407648020 ) ) ;
#3087 = CIRCLE ( 'NONE', #3296, 5.499999999999998224 ) ;
#3088 = ORIENTED_EDGE ( 'NONE', *, *, #5831, .T. ) ;
#3089 = VERTEX_POINT ( 'NONE', #2058 ) ;
#3090 = CARTESIAN_POINT ( 'NONE',  ( -39.69999999999999574, 7.000000000000006217, -5.000000000000000000 ) ) ;
#3091 = CYLINDRICAL_SURFACE ( 'NONE', #5285, 5.000000000000000000 ) ;
#3092 = VECTOR ( 'NONE', #2663, 1000.000000000000000 ) ;
#3093 = VERTEX_POINT ( 'NONE', #3126 ) ;
#3094 = AXIS2_PLACEMENT_3D ( 'NONE', #3492, #3969, #5913 ) ;
#3095 = AXIS2_PLACEMENT_3D ( 'NONE', #4444, #1977, #6375 ) ;
#3096 = DIRECTION ( 'NONE',  ( 1.000000000000000000, 0.000000000000000000, 0.000000000000000000 ) ) ;
#3097 = EDGE_CURVE ( 'NONE', #1988, #2297, #5131, .T. ) ;
#3098 = VECTOR ( 'NONE', #3194, 1000.000000000000000 ) ;
#3099 = CARTESIAN_POINT ( 'NONE',  ( 36.59999999999999432, -4.365952903884279479, -5.321604448520053765 ) ) ;
#3100 = DIRECTION ( 'NONE',  ( 0.000000000000000000, 0.000000000000000000, -1.000000000000000000 ) ) ;
#3101 = VECTOR ( 'NONE', #205, 1000.000000000000000 ) ;
#3102 = CARTESIAN_POINT ( 'NONE',  ( 1.500000000000000000, 0.000000000000000000, 7.150000000000000355 ) ) ;
#3103 = ORIENTED_EDGE ( 'NONE', *, *, #3551, .T. ) ;
#3104 = CIRCLE ( 'NONE', #3815, 5.000000000000000000 ) ;
#3105 = PLANE ( 'NONE',  #733 ) ;
#3106 = CYLINDRICAL_SURFACE ( 'NONE', #1540, 5.000000000000000000 ) ;
#3107 = AXIS2_PLACEMENT_3D ( 'NONE', #1842, #3812, #3474 ) ;
#3108 = DIRECTION ( 'NONE',  ( -1.000000000000000000, -0.000000000000000000, -0.000000000000000000 ) ) ;
#3109 = VECTOR ( 'NONE', #894, 1000.000000000000000 ) ;
#3110 = VERTEX_POINT ( 'NONE', #646 ) ;
#3111 = ORIENTED_EDGE ( 'NONE', *, *, #1428, .F. ) ;
#3112 = EDGE_LOOP ( 'NONE', ( #478, #4870, #812, #993 ) ) ;
#3113 = VECTOR ( 'NONE', #2757, 1000.000000000000000 ) ;
#3114 = ADVANCED_FACE ( 'NONE', ( #5982 ), #6120, .F. ) ;
#3115 = ORIENTED_EDGE ( 'NONE', *, *, #504, .F. ) ;
#3116 = DIRECTION ( 'NONE',  ( 1.000000000000000000, 0.000000000000000000, 0.000000000000000000 ) ) ;
#3117 = DIRECTION ( 'NONE',  ( 0.000000000000000000, 0.000000000000000000, -1.000000000000000000 ) ) ;
#3118 = AXIS2_PLACEMENT_3D ( 'NONE', #5229, #6205, #3128 ) ;
#3119 = DIRECTION ( 'NONE',  ( 0.000000000000000000, 0.000000000000000000, -1.000000000000000000 ) ) ;
#3120 = PLANE ( 'NONE',  #912 ) ;
#3121 = ORIENTED_EDGE ( 'NONE', *, *, #2826, .F. ) ;
#3122 = EDGE_CURVE ( 'NONE', #4911, #1163, #5031, .T. ) ;
#3123 = ADVANCED_FACE ( 'NONE', ( #5007 ), #5586, .F. ) ;
#3124 = ORIENTED_EDGE ( 'NONE', *, *, #4692, .T. ) ;
#3125 = EDGE_CURVE ( 'NONE', #4083, #502, #1599, .T. ) ;
#3126 = CARTESIAN_POINT ( 'NONE',  ( 22.59999999999999432, 1.030637635557567044, 8.864943216164022033 ) ) ;
#3127 = PLANE ( 'NONE',  #6117 ) ;
#3128 = DIRECTION ( 'NONE',  ( 0.000000000000000000, 0.000000000000000000, -1.000000000000000000 ) ) ;
#3129 = CARTESIAN_POINT ( 'NONE',  ( 22.10000000000000142, 7.099999999999999645, -9.000000000000001776 ) ) ;
#3130 = EDGE_CURVE ( 'NONE', #5400, #1489, #2323, .T. ) ;
#3131 = CARTESIAN_POINT ( 'NONE',  ( -47.19999999999999574, 5.500000000000000000, 2.700000000000008171 ) ) ;
#3132 = EDGE_CURVE ( 'NONE', #1888, #4408, #1181, .T. ) ;
#3133 = CARTESIAN_POINT ( 'NONE',  ( 29.04974746830583499, 2.400000000000006128, 2.899999999999995914 ) ) ;
#3134 = LINE ( 'NONE', #5561, #6254 ) ;
#3135 = DIRECTION ( 'NONE',  ( -1.000000000000000000, -0.000000000000000000, -0.000000000000000000 ) ) ;
#3136 = AXIS2_PLACEMENT_3D ( 'NONE', #2723, #2217, #5280 ) ;
#3137 = DIRECTION ( 'NONE',  ( -1.000000000000000000, -0.000000000000000000, -0.000000000000000000 ) ) ;
#3138 = DIRECTION ( 'NONE',  ( -1.000000000000000000, -0.000000000000000000, -0.000000000000000000 ) ) ;
#3139 = DIRECTION ( 'NONE',  ( 0.000000000000000000, 0.000000000000000000, -1.000000000000000000 ) ) ;
#3140 = ADVANCED_FACE ( 'NONE', ( #1664 ), #3178, .F. ) ;
#3141 = ORIENTED_EDGE ( 'NONE', *, *, #4692, .F. ) ;
#3142 = ORIENTED_EDGE ( 'NONE', *, *, #2630, .T. ) ;
#3143 = ORIENTED_EDGE ( 'NONE', *, *, #3632, .F. ) ;
#3144 = ORIENTED_EDGE ( 'NONE', *, *, #1324, .F. ) ;
#3145 = CARTESIAN_POINT ( 'NONE',  ( 29.59999999999999787, -2.762069023147044167, -6.931785952275177465 ) ) ;
#3146 = AXIS2_PLACEMENT_3D ( 'NONE', #5320, #6229, #3067 ) ;
#3147 = FACE_OUTER_BOUND ( 'NONE', #5098, .T. ) ;
#3148 = VECTOR ( 'NONE', #246, 1000.000000000000000 ) ;
#3149 = CARTESIAN_POINT ( 'NONE',  ( -50.70000000000000284, 5.500000000000000000, -2.699999999999993072 ) ) ;
#3150 = DIRECTION ( 'NONE',  ( -1.000000000000000000, -0.000000000000000000, -0.000000000000000000 ) ) ;
#3151 = ORIENTED_EDGE ( 'NONE', *, *, #3549, .T. ) ;
#3152 = CARTESIAN_POINT ( 'NONE',  ( -47.19999999999999574, 5.500000000000000000, 24.72882059609970895 ) ) ;
#3153 = CARTESIAN_POINT ( 'NONE',  ( 29.59999999999999787, 0.000000000000000000, 0.000000000000000000 ) ) ;
#3154 = ORIENTED_EDGE ( 'NONE', *, *, #4729, .T. ) ;
#3155 = AXIS2_PLACEMENT_3D ( 'NONE', #2981, #1033, #3960 ) ;
#3156 = DIRECTION ( 'NONE',  ( 0.000000000000000000, 0.000000000000000000, -1.000000000000000000 ) ) ;
#3157 = DIRECTION ( 'NONE',  ( 1.000000000000000000, 0.000000000000000000, 0.000000000000000000 ) ) ;
#3158 = CARTESIAN_POINT ( 'NONE',  ( 27.59999999999999787, 0.000000000000000000, 0.1499999999999999944 ) ) ;
#3159 = AXIS2_PLACEMENT_3D ( 'NONE', #4938, #2481, #3391 ) ;
#3160 = VECTOR ( 'NONE', #5057, 1000.000000000000000 ) ;
#3161 = ADVANCED_FACE ( 'NONE', ( #765 ), #5643, .T. ) ;
#3162 = DIRECTION ( 'NONE',  ( 0.000000000000000000, 1.294569758191647155E-16, -1.000000000000000000 ) ) ;
#3163 = DIRECTION ( 'NONE',  ( -1.000000000000000000, -0.000000000000000000, -0.000000000000000000 ) ) ;
#3164 = CARTESIAN_POINT ( 'NONE',  ( 1.500000000000002220, -10.35047573531249654, 13.63583152989489911 ) ) ;
#3165 = AXIS2_PLACEMENT_3D ( 'NONE', #408, #4505, #5146 ) ;
#3166 = DIRECTION ( 'NONE',  ( -1.000000000000000000, -0.000000000000000000, -0.000000000000000000 ) ) ;
#3167 = AXIS2_PLACEMENT_3D ( 'NONE', #4000, #2603, #1071 ) ;
#3168 = ORIENTED_EDGE ( 'NONE', *, *, #5693, .T. ) ;
#3169 = VERTEX_POINT ( 'NONE', #4765 ) ;
#3170 = EDGE_CURVE ( 'NONE', #2735, #4971, #1074, .T. ) ;
#3171 = CARTESIAN_POINT ( 'NONE',  ( 30.59999999999999432, 2.318934680004526960, 8.696122236369053127 ) ) ;
#3172 = VECTOR ( 'NONE', #3544, 1000.000000000000000 ) ;
#3173 = DIRECTION ( 'NONE',  ( 1.000000000000000000, 0.000000000000000000, 0.000000000000000000 ) ) ;
#3174 = EDGE_CURVE ( 'NONE', #5123, #6356, #2823, .T. ) ;
#3175 = CARTESIAN_POINT ( 'NONE',  ( 40.59999999999999432, -2.763066821399118744, 7.121905987407648020 ) ) ;
#3176 = ORIENTED_EDGE ( 'NONE', *, *, #6183, .T. ) ;
#3177 = ORIENTED_EDGE ( 'NONE', *, *, #6317, .T. ) ;
#3178 = CYLINDRICAL_SURFACE ( 'NONE', #5541, 5.500000000000000000 ) ;
#3179 = CARTESIAN_POINT ( 'NONE',  ( 39.59999999999999432, -10.60302848086181804, -13.13818223212012626 ) ) ;
#3180 = ORIENTED_EDGE ( 'NONE', *, *, #5896, .F. ) ;
#3181 = AXIS2_PLACEMENT_3D ( 'NONE', #1611, #3137, #660 ) ;
#3182 = CARTESIAN_POINT ( 'NONE',  ( -40.70000000000000284, 38.49999999999999289, -2.699999999999997069 ) ) ;
#3183 = ORIENTED_EDGE ( 'NONE', *, *, #4890, .F. ) ;
#3185 = AXIS2_PLACEMENT_3D ( 'NONE', #2637, #1075, #3064 ) ;
#3184 = CARTESIAN_POINT ( 'NONE',  ( 13.80000000000000249, 8.099999999999999645, -8.000000000000000000 ) ) ;
#3186 = DIRECTION ( 'NONE',  ( 0.000000000000000000, 0.000000000000000000, -1.000000000000000000 ) ) ;
#3187 = CARTESIAN_POINT ( 'NONE',  ( 13.80000000000000249, 20.25000000000001066, -6.250000000000000888 ) ) ;
#3188 = CARTESIAN_POINT ( 'NONE',  ( 18.59999999999999787, 1.030637635557567044, 8.864943216164022033 ) ) ;
#3189 = AXIS2_PLACEMENT_3D ( 'NONE', #1125, #5028, #3119 ) ;
#3190 = CIRCLE ( 'NONE', #2164, 7.000000000000000888 ) ;
#3191 = CARTESIAN_POINT ( 'NONE',  ( 34.60000000000000142, -2.762069023147042390, -6.931785952275175688 ) ) ;
#3192 = ADVANCED_FACE ( 'NONE', ( #833 ), #2233, .T. ) ;
#3193 = DIRECTION ( 'NONE',  ( 1.000000000000000000, 0.000000000000000000, 0.000000000000000000 ) ) ;
#3194 = DIRECTION ( 'NONE',  ( 1.000000000000000000, 0.000000000000000000, -1.445602896647339656E-16 ) ) ;
#3195 = CARTESIAN_POINT ( 'NONE',  ( 25.59999999999999787, -4.365952903884278591, -5.321604448520052877 ) ) ;
#3196 = AXIS2_PLACEMENT_3D ( 'NONE', #2954, #1632, #3667 ) ;
#3197 = ADVANCED_FACE ( 'NONE', ( #5734 ), #241, .T. ) ;
#3198 = VERTEX_POINT ( 'NONE', #3786 ) ;
#3199 = LINE ( 'NONE', #3272, #3781 ) ;
#3200 = AXIS2_PLACEMENT_3D ( 'NONE', #6409, #1353, #2940 ) ;
#3201 = ORIENTED_EDGE ( 'NONE', *, *, #3764, .T. ) ;
#3202 = AXIS2_PLACEMENT_3D ( 'NONE', #5565, #5685, #3071 ) ;
#3203 = CARTESIAN_POINT ( 'NONE',  ( 35.60000000000000142, -10.60302848086181804, -13.13818223212012626 ) ) ;
#3204 = CARTESIAN_POINT ( 'NONE',  ( 24.59999999999999787, 1.030637635557567044, 3.864943216164022477 ) ) ;
#3205 = DIRECTION ( 'NONE',  ( -1.000000000000000000, -0.000000000000000000, -0.000000000000000000 ) ) ;
#3206 = CYLINDRICAL_SURFACE ( 'NONE', #2268, 5.000000000000000000 ) ;
#3207 = ORIENTED_EDGE ( 'NONE', *, *, #5431, .F. ) ;
#3208 = LINE ( 'NONE', #5197, #1174 ) ;
#3209 = VECTOR ( 'NONE', #5875, 1000.000000000000000 ) ;
#3210 = CARTESIAN_POINT ( 'NONE',  ( 35.60000000000000142, -4.261960596893379360, 5.702989453486132732 ) ) ;
#3211 = ADVANCED_FACE ( 'NONE', ( #6210 ), #1295, .T. ) ;
#3212 = ORIENTED_EDGE ( 'NONE', *, *, #1010, .F. ) ;
#3213 = ORIENTED_EDGE ( 'NONE', *, *, #6282, .T. ) ;
#3214 = CARTESIAN_POINT ( 'NONE',  ( -52.69999999999999574, 0.000000000000000000, 2.700000000000006839 ) ) ;
#3215 = AXIS2_PLACEMENT_3D ( 'NONE', #6244, #1291, #1814 ) ;
#3216 = ORIENTED_EDGE ( 'NONE', *, *, #211, .F. ) ;
#3217 = AXIS2_PLACEMENT_3D ( 'NONE', #196, #5225, #759 ) ;
#3218 = ORIENTED_EDGE ( 'NONE', *, *, #2443, .T. ) ;
#3219 = CARTESIAN_POINT ( 'NONE',  ( 24.59999999999999787, -10.60302848086181804, -13.13818223212012626 ) ) ;
#3220 = LINE ( 'NONE', #5209, #4169 ) ;
#3221 = LINE ( 'NONE', #930, #4735 ) ;
#3222 = DIRECTION ( 'NONE',  ( 0.000000000000000000, -1.162264728904460753E-14, -1.000000000000000000 ) ) ;
#3223 = DIRECTION ( 'NONE',  ( 0.000000000000000000, 0.000000000000000000, -1.000000000000000000 ) ) ;
#3224 = AXIS2_PLACEMENT_3D ( 'NONE', #5257, #2177, #789 ) ;
#3225 = EDGE_CURVE ( 'NONE', #1232, #29, #2185, .T. ) ;
#3226 = ORIENTED_EDGE ( 'NONE', *, *, #5317, .F. ) ;
#3227 = CIRCLE ( 'NONE', #1613, 7.000000000000000888 ) ;
#3228 = CARTESIAN_POINT ( 'NONE',  ( -43.69999999999999574, 5.500000000000000000, 5.000000000000004441 ) ) ;
#3229 = FACE_OUTER_BOUND ( 'NONE', #3541, .T. ) ;
#3230 = AXIS2_PLACEMENT_3D ( 'NONE', #3355, #4291, #2849 ) ;
#3231 = CARTESIAN_POINT ( 'NONE',  ( 28.59999999999999787, 1.158410705710341659, -3.828587812352703956 ) ) ;
#3232 = LINE ( 'NONE', #4147, #2266 ) ;
#3233 = ADVANCED_FACE ( 'NONE', ( #2209 ), #6179, .T. ) ;
#3234 = EDGE_CURVE ( 'NONE', #2214, #3602, #6170, .T. ) ;
#3235 = EDGE_CURVE ( 'NONE', #1560, #1161, #3208, .T. ) ;
#3236 = ORIENTED_EDGE ( 'NONE', *, *, #1747, .F. ) ;
#3237 = ORIENTED_EDGE ( 'NONE', *, *, #3125, .T. ) ;
#3238 = ORIENTED_EDGE ( 'NONE', *, *, #1590, .F. ) ;
#3239 = DIRECTION ( 'NONE',  ( 1.504111723692325724E-16, -1.000000000000000000, 0.000000000000000000 ) ) ;
#3240 = DIRECTION ( 'NONE',  ( 0.000000000000000000, 0.000000000000000000, -1.000000000000000000 ) ) ;
#3241 = EDGE_CURVE ( 'NONE', #758, #5994, #3675, .T. ) ;
#3242 = DIRECTION ( 'NONE',  ( -1.000000000000000000, -1.504111723692325477E-16, 0.000000000000000000 ) ) ;
#3243 = FACE_OUTER_BOUND ( 'NONE', #4817, .T. ) ;
#3244 = EDGE_CURVE ( 'NONE', #2591, #1256, #1395, .T. ) ;
#3245 = CARTESIAN_POINT ( 'NONE',  ( 26.59999999999999787, 1.030637635557567044, 8.864943216164022033 ) ) ;
#3246 = CARTESIAN_POINT ( 'NONE',  ( 21.59999999999999787, 8.572527594031474176E-16, -6.850000000000002309 ) ) ;
#3247 = EDGE_CURVE ( 'NONE', #5440, #6418, #4199, .T. ) ;
#3248 = EDGE_CURVE ( 'NONE', #1689, #915, #1221, .T. ) ;
#3249 = ORIENTED_EDGE ( 'NONE', *, *, #1255, .F. ) ;
#3250 = FACE_OUTER_BOUND ( 'NONE', #905, .T. ) ;
#3251 = CARTESIAN_POINT ( 'NONE',  ( 40.59999999999999432, -10.60302848086181804, -13.13818223212012626 ) ) ;
#3252 = CARTESIAN_POINT ( 'NONE',  ( 1.500000000000000000, 0.000000000000000000, 7.150000000000000355 ) ) ;
#3253 = ORIENTED_EDGE ( 'NONE', *, *, #4981, .F. ) ;
#3254 = ORIENTED_EDGE ( 'NONE', *, *, #826, .T. ) ;
#3255 = AXIS2_PLACEMENT_3D ( 'NONE', #2967, #503, #5959 ) ;
#3256 = LINE ( 'NONE', #1300, #913 ) ;
#3257 = EDGE_LOOP ( 'NONE', ( #3432, #3754, #3550, #2386, #1538, #2260, #916, #1913, #2276, #5763, #2505, #3168 ) ) ;
#3258 = DIRECTION ( 'NONE',  ( 1.000000000000000000, 0.000000000000000000, 0.000000000000000000 ) ) ;
#3259 = CIRCLE ( 'NONE', #6279, 5.000000000000000000 ) ;
#3260 = FACE_OUTER_BOUND ( 'NONE', #1763, .T. ) ;
#3261 = DIRECTION ( 'NONE',  ( 1.000000000000000000, 0.000000000000000000, 0.000000000000000000 ) ) ;
#3262 = AXIS2_PLACEMENT_3D ( 'NONE', #1396, #2953, #3490 ) ;
#3263 = CARTESIAN_POINT ( 'NONE',  ( 1.500000000000000000, -4.261960596893379360, 5.702989453486133620 ) ) ;
#3264 = DIRECTION ( 'NONE',  ( 1.000000000000000000, 0.000000000000000000, 0.000000000000000000 ) ) ;
#3265 = DIRECTION ( 'NONE',  ( 1.000000000000000000, 0.000000000000000000, 0.000000000000000000 ) ) ;
#3266 = EDGE_CURVE ( 'NONE', #4300, #5835, #4856, .T. ) ;
#3267 = FACE_OUTER_BOUND ( 'NONE', #4691, .T. ) ;
#3268 = LINE ( 'NONE', #3741, #813 ) ;
#3269 = CARTESIAN_POINT ( 'NONE',  ( 41.60000000000000142, 1.030637635557567044, 3.864943216164022477 ) ) ;
#3270 = ORIENTED_EDGE ( 'NONE', *, *, #5234, .F. ) ;
#3271 = LINE ( 'NONE', #3191, #1456 ) ;
#3272 = CARTESIAN_POINT ( 'NONE',  ( 30.59999999999999432, 2.606424087848269178, -8.614322577793585012 ) ) ;
#3273 = CIRCLE ( 'NONE', #1505, 5.000000000000000000 ) ;
#3274 = VERTEX_POINT ( 'NONE', #4251 ) ;
#3275 = DIRECTION ( 'NONE',  ( 0.000000000000000000, 0.000000000000000000, -1.000000000000000000 ) ) ;
#3276 = CARTESIAN_POINT ( 'NONE',  ( 24.10000000000000497, 6.999556998288668262E-15, 8.450000000000001066 ) ) ;
#3277 = AXIS2_PLACEMENT_3D ( 'NONE', #3435, #2798, #884 ) ;
#3278 = PLANE ( 'NONE',  #1451 ) ;
#3279 = CARTESIAN_POINT ( 'NONE',  ( -40.70000000000000284, 9.000000000000000000, 7.470744176750633514 ) ) ;
#3280 = DIRECTION ( 'NONE',  ( 0.000000000000000000, 0.000000000000000000, -1.000000000000000000 ) ) ;
#3281 = FACE_BOUND ( 'NONE', #3809, .T. ) ;
#3282 = EDGE_LOOP ( 'NONE', ( #5766, #103, #4086, #290 ) ) ;
#3283 = SHAPE_REPRESENTATION ( 'fin', ( #4477 ), #6357 ) ;
#3284 = ORIENTED_EDGE ( 'NONE', *, *, #1208, .F. ) ;
#3285 = CARTESIAN_POINT ( 'NONE',  ( 18.59999999999999787, 1.158410705710341659, -3.828587812352703956 ) ) ;
#3286 = CARTESIAN_POINT ( 'NONE',  ( 34.60000000000000142, -2.763066821399118744, 7.121905987407648020 ) ) ;
#3287 = EDGE_CURVE ( 'NONE', #3997, #2973, #1793, .T. ) ;
#3288 = ORIENTED_EDGE ( 'NONE', *, *, #5153, .F. ) ;
#3289 = EDGE_LOOP ( 'NONE', ( #3574, #1150, #1810, #2407, #5315, #2524, #1684, #510, #5384 ) ) ;
#3290 = CARTESIAN_POINT ( 'NONE',  ( 0.000000000000000000, 7.099999999999999645, -9.000000000000001776 ) ) ;
#3291 = VERTEX_POINT ( 'NONE', #5401 ) ;
#3292 = CIRCLE ( 'NONE', #992, 10.00000000000000178 ) ;
#3293 = CARTESIAN_POINT ( 'NONE',  ( 1.500000000000001554, 1.030637635557567044, 3.864943216164022477 ) ) ;
#3294 = ORIENTED_EDGE ( 'NONE', *, *, #1162, .F. ) ;
#3295 = LINE ( 'NONE', #4223, #6166 ) ;
#3296 = AXIS2_PLACEMENT_3D ( 'NONE', #4685, #2816, #1241 ) ;
#3297 = DIRECTION ( 'NONE',  ( -1.000000000000000000, -0.000000000000000000, -0.000000000000000000 ) ) ;
#3298 = ORIENTED_EDGE ( 'NONE', *, *, #4035, .F. ) ;
#3299 = DIRECTION ( 'NONE',  ( 0.000000000000000000, 1.000000000000000000, -1.548860246407863583E-16 ) ) ;
#3300 = DIRECTION ( 'NONE',  ( 0.000000000000000000, 0.000000000000000000, -1.000000000000000000 ) ) ;
#3301 = FACE_OUTER_BOUND ( 'NONE', #1936, .T. ) ;
#3302 = AXIS2_PLACEMENT_3D ( 'NONE', #5947, #2445, #3769 ) ;
#3303 = ORIENTED_EDGE ( 'NONE', *, *, #4075, .T. ) ;
#3304 = AXIS2_PLACEMENT_3D ( 'NONE', #6284, #4731, #2264 ) ;
#3305 = SURFACE_STYLE_USAGE ( .BOTH. , #610 ) ;
#3306 = ORIENTED_EDGE ( 'NONE', *, *, #3235, .T. ) ;
#3307 = DIRECTION ( 'NONE',  ( 0.000000000000000000, 0.000000000000000000, 1.000000000000000000 ) ) ;
#3308 = DIRECTION ( 'NONE',  ( -1.000000000000000000, -0.000000000000000000, -0.000000000000000000 ) ) ;
#3309 = CIRCLE ( 'NONE', #2070, 9.000000000000000000 ) ;
#3310 = CARTESIAN_POINT ( 'NONE',  ( 24.59999999999999787, 0.000000000000000000, 0.1499999999999999944 ) ) ;
#3311 = CARTESIAN_POINT ( 'NONE',  ( -47.19999999999999574, 5.500000000000000000, 5.000000000000004441 ) ) ;
#3312 = CARTESIAN_POINT ( 'NONE',  ( -40.70000000000000284, 6.999999999999994671, 49.74757862151242449 ) ) ;
#3313 = CIRCLE ( 'NONE', #4345, 10.00000000000000178 ) ;
#3314 = VERTEX_POINT ( 'NONE', #1418 ) ;
#3315 = CARTESIAN_POINT ( 'NONE',  ( 22.59999999999999432, -10.60302848086181804, -13.13818223212012626 ) ) ;
#3316 = DIRECTION ( 'NONE',  ( -1.000000000000000000, -0.000000000000000000, -0.000000000000000000 ) ) ;
#3317 = CARTESIAN_POINT ( 'NONE',  ( 15.20000000000000462, 29.50000000000001066, 3.500000000000003109 ) ) ;
#3318 = AXIS2_PLACEMENT_3D ( 'NONE', #5119, #77, #6000 ) ;
#3319 = ORIENTED_EDGE ( 'NONE', *, *, #1224, .F. ) ;
#3320 = VECTOR ( 'NONE', #2182, 1000.000000000000000 ) ;
#3321 = VERTEX_POINT ( 'NONE', #2435 ) ;
#3322 = VECTOR ( 'NONE', #3386, 1000.000000000000000 ) ;
#3323 = DIRECTION ( 'NONE',  ( 0.000000000000000000, 7.112366251504907509E-15, -1.000000000000000000 ) ) ;
#3324 = VECTOR ( 'NONE', #2699, 1000.000000000000000 ) ;
#3325 = DIRECTION ( 'NONE',  ( 0.000000000000000000, 0.000000000000000000, -1.000000000000000000 ) ) ;
#3326 = CIRCLE ( 'NONE', #1668, 5.000000000000000000 ) ;
#3327 = DIRECTION ( 'NONE',  ( 0.000000000000000000, -1.162264728904460753E-14, -1.000000000000000000 ) ) ;
#3328 = CARTESIAN_POINT ( 'NONE',  ( -40.70000000000000284, 0.000000000000000000, 8.449999999999999289 ) ) ;
#3329 = CARTESIAN_POINT ( 'NONE',  ( -52.69999999999999574, 5.500000000000000000, 5.000000000000004441 ) ) ;
#3330 = VECTOR ( 'NONE', #3050, 1000.000000000000000 ) ;
#3331 = EDGE_CURVE ( 'NONE', #4216, #94, #4830, .T. ) ;
#3332 = ADVANCED_FACE ( 'NONE', ( #4899 ), #3412, .T. ) ;
#3333 = ORIENTED_EDGE ( 'NONE', *, *, #1368, .T. ) ;
#3334 = VERTEX_POINT ( 'NONE', #3885 ) ;
#3335 = ADVANCED_FACE ( 'NONE', ( #2331 ), #4866, .F. ) ;
#3336 = AXIS2_PLACEMENT_3D ( 'NONE', #1436, #3494, #5473 ) ;
#3337 = CARTESIAN_POINT ( 'NONE',  ( 13.80000000000000249, 22.00000000000001066, -6.250000000000000888 ) ) ;
#3338 = CARTESIAN_POINT ( 'NONE',  ( 18.59999999999999787, -4.365952903884279479, -5.321604448520053765 ) ) ;
#3339 = AXIS2_PLACEMENT_3D ( 'NONE', #1077, #130, #3186 ) ;
#3340 = ORIENTED_EDGE ( 'NONE', *, *, #1417, .T. ) ;
#3341 = ORIENTED_EDGE ( 'NONE', *, *, #5615, .T. ) ;
#3342 = ORIENTED_EDGE ( 'NONE', *, *, #599, .T. ) ;
#3343 = CARTESIAN_POINT ( 'NONE',  ( 1.500000000000001554, 1.030637635557567044, 3.864943216164022477 ) ) ;
#3344 = EDGE_LOOP ( 'NONE', ( #4764, #2653 ) ) ;
#3345 = CARTESIAN_POINT ( 'NONE',  ( 1.500000000000001554, 1.030637635557567044, 8.864943216164022033 ) ) ;
#3346 = CARTESIAN_POINT ( 'NONE',  ( 32.59999999999999432, 1.158410705710341659, -3.828587812352703956 ) ) ;
#3347 = ORIENTED_EDGE ( 'NONE', *, *, #2138, .T. ) ;
#3348 = DIRECTION ( 'NONE',  ( -1.000000000000000000, -0.000000000000000000, -0.000000000000000000 ) ) ;
#3349 = FACE_OUTER_BOUND ( 'NONE', #667, .T. ) ;
#3350 = ADVANCED_FACE ( 'NONE', ( #2841 ), #2361, .T. ) ;
#3351 = ORIENTED_EDGE ( 'NONE', *, *, #2882, .F. ) ;
#3352 = ORIENTED_EDGE ( 'NONE', *, *, #5273, .F. ) ;
#3353 = FACE_OUTER_BOUND ( 'NONE', #2478, .T. ) ;
#3354 = DIRECTION ( 'NONE',  ( -1.000000000000000000, -0.000000000000000000, -0.000000000000000000 ) ) ;
#3355 = CARTESIAN_POINT ( 'NONE',  ( -43.29999999999999716, 14.50000000000000355, 0.000000000000000000 ) ) ;
#3356 = CARTESIAN_POINT ( 'NONE',  ( 33.60000000000000142, 0.000000000000000000, 0.1499999999999999944 ) ) ;
#3357 = FACE_OUTER_BOUND ( 'NONE', #475, .T. ) ;
#3358 = ORIENTED_EDGE ( 'NONE', *, *, #5961, .T. ) ;
#3359 = AXIS2_PLACEMENT_3D ( 'NONE', #5543, #4540, #633 ) ;
#3360 = DIRECTION ( 'NONE',  ( 1.000000000000000000, 0.000000000000000000, 0.000000000000000000 ) ) ;
#3361 = EDGE_CURVE ( 'NONE', #5448, #5463, #5055, .T. ) ;
#3362 = LINE ( 'NONE', #2761, #4163 ) ;
#3363 = CIRCLE ( 'NONE', #5120, 5.499999999999998224 ) ;
#3364 = EDGE_CURVE ( 'NONE', #1591, #1191, #702, .T. ) ;
#3365 = DIRECTION ( 'NONE',  ( 0.000000000000000000, 0.000000000000000000, -1.000000000000000000 ) ) ;
#3366 = ADVANCED_FACE ( 'NONE', ( #1491 ), #2401, .F. ) ;
#3367 = VERTEX_POINT ( 'NONE', #3481 ) ;
#3368 = ORIENTED_EDGE ( 'NONE', *, *, #5891, .T. ) ;
#3369 = SURFACE_STYLE_FILL_AREA ( #4153 ) ;
#3370 = ORIENTED_EDGE ( 'NONE', *, *, #3957, .F. ) ;
#3371 = FACE_OUTER_BOUND ( 'NONE', #4128, .T. ) ;
#3372 = DIRECTION ( 'NONE',  ( 0.000000000000000000, 0.000000000000000000, -1.000000000000000000 ) ) ;
#3373 = VECTOR ( 'NONE', #3907, 1000.000000000000000 ) ;
#3374 = AXIS2_PLACEMENT_3D ( 'NONE', #1871, #344, #4301 ) ;
#3375 = DIRECTION ( 'NONE',  ( -1.000000000000000000, -0.000000000000000000, -0.000000000000000000 ) ) ;
#3376 = CARTESIAN_POINT ( 'NONE',  ( 26.59999999999999787, 2.318934680004526960, 8.696122236369053127 ) ) ;
#3377 = CYLINDRICAL_SURFACE ( 'NONE', #2836, 10.00000000000000000 ) ;
#3378 = EDGE_LOOP ( 'NONE', ( #639, #2404, #4896, #3115 ) ) ;
#3379 = ORIENTED_EDGE ( 'NONE', *, *, #4202, .T. ) ;
#3380 = CARTESIAN_POINT ( 'NONE',  ( -43.29999999999999716, 9.378143885933059920, 24.72882059609970895 ) ) ;
#3381 = CARTESIAN_POINT ( 'NONE',  ( 22.10000000000000142, 8.100000000000003197, -7.450000000000001066 ) ) ;
#3382 = VERTEX_POINT ( 'NONE', #3820 ) ;
#3383 = EDGE_CURVE ( 'NONE', #5553, #2172, #2845, .T. ) ;
#3384 = ADVANCED_FACE ( 'NONE', ( #965 ), #2946, .F. ) ;
#3385 = FACE_OUTER_BOUND ( 'NONE', #83, .T. ) ;
#3386 = DIRECTION ( 'NONE',  ( -1.000000000000000000, -0.000000000000000000, -0.000000000000000000 ) ) ;
#3387 = DIRECTION ( 'NONE',  ( 0.000000000000000000, 0.000000000000000000, -1.000000000000000000 ) ) ;
#3388 = DIRECTION ( 'NONE',  ( -1.000000000000000000, -1.504111723692325477E-16, 0.000000000000000000 ) ) ;
#3389 = ORIENTED_EDGE ( 'NONE', *, *, #657, .F. ) ;
#3390 = CARTESIAN_POINT ( 'NONE',  ( 13.80000000000000249, 23.75000000000000711, -6.250000000000000888 ) ) ;
#3391 = DIRECTION ( 'NONE',  ( 0.000000000000000000, 0.000000000000000000, 1.000000000000000000 ) ) ;
#3392 = DIRECTION ( 'NONE',  ( 0.000000000000000000, 0.000000000000000000, -1.000000000000000000 ) ) ;
#3393 = DIRECTION ( 'NONE',  ( 0.000000000000000000, 0.000000000000000000, -1.000000000000000000 ) ) ;
#3394 = VERTEX_POINT ( 'NONE', #1389 ) ;
#3395 = ORIENTED_EDGE ( 'NONE', *, *, #3234, .T. ) ;
#3396 = EDGE_CURVE ( 'NONE', #1958, #1976, #2978, .T. ) ;
#3397 = EDGE_CURVE ( 'NONE', #724, #2400, #352, .T. ) ;
#3398 = CARTESIAN_POINT ( 'NONE',  ( 41.60000000000000142, -2.762069023147044167, -6.931785952275177465 ) ) ;
#3399 = ORIENTED_EDGE ( 'NONE', *, *, #4310, .T. ) ;
#3400 = FACE_OUTER_BOUND ( 'NONE', #4912, .T. ) ;
#3401 = ORIENTED_EDGE ( 'NONE', *, *, #3170, .T. ) ;
#3402 = ORIENTED_EDGE ( 'NONE', *, *, #1253, .F. ) ;
#3403 = FACE_OUTER_BOUND ( 'NONE', #2529, .T. ) ;
#3404 = EDGE_CURVE ( 'NONE', #5, #3915, #1926, .T. ) ;
#3405 = VERTEX_POINT ( 'NONE', #4452 ) ;
#3406 = DIRECTION ( 'NONE',  ( -1.000000000000000000, -0.000000000000000000, -0.000000000000000000 ) ) ;
#3407 = DIRECTION ( 'NONE',  ( -1.000000000000000000, -0.000000000000000000, -0.000000000000000000 ) ) ;
#3408 = VECTOR ( 'NONE', #974, 1000.000000000000000 ) ;
#3409 = ORIENTED_EDGE ( 'NONE', *, *, #1279, .T. ) ;
#3410 = ORIENTED_EDGE ( 'NONE', *, *, #6296, .T. ) ;
#3411 = DIRECTION ( 'NONE',  ( -1.000000000000000000, 0.000000000000000000, 1.577021341797097807E-16 ) ) ;
#3412 = CYLINDRICAL_SURFACE ( 'NONE', #5883, 7.000000000000000000 ) ;
#3413 = CARTESIAN_POINT ( 'NONE',  ( 29.59999999999999787, -4.365952903884278591, -5.321604448520052877 ) ) ;
#3414 = AXIS2_PLACEMENT_3D ( 'NONE', #6079, #1524, #4124 ) ;
#3415 = DIRECTION ( 'NONE',  ( 1.000000000000000000, 0.000000000000000000, -0.000000000000000000 ) ) ;
#3416 = FACE_OUTER_BOUND ( 'NONE', #1791, .T. ) ;
#3417 = VERTEX_POINT ( 'NONE', #6316 ) ;
#3418 = CARTESIAN_POINT ( 'NONE',  ( 40.59999999999999432, 2.318934680004526516, 8.696122236369051350 ) ) ;
#3419 = VECTOR ( 'NONE', #1899, 1000.000000000000000 ) ;
#3420 = CIRCLE ( 'NONE', #4148, 5.499999999999998224 ) ;
#3421 = FACE_OUTER_BOUND ( 'NONE', #4643, .T. ) ;
#3422 = DIRECTION ( 'NONE',  ( 1.000000000000000000, 0.000000000000000000, 0.000000000000000000 ) ) ;
#3423 = ORIENTED_EDGE ( 'NONE', *, *, #4331, .F. ) ;
#3424 = AXIS2_PLACEMENT_3D ( 'NONE', #3845, #5815, #4535 ) ;
#3425 = ORIENTED_EDGE ( 'NONE', *, *, #3601, .F. ) ;
#3426 = CIRCLE ( 'NONE', #5406, 6.049999999999999822 ) ;
#3427 = CARTESIAN_POINT ( 'NONE',  ( 22.10000000000000142, 8.939421783461135992E-15, -8.449999999999999289 ) ) ;
#3428 = ORIENTED_EDGE ( 'NONE', *, *, #5396, .F. ) ;
#3429 = EDGE_CURVE ( 'NONE', #5828, #4988, #5977, .T. ) ;
#3430 = AXIS2_PLACEMENT_3D ( 'NONE', #3932, #2992, #4978 ) ;
#3431 = CARTESIAN_POINT ( 'NONE',  ( 19.59999999999999787, -4.365952903884278591, -5.321604448520052877 ) ) ;
#3432 = ORIENTED_EDGE ( 'NONE', *, *, #3962, .T. ) ;
#3433 = VERTEX_POINT ( 'NONE', #5332 ) ;
#3434 = AXIS2_PLACEMENT_3D ( 'NONE', #1277, #3265, #5319 ) ;
#3435 = CARTESIAN_POINT ( 'NONE',  ( 18.59999999999999787, 0.000000000000000000, 0.000000000000000000 ) ) ;
#3436 = VERTEX_POINT ( 'NONE', #2877 ) ;
#3437 = AXIS2_PLACEMENT_3D ( 'NONE', #3203, #4209, #1686 ) ;
#3438 = DIRECTION ( 'NONE',  ( 1.000000000000000000, -0.000000000000000000, -0.000000000000000000 ) ) ;
#3439 = ADVANCED_FACE ( 'NONE', ( #5901 ), #3450, .T. ) ;
#3440 = EDGE_CURVE ( 'NONE', #4083, #5080, #2593, .T. ) ;
#3441 = EDGE_CURVE ( 'NONE', #876, #865, #6044, .T. ) ;
#3442 = FACE_OUTER_BOUND ( 'NONE', #2514, .T. ) ;
#3443 = EDGE_CURVE ( 'NONE', #3539, #3465, #1518, .T. ) ;
#3444 = VECTOR ( 'NONE', #3738, 1000.000000000000000 ) ;
#3445 = ORIENTED_EDGE ( 'NONE', *, *, #6275, .F. ) ;
#3446 = CIRCLE ( 'NONE', #2702, 7.000000000000000888 ) ;
#3447 = ORIENTED_EDGE ( 'NONE', *, *, #2891, .T. ) ;
#3448 = ORIENTED_EDGE ( 'NONE', *, *, #4785, .F. ) ;
#3449 = AXIS2_PLACEMENT_3D ( 'NONE', #4081, #137, #573 ) ;
#3450 = CYLINDRICAL_SURFACE ( 'NONE', #4116, 5.000000000000000000 ) ;
#3451 = EDGE_CURVE ( 'NONE', #1252, #3940, #4022, .T. ) ;
#3452 = CARTESIAN_POINT ( 'NONE',  ( 0.000000000000000000, 7.000000000000000000, 8.450000000000001066 ) ) ;
#3453 = AXIS2_PLACEMENT_3D ( 'NONE', #5312, #2340, #4196 ) ;
#3454 = ORIENTED_EDGE ( 'NONE', *, *, #5629, .F. ) ;
#3455 = EDGE_CURVE ( 'NONE', #5432, #2706, #5548, .T. ) ;
#3456 = PLANE ( 'NONE',  #4238 ) ;
#3457 = DIRECTION ( 'NONE',  ( 0.000000000000000000, -1.000000000000000000, 0.000000000000000000 ) ) ;
#3458 = DIRECTION ( 'NONE',  ( -1.000000000000000000, -0.000000000000000000, -0.000000000000000000 ) ) ;
#3459 = DIRECTION ( 'NONE',  ( -1.000000000000000000, -0.000000000000000000, -0.000000000000000000 ) ) ;
#3460 = ORIENTED_EDGE ( 'NONE', *, *, #1273, .T. ) ;
#3461 = ORIENTED_EDGE ( 'NONE', *, *, #5759, .F. ) ;
#3462 = CARTESIAN_POINT ( 'NONE',  ( 22.10000000000000142, 8.099999999999999645, -8.000000000000000000 ) ) ;
#3463 = CIRCLE ( 'NONE', #4503, 5.000000000000000888 ) ;
#3464 = CARTESIAN_POINT ( 'NONE',  ( -43.29999999999999716, 14.50000000000000355, 3.000000000000000444 ) ) ;
#3465 = VERTEX_POINT ( 'NONE', #3015 ) ;
#3466 = ADVANCED_FACE ( 'NONE', ( #2115 ), #2147, .T. ) ;
#3467 = LINE ( 'NONE', #1930, #4755 ) ;
#3468 = ORIENTED_EDGE ( 'NONE', *, *, #3451, .T. ) ;
#3469 = ORIENTED_EDGE ( 'NONE', *, *, #1733, .F. ) ;
#3470 = CIRCLE ( 'NONE', #6390, 5.499999999999998224 ) ;
#3471 = DIRECTION ( 'NONE',  ( 1.000000000000000000, 0.000000000000000000, 0.000000000000000000 ) ) ;
#3472 = ORIENTED_EDGE ( 'NONE', *, *, #2788, .T. ) ;
#3473 = DIRECTION ( 'NONE',  ( -1.000000000000000000, -0.000000000000000000, -0.000000000000000000 ) ) ;
#3474 = DIRECTION ( 'NONE',  ( -1.000000000000000000, 0.000000000000000000, 0.000000000000000000 ) ) ;
#3475 = VECTOR ( 'NONE', #3762, 1000.000000000000000 ) ;
#3476 = FACE_OUTER_BOUND ( 'NONE', #1650, .T. ) ;
#3477 = EDGE_LOOP ( 'NONE', ( #2370, #3777, #4497, #6276 ) ) ;
#3478 = CIRCLE ( 'NONE', #5347, 5.000000000000000000 ) ;
#3479 = CARTESIAN_POINT ( 'NONE',  ( 29.04974746830583499, 20.25000000000001066, 8.000000000000003553 ) ) ;
#3480 = DIRECTION ( 'NONE',  ( 1.000000000000000000, 0.000000000000000000, 0.000000000000000000 ) ) ;
#3481 = CARTESIAN_POINT ( 'NONE',  ( 15.20000000000000462, 29.50000000000000000, -7.999999999999996447 ) ) ;
#3482 = CARTESIAN_POINT ( 'NONE',  ( 39.59999999999999432, 1.030637635557567044, 8.864943216164022033 ) ) ;
#3483 = CARTESIAN_POINT ( 'NONE',  ( 13.80000000000000249, 20.25000000000001066, 6.249999999999999112 ) ) ;
#3484 = ADVANCED_FACE ( 'NONE', ( #549 ), #5609, .T. ) ;
#3485 = DIRECTION ( 'NONE',  ( -1.000000000000000000, -0.000000000000000000, -0.000000000000000000 ) ) ;
#3486 = EDGE_CURVE ( 'NONE', #1252, #770, #2535, .T. ) ;
#3487 = ORIENTED_EDGE ( 'NONE', *, *, #921, .T. ) ;
#3488 = EDGE_LOOP ( 'NONE', ( #941, #5076, #3789, #1692, #4728, #1306, #1557, #3201, #4577 ) ) ;
#3489 = EDGE_CURVE ( 'NONE', #865, #5080, #3075, .T. ) ;
#3490 = DIRECTION ( 'NONE',  ( 0.000000000000000000, 0.000000000000000000, -1.000000000000000000 ) ) ;
#3491 = CARTESIAN_POINT ( 'NONE',  ( 25.59999999999999787, 0.000000000000000000, 7.150000000000002132 ) ) ;
#3492 = CARTESIAN_POINT ( 'NONE',  ( 41.60000000000000142, 0.000000000000000000, 0.000000000000000000 ) ) ;
#3493 = ORIENTED_EDGE ( 'NONE', *, *, #1288, .F. ) ;
#3494 = DIRECTION ( 'NONE',  ( 0.000000000000000000, 0.000000000000000000, 1.000000000000000000 ) ) ;
#3495 = DIRECTION ( 'NONE',  ( 0.000000000000000000, 0.000000000000000000, -1.000000000000000000 ) ) ;
#3496 = ORIENTED_EDGE ( 'NONE', *, *, #599, .F. ) ;
#3497 = CARTESIAN_POINT ( 'NONE',  ( 31.59999999999999787, 0.000000000000000000, 0.1499999999999999944 ) ) ;
#3498 = ORIENTED_EDGE ( 'NONE', *, *, #5580, .T. ) ;
#3499 = DIRECTION ( 'NONE',  ( 1.000000000000000000, 0.000000000000000000, 0.000000000000000000 ) ) ;
#3500 = ORIENTED_EDGE ( 'NONE', *, *, #2788, .F. ) ;
#3501 = VERTEX_POINT ( 'NONE', #85 ) ;
#3502 = DIRECTION ( 'NONE',  ( -1.000000000000000000, -0.000000000000000000, -0.000000000000000000 ) ) ;
#3503 = DIRECTION ( 'NONE',  ( 0.000000000000000000, 0.000000000000000000, 1.000000000000000000 ) ) ;
#3504 = AXIS2_PLACEMENT_3D ( 'NONE', #5986, #5951, #1893 ) ;
#3505 = VERTEX_POINT ( 'NONE', #1122 ) ;
#3506 = AXIS2_PLACEMENT_3D ( 'NONE', #4559, #5591, #563 ) ;
#3507 = ORIENTED_EDGE ( 'NONE', *, *, #2833, .F. ) ;
#3508 = CYLINDRICAL_SURFACE ( 'NONE', #3639, 5.000000000000000000 ) ;
#3509 = CARTESIAN_POINT ( 'NONE',  ( 29.04974746830583499, 2.400000000000006128, 1.199999999999995737 ) ) ;
#3510 = DIRECTION ( 'NONE',  ( 0.000000000000000000, 0.000000000000000000, 1.000000000000000000 ) ) ;
#3511 = ORIENTED_EDGE ( 'NONE', *, *, #121, .T. ) ;
#3512 = ADVANCED_FACE ( 'NONE', ( #1523 ), #6078, .F. ) ;
#3513 = FACE_OUTER_BOUND ( 'NONE', #3896, .T. ) ;
#3514 = LINE ( 'NONE', #1034, #4650 ) ;
#3515 = AXIS2_PLACEMENT_3D ( 'NONE', #5043, #1615, #4512 ) ;
#3516 = EDGE_CURVE ( 'NONE', #853, #94, #3051, .T. ) ;
#3517 = ORIENTED_EDGE ( 'NONE', *, *, #849, .F. ) ;
#3518 = VERTEX_POINT ( 'NONE', #5523 ) ;
#3519 = DIRECTION ( 'NONE',  ( 0.000000000000000000, 0.000000000000000000, 1.000000000000000000 ) ) ;
#3520 = CIRCLE ( 'NONE', #5680, 5.000000000000000888 ) ;
#3521 = EDGE_CURVE ( 'NONE', #4888, #4348, #1063, .T. ) ;
#3522 = DIRECTION ( 'NONE',  ( 0.000000000000000000, 1.000000000000000000, 0.000000000000000000 ) ) ;
#3523 = AXIS2_PLACEMENT_3D ( 'NONE', #3346, #4923, #923 ) ;
#3524 = AXIS2_PLACEMENT_3D ( 'NONE', #5921, #3900, #5887 ) ;
#3525 = FACE_OUTER_BOUND ( 'NONE', #570, .T. ) ;
#3526 = CARTESIAN_POINT ( 'NONE',  ( 40.59999999999999432, 0.000000000000000000, 0.1499999999999999944 ) ) ;
#3527 = EDGE_CURVE ( 'NONE', #5737, #4880, #4332, .T. ) ;
#3528 = DIRECTION ( 'NONE',  ( -1.000000000000000000, -0.000000000000000000, -0.000000000000000000 ) ) ;
#3529 = EDGE_LOOP ( 'NONE', ( #2923, #5712, #3564, #800 ) ) ;
#3530 = AXIS2_PLACEMENT_3D ( 'NONE', #606, #2109, #4082 ) ;
#3531 = DIRECTION ( 'NONE',  ( 0.000000000000000000, 0.000000000000000000, -1.000000000000000000 ) ) ;
#3532 = ORIENTED_EDGE ( 'NONE', *, *, #6340, .F. ) ;
#3533 = ORIENTED_EDGE ( 'NONE', *, *, #2710, .T. ) ;
#3534 = EDGE_CURVE ( 'NONE', #5380, #6411, #3634, .T. ) ;
#3535 = CIRCLE ( 'NONE', #5903, 3.500000000000003109 ) ;
#3536 = CYLINDRICAL_SURFACE ( 'NONE', #5484, 10.00000000000000178 ) ;
#3537 = DIRECTION ( 'NONE',  ( 0.000000000000000000, 0.000000000000000000, 1.000000000000000000 ) ) ;
#3538 = CIRCLE ( 'NONE', #5508, 5.000000000000000888 ) ;
#3539 = VERTEX_POINT ( 'NONE', #5092 ) ;
#3540 = ORIENTED_EDGE ( 'NONE', *, *, #2451, .F. ) ;
#3541 = EDGE_LOOP ( 'NONE', ( #5960, #963, #5090, #1569 ) ) ;
#3542 = CARTESIAN_POINT ( 'NONE',  ( 23.59999999999999432, -10.60302848086181804, -13.13818223212012626 ) ) ;
#3543 = DIRECTION ( 'NONE',  ( 0.000000000000000000, 0.000000000000000000, -1.000000000000000000 ) ) ;
#3544 = DIRECTION ( 'NONE',  ( -1.000000000000000000, -0.000000000000000000, -0.000000000000000000 ) ) ;
#3545 = AXIS2_PLACEMENT_3D ( 'NONE', #3542, #5522, #1062 ) ;
#3546 = DIRECTION ( 'NONE',  ( -1.000000000000000000, -0.000000000000000000, -0.000000000000000000 ) ) ;
#3547 = LINE ( 'NONE', #1093, #2326 ) ;
#3548 = DIRECTION ( 'NONE',  ( 0.000000000000000000, 0.000000000000000000, -1.000000000000000000 ) ) ;
#3549 = EDGE_CURVE ( 'NONE', #576, #4300, #192, .T. ) ;
#3550 = ORIENTED_EDGE ( 'NONE', *, *, #5841, .F. ) ;
#3551 = EDGE_CURVE ( 'NONE', #775, #1820, #2622, .T. ) ;
#3552 = EDGE_CURVE ( 'NONE', #4752, #4543, #516, .T. ) ;
#3553 = DIRECTION ( 'NONE',  ( 0.000000000000000000, 0.000000000000000000, -1.000000000000000000 ) ) ;
#3554 = DIRECTION ( 'NONE',  ( -1.000000000000000000, -0.000000000000000000, -0.000000000000000000 ) ) ;
#3555 = VERTEX_POINT ( 'NONE', #3145 ) ;
#3556 = FACE_OUTER_BOUND ( 'NONE', #2952, .T. ) ;
#3557 = DIRECTION ( 'NONE',  ( 0.000000000000000000, 0.000000000000000000, -1.000000000000000000 ) ) ;
#3558 = VECTOR ( 'NONE', #4906, 1000.000000000000000 ) ;
#3559 = PLANE ( 'NONE',  #2598 ) ;
#3560 = ADVANCED_FACE ( 'NONE', ( #2768 ), #3745, .T. ) ;
#3561 = ADVANCED_FACE ( 'NONE', ( #4156 ), #5191, .T. ) ;
#3562 = DIRECTION ( 'NONE',  ( 0.000000000000000000, 0.000000000000000000, -1.000000000000000000 ) ) ;
#3563 = CARTESIAN_POINT ( 'NONE',  ( 1.500000000000000000, 0.000000000000000000, 0.1499999999999999944 ) ) ;
#3564 = ORIENTED_EDGE ( 'NONE', *, *, #3170, .F. ) ;
#3565 = CARTESIAN_POINT ( 'NONE',  ( 28.59999999999999787, -4.365952903884279479, -5.321604448520053765 ) ) ;
#3566 = ORIENTED_EDGE ( 'NONE', *, *, #5701, .F. ) ;
#3567 = EDGE_CURVE ( 'NONE', #4017, #5672, #426, .T. ) ;
#3568 = EDGE_CURVE ( 'NONE', #3602, #6065, #1144, .T. ) ;
#3569 = DIRECTION ( 'NONE',  ( 1.000000000000000000, 0.000000000000000000, 0.000000000000000000 ) ) ;
#3570 = CARTESIAN_POINT ( 'NONE',  ( 18.59999999999999787, -10.60302848086181804, -13.13818223212012626 ) ) ;
#3571 = EDGE_CURVE ( 'NONE', #770, #5306, #317, .T. ) ;
#3572 = AXIS2_PLACEMENT_3D ( 'NONE', #1237, #1334, #3325 ) ;
#3573 = ORIENTED_EDGE ( 'NONE', *, *, #1619, .T. ) ;
#3574 = ORIENTED_EDGE ( 'NONE', *, *, #156, .T. ) ;
#3575 = DIRECTION ( 'NONE',  ( 0.000000000000000000, 1.000000000000000000, -1.294569758191647155E-16 ) ) ;
#3576 = AXIS2_PLACEMENT_3D ( 'NONE', #1367, #3966, #5946 ) ;
#3577 = DIRECTION ( 'NONE',  ( -1.000000000000000000, -0.000000000000000000, -0.000000000000000000 ) ) ;
#3578 = LINE ( 'NONE', #5581, #2163 ) ;
#3579 = CARTESIAN_POINT ( 'NONE',  ( 38.59999999999999432, 8.572527594031474176E-16, -6.850000000000002309 ) ) ;
#3580 = EDGE_CURVE ( 'NONE', #5023, #5707, #732, .T. ) ;
#3581 = EDGE_CURVE ( 'NONE', #5163, #5013, #1577, .T. ) ;
#3582 = EDGE_LOOP ( 'NONE', ( #4320, #2573, #5634, #4955 ) ) ;
#3583 = DIRECTION ( 'NONE',  ( -0.000000000000000000, -1.000000000000000000, -0.000000000000000000 ) ) ;
#3584 = LINE ( 'NONE', #5556, #3101 ) ;
#3585 = ORIENTED_EDGE ( 'NONE', *, *, #1656, .T. ) ;
#3586 = DIRECTION ( 'NONE',  ( 0.000000000000000000, 0.000000000000000000, -1.000000000000000000 ) ) ;
#3587 = CARTESIAN_POINT ( 'NONE',  ( 33.60000000000000142, 0.000000000000000000, 0.000000000000000000 ) ) ;
#3588 = ADVANCED_FACE ( 'NONE', ( #6202 ), #6241, .T. ) ;
#3589 = ORIENTED_EDGE ( 'NONE', *, *, #4948, .T. ) ;
#3590 = AXIS2_PLACEMENT_3D ( 'NONE', #1311, #1346, #882 ) ;
#3591 = DIRECTION ( 'NONE',  ( 1.000000000000000000, 0.000000000000000000, 0.000000000000000000 ) ) ;
#3592 = DIRECTION ( 'NONE',  ( 1.000000000000000000, 0.000000000000000000, 0.000000000000000000 ) ) ;
#3593 = CARTESIAN_POINT ( 'NONE',  ( -0.002000000000002000178, 7.409113134841484549E-16, 6.049999999999999822 ) ) ;
#3594 = ORIENTED_EDGE ( 'NONE', *, *, #1136, .T. ) ;
#3595 = CARTESIAN_POINT ( 'NONE',  ( 1.500000000000001554, 1.030637635557567044, 3.864943216164022477 ) ) ;
#3596 = ORIENTED_EDGE ( 'NONE', *, *, #5189, .T. ) ;
#3597 = CARTESIAN_POINT ( 'NONE',  ( 36.59999999999999432, 1.158410705710341659, -3.828587812352703956 ) ) ;
#3598 = EDGE_CURVE ( 'NONE', #403, #3417, #5611, .T. ) ;
#3599 = CARTESIAN_POINT ( 'NONE',  ( -8.300000000000002487, 4.499999999999999112, -2.649999999999999023 ) ) ;
#3600 = ORIENTED_EDGE ( 'NONE', *, *, #1173, .T. ) ;
#3601 = EDGE_CURVE ( 'NONE', #2998, #4693, #6036, .T. ) ;
#3602 = VERTEX_POINT ( 'NONE', #5160 ) ;
#3603 = ORIENTED_EDGE ( 'NONE', *, *, #1815, .F. ) ;
#3604 = CARTESIAN_POINT ( 'NONE',  ( 21.59999999999999787, 1.158410705710341659, -3.828587812352703956 ) ) ;
#3605 = CARTESIAN_POINT ( 'NONE',  ( 1.500000000000000000, 8.572527594031473190E-16, -6.850000000000000533 ) ) ;
#3606 = CARTESIAN_POINT ( 'NONE',  ( 30.59999999999999432, 0.000000000000000000, 0.1499999999999999944 ) ) ;
#3607 = ADVANCED_FACE ( 'NONE', ( #1748 ), #2203, .T. ) ;
#3608 = CARTESIAN_POINT ( 'NONE',  ( -43.29999999999999716, 38.49999999999999289, -2.699999999999996181 ) ) ;
#3609 = ORIENTED_EDGE ( 'NONE', *, *, #5637, .T. ) ;
#3610 = EDGE_CURVE ( 'NONE', #3093, #6412, #5417, .T. ) ;
#3611 = VERTEX_POINT ( 'NONE', #2708 ) ;
#3612 = DIRECTION ( 'NONE',  ( 0.000000000000000000, 0.000000000000000000, 1.000000000000000000 ) ) ;
#3613 = CARTESIAN_POINT ( 'NONE',  ( 20.59999999999999787, -4.365952903884279479, -5.321604448520053765 ) ) ;
#3614 = CIRCLE ( 'NONE', #3506, 10.00000000000000000 ) ;
#3615 = ORIENTED_EDGE ( 'NONE', *, *, #1119, .F. ) ;
#3616 = DIRECTION ( 'NONE',  ( -1.000000000000000000, -0.000000000000000000, -0.000000000000000000 ) ) ;
#3617 = AXIS2_PLACEMENT_3D ( 'NONE', #5501, #1309, #2316 ) ;
#3618 = CARTESIAN_POINT ( 'NONE',  ( 13.80000000000000249, 29.50000000000000000, 0.000000000000000000 ) ) ;
#3619 = ORIENTED_EDGE ( 'NONE', *, *, #3601, .T. ) ;
#3620 = PRODUCT_DEFINITION_SHAPE ( 'NONE', 'NONE',  #6431 ) ;
#3621 = CARTESIAN_POINT ( 'NONE',  ( 39.59999999999999432, 1.030637635557567044, 3.864943216164022477 ) ) ;
#3622 = VECTOR ( 'NONE', #766, 1000.000000000000000 ) ;
#3623 = DIRECTION ( 'NONE',  ( 0.000000000000000000, 0.000000000000000000, -1.000000000000000000 ) ) ;
#3624 = AXIS2_PLACEMENT_3D ( 'NONE', #86, #5524, #3117 ) ;
#3625 = DIRECTION ( 'NONE',  ( 0.000000000000000000, 0.000000000000000000, -1.000000000000000000 ) ) ;
#3626 = AXIS2_PLACEMENT_3D ( 'NONE', #5627, #6168, #6269 ) ;
#3627 = CIRCLE ( 'NONE', #1857, 10.00000000000000178 ) ;
#3628 = CARTESIAN_POINT ( 'NONE',  ( 19.86927765092148945, 14.50000000000000711, 0.000000000000000000 ) ) ;
#3629 = VERTEX_POINT ( 'NONE', #672 ) ;
#3630 = ORIENTED_EDGE ( 'NONE', *, *, #5803, .T. ) ;
#3631 = ORIENTED_EDGE ( 'NONE', *, *, #1590, .T. ) ;
#3632 = EDGE_CURVE ( 'NONE', #5220, #3899, #4779, .T. ) ;
#3633 = ORIENTED_EDGE ( 'NONE', *, *, #921, .F. ) ;
#3634 = LINE ( 'NONE', #1623, #288 ) ;
#3635 = CARTESIAN_POINT ( 'NONE',  ( 36.59999999999999432, 1.158410705710341659, -3.828587812352703956 ) ) ;
#3636 = CIRCLE ( 'NONE', #3215, 5.000000000000000888 ) ;
#3637 = DIRECTION ( 'NONE',  ( 1.000000000000000000, 0.000000000000000000, 0.000000000000000000 ) ) ;
#3638 = ORIENTED_EDGE ( 'NONE', *, *, #828, .T. ) ;
#3639 = AXIS2_PLACEMENT_3D ( 'NONE', #5625, #1178, #5935 ) ;
#3640 = VERTEX_POINT ( 'NONE', #4633 ) ;
#3641 = EDGE_CURVE ( 'NONE', #1153, #4316, #223, .T. ) ;
#3642 = VERTEX_POINT ( 'NONE', #6148 ) ;
#3643 = DIRECTION ( 'NONE',  ( 0.000000000000000000, 0.000000000000000000, -1.000000000000000000 ) ) ;
#3644 = VECTOR ( 'NONE', #6278, 1000.000000000000000 ) ;
#3645 = DIRECTION ( 'NONE',  ( 0.000000000000000000, 0.000000000000000000, -1.000000000000000000 ) ) ;
#3646 = EDGE_CURVE ( 'NONE', #3950, #1489, #4723, .T. ) ;
#3647 = ORIENTED_EDGE ( 'NONE', *, *, #1778, .F. ) ;
#3648 = LINE ( 'NONE', #3669, #1317 ) ;
#3649 = EDGE_CURVE ( 'NONE', #6158, #3642, #4181, .T. ) ;
#3650 = DIRECTION ( 'NONE',  ( 0.000000000000000000, 0.000000000000000000, -1.000000000000000000 ) ) ;
#3651 = DIRECTION ( 'NONE',  ( 0.000000000000000000, 1.000000000000000000, 0.000000000000000000 ) ) ;
#3652 = LINE ( 'NONE', #5624, #1867 ) ;
#3653 = EDGE_LOOP ( 'NONE', ( #4609, #5454, #4065, #2353 ) ) ;
#3654 = FACE_OUTER_BOUND ( 'NONE', #2911, .T. ) ;
#3655 = CARTESIAN_POINT ( 'NONE',  ( 1.500000000000000000, -4.365952903884278591, -5.321604448520052877 ) ) ;
#3656 = CARTESIAN_POINT ( 'NONE',  ( 22.59999999999999432, -4.365952903884279479, -5.321604448520053765 ) ) ;
#3657 = ORIENTED_EDGE ( 'NONE', *, *, #1638, .F. ) ;
#3658 = ORIENTED_EDGE ( 'NONE', *, *, #657, .T. ) ;
#3659 = DIRECTION ( 'NONE',  ( 0.000000000000000000, 0.000000000000000000, 1.000000000000000000 ) ) ;
#3660 = VERTEX_POINT ( 'NONE', #3684 ) ;
#3661 = CARTESIAN_POINT ( 'NONE',  ( 18.59999999999999787, 0.000000000000000000, 0.000000000000000000 ) ) ;
#3662 = CARTESIAN_POINT ( 'NONE',  ( 18.59999999999999787, 0.000000000000000000, 0.1499999999999999944 ) ) ;
#3663 = DIRECTION ( 'NONE',  ( -1.000000000000000000, -0.000000000000000000, -0.000000000000000000 ) ) ;
#3664 = ORIENTED_EDGE ( 'NONE', *, *, #6157, .T. ) ;
#3665 = ORIENTED_EDGE ( 'NONE', *, *, #3739, .F. ) ;
#3666 = CARTESIAN_POINT ( 'NONE',  ( 1.500000000000001554, 1.030637635557567044, 3.864943216164022477 ) ) ;
#3667 = DIRECTION ( 'NONE',  ( 0.000000000000000000, 0.000000000000000000, -1.000000000000000000 ) ) ;
#3668 = ORIENTED_EDGE ( 'NONE', *, *, #2454, .T. ) ;
#3669 = CARTESIAN_POINT ( 'NONE',  ( 22.59999999999999432, -2.762069023147042390, -6.931785952275175688 ) ) ;
#3670 = EDGE_CURVE ( 'NONE', #4191, #5327, #3943, .T. ) ;
#3671 = CARTESIAN_POINT ( 'NONE',  ( 36.59999999999999432, 2.318934680004526516, 8.696122236369051350 ) ) ;
#3672 = CARTESIAN_POINT ( 'NONE',  ( 1.500000000000001554, 1.030637635557567044, 3.864943216164022477 ) ) ;
#3673 = DIRECTION ( 'NONE',  ( 0.000000000000000000, 0.000000000000000000, -1.000000000000000000 ) ) ;
#3674 = DIRECTION ( 'NONE',  ( 1.000000000000000000, 0.000000000000000000, 0.000000000000000000 ) ) ;
#3675 = CIRCLE ( 'NONE', #871, 5.000000000000000000 ) ;
#3676 = AXIS2_PLACEMENT_3D ( 'NONE', #6326, #1369, #1397 ) ;
#3677 = DIRECTION ( 'NONE',  ( -1.000000000000000000, -0.000000000000000000, -0.000000000000000000 ) ) ;
#3678 = DIRECTION ( 'NONE',  ( 0.000000000000000000, 0.000000000000000000, -1.000000000000000000 ) ) ;
#3679 = CARTESIAN_POINT ( 'NONE',  ( 32.59999999999999432, -10.60302848086181804, -13.13818223212012626 ) ) ;
#3680 = VERTEX_POINT ( 'NONE', #825 ) ;
#3681 = DIRECTION ( 'NONE',  ( 0.000000000000000000, 0.000000000000000000, -1.000000000000000000 ) ) ;
#3682 = DIRECTION ( 'NONE',  ( 0.000000000000000000, 0.000000000000000000, -1.000000000000000000 ) ) ;
#3683 = ORIENTED_EDGE ( 'NONE', *, *, #2409, .F. ) ;
#3684 = CARTESIAN_POINT ( 'NONE',  ( 20.59999999999999787, -4.261960596893380249, 5.702989453486133620 ) ) ;
#3685 = DIRECTION ( 'NONE',  ( -1.000000000000000000, -0.000000000000000000, -0.000000000000000000 ) ) ;
#3686 = FACE_BOUND ( 'NONE', #5573, .T. ) ;
#3687 = ORIENTED_EDGE ( 'NONE', *, *, #2142, .F. ) ;
#3688 = DIRECTION ( 'NONE',  ( -1.000000000000000000, -0.000000000000000000, -0.000000000000000000 ) ) ;
#3689 = DIRECTION ( 'NONE',  ( 0.000000000000000000, 0.000000000000000000, -1.000000000000000000 ) ) ;
#3690 = ORIENTED_EDGE ( 'NONE', *, *, #1726, .T. ) ;
#3691 = ORIENTED_EDGE ( 'NONE', *, *, #809, .F. ) ;
#3692 = CYLINDRICAL_SURFACE ( 'NONE', #1863, 3.500000000000003109 ) ;
#3693 = DIRECTION ( 'NONE',  ( 0.000000000000000000, 0.000000000000000000, -1.000000000000000000 ) ) ;
#3694 = DIRECTION ( 'NONE',  ( 1.000000000000000000, 0.000000000000000000, 0.000000000000000000 ) ) ;
#3695 = ORIENTED_EDGE ( 'NONE', *, *, #1173, .F. ) ;
#3696 = DIRECTION ( 'NONE',  ( 0.000000000000000000, -1.000000000000000000, 0.000000000000000000 ) ) ;
#3697 = EDGE_CURVE ( 'NONE', #1236, #3382, #2429, .T. ) ;
#3698 = VECTOR ( 'NONE', #2795, 1000.000000000000000 ) ;
#3699 = CARTESIAN_POINT ( 'NONE',  ( 20.59999999999999787, 1.030637635557567044, 3.864943216164022477 ) ) ;
#3700 = DIRECTION ( 'NONE',  ( -0.000000000000000000, 4.074853802630083799E-16, 1.000000000000000000 ) ) ;
#3701 = VECTOR ( 'NONE', #863, 1000.000000000000000 ) ;
#3702 = AXIS2_PLACEMENT_3D ( 'NONE', #3595, #6099, #632 ) ;
#3703 = DIRECTION ( 'NONE',  ( 0.000000000000000000, 1.000000000000000000, 0.000000000000000000 ) ) ;
#3704 = CIRCLE ( 'NONE', #6331, 7.000000000000000888 ) ;
#3705 = CARTESIAN_POINT ( 'NONE',  ( 32.59999999999999432, 1.030637635557567044, 3.864943216164022477 ) ) ;
#3706 = EDGE_CURVE ( 'NONE', #1242, #980, #2800, .T. ) ;
#3707 = DIRECTION ( 'NONE',  ( 1.000000000000000000, 0.000000000000000000, 0.000000000000000000 ) ) ;
#3708 = DIRECTION ( 'NONE',  ( 0.000000000000000000, 0.000000000000000000, 1.000000000000000000 ) ) ;
#3709 = VECTOR ( 'NONE', #114, 1000.000000000000000 ) ;
#3710 = EDGE_CURVE ( 'NONE', #1079, #188, #3227, .T. ) ;
#3711 = AXIS2_PLACEMENT_3D ( 'NONE', #3628, #635, #2619 ) ;
#3712 = ORIENTED_EDGE ( 'NONE', *, *, #3440, .F. ) ;
#3713 = CIRCLE ( 'NONE', #4143, 3.500000000000003109 ) ;
#3714 = AXIS2_PLACEMENT_3D ( 'NONE', #4192, #2718, #2809 ) ;
#3715 = DIRECTION ( 'NONE',  ( 0.000000000000000000, 0.000000000000000000, 1.000000000000000000 ) ) ;
#3716 = CARTESIAN_POINT ( 'NONE',  ( 18.59999999999999787, 0.000000000000000000, 0.000000000000000000 ) ) ;
#3717 = EDGE_CURVE ( 'NONE', #315, #1714, #5328, .T. ) ;
#3718 = CARTESIAN_POINT ( 'NONE',  ( 26.59999999999999787, -10.60302848086181804, -13.13818223212012626 ) ) ;
#3719 = AXIS2_PLACEMENT_3D ( 'NONE', #107, #1149, #3139 ) ;
#3720 = CARTESIAN_POINT ( 'NONE',  ( 22.59999999999999432, 0.000000000000000000, 0.000000000000000000 ) ) ;
#3721 = VERTEX_POINT ( 'NONE', #3880 ) ;
#3722 = CARTESIAN_POINT ( 'NONE',  ( 30.59999999999999432, -10.60302848086181804, -13.13818223212012626 ) ) ;
#3723 = CARTESIAN_POINT ( 'NONE',  ( 29.59999999999999787, 0.000000000000000000, 0.1499999999999999944 ) ) ;
#3724 = AXIS2_PLACEMENT_3D ( 'NONE', #4227, #5145, #3223 ) ;
#3725 = DIRECTION ( 'NONE',  ( -1.000000000000000000, -0.000000000000000000, 0.000000000000000000 ) ) ;
#3726 = EDGE_LOOP ( 'NONE', ( #2235, #581, #2933, #1381 ) ) ;
#3727 = ORIENTED_EDGE ( 'NONE', *, *, #3247, .F. ) ;
#3728 = DIRECTION ( 'NONE',  ( 1.000000000000000000, -0.000000000000000000, -0.000000000000000000 ) ) ;
#3729 = AXIS2_PLACEMENT_3D ( 'NONE', #4072, #5985, #528 ) ;
#3730 = VERTEX_POINT ( 'NONE', #3810 ) ;
#3731 = LINE ( 'NONE', #748, #1808 ) ;
#3732 = CARTESIAN_POINT ( 'NONE',  ( 31.59999999999999787, -10.35047573531249654, 13.63583152989489911 ) ) ;
#3733 = CIRCLE ( 'NONE', #4367, 5.000000000000000000 ) ;
#3734 = LINE ( 'NONE', #1204, #3113 ) ;
#3735 = DIRECTION ( 'NONE',  ( 0.000000000000000000, 0.000000000000000000, 1.000000000000000000 ) ) ;
#3736 = DIRECTION ( 'NONE',  ( -1.000000000000000000, -0.000000000000000000, -0.000000000000000000 ) ) ;
#3737 =( NAMED_UNIT ( * ) SI_UNIT ( $, .STERADIAN. ) SOLID_ANGLE_UNIT ( ) );
#3738 = DIRECTION ( 'NONE',  ( 1.000000000000000000, -0.000000000000000000, -0.000000000000000000 ) ) ;
#3739 = EDGE_CURVE ( 'NONE', #1298, #4851, #5745, .T. ) ;
#3740 = DIRECTION ( 'NONE',  ( 1.000000000000000000, 0.000000000000000000, 0.000000000000000000 ) ) ;
#3741 = CARTESIAN_POINT ( 'NONE',  ( 1.500000000000000000, 8.572527594031473190E-16, -6.850000000000000533 ) ) ;
#3742 = EDGE_CURVE ( 'NONE', #5239, #4191, #5138, .T. ) ;
#3743 = EDGE_CURVE ( 'NONE', #956, #5764, #1258, .T. ) ;
#3744 = ORIENTED_EDGE ( 'NONE', *, *, #5891, .F. ) ;
#3745 = CYLINDRICAL_SURFACE ( 'NONE', #5413, 9.000000000000000000 ) ;
#3746 = ADVANCED_FACE ( 'NONE', ( #4894 ), #5391, .F. ) ;
#3747 = DIRECTION ( 'NONE',  ( -0.000000000000000000, -0.000000000000000000, -1.000000000000000000 ) ) ;
#3748 = CARTESIAN_POINT ( 'NONE',  ( 38.59999999999999432, 0.000000000000000000, 0.000000000000000000 ) ) ;
#3749 = PLANE ( 'NONE',  #2564 ) ;
#3750 = CARTESIAN_POINT ( 'NONE',  ( 30.59999999999999432, 1.158410705710341659, -3.828587812352703956 ) ) ;
#3751 = CARTESIAN_POINT ( 'NONE',  ( -38.10000000000000142, 4.499999999999995559, -2.649999999999991473 ) ) ;
#3752 = EDGE_LOOP ( 'NONE', ( #2804, #245, #1597, #164 ) ) ;
#3753 = AXIS2_PLACEMENT_3D ( 'NONE', #6406, #2554, #5995 ) ;
#3754 = ORIENTED_EDGE ( 'NONE', *, *, #4767, .T. ) ;
#3755 = CARTESIAN_POINT ( 'NONE',  ( 1.500000000000000000, 0.000000000000000000, 7.150000000000000355 ) ) ;
#3756 = CARTESIAN_POINT ( 'NONE',  ( 19.59999999999999787, 2.606424087848269178, -8.614322577793585012 ) ) ;
#3757 = ORIENTED_EDGE ( 'NONE', *, *, #1610, .T. ) ;
#3758 = ORIENTED_EDGE ( 'NONE', *, *, #1355, .F. ) ;
#3759 = DIRECTION ( 'NONE',  ( 0.000000000000000000, 0.000000000000000000, 1.000000000000000000 ) ) ;
#3760 = DIRECTION ( 'NONE',  ( 0.000000000000000000, 0.000000000000000000, -1.000000000000000000 ) ) ;
#3761 = DIRECTION ( 'NONE',  ( 1.000000000000000000, 0.000000000000000000, 0.000000000000000000 ) ) ;
#3763 = EDGE_CURVE ( 'NONE', #770, #3869, #418, .T. ) ;
#3762 = DIRECTION ( 'NONE',  ( -0.000000000000000000, -0.000000000000000000, -1.000000000000000000 ) ) ;
#3764 = EDGE_CURVE ( 'NONE', #6329, #2965, #5771, .T. ) ;
#3765 = DIRECTION ( 'NONE',  ( -1.000000000000000000, -0.000000000000000000, -0.000000000000000000 ) ) ;
#3766 = LINE ( 'NONE', #4877, #2381 ) ;
#3767 = VERTEX_POINT ( 'NONE', #1937 ) ;
#3768 = PLANE ( 'NONE',  #5415 ) ;
#3769 = DIRECTION ( 'NONE',  ( 0.000000000000000000, 0.000000000000000000, -1.000000000000000000 ) ) ;
#3770 = EDGE_CURVE ( 'NONE', #5973, #2975, #4922, .T. ) ;
#3771 = DIRECTION ( 'NONE',  ( 1.000000000000000000, 0.000000000000000000, 0.000000000000000000 ) ) ;
#3772 = AXIS2_PLACEMENT_3D ( 'NONE', #1414, #4791, #920 ) ;
#3773 = VERTEX_POINT ( 'NONE', #4825 ) ;
#3774 = ADVANCED_FACE ( 'NONE', ( #4412 ), #5425, .T. ) ;
#3775 = ORIENTED_EDGE ( 'NONE', *, *, #1610, .F. ) ;
#3776 = EDGE_CURVE ( 'NONE', #2305, #3802, #6344, .T. ) ;
#3777 = ORIENTED_EDGE ( 'NONE', *, *, #2772, .F. ) ;
#3778 = CARTESIAN_POINT ( 'NONE',  ( 1.500000000000000000, 0.000000000000000000, 0.1499999999999999944 ) ) ;
#3779 = EDGE_CURVE ( 'NONE', #2960, #2635, #6309, .T. ) ;
#3780 = CARTESIAN_POINT ( 'NONE',  ( 22.10000000000000142, 2.400000000000006128, 4.599999999999995204 ) ) ;
#3781 = VECTOR ( 'NONE', #697, 1000.000000000000000 ) ;
#3782 = DIRECTION ( 'NONE',  ( -1.000000000000000000, -0.000000000000000000, -0.000000000000000000 ) ) ;
#3783 = DIRECTION ( 'NONE',  ( 1.000000000000000000, -6.672013369141552398E-16, 0.000000000000000000 ) ) ;
#3784 = ORIENTED_EDGE ( 'NONE', *, *, #2561, .T. ) ;
#3785 = AXIS2_PLACEMENT_3D ( 'NONE', #483, #6382, #388 ) ;
#3786 = CARTESIAN_POINT ( 'NONE',  ( 25.59999999999999787, -2.763066821399118744, 7.121905987407648020 ) ) ;
#3787 = EDGE_CURVE ( 'NONE', #2651, #2998, #1316, .T. ) ;
#3788 = DIRECTION ( 'NONE',  ( 1.000000000000000000, 0.000000000000000000, 0.000000000000000000 ) ) ;
#3789 = ORIENTED_EDGE ( 'NONE', *, *, #1324, .T. ) ;
#3790 = ORIENTED_EDGE ( 'NONE', *, *, #3451, .F. ) ;
#3791 = CARTESIAN_POINT ( 'NONE',  ( 25.59999999999999787, 0.000000000000000000, 0.000000000000000000 ) ) ;
#3792 = VERTEX_POINT ( 'NONE', #12 ) ;
#3793 = ORIENTED_EDGE ( 'NONE', *, *, #3038, .F. ) ;
#3794 = CARTESIAN_POINT ( 'NONE',  ( 28.59999999999999787, -10.60302848086181804, -13.13818223212012626 ) ) ;
#3795 = DIRECTION ( 'NONE',  ( -1.000000000000000000, -0.000000000000000000, -0.000000000000000000 ) ) ;
#3796 = ADVANCED_FACE ( 'NONE', ( #1878, #3851 ), #5822, .T. ) ;
#3797 = CARTESIAN_POINT ( 'NONE',  ( 39.59999999999999432, -2.763066821399118744, 7.121905987407648020 ) ) ;
#3798 = ORIENTED_EDGE ( 'NONE', *, *, #3989, .T. ) ;
#3799 = AXIS2_PLACEMENT_3D ( 'NONE', #6126, #1696, #3156 ) ;
#3800 = DIRECTION ( 'NONE',  ( -1.000000000000000000, -0.000000000000000000, -0.000000000000000000 ) ) ;
#3801 = LINE ( 'NONE', #441, #6231 ) ;
#3802 = VERTEX_POINT ( 'NONE', #887 ) ;
#3803 = VECTOR ( 'NONE', #2449, 1000.000000000000000 ) ;
#3804 = MECHANICAL_DESIGN_GEOMETRIC_PRESENTATION_REPRESENTATION (  '', ( #1354 ), #2062 ) ;
#3805 = DIRECTION ( 'NONE',  ( 0.000000000000000000, 0.000000000000000000, -1.000000000000000000 ) ) ;
#3806 = ORIENTED_EDGE ( 'NONE', *, *, #4053, .T. ) ;
#3807 = CYLINDRICAL_SURFACE ( 'NONE', #5723, 8.999999999999998224 ) ;
#3808 = ADVANCED_FACE ( 'NONE', ( #2108 ), #5481, .T. ) ;
#3809 = EDGE_LOOP ( 'NONE', ( #3298, #3423 ) ) ;
#3810 = CARTESIAN_POINT ( 'NONE',  ( -6.800000000000001599, 6.999999999999999112, -2.649999999999999023 ) ) ;
#3811 = VECTOR ( 'NONE', #5266, 1000.000000000000000 ) ;
#3812 = DIRECTION ( 'NONE',  ( -0.000000000000000000, -0.000000000000000000, -1.000000000000000000 ) ) ;
#3813 = ORIENTED_EDGE ( 'NONE', *, *, #341, .T. ) ;
#3814 = EDGE_CURVE ( 'NONE', #5939, #3899, #5928, .T. ) ;
#3815 = AXIS2_PLACEMENT_3D ( 'NONE', #449, #1384, #4414 ) ;
#3816 = ADVANCED_FACE ( 'NONE', ( #1587 ), #4605, .T. ) ;
#3817 = AXIS2_PLACEMENT_3D ( 'NONE', #4, #72, #1476 ) ;
#3818 = ORIENTED_EDGE ( 'NONE', *, *, #4311, .F. ) ;
#3819 = ADVANCED_FACE ( 'NONE', ( #4012 ), #2140, .T. ) ;
#3820 = CARTESIAN_POINT ( 'NONE',  ( 30.59999999999999432, 1.030637635557567044, 8.864943216164022033 ) ) ;
#3821 = DIRECTION ( 'NONE',  ( 0.000000000000000000, 0.000000000000000000, -1.000000000000000000 ) ) ;
#3822 = ORIENTED_EDGE ( 'NONE', *, *, #2497, .F. ) ;
#3823 = ORIENTED_EDGE ( 'NONE', *, *, #1428, .T. ) ;
#3824 = CARTESIAN_POINT ( 'NONE',  ( -43.29999999999999716, 14.50000000000000355, 0.000000000000000000 ) ) ;
#3825 = ADVANCED_FACE ( 'NONE', ( #5451, #2010 ), #1482, .F. ) ;
#3826 = AXIS2_PLACEMENT_3D ( 'NONE', #6333, #4883, #5850 ) ;
#3827 = CYLINDRICAL_SURFACE ( 'NONE', #5711, 5.000000000000000000 ) ;
#3828 = LINE ( 'NONE', #5373, #2216 ) ;
#3829 = ORIENTED_EDGE ( 'NONE', *, *, #4398, .T. ) ;
#3830 = EDGE_CURVE ( 'NONE', #3089, #6365, #5785, .T. ) ;
#3831 = LINE ( 'NONE', #1200, #5443 ) ;
#3832 = EDGE_CURVE ( 'NONE', #5678, #4834, #5205, .T. ) ;
#3833 = CARTESIAN_POINT ( 'NONE',  ( 19.86927765092148945, 18.75000000000000711, 5.204748896376249713E-16 ) ) ;
#3834 = LINE ( 'NONE', #5438, #4619 ) ;
#3835 = CARTESIAN_POINT ( 'NONE',  ( 18.59999999999999787, 0.000000000000000000, 0.000000000000000000 ) ) ;
#3836 = AXIS2_PLACEMENT_3D ( 'NONE', #1956, #1039, #1471 ) ;
#3837 = DIRECTION ( 'NONE',  ( 0.000000000000000000, 7.112366251504907509E-15, -1.000000000000000000 ) ) ;
#3838 = EDGE_CURVE ( 'NONE', #1161, #883, #6022, .T. ) ;
#3839 = ORIENTED_EDGE ( 'NONE', *, *, #2971, .T. ) ;
#3840 = AXIS2_PLACEMENT_3D ( 'NONE', #4435, #1964, #5442 ) ;
#3841 = DIRECTION ( 'NONE',  ( 1.000000000000000000, 0.000000000000000000, 0.000000000000000000 ) ) ;
#3843 = EDGE_CURVE ( 'NONE', #2522, #775, #166, .T. ) ;
#3842 =( NAMED_UNIT ( * ) SI_UNIT ( $, .STERADIAN. ) SOLID_ANGLE_UNIT ( ) );
#3844 = DIRECTION ( 'NONE',  ( 0.000000000000000000, 0.000000000000000000, -1.000000000000000000 ) ) ;
#3845 = CARTESIAN_POINT ( 'NONE',  ( 30.59999999999999432, 0.000000000000000000, 0.1499999999999999944 ) ) ;
#3846 = ORIENTED_EDGE ( 'NONE', *, *, #2412, .T. ) ;
#3847 = EDGE_CURVE ( 'NONE', #326, #1256, #4571, .T. ) ;
#3848 = SURFACE_SIDE_STYLE ('',( #3369 ) ) ;
#3849 = CARTESIAN_POINT ( 'NONE',  ( 28.59999999999999787, 8.572527594031474176E-16, -6.850000000000002309 ) ) ;
#3850 = EDGE_LOOP ( 'NONE', ( #5344, #6378, #2676, #3933 ) ) ;
#3851 = FACE_BOUND ( 'NONE', #1960, .T. ) ;
#3852 = CARTESIAN_POINT ( 'NONE',  ( 1.500000000000001554, 1.030637635557567044, 8.864943216164022033 ) ) ;
#3853 = ORIENTED_EDGE ( 'NONE', *, *, #3787, .F. ) ;
#3854 = ADVANCED_FACE ( 'NONE', ( #4995 ), #4957, .F. ) ;
#3855 = ORIENTED_EDGE ( 'NONE', *, *, #2891, .F. ) ;
#3856 = DIRECTION ( 'NONE',  ( 1.000000000000000000, 0.000000000000000000, -2.478176394252579169E-16 ) ) ;
#3857 = DIRECTION ( 'NONE',  ( -1.000000000000000000, -0.000000000000000000, -0.000000000000000000 ) ) ;
#3858 = ORIENTED_EDGE ( 'NONE', *, *, #9, .F. ) ;
#3859 = CARTESIAN_POINT ( 'NONE',  ( 1.500000000000000000, -4.365952903884278591, -5.321604448520052877 ) ) ;
#3860 = CARTESIAN_POINT ( 'NONE',  ( 25.59999999999999787, -4.261960596893379360, 5.702989453486132732 ) ) ;
#3861 = CARTESIAN_POINT ( 'NONE',  ( 1.500000000000000000, 8.572527594031473190E-16, -6.850000000000000533 ) ) ;
#3862 = ADVANCED_FACE ( 'NONE', ( #540 ), #3106, .T. ) ;
#3863 = DIRECTION ( 'NONE',  ( 0.000000000000000000, 0.000000000000000000, -1.000000000000000000 ) ) ;
#3864 = EDGE_LOOP ( 'NONE', ( #1299, #1327, #3340, #2390, #2929, #6273, #745, #1152, #3207 ) ) ;
#3865 = LINE ( 'NONE', #4876, #2536 ) ;
#3866 = DIRECTION ( 'NONE',  ( 0.000000000000000000, 0.000000000000000000, -1.000000000000000000 ) ) ;
#3867 = CIRCLE ( 'NONE', #4280, 5.000000000000000000 ) ;
#3868 = EDGE_CURVE ( 'NONE', #279, #2214, #2765, .T. ) ;
#3869 = VERTEX_POINT ( 'NONE', #75 ) ;
#3870 = ORIENTED_EDGE ( 'NONE', *, *, #5273, .T. ) ;
#3871 =( NAMED_UNIT ( * ) SI_UNIT ( $, .STERADIAN. ) SOLID_ANGLE_UNIT ( ) );
#3872 = VECTOR ( 'NONE', #2848, 1000.000000000000000 ) ;
#3873 = FACE_OUTER_BOUND ( 'NONE', #2123, .T. ) ;
#3874 = ORIENTED_EDGE ( 'NONE', *, *, #1709, .T. ) ;
#3875 = LINE ( 'NONE', #3751, #3419 ) ;
#3876 = ORIENTED_EDGE ( 'NONE', *, *, #4823, .T. ) ;
#3877 = ORIENTED_EDGE ( 'NONE', *, *, #3571, .T. ) ;
#3878 = DIRECTION ( 'NONE',  ( 0.000000000000000000, 0.000000000000000000, 1.000000000000000000 ) ) ;
#3879 = EDGE_LOOP ( 'NONE', ( #6372, #3333, #4810, #2227 ) ) ;
#3880 = CARTESIAN_POINT ( 'NONE',  ( -38.10000000000000142, 6.999999999999994671, -2.649999999999991473 ) ) ;
#3881 = AXIS2_PLACEMENT_3D ( 'NONE', #401, #6263, #3387 ) ;
#3882 = CARTESIAN_POINT ( 'NONE',  ( 40.59999999999999432, 0.000000000000000000, 7.150000000000002132 ) ) ;
#3883 = ORIENTED_EDGE ( 'NONE', *, *, #1499, .T. ) ;
#3884 = ADVANCED_FACE ( 'NONE', ( #5083 ), #161, .F. ) ;
#3885 = CARTESIAN_POINT ( 'NONE',  ( 13.80000000000000249, 8.099999999999999645, -7.450000000000001066 ) ) ;
#3886 = DIRECTION ( 'NONE',  ( 1.000000000000000000, 0.000000000000000000, 0.000000000000000000 ) ) ;
#3887 = CYLINDRICAL_SURFACE ( 'NONE', #4864, 5.000000000000000000 ) ;
#3888 = CARTESIAN_POINT ( 'NONE',  ( 1.500000000000000000, 7.409113134841484549E-16, 6.049999999999999822 ) ) ;
#3889 = EDGE_LOOP ( 'NONE', ( #3615, #2112, #4733, #2808 ) ) ;
#3890 = ORIENTED_EDGE ( 'NONE', *, *, #214, .T. ) ;
#3891 = CARTESIAN_POINT ( 'NONE',  ( 23.59999999999999432, 0.000000000000000000, 0.1499999999999999944 ) ) ;
#3892 = CARTESIAN_POINT ( 'NONE',  ( 33.60000000000000142, -2.763066821399118744, 7.121905987407648020 ) ) ;
#3893 = DIRECTION ( 'NONE',  ( 1.000000000000000000, -0.000000000000000000, -0.000000000000000000 ) ) ;
#3894 = ORIENTED_EDGE ( 'NONE', *, *, #6050, .T. ) ;
#3895 = DIRECTION ( 'NONE',  ( 0.000000000000000000, 0.000000000000000000, 1.000000000000000000 ) ) ;
#3896 = EDGE_LOOP ( 'NONE', ( #4794, #1004, #5574, #2111 ) ) ;
#3897 = ADVANCED_FACE ( 'NONE', ( #1550 ), #3536, .F. ) ;
#3898 = DIRECTION ( 'NONE',  ( -1.000000000000000000, -0.000000000000000000, -0.000000000000000000 ) ) ;
#3899 = VERTEX_POINT ( 'NONE', #2072 ) ;
#3900 = DIRECTION ( 'NONE',  ( -1.000000000000000000, -0.000000000000000000, -0.000000000000000000 ) ) ;
#3901 = ORIENTED_EDGE ( 'NONE', *, *, #4548, .F. ) ;
#3902 = ORIENTED_EDGE ( 'NONE', *, *, #1725, .F. ) ;
#3903 = DIRECTION ( 'NONE',  ( 0.000000000000000000, 0.000000000000000000, 1.000000000000000000 ) ) ;
#3904 = ADVANCED_FACE ( 'NONE', ( #1248 ), #224, .F. ) ;
#3905 = ORIENTED_EDGE ( 'NONE', *, *, #322, .F. ) ;
#3906 = EDGE_CURVE ( 'NONE', #1480, #4907, #700, .T. ) ;
#3907 = DIRECTION ( 'NONE',  ( 0.000000000000000000, 1.000000000000000000, -1.294569758191647155E-16 ) ) ;
#3908 = CYLINDRICAL_SURFACE ( 'NONE', #2774, 10.00000000000000000 ) ;
#3909 = DIRECTION ( 'NONE',  ( 0.000000000000000000, 0.000000000000000000, -1.000000000000000000 ) ) ;
#3910 = AXIS2_PLACEMENT_3D ( 'NONE', #5909, #1806, #3300 ) ;
#3911 = AXIS2_PLACEMENT_3D ( 'NONE', #21, #1911, #6350 ) ;
#3912 = CARTESIAN_POINT ( 'NONE',  ( 20.59999999999999787, -10.60302848086181804, -13.13818223212012626 ) ) ;
#3913 = ORIENTED_EDGE ( 'NONE', *, *, #2392, .F. ) ;
#3914 = AXIS2_PLACEMENT_3D ( 'NONE', #2093, #3554, #647 ) ;
#3915 = VERTEX_POINT ( 'NONE', #4175 ) ;
#3916 = DIRECTION ( 'NONE',  ( -1.000000000000000000, -0.000000000000000000, -0.000000000000000000 ) ) ;
#3917 = PRODUCT_CONTEXT ( 'NONE', #6199, 'mechanical' ) ;
#3918 = DIRECTION ( 'NONE',  ( -1.000000000000000000, -0.000000000000000000, -0.000000000000000000 ) ) ;
#3919 = CIRCLE ( 'NONE', #808, 10.00000000000000178 ) ;
#3920 = DIRECTION ( 'NONE',  ( -1.000000000000000000, -0.000000000000000000, -0.000000000000000000 ) ) ;
#3921 = CIRCLE ( 'NONE', #5394, 5.000000000000000000 ) ;
#3922 = FILL_AREA_STYLE_COLOUR ( '', #6386 ) ;
#3923 = VERTEX_POINT ( 'NONE', #5253 ) ;
#3924 = LINE ( 'NONE', #4460, #160 ) ;
#3925 = AXIS2_PLACEMENT_3D ( 'NONE', #542, #1588, #2042 ) ;
#3926 = CIRCLE ( 'NONE', #5686, 9.000000000000000000 ) ;
#3927 = DIRECTION ( 'NONE',  ( 1.000000000000000000, 0.000000000000000000, 0.000000000000000000 ) ) ;
#3928 = CIRCLE ( 'NONE', #5073, 10.00000000000000178 ) ;
#3929 = CARTESIAN_POINT ( 'NONE',  ( 29.04974746830583499, 20.25000000000001066, -6.250000000000000888 ) ) ;
#3930 = ORIENTED_EDGE ( 'NONE', *, *, #3838, .T. ) ;
#3931 = AXIS2_PLACEMENT_3D ( 'NONE', #2796, #4784, #2456 ) ;
#3932 = CARTESIAN_POINT ( 'NONE',  ( 37.59999999999999432, -10.35047573531249654, 13.63583152989489911 ) ) ;
#3933 = ORIENTED_EDGE ( 'NONE', *, *, #383, .F. ) ;
#3934 = CIRCLE ( 'NONE', #4878, 10.00000000000000178 ) ;
#3935 = DIRECTION ( 'NONE',  ( 1.000000000000000000, 0.000000000000000000, 0.000000000000000000 ) ) ;
#3936 = ORIENTED_EDGE ( 'NONE', *, *, #5812, .F. ) ;
#3937 = COLOUR_RGB ( '',0.7921568627450980005, 0.8196078431372548767, 0.9333333333333333481 ) ;
#3938 = FACE_OUTER_BOUND ( 'NONE', #6118, .T. ) ;
#3939 = ORIENTED_EDGE ( 'NONE', *, *, #1831, .F. ) ;
#3940 = VERTEX_POINT ( 'NONE', #2248 ) ;
#3941 = VECTOR ( 'NONE', #2670, 1000.000000000000000 ) ;
#3942 = EDGE_CURVE ( 'NONE', #3999, #6286, #2359, .T. ) ;
#3943 = CIRCLE ( 'NONE', #6245, 5.000000000000000000 ) ;
#3944 = ORIENTED_EDGE ( 'NONE', *, *, #1629, .T. ) ;
#3945 = AXIS2_PLACEMENT_3D ( 'NONE', #5635, #5124, #4756 ) ;
#3946 = DIRECTION ( 'NONE',  ( 0.000000000000000000, 0.000000000000000000, -1.000000000000000000 ) ) ;
#3947 = DIRECTION ( 'NONE',  ( 1.000000000000000000, 0.000000000000000000, 0.000000000000000000 ) ) ;
#3948 = DIRECTION ( 'NONE',  ( 0.000000000000000000, 0.000000000000000000, -1.000000000000000000 ) ) ;
#3949 = ADVANCED_FACE ( 'NONE', ( #5716 ), #1779, .F. ) ;
#3950 = VERTEX_POINT ( 'NONE', #6167 ) ;
#3951 = AXIS2_PLACEMENT_3D ( 'NONE', #2229, #2682, #2736 ) ;
#3952 = EDGE_CURVE ( 'NONE', #4020, #5678, #6112, .T. ) ;
#3953 = ORIENTED_EDGE ( 'NONE', *, *, #4403, .T. ) ;
#3954 = ORIENTED_EDGE ( 'NONE', *, *, #767, .F. ) ;
#3955 = CARTESIAN_POINT ( 'NONE',  ( 1.500000000000001554, 1.030637635557567044, 8.864943216164022033 ) ) ;
#3956 = DIRECTION ( 'NONE',  ( 0.000000000000000000, 0.000000000000000000, 1.000000000000000000 ) ) ;
#3957 = EDGE_CURVE ( 'NONE', #5267, #1294, #5666, .T. ) ;
#3958 = DIRECTION ( 'NONE',  ( -1.000000000000000000, -0.000000000000000000, -0.000000000000000000 ) ) ;
#3959 = VECTOR ( 'NONE', #301, 1000.000000000000000 ) ;
#3960 = DIRECTION ( 'NONE',  ( 0.000000000000000000, 0.000000000000000000, -1.000000000000000000 ) ) ;
#3961 = DIRECTION ( 'NONE',  ( 1.000000000000000000, 0.000000000000000000, 0.000000000000000000 ) ) ;
#3962 = EDGE_CURVE ( 'NONE', #5021, #2252, #1705, .T. ) ;
#3963 = CARTESIAN_POINT ( 'NONE',  ( 19.59999999999999787, 0.000000000000000000, 0.1499999999999999944 ) ) ;
#3964 = ORIENTED_EDGE ( 'NONE', *, *, #2647, .F. ) ;
#3965 = ORIENTED_EDGE ( 'NONE', *, *, #3122, .F. ) ;
#3966 = DIRECTION ( 'NONE',  ( -1.000000000000000000, -0.000000000000000000, -0.000000000000000000 ) ) ;
#3967 = CARTESIAN_POINT ( 'NONE',  ( 22.10000000000000142, 29.50000000000000000, 8.999999999999998224 ) ) ;
#3968 = CARTESIAN_POINT ( 'NONE',  ( 28.59999999999999787, 0.000000000000000000, 7.150000000000002132 ) ) ;
#3969 = DIRECTION ( 'NONE',  ( 1.000000000000000000, 0.000000000000000000, 0.000000000000000000 ) ) ;
#3970 = ORIENTED_EDGE ( 'NONE', *, *, #1461, .F. ) ;
#3971 = ORIENTED_EDGE ( 'NONE', *, *, #4718, .F. ) ;
#3972 = DIRECTION ( 'NONE',  ( 0.000000000000000000, 0.000000000000000000, 1.000000000000000000 ) ) ;
#3973 = CARTESIAN_POINT ( 'NONE',  ( 19.59999999999999787, -10.60302848086181804, -13.13818223212012626 ) ) ;
#3974 = ORIENTED_EDGE ( 'NONE', *, *, #3039, .F. ) ;
#3975 = CARTESIAN_POINT ( 'NONE',  ( 1.500000000000000000, 0.000000000000000000, 7.150000000000000355 ) ) ;
#3976 = ORIENTED_EDGE ( 'NONE', *, *, #5540, .F. ) ;
#3977 = ORIENTED_EDGE ( 'NONE', *, *, #3429, .F. ) ;
#3978 = ORIENTED_EDGE ( 'NONE', *, *, #3174, .T. ) ;
#3979 = CARTESIAN_POINT ( 'NONE',  ( 33.60000000000000142, -10.35047573531249654, 13.63583152989489911 ) ) ;
#3980 = DIRECTION ( 'NONE',  ( -1.000000000000000000, -0.000000000000000000, -0.000000000000000000 ) ) ;
#3981 = ADVANCED_FACE ( 'NONE', ( #3267 ), #250, .T. ) ;
#3982 = ORIENTED_EDGE ( 'NONE', *, *, #4071, .F. ) ;
#3983 = CARTESIAN_POINT ( 'NONE',  ( 24.10000000000000497, 7.099999999999999645, -8.450000000000001066 ) ) ;
#3984 = AXIS2_PLACEMENT_3D ( 'NONE', #590, #2571, #4554 ) ;
#3985 = EDGE_CURVE ( 'NONE', #453, #2411, #3190, .T. ) ;
#3986 = EDGE_CURVE ( 'NONE', #3334, #1232, #4628, .T. ) ;
#3987 = ORIENTED_EDGE ( 'NONE', *, *, #3581, .T. ) ;
#3988 = CARTESIAN_POINT ( 'NONE',  ( 8.225974270706696956, 29.50000000000001066, -3.500000000000003109 ) ) ;
#3989 = EDGE_CURVE ( 'NONE', #870, #536, #4959, .T. ) ;
#3990 = CARTESIAN_POINT ( 'NONE',  ( 29.04974746830583499, 23.75000000000000711, 8.000000000000003553 ) ) ;
#3991 = DIRECTION ( 'NONE',  ( 0.000000000000000000, -1.000000000000000000, -0.000000000000000000 ) ) ;
#3992 = ORIENTED_EDGE ( 'NONE', *, *, #4415, .T. ) ;
#3993 = CARTESIAN_POINT ( 'NONE',  ( -47.19999999999999574, 5.500000000000000000, 2.700000000000008171 ) ) ;
#3994 = CIRCLE ( 'NONE', #3676, 1.749999999999997113 ) ;
#3995 = CARTESIAN_POINT ( 'NONE',  ( 32.59999999999999432, 0.000000000000000000, 0.1499999999999999944 ) ) ;
#3996 = AXIS2_PLACEMENT_3D ( 'NONE', #5156, #2292, #3659 ) ;
#3997 = VERTEX_POINT ( 'NONE', #184 ) ;
#3998 = EDGE_CURVE ( 'NONE', #6017, #4385, #691, .T. ) ;
#3999 = VERTEX_POINT ( 'NONE', #2166 ) ;
#4000 = CARTESIAN_POINT ( 'NONE',  ( 40.59999999999999432, -10.60302848086181804, -13.13818223212012626 ) ) ;
#4001 = SURFACE_STYLE_FILL_AREA ( #527 ) ;
#4002 = CARTESIAN_POINT ( 'NONE',  ( 1.500000000000002220, -2.763066821399118744, 7.121905987407648020 ) ) ;
#4003 = ORIENTED_EDGE ( 'NONE', *, *, #2239, .T. ) ;
#4004 = CARTESIAN_POINT ( 'NONE',  ( 0.000000000000000000, 0.000000000000000000, 0.000000000000000000 ) ) ;
#4005 = DIRECTION ( 'NONE',  ( -1.000000000000000000, -0.000000000000000000, -0.000000000000000000 ) ) ;
#4006 = CYLINDRICAL_SURFACE ( 'NONE', #1975, 7.000000000000000000 ) ;
#4007 = ORIENTED_EDGE ( 'NONE', *, *, #1210, .T. ) ;
#4008 = CYLINDRICAL_SURFACE ( 'NONE', #3524, 10.00000000000000178 ) ;
#4009 = ORIENTED_EDGE ( 'NONE', *, *, #3739, .T. ) ;
#4010 = CLOSED_SHELL ( 'NONE', ( #3439, #972, #5217, #1537, #3862, #2500, #3192, #5048, #2641, #1131, #2995, #3981, #6083, #5358, #1307, #306, #3561, #3484, #3332, #3350, #1372, #2852, #1195, #5608, #3068, #4726, #5349, #1706, #572, #3084, #1535, #705, #1044, #2678, #6108, #191, #3466, #5105, #3211, #4230, #932, #4298, #1138, #4660, #4094, #3560, #1680, #1942, #2608, #4380, #3819, #2107, #4167, #2057, #3233, #4994, #5614, #1460, #737, #6068, #1412, #3854, #1206, #5348, #5109, #5149, #3897, #4991, #4073, #3114, #4448, #5236, #922, #1928, #5805, #2818, #3949, #5459, #400, #1971, #11, #1940, #3123, #2569, #1453, #5061, #4553, #3607, #3816, #677, #4652, #5221, #5085, #396, #1690, #4671, #4267, #6274, #3197, #1120, #561, #4777, #1042, #904, #3808, #2363, #690, #1640, #3161, #4600 ) ) ;
#4011 = ORIENTED_EDGE ( 'NONE', *, *, #5033, .T. ) ;
#4012 = FACE_OUTER_BOUND ( 'NONE', #2236, .T. ) ;
#4013 = CARTESIAN_POINT ( 'NONE',  ( 0.000000000000000000, 29.50000000000000000, 8.999999999999998224 ) ) ;
#4014 = AXIS2_PLACEMENT_3D ( 'NONE', #1580, #6186, #2755 ) ;
#4015 = ADVANCED_FACE ( 'NONE', ( #2672 ), #4657, .F. ) ;
#4016 = EDGE_CURVE ( 'NONE', #90, #4901, #753, .T. ) ;
#4017 = VERTEX_POINT ( 'NONE', #6101 ) ;
#4018 = EDGE_CURVE ( 'NONE', #3869, #3367, #5773, .T. ) ;
#4019 = ORIENTED_EDGE ( 'NONE', *, *, #5096, .F. ) ;
#4020 = VERTEX_POINT ( 'NONE', #664 ) ;
#4021 = CARTESIAN_POINT ( 'NONE',  ( 1.500000000000001554, 1.030637635557567044, 8.864943216164022033 ) ) ;
#4022 = LINE ( 'NONE', #5576, #1628 ) ;
#4023 = FACE_OUTER_BOUND ( 'NONE', #3378, .T. ) ;
#4024 = CYLINDRICAL_SURFACE ( 'NONE', #565, 5.000000000000000000 ) ;
#4025 = DIRECTION ( 'NONE',  ( -0.000000000000000000, 1.000000000000000000, 0.000000000000000000 ) ) ;
#4026 = LINE ( 'NONE', #1528, #357 ) ;
#4027 = CIRCLE ( 'NONE', #1219, 4.000000000000000000 ) ;
#4028 = ORIENTED_EDGE ( 'NONE', *, *, #2531, .F. ) ;
#4029 = VERTEX_POINT ( 'NONE', #2648 ) ;
#4030 = DIRECTION ( 'NONE',  ( -1.000000000000000000, -0.000000000000000000, -0.000000000000000000 ) ) ;
#4031 = DIRECTION ( 'NONE',  ( 0.000000000000000000, 0.000000000000000000, -1.000000000000000000 ) ) ;
#4032 = AXIS2_PLACEMENT_3D ( 'NONE', #2660, #2121, #4031 ) ;
#4033 = ORIENTED_EDGE ( 'NONE', *, *, #4353, .F. ) ;
#4034 = DIRECTION ( 'NONE',  ( -1.000000000000000000, -0.000000000000000000, -0.000000000000000000 ) ) ;
#4035 = EDGE_CURVE ( 'NONE', #3405, #4451, #4027, .T. ) ;
#4036 = DIRECTION ( 'NONE',  ( 0.000000000000000000, 0.000000000000000000, -1.000000000000000000 ) ) ;
#4037 = CARTESIAN_POINT ( 'NONE',  ( 13.80000000000000249, 20.25000000000001066, 6.249999999999999112 ) ) ;
#4038 = ORIENTED_EDGE ( 'NONE', *, *, #2139, .T. ) ;
#4039 = EDGE_CURVE ( 'NONE', #3291, #3950, #5577, .T. ) ;
#4040 = AXIS2_PLACEMENT_3D ( 'NONE', #6045, #2594, #4634 ) ;
#4041 = AXIS2_PLACEMENT_3D ( 'NONE', #3054, #3150, #5552 ) ;
#4042 = VECTOR ( 'NONE', #459, 1000.000000000000000 ) ;
#4043 = LINE ( 'NONE', #154, #5290 ) ;
#4044 = DIRECTION ( 'NONE',  ( 1.000000000000000000, 0.000000000000000000, 0.000000000000000000 ) ) ;
#4045 = LINE ( 'NONE', #2131, #6134 ) ;
#4046 = ORIENTED_EDGE ( 'NONE', *, *, #3396, .F. ) ;
#4047 = MANIFOLD_SOLID_BREP ( 'Split1[1]', #5371 ) ;
#4048 = CARTESIAN_POINT ( 'NONE',  ( 1.500000000000001554, 1.030637635557567044, 3.864943216164022477 ) ) ;
#4049 = ORIENTED_EDGE ( 'NONE', *, *, #4186, .T. ) ;
#4050 = PLANE ( 'NONE',  #3255 ) ;
#4051 = AXIS2_PLACEMENT_3D ( 'NONE', #1398, #6295, #4778 ) ;
#4052 = DIRECTION ( 'NONE',  ( -1.000000000000000000, -1.504111723692325477E-16, 0.000000000000000000 ) ) ;
#4053 = EDGE_CURVE ( 'NONE', #5802, #3110, #64, .T. ) ;
#4054 = DIRECTION ( 'NONE',  ( 0.000000000000000000, 0.000000000000000000, 1.000000000000000000 ) ) ;
#4055 = EDGE_LOOP ( 'NONE', ( #537, #231, #5005, #6427 ) ) ;
#4056 = CIRCLE ( 'NONE', #2190, 7.000000000000000888 ) ;
#4057 = ORIENTED_EDGE ( 'NONE', *, *, #729, .T. ) ;
#4058 = VERTEX_POINT ( 'NONE', #5321 ) ;
#4059 = EDGE_LOOP ( 'NONE', ( #3846, #529, #2902, #51 ) ) ;
#4060 = DIRECTION ( 'NONE',  ( -1.000000000000000000, -0.000000000000000000, -0.000000000000000000 ) ) ;
#4061 = AXIS2_PLACEMENT_3D ( 'NONE', #1561, #1989, #4656 ) ;
#4062 = CARTESIAN_POINT ( 'NONE',  ( 1.500000000000002220, -2.763066821399118744, 7.121905987407648020 ) ) ;
#4063 = DIRECTION ( 'NONE',  ( 0.000000000000000000, 0.000000000000000000, -1.000000000000000000 ) ) ;
#4064 = LINE ( 'NONE', #2597, #1962 ) ;
#4065 = ORIENTED_EDGE ( 'NONE', *, *, #6018, .T. ) ;
#4066 = CIRCLE ( 'NONE', #1262, 6.049999999999999822 ) ;
#4067 = LINE ( 'NONE', #5617, #2032 ) ;
#4068 = DIRECTION ( 'NONE',  ( 0.000000000000000000, 7.112366251504907509E-15, -1.000000000000000000 ) ) ;
#4069 = EDGE_CURVE ( 'NONE', #4303, #1620, #4546, .T. ) ;
#4070 = ORIENTED_EDGE ( 'NONE', *, *, #5729, .F. ) ;
#4071 = EDGE_CURVE ( 'NONE', #3940, #1898, #1643, .T. ) ;
#4072 = CARTESIAN_POINT ( 'NONE',  ( 41.60000000000000142, 1.030637635557567044, 3.864943216164022477 ) ) ;
#4073 = ADVANCED_FACE ( 'NONE', ( #4297 ), #4937, .F. ) ;
#4074 = DIRECTION ( 'NONE',  ( 1.000000000000000000, 0.000000000000000000, 0.000000000000000000 ) ) ;
#4075 = EDGE_CURVE ( 'NONE', #264, #5294, #2480, .T. ) ;
#4076 = CYLINDRICAL_SURFACE ( 'NONE', #5725, 9.000000000000000000 ) ;
#4077 = CARTESIAN_POINT ( 'NONE',  ( -47.19999999999999574, 5.500000000000000000, 2.700000000000008171 ) ) ;
#4078 = EDGE_CURVE ( 'NONE', #1191, #5267, #6301, .T. ) ;
#4079 = ORIENTED_EDGE ( 'NONE', *, *, #793, .T. ) ;
#4080 = VERTEX_POINT ( 'NONE', #5466 ) ;
#4081 = CARTESIAN_POINT ( 'NONE',  ( 29.59999999999999787, 0.000000000000000000, 0.000000000000000000 ) ) ;
#4082 = DIRECTION ( 'NONE',  ( 0.000000000000000000, 0.000000000000000000, -1.000000000000000000 ) ) ;
#4083 = VERTEX_POINT ( 'NONE', #3967 ) ;
#4084 = ORIENTED_EDGE ( 'NONE', *, *, #3580, .F. ) ;
#4085 = CIRCLE ( 'NONE', #2629, 10.00000000000000000 ) ;
#4086 = ORIENTED_EDGE ( 'NONE', *, *, #4738, .F. ) ;
#4087 = CARTESIAN_POINT ( 'NONE',  ( 1.500000000000000000, 0.000000000000000000, 0.1499999999999999944 ) ) ;
#4088 = AXIS2_PLACEMENT_3D ( 'NONE', #5810, #943, #2885 ) ;
#4089 = DIRECTION ( 'NONE',  ( -1.000000000000000000, -0.000000000000000000, -0.000000000000000000 ) ) ;
#4090 = CARTESIAN_POINT ( 'NONE',  ( 32.59999999999999432, -4.365952903884279479, -5.321604448520053765 ) ) ;
#4091 = CARTESIAN_POINT ( 'NONE',  ( 1.500000000000001554, 1.030637635557567044, 8.864943216164022033 ) ) ;
#4092 = DIRECTION ( 'NONE',  ( 0.000000000000000000, 0.000000000000000000, -1.000000000000000000 ) ) ;
#4093 = EDGE_LOOP ( 'NONE', ( #6106, #4318, #1054, #1379 ) ) ;
#4094 = ADVANCED_FACE ( 'NONE', ( #2827 ), #4428, .T. ) ;
#4095 = ORIENTED_EDGE ( 'NONE', *, *, #1169, .F. ) ;
#4096 = CARTESIAN_POINT ( 'NONE',  ( 22.10000000000000142, 6.803368632346540323E-15, -8.999999999999998224 ) ) ;
#4097 = CARTESIAN_POINT ( 'NONE',  ( 27.59999999999999787, 2.606424087848269178, -8.614322577793585012 ) ) ;
#4098 = EDGE_LOOP ( 'NONE', ( #4593, #6057, #1941, #421 ) ) ;
#4099 = VECTOR ( 'NONE', #3909, 1000.000000000000000 ) ;
#4100 = LINE ( 'NONE', #6090, #822 ) ;
#4101 = DIRECTION ( 'NONE',  ( -1.000000000000000000, -0.000000000000000000, -0.000000000000000000 ) ) ;
#4102 = DIRECTION ( 'NONE',  ( -1.000000000000000000, -0.000000000000000000, -0.000000000000000000 ) ) ;
#4103 = AXIS2_PLACEMENT_3D ( 'NONE', #173, #5499, #92 ) ;
#4104 = ORIENTED_EDGE ( 'NONE', *, *, #3364, .F. ) ;
#4105 = DIRECTION ( 'NONE',  ( 0.000000000000000000, 0.000000000000000000, -1.000000000000000000 ) ) ;
#4106 = DIRECTION ( 'NONE',  ( -1.000000000000000000, -0.000000000000000000, -0.000000000000000000 ) ) ;
#4107 = CARTESIAN_POINT ( 'NONE',  ( 13.80000000000000249, 2.400000000000006128, 4.599999999999996092 ) ) ;
#4108 = DIRECTION ( 'NONE',  ( -0.000000000000000000, 0.000000000000000000, 1.000000000000000000 ) ) ;
#4109 = DIRECTION ( 'NONE',  ( -1.000000000000000000, -0.000000000000000000, -0.000000000000000000 ) ) ;
#4110 = ORIENTED_EDGE ( 'NONE', *, *, #9, .T. ) ;
#4111 = EDGE_CURVE ( 'NONE', #2873, #1988, #3027, .T. ) ;
#4112 = FACE_OUTER_BOUND ( 'NONE', #1799, .T. ) ;
#4113 = DIRECTION ( 'NONE',  ( -1.000000000000000000, -0.000000000000000000, -0.000000000000000000 ) ) ;
#4114 = PLANE ( 'NONE',  #3719 ) ;
#4115 = EDGE_CURVE ( 'NONE', #5994, #2938, #4225, .T. ) ;
#4116 = AXIS2_PLACEMENT_3D ( 'NONE', #5429, #5490, #168 ) ;
#4117 = ORIENTED_EDGE ( 'NONE', *, *, #5486, .T. ) ;
#4118 = EDGE_CURVE ( 'NONE', #1497, #906, #5882, .T. ) ;
#4119 = VERTEX_POINT ( 'NONE', #4499 ) ;
#4120 = DIRECTION ( 'NONE',  ( -0.000000000000000000, 0.000000000000000000, 1.000000000000000000 ) ) ;
#4121 = EDGE_CURVE ( 'NONE', #1918, #680, #795, .T. ) ;
#4122 = EDGE_LOOP ( 'NONE', ( #3758, #4374 ) ) ;
#4123 = DIRECTION ( 'NONE',  ( 1.000000000000000000, 0.000000000000000000, 0.000000000000000000 ) ) ;
#4124 = DIRECTION ( 'NONE',  ( 0.000000000000000000, -0.000000000000000000, 1.000000000000000000 ) ) ;
#4125 = CYLINDRICAL_SURFACE ( 'NONE', #981, 7.000000000000000000 ) ;
#4126 = LINE ( 'NONE', #5496, #5068 ) ;
#4127 = ORIENTED_EDGE ( 'NONE', *, *, #1452, .T. ) ;
#4128 = EDGE_LOOP ( 'NONE', ( #3683, #4506, #5334, #2425 ) ) ;
#4129 = CARTESIAN_POINT ( 'NONE',  ( 36.59999999999999432, 1.030637635557567044, 3.864943216164022477 ) ) ;
#4130 = EDGE_CURVE ( 'NONE', #5835, #4080, #708, .T. ) ;
#4131 = CARTESIAN_POINT ( 'NONE',  ( 13.80000000000000249, 1.000000000000007772, 1.199999999999995737 ) ) ;
#4132 = VECTOR ( 'NONE', #2758, 1000.000000000000000 ) ;
#4133 = EDGE_LOOP ( 'NONE', ( #133, #4289, #5758, #5603 ) ) ;
#4134 = DIRECTION ( 'NONE',  ( -1.000000000000000000, -0.000000000000000000, -0.000000000000000000 ) ) ;
#4135 = PLANE ( 'NONE',  #638 ) ;
#4136 = CARTESIAN_POINT ( 'NONE',  ( 28.59999999999999787, 0.000000000000000000, 0.000000000000000000 ) ) ;
#4137 = CIRCLE ( 'NONE', #1647, 10.00000000000000178 ) ;
#4138 = CARTESIAN_POINT ( 'NONE',  ( 22.10000000000000142, 20.25000000000001066, 6.249999999999999112 ) ) ;
#4139 = EDGE_CURVE ( 'NONE', #1294, #5267, #1328, .T. ) ;
#4140 = DIRECTION ( 'NONE',  ( -1.000000000000000000, 0.000000000000000000, 0.000000000000000000 ) ) ;
#4141 = FACE_OUTER_BOUND ( 'NONE', #1267, .T. ) ;
#4142 = AXIS2_PLACEMENT_3D ( 'NONE', #3311, #736, #760 ) ;
#4143 = AXIS2_PLACEMENT_3D ( 'NONE', #2424, #4886, #2523 ) ;
#4144 = DIRECTION ( 'NONE',  ( 0.000000000000000000, -4.074853802630083799E-16, -1.000000000000000000 ) ) ;
#4145 = CARTESIAN_POINT ( 'NONE',  ( 8.225974270706696956, 29.50000000000001066, 0.000000000000000000 ) ) ;
#4146 = CIRCLE ( 'NONE', #4973, 9.000000000000000000 ) ;
#4147 = CARTESIAN_POINT ( 'NONE',  ( 22.10000000000000142, 23.75000000000000711, -6.250000000000000888 ) ) ;
#4148 = AXIS2_PLACEMENT_3D ( 'NONE', #746, #5675, #4736 ) ;
#4149 = VERTEX_POINT ( 'NONE', #2059 ) ;
#4150 = ORIENTED_EDGE ( 'NONE', *, *, #2412, .F. ) ;
#4151 = EDGE_LOOP ( 'NONE', ( #4486, #1663, #1925, #4942 ) ) ;
#4152 = VECTOR ( 'NONE', #1305, 1000.000000000000000 ) ;
#4153 = FILL_AREA_STYLE ('',( #4272 ) ) ;
#4154 = LINE ( 'NONE', #4207, #5143 ) ;
#4155 = ORIENTED_EDGE ( 'NONE', *, *, #2675, .F. ) ;
#4156 = FACE_OUTER_BOUND ( 'NONE', #2944, .T. ) ;
#4157 = CARTESIAN_POINT ( 'NONE',  ( 38.59999999999999432, -10.60302848086181804, -13.13818223212012626 ) ) ;
#4158 = CIRCLE ( 'NONE', #1349, 5.000000000000000000 ) ;
#4159 = EDGE_CURVE ( 'NONE', #2522, #2136, #6156, .T. ) ;
#4160 = CARTESIAN_POINT ( 'NONE',  ( 0.000000000000000000, 7.000000000000000000, -8.449999999999999289 ) ) ;
#4161 = DIRECTION ( 'NONE',  ( 0.000000000000000000, 0.000000000000000000, 1.000000000000000000 ) ) ;
#4162 = ORIENTED_EDGE ( 'NONE', *, *, #4564, .T. ) ;
#4163 = VECTOR ( 'NONE', #4813, 1000.000000000000000 ) ;
#4164 = EDGE_LOOP ( 'NONE', ( #5892, #3154, #2570, #112, #255, #375, #432, #2232 ) ) ;
#4165 = DIRECTION ( 'NONE',  ( 0.000000000000000000, 0.000000000000000000, -1.000000000000000000 ) ) ;
#4166 = CARTESIAN_POINT ( 'NONE',  ( 31.59999999999999787, 8.572527594031474176E-16, -6.850000000000002309 ) ) ;
#4167 = ADVANCED_FACE ( 'NONE', ( #5102 ), #5529, .F. ) ;
#4168 = DIRECTION ( 'NONE',  ( 1.000000000000000000, 0.000000000000000000, 0.000000000000000000 ) ) ;
#4169 = VECTOR ( 'NONE', #749, 1000.000000000000000 ) ;
#4170 = EDGE_LOOP ( 'NONE', ( #669, #3002, #2300, #2759, #3088, #984, #3402, #910, #3977 ) ) ;
#4171 = DIRECTION ( 'NONE',  ( 0.000000000000000000, 0.000000000000000000, -1.000000000000000000 ) ) ;
#4172 = LINE ( 'NONE', #5652, #6258 ) ;
#4173 = CARTESIAN_POINT ( 'NONE',  ( 34.60000000000000142, -2.762069023147044167, -6.931785952275177465 ) ) ;
#4174 = FACE_OUTER_BOUND ( 'NONE', #2377, .T. ) ;
#4175 = CARTESIAN_POINT ( 'NONE',  ( 39.59999999999999432, -4.365952903884278591, -5.321604448520052877 ) ) ;
#4176 = CYLINDRICAL_SURFACE ( 'NONE', #416, 5.000000000000000000 ) ;
#4177 = ORIENTED_EDGE ( 'NONE', *, *, #489, .T. ) ;
#4178 = VERTEX_POINT ( 'NONE', #4166 ) ;
#4179 = ORIENTED_EDGE ( 'NONE', *, *, #3670, .T. ) ;
#4180 = VERTEX_POINT ( 'NONE', #1194 ) ;
#4181 = LINE ( 'NONE', #6173, #1247 ) ;
#4182 = EDGE_CURVE ( 'NONE', #4274, #986, #4648, .T. ) ;
#4183 = FACE_OUTER_BOUND ( 'NONE', #6013, .T. ) ;
#4184 = DIRECTION ( 'NONE',  ( -1.000000000000000000, -0.000000000000000000, -0.000000000000000000 ) ) ;
#4185 = CARTESIAN_POINT ( 'NONE',  ( -40.70000000000000284, 7.000000000000006217, -4.999999999999995559 ) ) ;
#4186 = EDGE_CURVE ( 'NONE', #2400, #2184, #1223, .T. ) ;
#4187 = AXIS2_PLACEMENT_3D ( 'NONE', #1818, #2805, #6252 ) ;
#4188 = ORIENTED_EDGE ( 'NONE', *, *, #4186, .F. ) ;
#4189 = DIRECTION ( 'NONE',  ( 0.000000000000000000, 0.000000000000000000, -1.000000000000000000 ) ) ;
#4190 = CARTESIAN_POINT ( 'NONE',  ( 30.59999999999999432, 0.000000000000000000, 0.1499999999999999944 ) ) ;
#4191 = VERTEX_POINT ( 'NONE', #1572 ) ;
#4192 = CARTESIAN_POINT ( 'NONE',  ( -43.29999999999999716, 14.50000000000000355, 0.000000000000000000 ) ) ;
#4193 = EDGE_CURVE ( 'NONE', #5980, #4950, #5584, .T. ) ;
#4194 = ORIENTED_EDGE ( 'NONE', *, *, #5049, .T. ) ;
#4195 = CYLINDRICAL_SURFACE ( 'NONE', #4286, 7.000000000000000000 ) ;
#4196 = DIRECTION ( 'NONE',  ( 0.000000000000000000, -1.000000000000000000, -1.548860246407863583E-16 ) ) ;
#4197 = DIRECTION ( 'NONE',  ( 0.000000000000000000, -1.000000000000000000, 1.548860246407863829E-16 ) ) ;
#4198 = AXIS2_PLACEMENT_3D ( 'NONE', #3722, #4005, #1541 ) ;
#4199 = CIRCLE ( 'NONE', #2439, 10.00000000000000178 ) ;
#4200 = CARTESIAN_POINT ( 'NONE',  ( 22.10000000000000142, 2.400000000000006128, 2.899999999999995914 ) ) ;
#4201 = CARTESIAN_POINT ( 'NONE',  ( -52.69999999999999574, 0.000000000000000000, -4.999999999999993783 ) ) ;
#4202 = EDGE_CURVE ( 'NONE', #3915, #2742, #4137, .T. ) ;
#4203 = DIRECTION ( 'NONE',  ( -1.000000000000000000, -0.000000000000000000, -0.000000000000000000 ) ) ;
#4204 = EDGE_LOOP ( 'NONE', ( #2360, #2127, #6002, #5721 ) ) ;
#4205 = VECTOR ( 'NONE', #5367, 1000.000000000000000 ) ;
#4206 = ORIENTED_EDGE ( 'NONE', *, *, #1401, .F. ) ;
#4207 = CARTESIAN_POINT ( 'NONE',  ( 22.10000000000000142, 2.400000000000006128, 4.599999999999996092 ) ) ;
#4208 = ORIENTED_EDGE ( 'NONE', *, *, #1621, .T. ) ;
#4209 = DIRECTION ( 'NONE',  ( -1.000000000000000000, -0.000000000000000000, -0.000000000000000000 ) ) ;
#4210 = DIRECTION ( 'NONE',  ( -1.000000000000000000, -0.000000000000000000, -0.000000000000000000 ) ) ;
#4211 = CARTESIAN_POINT ( 'NONE',  ( 32.59999999999999432, -10.35047573531249654, 13.63583152989489911 ) ) ;
#4212 = CYLINDRICAL_SURFACE ( 'NONE', #6225, 5.000000000000000000 ) ;
#4213 = ORIENTED_EDGE ( 'NONE', *, *, #104, .T. ) ;
#4214 = DIRECTION ( 'NONE',  ( 0.000000000000000000, -1.000000000000000000, 0.000000000000000000 ) ) ;
#4215 = PLANE ( 'NONE',  #5385 ) ;
#4216 = VERTEX_POINT ( 'NONE', #4131 ) ;
#4217 = ORIENTED_EDGE ( 'NONE', *, *, #1974, .T. ) ;
#4218 = AXIS2_PLACEMENT_3D ( 'NONE', #4488, #5000, #3411 ) ;
#4219 = CARTESIAN_POINT ( 'NONE',  ( 30.59999999999999432, 8.572527594031474176E-16, -6.850000000000002309 ) ) ;
#4220 = EDGE_CURVE ( 'NONE', #4748, #4340, #901, .T. ) ;
#4221 = EDGE_LOOP ( 'NONE', ( #5256, #4730, #4843, #5040 ) ) ;
#4222 = CIRCLE ( 'NONE', #2677, 7.000000000000000888 ) ;
#4223 = CARTESIAN_POINT ( 'NONE',  ( -43.29999999999999716, 7.000000000000006217, 5.000000000000000000 ) ) ;
#4224 = CARTESIAN_POINT ( 'NONE',  ( -40.70000000000000284, 0.000000000000000000, -4.999999999999995559 ) ) ;
#4225 = CIRCLE ( 'NONE', #2250, 5.000000000000000000 ) ;
#4226 = ADVANCED_FACE ( 'NONE', ( #1072 ), #2572, .F. ) ;
#4227 = CARTESIAN_POINT ( 'NONE',  ( 13.60000000000000497, 26.00000000000001066, 0.000000000000000000 ) ) ;
#4228 = CYLINDRICAL_SURFACE ( 'NONE', #1002, 5.499999999999998224 ) ;
#4229 = AXIS2_PLACEMENT_3D ( 'NONE', #3672, #2639, #1076 ) ;
#4230 = ADVANCED_FACE ( 'NONE', ( #557 ), #679, .T. ) ;
#4231 = VECTOR ( 'NONE', #703, 1000.000000000000000 ) ;
#4232 = AXIS2_PLACEMENT_3D ( 'NONE', #5458, #1419, #1946 ) ;
#4233 = DIRECTION ( 'NONE',  ( 0.000000000000000000, 0.000000000000000000, -1.000000000000000000 ) ) ;
#4234 = DIRECTION ( 'NONE',  ( -1.000000000000000000, -0.000000000000000000, -0.000000000000000000 ) ) ;
#4235 = UNCERTAINTY_MEASURE_WITH_UNIT (LENGTH_MEASURE( 1.000000000000000082E-05 ), #5788, 'distance_accuracy_value', 'NONE');
#4236 = CARTESIAN_POINT ( 'NONE',  ( -50.70000000000000284, 5.500000000000000000, -4.999999999999992895 ) ) ;
#4237 = AXIS2_PLACEMENT_3D ( 'NONE', #3716, #4276, #2204 ) ;
#4238 = AXIS2_PLACEMENT_3D ( 'NONE', #5433, #4025, #2118 ) ;
#4239 = VERTEX_POINT ( 'NONE', #6088 ) ;
#4240 = CIRCLE ( 'NONE', #5398, 5.000000000000000000 ) ;
#4241 = ORIENTED_EDGE ( 'NONE', *, *, #3743, .F. ) ;
#4242 = CARTESIAN_POINT ( 'NONE',  ( 36.59999999999999432, 0.000000000000000000, 0.000000000000000000 ) ) ;
#4243 = DIRECTION ( 'NONE',  ( -1.000000000000000000, -0.000000000000000000, -0.000000000000000000 ) ) ;
#4244 = CARTESIAN_POINT ( 'NONE',  ( 41.60000000000000142, -10.60302848086181804, -13.13818223212012626 ) ) ;
#4245 = CARTESIAN_POINT ( 'NONE',  ( 30.59999999999999432, 0.000000000000000000, 7.150000000000002132 ) ) ;
#4246 = VECTOR ( 'NONE', #2067, 1000.000000000000000 ) ;
#4247 = CARTESIAN_POINT ( 'NONE',  ( 22.10000000000000142, 23.75000000000000711, -6.250000000000000888 ) ) ;
#4248 = ORIENTED_EDGE ( 'NONE', *, *, #3985, .T. ) ;
#4249 = ORIENTED_EDGE ( 'NONE', *, *, #2611, .F. ) ;
#4250 = EDGE_CURVE ( 'NONE', #4834, #3602, #3584, .T. ) ;
#4251 = CARTESIAN_POINT ( 'NONE',  ( 23.59999999999999432, 8.572527594031474176E-16, -6.850000000000002309 ) ) ;
#4252 = CIRCLE ( 'NONE', #3836, 7.000000000000000888 ) ;
#4253 = FACE_OUTER_BOUND ( 'NONE', #898, .T. ) ;
#4254 = ORIENTED_EDGE ( 'NONE', *, *, #425, .T. ) ;
#4255 = ORIENTED_EDGE ( 'NONE', *, *, #4523, .F. ) ;
#4256 = AXIS2_PLACEMENT_3D ( 'NONE', #3315, #37, #3895 ) ;
#4257 = DIRECTION ( 'NONE',  ( -1.000000000000000000, -0.000000000000000000, -0.000000000000000000 ) ) ;
#4258 =( GEOMETRIC_REPRESENTATION_CONTEXT ( 3 ) GLOBAL_UNCERTAINTY_ASSIGNED_CONTEXT ( ( #5544 ) ) GLOBAL_UNIT_ASSIGNED_CONTEXT ( ( #4502, #4982, #1045 ) ) REPRESENTATION_CONTEXT ( 'NONE', 'WORKASPACE' ) );
#4259 = DIRECTION ( 'NONE',  ( -0.000000000000000000, -0.000000000000000000, -1.000000000000000000 ) ) ;
#4260 = CARTESIAN_POINT ( 'NONE',  ( 22.10000000000000142, 29.50000000000000000, -7.999999999999996447 ) ) ;
#4261 = DIRECTION ( 'NONE',  ( -1.000000000000000000, -0.000000000000000000, -0.000000000000000000 ) ) ;
#4262 = DIRECTION ( 'NONE',  ( -0.000000000000000000, -0.000000000000000000, -1.000000000000000000 ) ) ;
#4263 = CARTESIAN_POINT ( 'NONE',  ( 41.60000000000000142, 1.030637635557567044, 8.864943216164022033 ) ) ;
#4264 = EDGE_CURVE ( 'NONE', #2605, #1531, #1099, .T. ) ;
#4265 = DIRECTION ( 'NONE',  ( 0.000000000000000000, -4.074853802630083306E-16, -1.000000000000000000 ) ) ;
#4266 = AXIS2_PLACEMENT_3D ( 'NONE', #4836, #5407, #1302 ) ;
#4267 = ADVANCED_FACE ( 'NONE', ( #2634 ), #3091, .T. ) ;
#4268 = CARTESIAN_POINT ( 'NONE',  ( 37.59999999999999432, 8.572527594031474176E-16, -6.850000000000002309 ) ) ;
#4269 = DIRECTION ( 'NONE',  ( 0.000000000000000000, 0.000000000000000000, -1.000000000000000000 ) ) ;
#4270 = EDGE_LOOP ( 'NONE', ( #80, #5291, #2175, #5782, #1438, #1166, #5968, #5130, #2395 ) ) ;
#4271 = ORIENTED_EDGE ( 'NONE', *, *, #5471, .T. ) ;
#4272 = FILL_AREA_STYLE_COLOUR ( '', #3937 ) ;
#4273 = CARTESIAN_POINT ( 'NONE',  ( -40.70000000000000284, 38.49999999999999289, 5.000000000000006217 ) ) ;
#4274 = VERTEX_POINT ( 'NONE', #4097 ) ;
#4275 = DIRECTION ( 'NONE',  ( 0.000000000000000000, 0.000000000000000000, -1.000000000000000000 ) ) ;
#4276 = DIRECTION ( 'NONE',  ( 1.000000000000000000, -0.000000000000000000, -0.000000000000000000 ) ) ;
#4277 = DIRECTION ( 'NONE',  ( 1.000000000000000000, 0.000000000000000000, 0.000000000000000000 ) ) ;
#4278 = VERTEX_POINT ( 'NONE', #3613 ) ;
#4279 = DIRECTION ( 'NONE',  ( -1.000000000000000000, -0.000000000000000000, -0.000000000000000000 ) ) ;
#4280 = AXIS2_PLACEMENT_3D ( 'NONE', #1272, #361, #1855 ) ;
#4281 = CARTESIAN_POINT ( 'NONE',  ( 21.59999999999999787, 2.606424087848269178, -8.614322577793585012 ) ) ;
#4282 = VERTEX_POINT ( 'NONE', #4618 ) ;
#4283 = ORIENTED_EDGE ( 'NONE', *, *, #1098, .F. ) ;
#4284 = CARTESIAN_POINT ( 'NONE',  ( 34.60000000000000142, 8.572527594031474176E-16, -6.850000000000002309 ) ) ;
#4285 = ORIENTED_EDGE ( 'NONE', *, *, #2625, .T. ) ;
#4286 = AXIS2_PLACEMENT_3D ( 'NONE', #6262, #5311, #6218 ) ;
#4287 = EDGE_LOOP ( 'NONE', ( #645, #2860, #2601, #6119 ) ) ;
#4288 = LINE ( 'NONE', #5274, #951 ) ;
#4289 = ORIENTED_EDGE ( 'NONE', *, *, #4718, .T. ) ;
#4290 = CARTESIAN_POINT ( 'NONE',  ( 28.59999999999999787, 1.030637635557567044, 3.864943216164022477 ) ) ;
#4291 = DIRECTION ( 'NONE',  ( 1.000000000000000000, 0.000000000000000000, 0.000000000000000000 ) ) ;
#4292 = CARTESIAN_POINT ( 'NONE',  ( 19.59999999999999787, 1.030637635557567044, 3.864943216164022477 ) ) ;
#4293 = VERTEX_POINT ( 'NONE', #5587 ) ;
#4294 = ORIENTED_EDGE ( 'NONE', *, *, #2171, .T. ) ;
#4295 = VECTOR ( 'NONE', #5281, 1000.000000000000000 ) ;
#4296 = LINE ( 'NONE', #3462, #2698 ) ;
#4297 = FACE_OUTER_BOUND ( 'NONE', #202, .T. ) ;
#4298 = ADVANCED_FACE ( 'NONE', ( #1135 ), #3127, .T. ) ;
#4299 = CARTESIAN_POINT ( 'NONE',  ( 18.59999999999999787, -2.762069023147044167, -6.931785952275177465 ) ) ;
#4300 = VERTEX_POINT ( 'NONE', #4281 ) ;
#4301 = DIRECTION ( 'NONE',  ( 0.000000000000000000, 0.000000000000000000, -1.000000000000000000 ) ) ;
#4302 = ORIENTED_EDGE ( 'NONE', *, *, #495, .T. ) ;
#4303 = VERTEX_POINT ( 'NONE', #242 ) ;
#4304 = CARTESIAN_POINT ( 'NONE',  ( 13.60000000000000497, 29.50000000000001066, 0.000000000000000000 ) ) ;
#4305 = AXIS2_PLACEMENT_3D ( 'NONE', #3152, #4586, #678 ) ;
#4306 = ORIENTED_EDGE ( 'NONE', *, *, #3521, .F. ) ;
#4307 = CARTESIAN_POINT ( 'NONE',  ( -0.002000000000002000178, 7.409113134841484549E-16, 6.049999999999999822 ) ) ;
#4308 = DIRECTION ( 'NONE',  ( 0.000000000000000000, 0.000000000000000000, 1.000000000000000000 ) ) ;
#4309 = CARTESIAN_POINT ( 'NONE',  ( 1.500000000000000000, -4.365952903884278591, -5.321604448520052877 ) ) ;
#4310 = EDGE_CURVE ( 'NONE', #4484, #971, #5777, .T. ) ;
#4311 = EDGE_CURVE ( 'NONE', #6109, #2591, #711, .T. ) ;
#4312 = ORIENTED_EDGE ( 'NONE', *, *, #435, .F. ) ;
#4313 = CARTESIAN_POINT ( 'NONE',  ( 1.500000000000000000, -4.261960596893379360, 5.702989453486133620 ) ) ;
#4314 = FACE_OUTER_BOUND ( 'NONE', #1457, .T. ) ;
#4315 = ORIENTED_EDGE ( 'NONE', *, *, #793, .F. ) ;
#4316 = VERTEX_POINT ( 'NONE', #3317 ) ;
#4317 = CARTESIAN_POINT ( 'NONE',  ( 35.60000000000000142, 0.000000000000000000, 7.150000000000002132 ) ) ;
#4318 = ORIENTED_EDGE ( 'NONE', *, *, #2741, .F. ) ;
#4319 = DIRECTION ( 'NONE',  ( 0.000000000000000000, 0.000000000000000000, 1.000000000000000000 ) ) ;
#4320 = ORIENTED_EDGE ( 'NONE', *, *, #4039, .T. ) ;
#4321 = ORIENTED_EDGE ( 'NONE', *, *, #4992, .F. ) ;
#4322 = CYLINDRICAL_SURFACE ( 'NONE', #1069, 10.00000000000000000 ) ;
#4323 = CIRCLE ( 'NONE', #1205, 5.000000000000000000 ) ;
#4324 = AXIS2_PLACEMENT_3D ( 'NONE', #1432, #945, #4910 ) ;
#4325 = CARTESIAN_POINT ( 'NONE',  ( 1.500000000000000000, -4.365952903884278591, -5.321604448520052877 ) ) ;
#4326 = DIRECTION ( 'NONE',  ( 0.000000000000000000, 0.000000000000000000, -1.000000000000000000 ) ) ;
#4327 = PLANE ( 'NONE',  #4947 ) ;
#4328 = ORIENTED_EDGE ( 'NONE', *, *, #5520, .T. ) ;
#4329 = EDGE_LOOP ( 'NONE', ( #2963, #386, #3294, #1817 ) ) ;
#4330 = DIRECTION ( 'NONE',  ( 1.000000000000000000, 0.000000000000000000, 0.000000000000000000 ) ) ;
#4331 = EDGE_CURVE ( 'NONE', #4451, #3405, #5674, .T. ) ;
#4332 = CIRCLE ( 'NONE', #1211, 5.000000000000000888 ) ;
#4333 = DIRECTION ( 'NONE',  ( 0.000000000000000000, 1.294569758191647155E-16, 1.000000000000000000 ) ) ;
#4334 = VECTOR ( 'NONE', #5682, 1000.000000000000000 ) ;
#4335 = ORIENTED_EDGE ( 'NONE', *, *, #4591, .F. ) ;
#4336 = AXIS2_PLACEMENT_3D ( 'NONE', #1644, #1148, #5118 ) ;
#4337 = ORIENTED_EDGE ( 'NONE', *, *, #1629, .F. ) ;
#4338 = DIRECTION ( 'NONE',  ( -1.000000000000000000, -0.000000000000000000, -0.000000000000000000 ) ) ;
#4339 = AXIS2_PLACEMENT_3D ( 'NONE', #5849, #6430, #2580 ) ;
#4340 = VERTEX_POINT ( 'NONE', #1325 ) ;
#4341 = DIRECTION ( 'NONE',  ( 0.000000000000000000, 0.000000000000000000, -1.000000000000000000 ) ) ;
#4342 = VECTOR ( 'NONE', #4530, 1000.000000000000000 ) ;
#4343 = CARTESIAN_POINT ( 'NONE',  ( 32.59999999999999432, 0.000000000000000000, 7.150000000000002132 ) ) ;
#4344 = EDGE_CURVE ( 'NONE', #5464, #6411, #1297, .T. ) ;
#4345 = AXIS2_PLACEMENT_3D ( 'NONE', #4157, #5002, #2050 ) ;
#4346 = AXIS2_PLACEMENT_3D ( 'NONE', #6012, #5097, #3548 ) ;
#4347 = AXIS2_PLACEMENT_3D ( 'NONE', #5370, #485, #2844 ) ;
#4348 = VERTEX_POINT ( 'NONE', #834 ) ;
#4349 = CARTESIAN_POINT ( 'NONE',  ( 41.60000000000000142, -10.35047573531249654, 13.63583152989489911 ) ) ;
#4350 = DIRECTION ( 'NONE',  ( 1.000000000000000000, 0.000000000000000000, 0.000000000000000000 ) ) ;
#4351 = ITEM_DEFINED_TRANSFORMATION ( 'NONE', 'NONE', #35,  #4477 ) ;
#4352 = CARTESIAN_POINT ( 'NONE',  ( 38.59999999999999432, 1.158410705710341659, -3.828587812352703956 ) ) ;
#4353 = EDGE_CURVE ( 'NONE', #4907, #915, #1017, .T. ) ;
#4354 = VECTOR ( 'NONE', #1517, 1000.000000000000000 ) ;
#4355 = VERTEX_POINT ( 'NONE', #2806 ) ;
#4356 = CARTESIAN_POINT ( 'NONE',  ( 1.500000000000000000, -4.365952903884278591, -5.321604448520052877 ) ) ;
#4357 = VERTEX_POINT ( 'NONE', #3286 ) ;
#4358 = SHAPE_REPRESENTATION ( 'fin_asm', ( #3336, #2793, #35 ), #6143 ) ;
#4359 = DIRECTION ( 'NONE',  ( 0.000000000000000000, 0.000000000000000000, -1.000000000000000000 ) ) ;
#4360 =( GEOMETRIC_REPRESENTATION_CONTEXT ( 3 ) GLOBAL_UNCERTAINTY_ASSIGNED_CONTEXT ( ( #4235 ) ) GLOBAL_UNIT_ASSIGNED_CONTEXT ( ( #5788, #5924, #3737 ) ) REPRESENTATION_CONTEXT ( 'NONE', 'WORKASPACE' ) );
#4361 = CARTESIAN_POINT ( 'NONE',  ( 13.80000000000000249, 8.100000000000003197, 7.450000000000001066 ) ) ;
#4362 = DIRECTION ( 'NONE',  ( -1.000000000000000000, -0.000000000000000000, -0.000000000000000000 ) ) ;
#4363 = CIRCLE ( 'NONE', #4670, 7.000000000000000888 ) ;
#4364 = ORIENTED_EDGE ( 'NONE', *, *, #4905, .F. ) ;
#4365 = ADVANCED_FACE ( 'NONE', ( #4314 ), #4798, .F. ) ;
#4366 = VERTEX_POINT ( 'NONE', #6318 ) ;
#4367 = AXIS2_PLACEMENT_3D ( 'NONE', #6332, #3800, #4716 ) ;
#4368 = CARTESIAN_POINT ( 'NONE',  ( 0.000000000000000000, 0.000000000000000000, 0.000000000000000000 ) ) ;
#4369 = FACE_OUTER_BOUND ( 'NONE', #1583, .T. ) ;
#4370 = ORIENTED_EDGE ( 'NONE', *, *, #2862, .T. ) ;
#4371 = LINE ( 'NONE', #2289, #4099 ) ;
#4372 = LINE ( 'NONE', #2712, #2074 ) ;
#4373 = ORIENTED_EDGE ( 'NONE', *, *, #5877, .F. ) ;
#4374 = ORIENTED_EDGE ( 'NONE', *, *, #2347, .F. ) ;
#4375 = FACE_OUTER_BOUND ( 'NONE', #1683, .T. ) ;
#4376 = ORIENTED_EDGE ( 'NONE', *, *, #534, .F. ) ;
#4377 = CARTESIAN_POINT ( 'NONE',  ( 13.80000000000000249, 8.100000000000003197, 7.450000000000001066 ) ) ;
#4378 = LINE ( 'NONE', #1880, #300 ) ;
#4379 = ORIENTED_EDGE ( 'NONE', *, *, #5767, .T. ) ;
#4380 = ADVANCED_FACE ( 'NONE', ( #799 ), #1848, .F. ) ;
#4381 = DIRECTION ( 'NONE',  ( 1.000000000000000000, -0.000000000000000000, -0.000000000000000000 ) ) ;
#4382 = VERTEX_POINT ( 'NONE', #3756 ) ;
#4383 = DIRECTION ( 'NONE',  ( 0.000000000000000000, -1.162264728904460753E-14, -1.000000000000000000 ) ) ;
#4384 = PLANE ( 'NONE',  #5886 ) ;
#4385 = VERTEX_POINT ( 'NONE', #2778 ) ;
#4386 = LINE ( 'NONE', #6353, #4132 ) ;
#4387 = EDGE_CURVE ( 'NONE', #5220, #3394, #1266, .T. ) ;
#4388 = EDGE_CURVE ( 'NONE', #5764, #2542, #6253, .T. ) ;
#4389 = LINE ( 'NONE', #6387, #501 ) ;
#4390 = PRODUCT_DEFINITION_SHAPE ( 'NONE', 'NONE',  #1920 ) ;
#4391 = DIRECTION ( 'NONE',  ( 0.000000000000000000, 0.000000000000000000, 1.000000000000000000 ) ) ;
#4392 = ORIENTED_EDGE ( 'NONE', *, *, #2872, .F. ) ;
#4393 = ORIENTED_EDGE ( 'NONE', *, *, #4264, .T. ) ;
#4394 = DIRECTION ( 'NONE',  ( 0.000000000000000000, -1.000000000000000000, 0.000000000000000000 ) ) ;
#4395 = LINE ( 'NONE', #5246, #6072 ) ;
#4396 = AXIS2_PLACEMENT_3D ( 'NONE', #2668, #1047, #3035 ) ;
#4397 = CARTESIAN_POINT ( 'NONE',  ( 18.59999999999999787, 2.318934680004526516, 8.696122236369051350 ) ) ;
#4398 = EDGE_CURVE ( 'NONE', #6109, #326, #802, .T. ) ;
#4399 = VERTEX_POINT ( 'NONE', #3210 ) ;
#4400 = EDGE_CURVE ( 'NONE', #4887, #5067, #2692, .T. ) ;
#4401 = EDGE_LOOP ( 'NONE', ( #2732, #3944, #5323, #5519 ) ) ;
#4402 = AXIS2_PLACEMENT_3D ( 'NONE', #5275, #3761, #4739 ) ;
#4403 = EDGE_CURVE ( 'NONE', #5453, #4675, #3309, .T. ) ;
#4404 = DIRECTION ( 'NONE',  ( -1.000000000000000000, -0.000000000000000000, -0.000000000000000000 ) ) ;
#4405 = EDGE_LOOP ( 'NONE', ( #203, #5804, #785, #4885 ) ) ;
#4406 = AXIS2_PLACEMENT_3D ( 'NONE', #1744, #786, #1251 ) ;
#4407 = DIRECTION ( 'NONE',  ( -1.000000000000000000, -0.000000000000000000, -0.000000000000000000 ) ) ;
#4408 = VERTEX_POINT ( 'NONE', #2715 ) ;
#4409 = ORIENTED_EDGE ( 'NONE', *, *, #1849, .T. ) ;
#4410 = CARTESIAN_POINT ( 'NONE',  ( 32.59999999999999432, 1.158410705710341659, -3.828587812352703956 ) ) ;
#4411 = ORIENTED_EDGE ( 'NONE', *, *, #2991, .T. ) ;
#4412 = FACE_OUTER_BOUND ( 'NONE', #2519, .T. ) ;
#4413 = VECTOR ( 'NONE', #4319, 1000.000000000000000 ) ;
#4414 = DIRECTION ( 'NONE',  ( 0.000000000000000000, 0.000000000000000000, -1.000000000000000000 ) ) ;
#4415 = EDGE_CURVE ( 'NONE', #5380, #6073, #266, .T. ) ;
#4416 = ORIENTED_EDGE ( 'NONE', *, *, #4400, .T. ) ;
#4417 = AXIS2_PLACEMENT_3D ( 'NONE', #4430, #5774, #1955 ) ;
#4418 = ORIENTED_EDGE ( 'NONE', *, *, #5314, .F. ) ;
#4419 = FACE_OUTER_BOUND ( 'NONE', #2830, .T. ) ;
#4420 = DIRECTION ( 'NONE',  ( 0.000000000000000000, 0.000000000000000000, 1.000000000000000000 ) ) ;
#4421 = AXIS2_PLACEMENT_3D ( 'NONE', #4304, #1934, #957 ) ;
#4422 = PRODUCT_CONTEXT ( 'NONE', #2291, 'mechanical' ) ;
#4423 = CARTESIAN_POINT ( 'NONE',  ( 13.80000000000000249, 8.099999999999999645, -7.450000000000001066 ) ) ;
#4424 = ORIENTED_EDGE ( 'NONE', *, *, #4763, .T. ) ;
#4425 = DIRECTION ( 'NONE',  ( 0.000000000000000000, 0.000000000000000000, 1.000000000000000000 ) ) ;
#4426 = EDGE_LOOP ( 'NONE', ( #2173, #5381, #5791, #2110 ) ) ;
#4427 = DIRECTION ( 'NONE',  ( 0.000000000000000000, 0.000000000000000000, -1.000000000000000000 ) ) ;
#4428 = PLANE ( 'NONE',  #3910 ) ;
#4429 = CYLINDRICAL_SURFACE ( 'NONE', #3159, 5.000000000000000000 ) ;
#4430 = CARTESIAN_POINT ( 'NONE',  ( 40.59999999999999432, 0.000000000000000000, 0.1499999999999999944 ) ) ;
#4431 = LINE ( 'NONE', #3028, #1875 ) ;
#4432 = CARTESIAN_POINT ( 'NONE',  ( 33.60000000000000142, -4.365952903884278591, -5.321604448520052877 ) ) ;
#4433 = VERTEX_POINT ( 'NONE', #2234 ) ;
#4434 = EDGE_LOOP ( 'NONE', ( #4478, #543, #1648, #6401, #5575 ) ) ;
#4435 = CARTESIAN_POINT ( 'NONE',  ( 0.000000000000000000, 0.000000000000000000, 0.000000000000000000 ) ) ;
#4436 = CARTESIAN_POINT ( 'NONE',  ( 1.500000000000000000, 0.000000000000000000, -6.049999999999999822 ) ) ;
#4437 = ADVANCED_FACE ( 'NONE', ( #292, #324 ), #4215, .T. ) ;
#4438 = VERTEX_POINT ( 'NONE', #2265 ) ;
#4439 = CIRCLE ( 'NONE', #3181, 10.00000000000000000 ) ;
#4440 = CARTESIAN_POINT ( 'NONE',  ( 20.59999999999999787, 8.572527594031474176E-16, -6.850000000000002309 ) ) ;
#4441 = EDGE_LOOP ( 'NONE', ( #4630, #4150, #3454, #2935 ) ) ;
#4442 = ORIENTED_EDGE ( 'NONE', *, *, #740, .T. ) ;
#4443 = CARTESIAN_POINT ( 'NONE',  ( 41.60000000000000142, 1.158410705710341659, -3.828587812352703956 ) ) ;
#4444 = CARTESIAN_POINT ( 'NONE',  ( 37.59999999999999432, -10.60302848086181804, -13.13818223212012626 ) ) ;
#4445 = VECTOR ( 'NONE', #4621, 1000.000000000000000 ) ;
#4446 = CARTESIAN_POINT ( 'NONE',  ( 1.500000000000000000, -4.261960596893379360, 5.702989453486133620 ) ) ;
#4447 = AXIS2_PLACEMENT_3D ( 'NONE', #1469, #3458, #5437 ) ;
#4448 = ADVANCED_FACE ( 'NONE', ( #4253 ), #1494, .F. ) ;
#4449 = VERTEX_POINT ( 'NONE', #1462 ) ;
#4450 = CIRCLE ( 'NONE', #2482, 9.000000000000000000 ) ;
#4451 = VERTEX_POINT ( 'NONE', #2019 ) ;
#4452 = CARTESIAN_POINT ( 'NONE',  ( 1.500000000000000000, 0.000000000000000000, 4.000000000000000000 ) ) ;
#4453 = CARTESIAN_POINT ( 'NONE',  ( 31.59999999999999787, -2.763066821399118744, 7.121905987407648020 ) ) ;
#4454 = EDGE_LOOP ( 'NONE', ( #855, #5821, #3687, #6236 ) ) ;
#4455 = VECTOR ( 'NONE', #6203, 1000.000000000000000 ) ;
#4456 = DIRECTION ( 'NONE',  ( -1.000000000000000000, -0.000000000000000000, -0.000000000000000000 ) ) ;
#4457 = DIRECTION ( 'NONE',  ( 1.000000000000000000, 0.000000000000000000, 0.000000000000000000 ) ) ;
#4458 = VECTOR ( 'NONE', #628, 1000.000000000000000 ) ;
#4459 = ORIENTED_EDGE ( 'NONE', *, *, #2018, .T. ) ;
#4460 = CARTESIAN_POINT ( 'NONE',  ( -39.69999999999999574, 7.000000000000006217, 5.000000000000000000 ) ) ;
#4461 = CIRCLE ( 'NONE', #1657, 1.749999999999998002 ) ;
#4462 = AXIS2_PLACEMENT_3D ( 'NONE', #3995, #6115, #4092 ) ;
#4463 = CARTESIAN_POINT ( 'NONE',  ( -52.69999999999999574, 5.500000000000000000, 24.72882059609970895 ) ) ;
#4464 = AXIS2_PLACEMENT_3D ( 'NONE', #26, #3920, #4871 ) ;
#4465 = CARTESIAN_POINT ( 'NONE',  ( -43.29999999999999716, 7.000000000000006217, -5.000000000000000000 ) ) ;
#4466 = LINE ( 'NONE', #2000, #5999 ) ;
#4467 = ORIENTED_EDGE ( 'NONE', *, *, #1036, .F. ) ;
#4468 = VECTOR ( 'NONE', #4197, 1000.000000000000000 ) ;
#4469 = ORIENTED_EDGE ( 'NONE', *, *, #4069, .T. ) ;
#4470 = VECTOR ( 'NONE', #649, 1000.000000000000000 ) ;
#4471 = CARTESIAN_POINT ( 'NONE',  ( 40.59999999999999432, -2.762069023147044167, -6.931785952275177465 ) ) ;
#4472 = ORIENTED_EDGE ( 'NONE', *, *, #6154, .F. ) ;
#4473 = EDGE_CURVE ( 'NONE', #5388, #4804, #1883, .T. ) ;
#4474 = DIRECTION ( 'NONE',  ( 1.000000000000000000, 0.000000000000000000, 0.000000000000000000 ) ) ;
#4475 = ORIENTED_EDGE ( 'NONE', *, *, #6272, .F. ) ;
#4476 = ORIENTED_EDGE ( 'NONE', *, *, #4706, .T. ) ;
#4477 = AXIS2_PLACEMENT_3D ( 'NONE', #4004, #3972, #530 ) ;
#4478 = ORIENTED_EDGE ( 'NONE', *, *, #998, .F. ) ;
#4479 = CIRCLE ( 'NONE', #3339, 5.000000000000000888 ) ;
#4480 = DIRECTION ( 'NONE',  ( 0.000000000000000000, 0.000000000000000000, -1.000000000000000000 ) ) ;
#4481 = DIRECTION ( 'NONE',  ( 0.000000000000000000, 0.000000000000000000, -1.000000000000000000 ) ) ;
#4482 = CARTESIAN_POINT ( 'NONE',  ( 24.10000000000000497, 7.099999999999999645, -9.000000000000001776 ) ) ;
#4483 = EDGE_CURVE ( 'NONE', #2089, #5268, #3704, .T. ) ;
#4484 = VERTEX_POINT ( 'NONE', #2878 ) ;
#4485 = LINE ( 'NONE', #1455, #5537 ) ;
#4486 = ORIENTED_EDGE ( 'NONE', *, *, #1532, .F. ) ;
#4487 = DIRECTION ( 'NONE',  ( 0.000000000000000000, 0.000000000000000000, -1.000000000000000000 ) ) ;
#4488 = CARTESIAN_POINT ( 'NONE',  ( -47.19999999999999574, 5.500000000000000000, -4.999999999999993783 ) ) ;
#4489 = DIRECTION ( 'NONE',  ( 0.000000000000000000, -1.000000000000000000, 0.000000000000000000 ) ) ;
#4490 = CARTESIAN_POINT ( 'NONE',  ( -43.29999999999999716, 14.50000000000000355, -5.000000000000000000 ) ) ;
#4491 = AXIS2_PLACEMENT_3D ( 'NONE', #3131, #5110, #1698 ) ;
#4492 = ORIENTED_EDGE ( 'NONE', *, *, #2791, .F. ) ;
#4493 = CYLINDRICAL_SURFACE ( 'NONE', #260, 9.000000000000000000 ) ;
#4494 = LINE ( 'NONE', #2919, #3109 ) ;
#4495 = DIRECTION ( 'NONE',  ( 0.000000000000000000, 0.000000000000000000, -1.000000000000000000 ) ) ;
#4496 = VERTEX_POINT ( 'NONE', #3482 ) ;
#4497 = ORIENTED_EDGE ( 'NONE', *, *, #2512, .F. ) ;
#4498 = CARTESIAN_POINT ( 'NONE',  ( 1.500000000000000000, 8.572527594031473190E-16, -6.850000000000000533 ) ) ;
#4499 = CARTESIAN_POINT ( 'NONE',  ( -43.29999999999999716, 9.378143885933059920, -2.699999999999995293 ) ) ;
#4500 = CARTESIAN_POINT ( 'NONE',  ( 25.59999999999999787, 0.000000000000000000, 0.1499999999999999944 ) ) ;
#4501 = VERTEX_POINT ( 'NONE', #4490 ) ;
#4502 =( LENGTH_UNIT ( ) NAMED_UNIT ( * ) SI_UNIT ( .MILLI., .METRE. ) );
#4503 = AXIS2_PLACEMENT_3D ( 'NONE', #683, #3591, #5139 ) ;
#4504 = CARTESIAN_POINT ( 'NONE',  ( 19.59999999999999787, 1.030637635557567044, 8.864943216164022033 ) ) ;
#4505 = DIRECTION ( 'NONE',  ( -1.000000000000000000, -0.000000000000000000, -0.000000000000000000 ) ) ;
#4506 = ORIENTED_EDGE ( 'NONE', *, *, #852, .T. ) ;
#4507 = CARTESIAN_POINT ( 'NONE',  ( 36.59999999999999432, -2.762069023147044167, -6.931785952275177465 ) ) ;
#4508 = ORIENTED_EDGE ( 'NONE', *, *, #6358, .T. ) ;
#4509 =( NAMED_UNIT ( * ) PLANE_ANGLE_UNIT ( ) SI_UNIT ( $, .RADIAN. ) );
#4510 = EDGE_CURVE ( 'NONE', #1598, #2799, #1390, .T. ) ;
#4511 = ADVANCED_FACE ( 'NONE', ( #3349 ), #4384, .F. ) ;
#4512 = DIRECTION ( 'NONE',  ( 0.000000000000000000, 0.000000000000000000, -1.000000000000000000 ) ) ;
#4513 = EDGE_CURVE ( 'NONE', #3923, #1622, #607, .T. ) ;
#4514 = CARTESIAN_POINT ( 'NONE',  ( 8.225974270706696956, 29.50000000000001066, 0.000000000000000000 ) ) ;
#4515 = CIRCLE ( 'NONE', #1703, 4.000000000000000000 ) ;
#4516 = ORIENTED_EDGE ( 'NONE', *, *, #2409, .T. ) ;
#4517 = VECTOR ( 'NONE', #4171, 1000.000000000000000 ) ;
#4518 = ORIENTED_EDGE ( 'NONE', *, *, #394, .T. ) ;
#4519 = LINE ( 'NONE', #4021, #228 ) ;
#4520 = DIRECTION ( 'NONE',  ( -1.000000000000000000, -0.000000000000000000, -0.000000000000000000 ) ) ;
#4521 = EDGE_CURVE ( 'NONE', #3539, #445, #5368, .T. ) ;
#4522 = CARTESIAN_POINT ( 'NONE',  ( 25.59999999999999787, 1.030637635557567044, 8.864943216164022033 ) ) ;
#4523 = EDGE_CURVE ( 'NONE', #3923, #2105, #3520, .T. ) ;
#4524 = CARTESIAN_POINT ( 'NONE',  ( 26.59999999999999787, -10.35047573531249654, 13.63583152989489911 ) ) ;
#4525 = VECTOR ( 'NONE', #5296, 1000.000000000000000 ) ;
#4526 = DIRECTION ( 'NONE',  ( 0.000000000000000000, 0.000000000000000000, -1.000000000000000000 ) ) ;
#4527 = ORIENTED_EDGE ( 'NONE', *, *, #2550, .F. ) ;
#4528 = AXIS2_PLACEMENT_3D ( 'NONE', #5063, #1164, #204 ) ;
#4529 = DIRECTION ( 'NONE',  ( -1.000000000000000000, -0.000000000000000000, -0.000000000000000000 ) ) ;
#4530 = DIRECTION ( 'NONE',  ( 0.000000000000000000, 1.000000000000000000, 0.000000000000000000 ) ) ;
#4531 = CYLINDRICAL_SURFACE ( 'NONE', #1035, 7.000000000000000000 ) ;
#4532 = DIRECTION ( 'NONE',  ( 1.000000000000000000, 0.000000000000000000, 0.000000000000000000 ) ) ;
#4533 = ADVANCED_BREP_SHAPE_REPRESENTATION ( '', ( #1904, #4477 ), #4258 ) ;
#4534 = DIRECTION ( 'NONE',  ( -1.000000000000000000, 0.000000000000000000, 0.000000000000000000 ) ) ;
#4535 = DIRECTION ( 'NONE',  ( 0.000000000000000000, 0.000000000000000000, -1.000000000000000000 ) ) ;
#4536 = FACE_OUTER_BOUND ( 'NONE', #3049, .T. ) ;
#4537 = EDGE_LOOP ( 'NONE', ( #1957, #5826, #3012, #1433 ) ) ;
#4538 = CARTESIAN_POINT ( 'NONE',  ( 0.000000000000000000, 7.099999999999999645, -9.000000000000001776 ) ) ;
#4539 = VERTEX_POINT ( 'NONE', #4453 ) ;
#4540 = DIRECTION ( 'NONE',  ( -1.000000000000000000, -0.000000000000000000, -0.000000000000000000 ) ) ;
#4541 = CYLINDRICAL_SURFACE ( 'NONE', #4754, 5.000000000000000000 ) ;
#4542 = ORIENTED_EDGE ( 'NONE', *, *, #5396, .T. ) ;
#4543 = VERTEX_POINT ( 'NONE', #3452 ) ;
#4544 = VERTEX_POINT ( 'NONE', #3413 ) ;
#4545 = DIRECTION ( 'NONE',  ( 0.000000000000000000, -0.000000000000000000, -1.000000000000000000 ) ) ;
#4546 = CIRCLE ( 'NONE', #3302, 5.000000000000000000 ) ;
#4547 = CARTESIAN_POINT ( 'NONE',  ( 25.59999999999999787, -10.60302848086181804, -13.13818223212012626 ) ) ;
#4548 = EDGE_CURVE ( 'NONE', #3198, #4191, #5402, .T. ) ;
#4549 = DIRECTION ( 'NONE',  ( -1.000000000000000000, -0.000000000000000000, -0.000000000000000000 ) ) ;
#4550 = DIRECTION ( 'NONE',  ( -1.000000000000000000, -0.000000000000000000, -0.000000000000000000 ) ) ;
#4551 = AXIS2_PLACEMENT_3D ( 'NONE', #6351, #3857, #424 ) ;
#4552 = ORIENTED_EDGE ( 'NONE', *, *, #5812, .T. ) ;
#4553 = ADVANCED_FACE ( 'NONE', ( #5865 ), #2842, .F. ) ;
#4554 = DIRECTION ( 'NONE',  ( 0.000000000000000000, 0.000000000000000000, -1.000000000000000000 ) ) ;
#4555 = DIRECTION ( 'NONE',  ( -1.000000000000000000, -0.000000000000000000, -0.000000000000000000 ) ) ;
#4556 = CIRCLE ( 'NONE', #4142, 5.499999999999998224 ) ;
#4557 = ORIENTED_EDGE ( 'NONE', *, *, #5141, .F. ) ;
#4558 = CARTESIAN_POINT ( 'NONE',  ( 8.225974270706696956, 29.50000000000001066, 7.000000000000002665 ) ) ;
#4559 = CARTESIAN_POINT ( 'NONE',  ( 36.59999999999999432, -10.35047573531249654, 13.63583152989489911 ) ) ;
#4560 = DIRECTION ( 'NONE',  ( 0.000000000000000000, 0.000000000000000000, -1.000000000000000000 ) ) ;
#4561 = EDGE_CURVE ( 'NONE', #2079, #2089, #5175, .T. ) ;
#4562 = CIRCLE ( 'NONE', #5399, 1.749999999999998890 ) ;
#4563 = LINE ( 'NONE', #2191, #4517 ) ;
#4564 = EDGE_CURVE ( 'NONE', #1609, #3505, #5938, .T. ) ;
#4565 = DIRECTION ( 'NONE',  ( 1.000000000000000000, 0.000000000000000000, 0.000000000000000000 ) ) ;
#4566 = ORIENTED_EDGE ( 'NONE', *, *, #4831, .T. ) ;
#4567 = CIRCLE ( 'NONE', #126, 7.000000000000000888 ) ;
#4568 = DIRECTION ( 'NONE',  ( 0.000000000000000000, -0.000000000000000000, 1.000000000000000000 ) ) ;
#4569 = EDGE_LOOP ( 'NONE', ( #637, #3493 ) ) ;
#4570 = AXIS2_PLACEMENT_3D ( 'NONE', #2521, #5990, #566 ) ;
#4571 = LINE ( 'NONE', #5568, #896 ) ;
#4572 = DIRECTION ( 'NONE',  ( -1.000000000000000000, -0.000000000000000000, -0.000000000000000000 ) ) ;
#4573 = VERTEX_POINT ( 'NONE', #6384 ) ;
#4574 = EDGE_CURVE ( 'NONE', #4901, #6412, #4450, .T. ) ;
#4575 = AXIS2_PLACEMENT_3D ( 'NONE', #1536, #1073, #3063 ) ;
#4576 = ORIENTED_EDGE ( 'NONE', *, *, #3814, .T. ) ;
#4577 = ORIENTED_EDGE ( 'NONE', *, *, #2092, .T. ) ;
#4578 = ORIENTED_EDGE ( 'NONE', *, *, #2356, .T. ) ;
#4579 = DIRECTION ( 'NONE',  ( 1.000000000000000000, -0.000000000000000000, -0.000000000000000000 ) ) ;
#4580 = AXIS2_PLACEMENT_3D ( 'NONE', #275, #5213, #4233 ) ;
#4581 = CYLINDRICAL_SURFACE ( 'NONE', #1961, 6.049999999999999822 ) ;
#4582 = DIRECTION ( 'NONE',  ( 0.000000000000000000, 0.000000000000000000, -1.000000000000000000 ) ) ;
#4583 = CARTESIAN_POINT ( 'NONE',  ( 18.59999999999999787, 2.318934680004526960, 8.696122236369053127 ) ) ;
#4584 = ORIENTED_EDGE ( 'NONE', *, *, #2095, .T. ) ;
#4585 = ORIENTED_EDGE ( 'NONE', *, *, #1733, .T. ) ;
#4586 = DIRECTION ( 'NONE',  ( -0.000000000000000000, -0.000000000000000000, -1.000000000000000000 ) ) ;
#4587 = DIRECTION ( 'NONE',  ( -1.000000000000000000, -0.000000000000000000, -0.000000000000000000 ) ) ;
#4588 = VERTEX_POINT ( 'NONE', #997 ) ;
#4589 = PRODUCT_DEFINITION ( 'UNKNOWN', '', #4990, #2167 ) ;
#4590 = DIRECTION ( 'NONE',  ( 0.000000000000000000, 0.000000000000000000, -1.000000000000000000 ) ) ;
#4591 = EDGE_CURVE ( 'NONE', #4355, #2426, #2948, .T. ) ;
#4592 = DIRECTION ( 'NONE',  ( -1.000000000000000000, -5.782411586589351722E-16, 0.000000000000000000 ) ) ;
#4593 = ORIENTED_EDGE ( 'NONE', *, *, #235, .F. ) ;
#4594 = CARTESIAN_POINT ( 'NONE',  ( 35.60000000000000142, -10.35047573531249654, 13.63583152989489911 ) ) ;
#4595 = DIRECTION ( 'NONE',  ( -1.000000000000000000, -1.504111723692325477E-16, 0.000000000000000000 ) ) ;
#4596 = EDGE_CURVE ( 'NONE', #2207, #3611, #4900, .T. ) ;
#4597 = ADVANCED_FACE ( 'NONE', ( #2437 ), #4930, .F. ) ;
#4598 = DIRECTION ( 'NONE',  ( -1.000000000000000000, -0.000000000000000000, -0.000000000000000000 ) ) ;
#4599 = ORIENTED_EDGE ( 'NONE', *, *, #3441, .T. ) ;
#4600 = ADVANCED_FACE ( 'NONE', ( #3017, #5125 ), #6113, .T. ) ;
#4601 = PLANE ( 'NONE',  #2373 ) ;
#4602 = EDGE_LOOP ( 'NONE', ( #4770, #4104 ) ) ;
#4603 = CARTESIAN_POINT ( 'NONE',  ( 13.80000000000000249, 1.000000000000000444, -7.450000000000001066 ) ) ;
#4604 = CIRCLE ( 'NONE', #2309, 7.000000000000000888 ) ;
#4605 = CYLINDRICAL_SURFACE ( 'NONE', #1259, 5.000000000000000000 ) ;
#4606 = CARTESIAN_POINT ( 'NONE',  ( 13.80000000000000249, 1.000000000000007550, 4.599999999999995204 ) ) ;
#4607 = EDGE_LOOP ( 'NONE', ( #3964, #5687, #4019, #4337 ) ) ;
#4608 = CIRCLE ( 'NONE', #5830, 7.000000000000000888 ) ;
#4609 = ORIENTED_EDGE ( 'NONE', *, *, #341, .F. ) ;
#4610 = EDGE_LOOP ( 'NONE', ( #3177, #6342, #1128, #1407 ) ) ;
#4611 = CARTESIAN_POINT ( 'NONE',  ( 29.04974746830583499, 2.400000000000006128, 4.599999999999996092 ) ) ;
#4612 = EDGE_CURVE ( 'NONE', #6144, #3629, #6124, .T. ) ;
#4613 = CARTESIAN_POINT ( 'NONE',  ( 34.60000000000000142, 1.030637635557567044, 3.864943216164022477 ) ) ;
#4614 = CARTESIAN_POINT ( 'NONE',  ( 22.10000000000000142, 7.100000000000003197, 8.999999999999998224 ) ) ;
#4615 = EDGE_LOOP ( 'NONE', ( #5546, #5330, #3954, #2043 ) ) ;
#4616 = ORIENTED_EDGE ( 'NONE', *, *, #1279, .F. ) ;
#4617 = DIRECTION ( 'NONE',  ( 0.000000000000000000, 0.000000000000000000, -1.000000000000000000 ) ) ;
#4618 = CARTESIAN_POINT ( 'NONE',  ( 18.59999999999999787, 2.606424087848269178, -8.614322577793585012 ) ) ;
#4619 = VECTOR ( 'NONE', #843, 1000.000000000000000 ) ;
#4620 = DIRECTION ( 'NONE',  ( 0.000000000000000000, 0.000000000000000000, -1.000000000000000000 ) ) ;
#4621 = DIRECTION ( 'NONE',  ( 0.000000000000000000, 0.000000000000000000, -1.000000000000000000 ) ) ;
#4622 = LINE ( 'NONE', #6092, #5227 ) ;
#4623 = FACE_BOUND ( 'NONE', #4569, .T. ) ;
#4624 = ORIENTED_EDGE ( 'NONE', *, *, #4867, .T. ) ;
#4625 = AXIS2_PLACEMENT_3D ( 'NONE', #928, #5829, #996 ) ;
#4626 = CARTESIAN_POINT ( 'NONE',  ( 1.500000000000002220, -2.763066821399118744, 7.121905987407648020 ) ) ;
#4627 = EDGE_CURVE ( 'NONE', #2105, #1434, #3313, .T. ) ;
#4628 = LINE ( 'NONE', #2703, #1321 ) ;
#4629 = FACE_OUTER_BOUND ( 'NONE', #4434, .T. ) ;
#4630 = ORIENTED_EDGE ( 'NONE', *, *, #4344, .F. ) ;
#4631 = ORIENTED_EDGE ( 'NONE', *, *, #6084, .T. ) ;
#4632 = CARTESIAN_POINT ( 'NONE',  ( 13.80000000000000249, 8.100000000000003197, 7.450000000000001066 ) ) ;
#4633 = CARTESIAN_POINT ( 'NONE',  ( 26.59999999999999787, -2.762069023147044167, -6.931785952275177465 ) ) ;
#4634 = DIRECTION ( 'NONE',  ( 0.000000000000000000, 0.000000000000000000, 1.000000000000000000 ) ) ;
#4635 = CARTESIAN_POINT ( 'NONE',  ( 23.59999999999999432, 0.000000000000000000, 0.1499999999999999944 ) ) ;
#4636 = DIRECTION ( 'NONE',  ( 0.000000000000000000, 0.000000000000000000, -1.000000000000000000 ) ) ;
#4637 = ORIENTED_EDGE ( 'NONE', *, *, #5896, .T. ) ;
#4638 = ADVANCED_FACE ( 'NONE', ( #4023 ), #1064, .F. ) ;
#4639 = VERTEX_POINT ( 'NONE', #4090 ) ;
#4640 = FACE_OUTER_BOUND ( 'NONE', #741, .T. ) ;
#4641 = DIRECTION ( 'NONE',  ( 0.000000000000000000, 0.000000000000000000, -1.000000000000000000 ) ) ;
#4642 = ADVANCED_FACE ( 'NONE', ( #199, #1624 ), #2624, .T. ) ;
#4643 = EDGE_LOOP ( 'NONE', ( #4364, #6308, #3974, #5563 ) ) ;
#4644 = CARTESIAN_POINT ( 'NONE',  ( 1.500000000000000000, 8.572527594031473190E-16, -6.850000000000000533 ) ) ;
#4645 = CARTESIAN_POINT ( 'NONE',  ( -8.827416997969503853, 29.50000000000000000, -7.999999999999996447 ) ) ;
#4646 = CARTESIAN_POINT ( 'NONE',  ( 15.20000000000000462, 23.75000000000000711, -8.000000000000000000 ) ) ;
#4647 = CARTESIAN_POINT ( 'NONE',  ( 35.60000000000000142, 0.000000000000000000, 0.000000000000000000 ) ) ;
#4648 = CIRCLE ( 'NONE', #4032, 9.000000000000000000 ) ;
#4649 = CARTESIAN_POINT ( 'NONE',  ( 18.59999999999999787, 2.606424087848269178, -8.614322577793585012 ) ) ;
#4650 = VECTOR ( 'NONE', #5526, 1000.000000000000000 ) ;
#4651 = CYLINDRICAL_SURFACE ( 'NONE', #5403, 3.500000000000003109 ) ;
#4652 = ADVANCED_FACE ( 'NONE', ( #550 ), #2565, .T. ) ;
#4653 = VECTOR ( 'NONE', #4826, 1000.000000000000000 ) ;
#4654 = AXIS2_PLACEMENT_3D ( 'NONE', #1547, #1441, #43 ) ;
#4655 = DIRECTION ( 'NONE',  ( -1.000000000000000000, -1.504111723692325477E-16, 0.000000000000000000 ) ) ;
#4656 = DIRECTION ( 'NONE',  ( 0.000000000000000000, 0.000000000000000000, -1.000000000000000000 ) ) ;
#4657 = CYLINDRICAL_SURFACE ( 'NONE', #5053, 3.500000000000003109 ) ;
#4658 = AXIS2_PLACEMENT_3D ( 'NONE', #471, #407, #4816 ) ;
#4659 = CYLINDRICAL_SURFACE ( 'NONE', #2080, 10.00000000000000000 ) ;
#4660 = ADVANCED_FACE ( 'NONE', ( #3052 ), #1156, .F. ) ;
#4661 = VERTEX_POINT ( 'NONE', #1031 ) ;
#4662 = EDGE_LOOP ( 'NONE', ( #2986, #482, #1905, #5862, #3070, #444, #5732 ) ) ;
#4663 = ORIENTED_EDGE ( 'NONE', *, *, #6389, .F. ) ;
#4664 = AXIS2_PLACEMENT_3D ( 'NONE', #2582, #4565, #132 ) ;
#4665 = FACE_OUTER_BOUND ( 'NONE', #62, .T. ) ;
#4666 = ORIENTED_EDGE ( 'NONE', *, *, #2211, .T. ) ;
#4667 = CIRCLE ( 'NONE', #3430, 10.00000000000000000 ) ;
#4668 = DIRECTION ( 'NONE',  ( -1.000000000000000000, -1.504111723692325477E-16, 0.000000000000000000 ) ) ;
#4669 = LINE ( 'NONE', #5161, #1755 ) ;
#4670 = AXIS2_PLACEMENT_3D ( 'NONE', #4500, #5912, #3586 ) ;
#4671 = ADVANCED_FACE ( 'NONE', ( #3147 ), #3083, .T. ) ;
#4672 = ADVANCED_BREP_SHAPE_REPRESENTATION ( '', ( #4047, #2020, #4477 ), #6357 ) ;
#4673 = CARTESIAN_POINT ( 'NONE',  ( 18.59999999999999787, 1.030637635557567044, 3.864943216164022477 ) ) ;
#4674 = ORIENTED_EDGE ( 'NONE', *, *, #1448, .F. ) ;
#4675 = VERTEX_POINT ( 'NONE', #584 ) ;
#4676 = CARTESIAN_POINT ( 'NONE',  ( 20.59999999999999787, 1.030637635557567044, 3.864943216164022477 ) ) ;
#4677 = DIRECTION ( 'NONE',  ( 1.000000000000000000, 0.000000000000000000, 0.000000000000000000 ) ) ;
#4678 = ORIENTED_EDGE ( 'NONE', *, *, #4831, .F. ) ;
#4679 = LINE ( 'NONE', #3214, #5502 ) ;
#4680 = VERTEX_POINT ( 'NONE', #170 ) ;
#4681 = DIRECTION ( 'NONE',  ( 0.000000000000000000, 0.000000000000000000, -1.000000000000000000 ) ) ;
#4682 = CARTESIAN_POINT ( 'NONE',  ( -43.29999999999999716, 14.50000000000000355, 5.000000000000000000 ) ) ;
#4683 = CARTESIAN_POINT ( 'NONE',  ( 28.59999999999999787, 2.606424087848269178, -8.614322577793585012 ) ) ;
#4684 = DIRECTION ( 'NONE',  ( 1.000000000000000000, 0.000000000000000000, 0.000000000000000000 ) ) ;
#4685 = CARTESIAN_POINT ( 'NONE',  ( -47.19999999999999574, 5.500000000000000000, -2.699999999999993960 ) ) ;
#4686 = CARTESIAN_POINT ( 'NONE',  ( 35.60000000000000142, 2.606424087848269178, -8.614322577793585012 ) ) ;
#4687 = DIRECTION ( 'NONE',  ( 0.000000000000000000, 0.000000000000000000, -1.000000000000000000 ) ) ;
#4688 = FACE_OUTER_BOUND ( 'NONE', #3282, .T. ) ;
#4689 = ORIENTED_EDGE ( 'NONE', *, *, #1088, .F. ) ;
#4690 = ORIENTED_EDGE ( 'NONE', *, *, #3779, .F. ) ;
#4691 = EDGE_LOOP ( 'NONE', ( #1784, #608, #555, #3971 ) ) ;
#4692 = EDGE_CURVE ( 'NONE', #442, #5980, #908, .T. ) ;
#4693 = VERTEX_POINT ( 'NONE', #4522 ) ;
#4694 = DIRECTION ( 'NONE',  ( -1.000000000000000000, -0.000000000000000000, -0.000000000000000000 ) ) ;
#4695 = AXIS2_PLACEMENT_3D ( 'NONE', #3526, #5142, #685 ) ;
#4696 = CARTESIAN_POINT ( 'NONE',  ( 25.59999999999999787, 2.606424087848269178, -8.614322577793585012 ) ) ;
#4697 = CIRCLE ( 'NONE', #5534, 5.000000000000000000 ) ;
#4698 = CARTESIAN_POINT ( 'NONE',  ( 1.500000000000000000, 0.000000000000000000, 0.1499999999999999944 ) ) ;
#4699 = DIRECTION ( 'NONE',  ( -1.000000000000000000, -0.000000000000000000, -0.000000000000000000 ) ) ;
#4700 = AXIS2_PLACEMENT_3D ( 'NONE', #3285, #2298, #2690 ) ;
#4701 = ORIENTED_EDGE ( 'NONE', *, *, #185, .F. ) ;
#4702 = EDGE_CURVE ( 'NONE', #5424, #4357, #6219, .T. ) ;
#4703 = LINE ( 'NONE', #862, #5873 ) ;
#4704 = CARTESIAN_POINT ( 'NONE',  ( 29.59999999999999787, -10.35047573531249654, 13.63583152989489911 ) ) ;
#4705 = CARTESIAN_POINT ( 'NONE',  ( -8.300000000000002487, 6.999999999999999112, 2.650000000000000799 ) ) ;
#4706 = EDGE_CURVE ( 'NONE', #5169, #5737, #3919, .T. ) ;
#4707 = EDGE_CURVE ( 'NONE', #1689, #3024, #143, .T. ) ;
#4708 = ORIENTED_EDGE ( 'NONE', *, *, #2405, .F. ) ;
#4709 = ORIENTED_EDGE ( 'NONE', *, *, #368, .T. ) ;
#4710 = CARTESIAN_POINT ( 'NONE',  ( 1.500000000000000000, 0.000000000000000000, 0.1499999999999999944 ) ) ;
#4711 = CARTESIAN_POINT ( 'NONE',  ( -40.70000000000000284, 9.000000000000000000, 2.700000000000007283 ) ) ;
#4712 = ORIENTED_EDGE ( 'NONE', *, *, #6157, .F. ) ;
#4713 = LINE ( 'NONE', #332, #3148 ) ;
#4714 = LINE ( 'NONE', #2243, #3959 ) ;
#4715 = LINE ( 'NONE', #5714, #4468 ) ;
#4716 = DIRECTION ( 'NONE',  ( 0.000000000000000000, 0.000000000000000000, -1.000000000000000000 ) ) ;
#4717 = DIRECTION ( 'NONE',  ( -1.000000000000000000, -0.000000000000000000, -0.000000000000000000 ) ) ;
#4718 = EDGE_CURVE ( 'NONE', #5553, #758, #2083, .T. ) ;
#4719 = DIRECTION ( 'NONE',  ( 0.000000000000000000, 0.000000000000000000, 1.000000000000000000 ) ) ;
#4720 = VERTEX_POINT ( 'NONE', #5549 ) ;
#4721 = ORIENTED_EDGE ( 'NONE', *, *, #4483, .T. ) ;
#4722 = ORIENTED_EDGE ( 'NONE', *, *, #1973, .T. ) ;
#4723 = LINE ( 'NONE', #3171, #2602 ) ;
#4724 = CARTESIAN_POINT ( 'NONE',  ( 19.86927765092148945, 14.50000000000000711, 0.000000000000000000 ) ) ;
#4725 = FACE_OUTER_BOUND ( 'NONE', #2730, .T. ) ;
#4726 = ADVANCED_FACE ( 'NONE', ( #1092 ), #4581, .F. ) ;
#4727 = DIRECTION ( 'NONE',  ( -1.000000000000000000, -0.000000000000000000, -0.000000000000000000 ) ) ;
#4728 = ORIENTED_EDGE ( 'NONE', *, *, #1301, .T. ) ;
#4729 = EDGE_CURVE ( 'NONE', #1958, #5802, #4556, .T. ) ;
#4730 = ORIENTED_EDGE ( 'NONE', *, *, #4729, .F. ) ;
#4731 = DIRECTION ( 'NONE',  ( 1.000000000000000000, 0.000000000000000000, 0.000000000000000000 ) ) ;
#4732 = DIRECTION ( 'NONE',  ( -3.273063162220390819E-16, -0.000000000000000000, -1.000000000000000000 ) ) ;
#4733 = ORIENTED_EDGE ( 'NONE', *, *, #1645, .F. ) ;
#4734 = ORIENTED_EDGE ( 'NONE', *, *, #2170, .F. ) ;
#4735 = VECTOR ( 'NONE', #5491, 1000.000000000000000 ) ;
#4736 = DIRECTION ( 'NONE',  ( 0.000000000000000000, -1.000000000000000000, 0.000000000000000000 ) ) ;
#4737 = PRODUCT ( 'fin', 'fin', '', ( #4422 ) ) ;
#4738 = EDGE_CURVE ( 'NONE', #3501, #3093, #5178, .T. ) ;
#4739 = DIRECTION ( 'NONE',  ( 0.000000000000000000, 0.000000000000000000, -1.000000000000000000 ) ) ;
#4740 = ORIENTED_EDGE ( 'NONE', *, *, #811, .F. ) ;
#4741 = CARTESIAN_POINT ( 'NONE',  ( -40.70000000000000284, 38.49999999999999289, -4.999999999999995559 ) ) ;
#4742 = AXIS2_PLACEMENT_3D ( 'NONE', #3164, #4234, #1209 ) ;
#4743 = CARTESIAN_POINT ( 'NONE',  ( -36.60000000000000142, 6.999999999999995559, -2.649999999999991473 ) ) ;
#4744 = CARTESIAN_POINT ( 'NONE',  ( 13.80000000000000249, 22.00000000000001066, -6.250000000000000888 ) ) ;
#4745 = LINE ( 'NONE', #1866, #136 ) ;
#4746 = DIRECTION ( 'NONE',  ( 0.000000000000000000, 0.000000000000000000, -1.000000000000000000 ) ) ;
#4747 = LINE ( 'NONE', #2728, #6224 ) ;
#4748 = VERTEX_POINT ( 'NONE', #1716 ) ;
#4749 = VECTOR ( 'NONE', #509, 1000.000000000000000 ) ;
#4750 = VECTOR ( 'NONE', #1127, 1000.000000000000000 ) ;
#4751 = CARTESIAN_POINT ( 'NONE',  ( 1.500000000000001554, 1.030637635557567044, 8.864943216164022033 ) ) ;
#4752 = VERTEX_POINT ( 'NONE', #5664 ) ;
#4753 = DIRECTION ( 'NONE',  ( 0.000000000000000000, 0.000000000000000000, -1.000000000000000000 ) ) ;
#4754 = AXIS2_PLACEMENT_3D ( 'NONE', #162, #1646, #3074 ) ;
#4755 = VECTOR ( 'NONE', #4474, 1000.000000000000000 ) ;
#4756 = DIRECTION ( 'NONE',  ( 0.000000000000000000, 0.000000000000000000, -1.000000000000000000 ) ) ;
#4757 = CARTESIAN_POINT ( 'NONE',  ( 24.59999999999999787, -2.762069023147044167, -6.931785952275177465 ) ) ;
#4758 = EDGE_CURVE ( 'NONE', #3640, #547, #5755, .T. ) ;
#4759 = DIRECTION ( 'NONE',  ( 0.000000000000000000, 0.000000000000000000, -1.000000000000000000 ) ) ;
#4760 = VECTOR ( 'NONE', #6061, 1000.000000000000000 ) ;
#4761 = DIRECTION ( 'NONE',  ( -0.000000000000000000, 4.074853802630083799E-16, 1.000000000000000000 ) ) ;
#4762 = CIRCLE ( 'NONE', #5598, 5.500000000000000000 ) ;
#4763 = EDGE_CURVE ( 'NONE', #1362, #5272, #2584, .T. ) ;
#4764 = ORIENTED_EDGE ( 'NONE', *, *, #4310, .F. ) ;
#4765 = CARTESIAN_POINT ( 'NONE',  ( -40.70000000000000284, 7.000000000000006217, -8.450000000000001066 ) ) ;
#4766 = CIRCLE ( 'NONE', #1776, 7.000000000000000888 ) ;
#4767 = EDGE_CURVE ( 'NONE', #2252, #5885, #4669, .T. ) ;
#4768 = CARTESIAN_POINT ( 'NONE',  ( -6.800000000000001599, 4.499999999999999112, -2.649999999999999023 ) ) ;
#4769 = ORIENTED_EDGE ( 'NONE', *, *, #1718, .T. ) ;
#4770 = ORIENTED_EDGE ( 'NONE', *, *, #828, .F. ) ;
#4771 = DIRECTION ( 'NONE',  ( 1.000000000000000000, 0.000000000000000000, 0.000000000000000000 ) ) ;
#4772 = AXIS2_PLACEMENT_3D ( 'NONE', #54, #3193, #726 ) ;
#4773 = VECTOR ( 'NONE', #2354, 1000.000000000000000 ) ;
#4774 = DIRECTION ( 'NONE',  ( -1.000000000000000000, -0.000000000000000000, -0.000000000000000000 ) ) ;
#4775 = VERTEX_POINT ( 'NONE', #2327 ) ;
#4776 = DIRECTION ( 'NONE',  ( 1.000000000000000000, 0.000000000000000000, 0.000000000000000000 ) ) ;
#4777 = ADVANCED_FACE ( 'NONE', ( #827 ), #1750, .T. ) ;
#4778 = DIRECTION ( 'NONE',  ( 0.000000000000000000, 0.000000000000000000, -1.000000000000000000 ) ) ;
#4779 = CIRCLE ( 'NONE', #1463, 7.000000000000000888 ) ;
#4780 = ORIENTED_EDGE ( 'NONE', *, *, #1596, .F. ) ;
#4781 = EDGE_CURVE ( 'NONE', #3802, #4953, #1856, .T. ) ;
#4782 = CARTESIAN_POINT ( 'NONE',  ( 13.80000000000000249, 23.75000000000000711, 6.249999999999999112 ) ) ;
#4783 = SURFACE_SIDE_STYLE ('',( #4001 ) ) ;
#4784 = DIRECTION ( 'NONE',  ( 1.000000000000000000, 0.000000000000000000, 0.000000000000000000 ) ) ;
#4785 = EDGE_CURVE ( 'NONE', #264, #2509, #2230, .T. ) ;
#4786 = VERTEX_POINT ( 'NONE', #2801 ) ;
#4787 = CARTESIAN_POINT ( 'NONE',  ( 34.60000000000000142, 1.030637635557567044, 3.864943216164022477 ) ) ;
#4788 = EDGE_LOOP ( 'NONE', ( #554, #1303, #4217, #5736, #5818, #1357, #58, #3445, #44 ) ) ;
#4789 = DIRECTION ( 'NONE',  ( 1.000000000000000000, 0.000000000000000000, 0.000000000000000000 ) ) ;
#4790 = EDGE_LOOP ( 'NONE', ( #2901, #6407, #731, #796, #5955, #6270, #1951, #3288, #474 ) ) ;
#4791 = DIRECTION ( 'NONE',  ( -1.000000000000000000, -0.000000000000000000, -0.000000000000000000 ) ) ;
#4792 = DIRECTION ( 'NONE',  ( 0.000000000000000000, 0.000000000000000000, -1.000000000000000000 ) ) ;
#4793 = DIRECTION ( 'NONE',  ( -1.000000000000000000, -0.000000000000000000, -0.000000000000000000 ) ) ;
#4794 = ORIENTED_EDGE ( 'NONE', *, *, #2408, .F. ) ;
#4795 = ORIENTED_EDGE ( 'NONE', *, *, #6310, .T. ) ;
#4796 = DIRECTION ( 'NONE',  ( 0.000000000000000000, 0.000000000000000000, -1.000000000000000000 ) ) ;
#4797 = CIRCLE ( 'NONE', #2936, 5.000000000000000000 ) ;
#4798 = CYLINDRICAL_SURFACE ( 'NONE', #5487, 7.000000000000002665 ) ;
#4799 = ORIENTED_EDGE ( 'NONE', *, *, #435, .T. ) ;
#4800 = ORIENTED_EDGE ( 'NONE', *, *, #1621, .F. ) ;
#4801 = AXIS2_PLACEMENT_3D ( 'NONE', #3983, #4120, #5847 ) ;
#4802 = CARTESIAN_POINT ( 'NONE',  ( 30.59999999999999432, -2.763066821399118744, 7.121905987407648020 ) ) ;
#4803 = AXIS2_PLACEMENT_3D ( 'NONE', #2277, #807, #2242 ) ;
#4804 = VERTEX_POINT ( 'NONE', #5698 ) ;
#4805 = DIRECTION ( 'NONE',  ( 1.530638361156006985E-16, -1.000000000000000000, 0.000000000000000000 ) ) ;
#4806 = CARTESIAN_POINT ( 'NONE',  ( 1.500000000000000000, 0.000000000000000000, 0.000000000000000000 ) ) ;
#4807 = ORIENTED_EDGE ( 'NONE', *, *, #3244, .T. ) ;
#4808 = DIRECTION ( 'NONE',  ( -0.000000000000000000, -0.000000000000000000, -1.000000000000000000 ) ) ;
#4809 = CARTESIAN_POINT ( 'NONE',  ( 21.59999999999999787, 2.318934680004526516, 8.696122236369051350 ) ) ;
#4810 = ORIENTED_EDGE ( 'NONE', *, *, #5470, .F. ) ;
#4811 = ORIENTED_EDGE ( 'NONE', *, *, #6355, .F. ) ;
#4812 = CIRCLE ( 'NONE', #2731, 5.000000000000000000 ) ;
#4813 = DIRECTION ( 'NONE',  ( 1.000000000000000000, 0.000000000000000000, 0.000000000000000000 ) ) ;
#4814 = DIRECTION ( 'NONE',  ( 1.000000000000000000, -0.000000000000000000, -0.000000000000000000 ) ) ;
#4815 = VECTOR ( 'NONE', #1097, 1000.000000000000000 ) ;
#4816 = DIRECTION ( 'NONE',  ( 0.000000000000000000, -1.162264728904460753E-14, -1.000000000000000000 ) ) ;
#4817 = EDGE_LOOP ( 'NONE', ( #2720, #2068, #4585, #2253, #1870, #4924, #5958, #620, #1446 ) ) ;
#4818 = VECTOR ( 'NONE', #411, 1000.000000000000000 ) ;
#4819 = LINE ( 'NONE', #5817, #1502 ) ;
#4820 = ORIENTED_EDGE ( 'NONE', *, *, #3248, .F. ) ;
#4821 = CIRCLE ( 'NONE', #6299, 10.00000000000000000 ) ;
#4822 = DIRECTION ( 'NONE',  ( -1.000000000000000000, -0.000000000000000000, -0.000000000000000000 ) ) ;
#4823 = EDGE_CURVE ( 'NONE', #956, #4775, #1687, .T. ) ;
#4824 = ORIENTED_EDGE ( 'NONE', *, *, #2285, .F. ) ;
#4825 = CARTESIAN_POINT ( 'NONE',  ( -50.70000000000000284, 5.500000000000000000, 5.000000000000004441 ) ) ;
#4826 = DIRECTION ( 'NONE',  ( -1.000000000000000000, -0.000000000000000000, -0.000000000000000000 ) ) ;
#4827 = AXIS2_PLACEMENT_3D ( 'NONE', #1275, #3264, #845 ) ;
#4828 = EDGE_LOOP ( 'NONE', ( #1146, #2343, #1115, #190 ) ) ;
#4829 = ORIENTED_EDGE ( 'NONE', *, *, #6275, .T. ) ;
#4830 = LINE ( 'NONE', #4927, #798 ) ;
#4831 = EDGE_CURVE ( 'NONE', #5939, #1689, #5493, .T. ) ;
#4832 = CARTESIAN_POINT ( 'NONE',  ( -40.70000000000000284, 9.000000000000000000, -2.700000000000008615 ) ) ;
#4833 = ADVANCED_FACE ( 'NONE', ( #791 ), #1220, .F. ) ;
#4834 = VERTEX_POINT ( 'NONE', #5724 ) ;
#4835 = CARTESIAN_POINT ( 'NONE',  ( 19.59999999999999787, 0.000000000000000000, 7.150000000000002132 ) ) ;
#4836 = CARTESIAN_POINT ( 'NONE',  ( 24.10000000000000497, 7.100000000000003197, 8.450000000000001066 ) ) ;
#4837 = CYLINDRICAL_SURFACE ( 'NONE', #1907, 4.000000000000000000 ) ;
#4838 = ORIENTED_EDGE ( 'NONE', *, *, #1157, .F. ) ;
#4839 = FACE_OUTER_BOUND ( 'NONE', #4607, .T. ) ;
#4840 = LINE ( 'NONE', #2279, #4295 ) ;
#4841 = DIRECTION ( 'NONE',  ( 0.000000000000000000, 0.000000000000000000, 1.000000000000000000 ) ) ;
#4842 = ADVANCED_FACE ( 'NONE', ( #4183 ), #1786, .F. ) ;
#4843 = ORIENTED_EDGE ( 'NONE', *, *, #3396, .T. ) ;
#4844 = DIRECTION ( 'NONE',  ( 0.000000000000000000, 0.000000000000000000, -1.000000000000000000 ) ) ;
#4845 = ORIENTED_EDGE ( 'NONE', *, *, #2446, .F. ) ;
#4846 = AXIS2_PLACEMENT_3D ( 'NONE', #5010, #2098, #5106 ) ;
#4847 = SHAPE_REPRESENTATION_RELATIONSHIP ( 'NONE' , 'NONE' ,  #3283, #4672 ) ;
#4848 = AXIS2_PLACEMENT_3D ( 'NONE', #5658, #3740, #4687 ) ;
#4849 = LINE ( 'NONE', #2346, #2180 ) ;
#4850 = VECTOR ( 'NONE', #3700, 1000.000000000000000 ) ;
#4851 = VERTEX_POINT ( 'NONE', #4757 ) ;
#4852 = AXIS2_PLACEMENT_3D ( 'NONE', #2028, #3927, #1832 ) ;
#4853 = VERTEX_POINT ( 'NONE', #6242 ) ;
#4854 = EDGE_CURVE ( 'NONE', #1489, #1236, #2174, .T. ) ;
#4855 = DIRECTION ( 'NONE',  ( 0.000000000000000000, 0.000000000000000000, 1.000000000000000000 ) ) ;
#4856 = CIRCLE ( 'NONE', #3304, 9.000000000000000000 ) ;
#4857 = ORIENTED_EDGE ( 'NONE', *, *, #4220, .F. ) ;
#4858 = CARTESIAN_POINT ( 'NONE',  ( 36.59999999999999432, 0.000000000000000000, 0.1499999999999999944 ) ) ;
#4859 = AXIS2_PLACEMENT_3D ( 'NONE', #4190, #2745, #5167 ) ;
#4860 = CARTESIAN_POINT ( 'NONE',  ( -39.69999999999999574, 14.50000000000000355, 0.000000000000000000 ) ) ;
#4861 =( REPRESENTATION_RELATIONSHIP ('NONE','NONE', #4358, #3283 ) REPRESENTATION_RELATIONSHIP_WITH_TRANSFORMATION ( #4351 )SHAPE_REPRESENTATION_RELATIONSHIP( ) );
#4862 = VECTOR ( 'NONE', #2979, 1000.000000000000000 ) ;
#4863 = AXIS2_PLACEMENT_3D ( 'NONE', #5231, #5162, #5194 ) ;
#4864 = AXIS2_PLACEMENT_3D ( 'NONE', #3824, #1364, #2441 ) ;
#4865 = ORIENTED_EDGE ( 'NONE', *, *, #2092, .F. ) ;
#4866 = CYLINDRICAL_SURFACE ( 'NONE', #3911, 3.500000000000003109 ) ;
#4867 = EDGE_CURVE ( 'NONE', #3505, #2706, #701, .T. ) ;
#4868 = DIRECTION ( 'NONE',  ( -1.000000000000000000, 6.672013369141552398E-16, 0.000000000000000000 ) ) ;
#4869 = VECTOR ( 'NONE', #2141, 1000.000000000000000 ) ;
#4870 = ORIENTED_EDGE ( 'NONE', *, *, #1160, .T. ) ;
#4871 = DIRECTION ( 'NONE',  ( 0.000000000000000000, 0.000000000000000000, 1.000000000000000000 ) ) ;
#4872 = VECTOR ( 'NONE', #5954, 1000.000000000000000 ) ;
#4873 = DIRECTION ( 'NONE',  ( 0.000000000000000000, 0.000000000000000000, -1.000000000000000000 ) ) ;
#4874 = DIRECTION ( 'NONE',  ( -1.000000000000000000, -0.000000000000000000, -0.000000000000000000 ) ) ;
#4875 = EDGE_LOOP ( 'NONE', ( #5422, #4986 ) ) ;
#4876 = CARTESIAN_POINT ( 'NONE',  ( 38.59999999999999432, -2.762069023147042390, -6.931785952275175688 ) ) ;
#4877 = CARTESIAN_POINT ( 'NONE',  ( 1.500000000000000000, 0.000000000000000000, 7.150000000000000355 ) ) ;
#4878 = AXIS2_PLACEMENT_3D ( 'NONE', #1101, #3096, #625 ) ;
#4879 = ORIENTED_EDGE ( 'NONE', *, *, #3383, .T. ) ;
#4880 = VERTEX_POINT ( 'NONE', #4696 ) ;
#4881 = CIRCLE ( 'NONE', #1459, 7.000000000000000888 ) ;
#4882 =( NAMED_UNIT ( * ) PLANE_ANGLE_UNIT ( ) SI_UNIT ( $, .RADIAN. ) );
#4883 = DIRECTION ( 'NONE',  ( -1.000000000000000000, -0.000000000000000000, -0.000000000000000000 ) ) ;
#4884 = AXIS2_PLACEMENT_3D ( 'NONE', #2161, #629, #155 ) ;
#4885 = ORIENTED_EDGE ( 'NONE', *, *, #368, .F. ) ;
#4886 = DIRECTION ( 'NONE',  ( 2.891205793294679312E-16, 0.000000000000000000, 1.000000000000000000 ) ) ;
#4887 = VERTEX_POINT ( 'NONE', #261 ) ;
#4888 = VERTEX_POINT ( 'NONE', #3780 ) ;
#4889 = CARTESIAN_POINT ( 'NONE',  ( 33.60000000000000142, 1.030637635557567044, 8.864943216164022033 ) ) ;
#4890 = EDGE_CURVE ( 'NONE', #5408, #4149, #206, .T. ) ;
#4891 = CIRCLE ( 'NONE', #2001, 9.000000000000000000 ) ;
#4892 = ADVANCED_FACE ( 'NONE', ( #2683 ), #5824, .F. ) ;
#4893 = ORIENTED_EDGE ( 'NONE', *, *, #3046, .F. ) ;
#4894 = FACE_OUTER_BOUND ( 'NONE', #2333, .T. ) ;
#4895 = DIRECTION ( 'NONE',  ( 1.000000000000000000, 0.000000000000000000, 0.000000000000000000 ) ) ;
#4896 = ORIENTED_EDGE ( 'NONE', *, *, #6221, .T. ) ;
#4897 = EDGE_LOOP ( 'NONE', ( #3585, #2486, #2513, #5158, #1924, #1916, #348, #2644, #2716 ) ) ;
#4898 = ORIENTED_EDGE ( 'NONE', *, *, #3122, .T. ) ;
#4899 = FACE_OUTER_BOUND ( 'NONE', #5633, .T. ) ;
#4900 = LINE ( 'NONE', #2915, #1551 ) ;
#4901 = VERTEX_POINT ( 'NONE', #2431 ) ;
#4902 = FACE_OUTER_BOUND ( 'NONE', #2687, .T. ) ;
#4903 = LINE ( 'NONE', #5404, #2589 ) ;
#4904 = DIRECTION ( 'NONE',  ( 0.000000000000000000, -1.000000000000000000, 0.000000000000000000 ) ) ;
#4905 = EDGE_CURVE ( 'NONE', #1901, #5123, #3104, .T. ) ;
#4906 = DIRECTION ( 'NONE',  ( 1.000000000000000000, 1.278665952808457648E-16, 0.000000000000000000 ) ) ;
#4907 = VERTEX_POINT ( 'NONE', #2394 ) ;
#4908 = DIRECTION ( 'NONE',  ( -1.000000000000000000, -0.000000000000000000, -0.000000000000000000 ) ) ;
#4909 = DIRECTION ( 'NONE',  ( 0.000000000000000000, 0.000000000000000000, -1.000000000000000000 ) ) ;
#4910 = DIRECTION ( 'NONE',  ( 1.577021341797097314E-16, -1.000000000000000000, 0.000000000000000000 ) ) ;
#4911 = VERTEX_POINT ( 'NONE', #1939 ) ;
#4912 = EDGE_LOOP ( 'NONE', ( #4241, #79 ) ) ;
#4913 = DIRECTION ( 'NONE',  ( 0.000000000000000000, -1.000000000000000000, -1.294569758191647155E-16 ) ) ;
#4914 = CIRCLE ( 'NONE', #3155, 7.000000000000000888 ) ;
#4915 = DIRECTION ( 'NONE',  ( 1.000000000000000000, 0.000000000000000000, 0.000000000000000000 ) ) ;
#4916 = ORIENTED_EDGE ( 'NONE', *, *, #1586, .T. ) ;
#4917 = DIRECTION ( 'NONE',  ( 1.000000000000000000, 0.000000000000000000, 0.000000000000000000 ) ) ;
#4918 = ORIENTED_EDGE ( 'NONE', *, *, #5831, .F. ) ;
#4919 = ORIENTED_EDGE ( 'NONE', *, *, #4945, .T. ) ;
#4920 = DIRECTION ( 'NONE',  ( 0.000000000000000000, 0.000000000000000000, -1.000000000000000000 ) ) ;
#4921 = EDGE_LOOP ( 'NONE', ( #546, #2056, #6303, #840 ) ) ;
#4922 = LINE ( 'NONE', #5793, #605 ) ;
#4923 = DIRECTION ( 'NONE',  ( -1.000000000000000000, -0.000000000000000000, -0.000000000000000000 ) ) ;
#4924 = ORIENTED_EDGE ( 'NONE', *, *, #4627, .T. ) ;
#4925 = EDGE_LOOP ( 'NONE', ( #6256, #5536, #1515, #4206 ) ) ;
#4926 = VERTEX_POINT ( 'NONE', #5392 ) ;
#4927 = CARTESIAN_POINT ( 'NONE',  ( 13.80000000000000249, 1.000000000000007772, 1.199999999999995737 ) ) ;
#4928 = AXIS2_PLACEMENT_3D ( 'NONE', #2865, #2389, #4855 ) ;
#4929 = VECTOR ( 'NONE', #3026, 1000.000000000000000 ) ;
#4930 = PLANE ( 'NONE',  #2679 ) ;
#4931 = DIRECTION ( 'NONE',  ( 0.000000000000000000, 0.000000000000000000, -1.000000000000000000 ) ) ;
#4932 = LINE ( 'NONE', #1392, #3322 ) ;
#4933 = CARTESIAN_POINT ( 'NONE',  ( 33.60000000000000142, 0.000000000000000000, 7.150000000000002132 ) ) ;
#4934 = DIRECTION ( 'NONE',  ( 0.000000000000000000, 0.000000000000000000, -1.000000000000000000 ) ) ;
#4935 = ORIENTED_EDGE ( 'NONE', *, *, #1778, .T. ) ;
#4936 = DIRECTION ( 'NONE',  ( -1.000000000000000000, -0.000000000000000000, -0.000000000000000000 ) ) ;
#4937 = CYLINDRICAL_SURFACE ( 'NONE', #3617, 10.00000000000000178 ) ;
#4938 = CARTESIAN_POINT ( 'NONE',  ( 1.500000000000001554, 1.030637635557567044, 3.864943216164022477 ) ) ;
#4939 = EDGE_CURVE ( 'NONE', #2562, #4661, #1024, .T. ) ;
#4940 = VECTOR ( 'NONE', #4060, 1000.000000000000000 ) ;
#4941 = CARTESIAN_POINT ( 'NONE',  ( -40.70000000000000284, 0.000000000000000000, -8.450000000000001066 ) ) ;
#4942 = ORIENTED_EDGE ( 'NONE', *, *, #4400, .F. ) ;
#4943 = ORIENTED_EDGE ( 'NONE', *, *, #4781, .T. ) ;
#4944 = DIRECTION ( 'NONE',  ( 0.000000000000000000, 0.000000000000000000, -1.000000000000000000 ) ) ;
#4945 = EDGE_CURVE ( 'NONE', #1060, #3518, #6335, .T. ) ;
#4946 = ORIENTED_EDGE ( 'NONE', *, *, #588, .F. ) ;
#4947 = AXIS2_PLACEMENT_3D ( 'NONE', #5212, #1736, #1338 ) ;
#4948 = EDGE_CURVE ( 'NONE', #4851, #5737, #4378, .T. ) ;
#4949 = DIRECTION ( 'NONE',  ( -1.000000000000000000, -0.000000000000000000, -0.000000000000000000 ) ) ;
#4950 = VERTEX_POINT ( 'NONE', #5794 ) ;
#4951 = CARTESIAN_POINT ( 'NONE',  ( 0.000000000000000000, 29.50000000000000000, -8.999999999999998224 ) ) ;
#4952 = EDGE_LOOP ( 'NONE', ( #2113, #1585, #567, #4070 ) ) ;
#4953 = VERTEX_POINT ( 'NONE', #480 ) ;
#4954 = FACE_OUTER_BOUND ( 'NONE', #1087, .T. ) ;
#4955 = ORIENTED_EDGE ( 'NONE', *, *, #1573, .T. ) ;
#4956 = VECTOR ( 'NONE', #4967, 1000.000000000000000 ) ;
#4957 = PLANE ( 'NONE',  #2983 ) ;
#4958 = DIRECTION ( 'NONE',  ( 1.000000000000000000, 0.000000000000000000, 0.000000000000000000 ) ) ;
#4959 = CIRCLE ( 'NONE', #4848, 4.000000000000000000 ) ;
#4960 = VERTEX_POINT ( 'NONE', #1449 ) ;
#4961 = AXIS2_PLACEMENT_3D ( 'NONE', #119, #2187, #1666 ) ;
#4962 = ORIENTED_EDGE ( 'NONE', *, *, #3527, .F. ) ;
#4963 = DIRECTION ( 'NONE',  ( 0.000000000000000000, -1.000000000000000000, 4.074853802630083799E-16 ) ) ;
#4964 = DIRECTION ( 'NONE',  ( -1.000000000000000000, -0.000000000000000000, -0.000000000000000000 ) ) ;
#4965 = DIRECTION ( 'NONE',  ( 1.000000000000000000, 0.000000000000000000, 0.000000000000000000 ) ) ;
#4966 = AXIS2_PLACEMENT_3D ( 'NONE', #1260, #4210, #5297 ) ;
#4967 = DIRECTION ( 'NONE',  ( -0.000000000000000000, -0.000000000000000000, -1.000000000000000000 ) ) ;
#4968 = AXIS2_PLACEMENT_3D ( 'NONE', #1081, #3001, #535 ) ;
#4969 = FACE_OUTER_BOUND ( 'NONE', #3041, .T. ) ;
#4970 = ORIENTED_EDGE ( 'NONE', *, *, #2283, .T. ) ;
#4971 = VERTEX_POINT ( 'NONE', #5329 ) ;
#4972 = CARTESIAN_POINT ( 'NONE',  ( 13.60000000000000497, 29.50000000000001066, 0.000000000000000000 ) ) ;
#4973 = AXIS2_PLACEMENT_3D ( 'NONE', #1406, #373, #909 ) ;
#4974 = DIRECTION ( 'NONE',  ( 0.000000000000000000, 0.000000000000000000, -1.000000000000000000 ) ) ;
#4975 = VECTOR ( 'NONE', #4457, 1000.000000000000000 ) ;
#4976 = CARTESIAN_POINT ( 'NONE',  ( 0.000000000000000000, 0.000000000000000000, 0.1499999999999999944 ) ) ;
#4977 = AXIS2_PLACEMENT_3D ( 'NONE', #4292, #3422, #4909 ) ;
#4978 = DIRECTION ( 'NONE',  ( 0.000000000000000000, -1.162264728904460753E-14, -1.000000000000000000 ) ) ;
#4979 = EDGE_CURVE ( 'NONE', #5463, #5196, #961, .T. ) ;
#4980 = ORIENTED_EDGE ( 'NONE', *, *, #3552, .T. ) ;
#4981 = EDGE_CURVE ( 'NONE', #906, #4278, #713, .T. ) ;
#4982 =( NAMED_UNIT ( * ) PLANE_ANGLE_UNIT ( ) SI_UNIT ( $, .RADIAN. ) );
#4983 = EDGE_CURVE ( 'NONE', #4680, #986, #1909, .T. ) ;
#4984 = VECTOR ( 'NONE', #2165, 1000.000000000000000 ) ;
#4985 = FACE_OUTER_BOUND ( 'NONE', #3056, .T. ) ;
#4986 = ORIENTED_EDGE ( 'NONE', *, *, #235, .T. ) ;
#4987 = DIRECTION ( 'NONE',  ( 0.000000000000000000, 0.000000000000000000, -1.000000000000000000 ) ) ;
#4988 = VERTEX_POINT ( 'NONE', #3882 ) ;
#4989 = EDGE_LOOP ( 'NONE', ( #3389, #4416, #2433, #5103 ) ) ;
#4990 = PRODUCT_DEFINITION_FORMATION_WITH_SPECIFIED_SOURCE ( 'ANY', '', #4737, .NOT_KNOWN. ) ;
#4991 = ADVANCED_FACE ( 'NONE', ( #859 ), #3908, .F. ) ;
#4992 = EDGE_CURVE ( 'NONE', #3518, #4853, #5861, .T. ) ;
#4993 = ORIENTED_EDGE ( 'NONE', *, *, #3641, .F. ) ;
#4994 = ADVANCED_FACE ( 'NONE', ( #3442 ), #5895, .F. ) ;
#4995 = FACE_OUTER_BOUND ( 'NONE', #5585, .T. ) ;
#4996 = FACE_OUTER_BOUND ( 'NONE', #3653, .T. ) ;
#4997 = ORIENTED_EDGE ( 'NONE', *, *, #3957, .T. ) ;
#4998 = ORIENTED_EDGE ( 'NONE', *, *, #6121, .T. ) ;
#4999 = CARTESIAN_POINT ( 'NONE',  ( 22.10000000000000142, 8.099999999999999645, -8.000000000000000000 ) ) ;
#5000 = DIRECTION ( 'NONE',  ( -1.445602896647339656E-16, -0.000000000000000000, -1.000000000000000000 ) ) ;
#5001 = CARTESIAN_POINT ( 'NONE',  ( 36.59999999999999432, 0.000000000000000000, 0.000000000000000000 ) ) ;
#5002 = DIRECTION ( 'NONE',  ( 1.000000000000000000, 0.000000000000000000, 0.000000000000000000 ) ) ;
#5003 = DIRECTION ( 'NONE',  ( 0.000000000000000000, 0.000000000000000000, -1.000000000000000000 ) ) ;
#5004 = DIRECTION ( 'NONE',  ( 1.000000000000000000, 0.000000000000000000, 0.000000000000000000 ) ) ;
#5005 = ORIENTED_EDGE ( 'NONE', *, *, #2004, .F. ) ;
#5006 = ORIENTED_EDGE ( 'NONE', *, *, #1493, .F. ) ;
#5007 = FACE_OUTER_BOUND ( 'NONE', #1929, .T. ) ;
#5008 = CARTESIAN_POINT ( 'NONE',  ( 22.10000000000000142, 29.50000000000000000, 0.000000000000000000 ) ) ;
#5009 = CARTESIAN_POINT ( 'NONE',  ( 26.59999999999999787, -4.365952903884279479, -5.321604448520053765 ) ) ;
#5010 = CARTESIAN_POINT ( 'NONE',  ( 29.04974746830583499, 2.400000000000006128, 4.599999999999996092 ) ) ;
#5011 = DIRECTION ( 'NONE',  ( 1.000000000000000000, 0.000000000000000000, 0.000000000000000000 ) ) ;
#5012 = CARTESIAN_POINT ( 'NONE',  ( 39.59999999999999432, 2.606424087848269178, -8.614322577793585012 ) ) ;
#5013 = VERTEX_POINT ( 'NONE', #2465 ) ;
#5014 = AXIS2_PLACEMENT_3D ( 'NONE', #5137, #718, #5676 ) ;
#5015 = DIRECTION ( 'NONE',  ( 1.000000000000000000, 0.000000000000000000, 0.000000000000000000 ) ) ;
#5016 = ORIENTED_EDGE ( 'NONE', *, *, #2128, .F. ) ;
#5017 = EDGE_CURVE ( 'NONE', #958, #3660, #1483, .T. ) ;
#5018 = DIRECTION ( 'NONE',  ( 0.000000000000000000, 0.000000000000000000, 1.000000000000000000 ) ) ;
#5019 = LINE ( 'NONE', #5963, #4354 ) ;
#5020 = ADVANCED_FACE ( 'NONE', ( #2357 ), #5361, .T. ) ;
#5021 = VERTEX_POINT ( 'NONE', #2868 ) ;
#5022 = VECTOR ( 'NONE', #479, 1000.000000000000000 ) ;
#5023 = VERTEX_POINT ( 'NONE', #4343 ) ;
#5024 = CIRCLE ( 'NONE', #1507, 5.000000000000000888 ) ;
#5025 = CARTESIAN_POINT ( 'NONE',  ( 28.59999999999999787, 2.606424087848269178, -8.614322577793585012 ) ) ;
#5026 = DIRECTION ( 'NONE',  ( -1.000000000000000000, -0.000000000000000000, -0.000000000000000000 ) ) ;
#5027 = DIRECTION ( 'NONE',  ( 0.000000000000000000, 0.000000000000000000, -1.000000000000000000 ) ) ;
#5028 = DIRECTION ( 'NONE',  ( 1.000000000000000000, 0.000000000000000000, 0.000000000000000000 ) ) ;
#5029 = LINE ( 'NONE', #644, #6129 ) ;
#5030 = ORIENTED_EDGE ( 'NONE', *, *, #5270, .T. ) ;
#5031 = LINE ( 'NONE', #3090, #4929 ) ;
#5032 = CIRCLE ( 'NONE', #4827, 5.000000000000000000 ) ;
#5033 = EDGE_CURVE ( 'NONE', #971, #4484, #2779, .T. ) ;
#5034 = CARTESIAN_POINT ( 'NONE',  ( 1.500000000000002220, -2.763066821399118744, 7.121905987407648020 ) ) ;
#5035 = LINE ( 'NONE', #4002, #2595 ) ;
#5036 = CARTESIAN_POINT ( 'NONE',  ( -3.728021622410440903E-15, 4.500000000000015987, 0.000000000000000000 ) ) ;
#5037 = CARTESIAN_POINT ( 'NONE',  ( 31.59999999999999787, 0.000000000000000000, 0.000000000000000000 ) ) ;
#5038 = CYLINDRICAL_SURFACE ( 'NONE', #463, 1.700000000000000622 ) ;
#5039 = DIRECTION ( 'NONE',  ( 0.000000000000000000, 1.000000000000000000, 0.000000000000000000 ) ) ;
#5040 = ORIENTED_EDGE ( 'NONE', *, *, #1067, .F. ) ;
#5041 = CARTESIAN_POINT ( 'NONE',  ( 1.500000000000002220, -10.35047573531249654, 13.63583152989489911 ) ) ;
#5042 = CARTESIAN_POINT ( 'NONE',  ( -39.69999999999999574, 14.50000000000000355, 3.000000000000000444 ) ) ;
#5043 = CARTESIAN_POINT ( 'NONE',  ( 35.60000000000000142, 0.000000000000000000, 0.1499999999999999944 ) ) ;
#5044 = PLANE ( 'NONE',  #3318 ) ;
#5045 = EDGE_LOOP ( 'NONE', ( #1533, #2617, #141, #2417 ) ) ;
#5046 = ORIENTED_EDGE ( 'NONE', *, *, #2455, .T. ) ;
#5047 = VERTEX_POINT ( 'NONE', #1979 ) ;
#5048 = ADVANCED_FACE ( 'NONE', ( #991 ), #2970, .T. ) ;
#5049 = EDGE_CURVE ( 'NONE', #4433, #886, #2588, .T. ) ;
#5050 = EDGE_LOOP ( 'NONE', ( #1376, #624, #2330, #3399 ) ) ;
#5051 = EDGE_CURVE ( 'NONE', #883, #188, #1124, .T. ) ;
#5052 = DIRECTION ( 'NONE',  ( -1.000000000000000000, -0.000000000000000000, -0.000000000000000000 ) ) ;
#5053 = AXIS2_PLACEMENT_3D ( 'NONE', #4145, #5690, #5214 ) ;
#5054 = DIRECTION ( 'NONE',  ( -1.000000000000000000, -0.000000000000000000, -0.000000000000000000 ) ) ;
#5055 = CIRCLE ( 'NONE', #2477, 5.000000000000000000 ) ;
#5056 = AXIS2_PLACEMENT_3D ( 'NONE', #3993, #4063, #3053 ) ;
#5057 = DIRECTION ( 'NONE',  ( -1.000000000000000000, -0.000000000000000000, -0.000000000000000000 ) ) ;
#5058 = DIRECTION ( 'NONE',  ( -1.000000000000000000, -0.000000000000000000, -0.000000000000000000 ) ) ;
#5059 = AXIS2_PLACEMENT_3D ( 'NONE', #2508, #3918, #57 ) ;
#5060 = ORIENTED_EDGE ( 'NONE', *, *, #4118, .F. ) ;
#5061 = ADVANCED_FACE ( 'NONE', ( #5601 ), #5084, .F. ) ;
#5062 = ORIENTED_EDGE ( 'NONE', *, *, #3361, .F. ) ;
#5063 = CARTESIAN_POINT ( 'NONE',  ( -47.19999999999999574, 5.500000000000000000, 5.000000000000004441 ) ) ;
#5064 = DIRECTION ( 'NONE',  ( 0.000000000000000000, -0.000000000000000000, 1.000000000000000000 ) ) ;
#5065 = ADVANCED_FACE ( 'NONE', ( #575 ), #2012, .F. ) ;
#5066 = AXIS2_PLACEMENT_3D ( 'NONE', #4724, #3242, #5192 ) ;
#5067 = VERTEX_POINT ( 'NONE', #4606 ) ;
#5068 = VECTOR ( 'NONE', #1659, 1000.000000000000000 ) ;
#5069 = FACE_OUTER_BOUND ( 'NONE', #1216, .T. ) ;
#5070 = FACE_OUTER_BOUND ( 'NONE', #4151, .T. ) ;
#5071 = AXIS2_PLACEMENT_3D ( 'NONE', #3570, #4572, #3537 ) ;
#5072 = AXIS2_PLACEMENT_3D ( 'NONE', #289, #2740, #4161 ) ;
#5073 = AXIS2_PLACEMENT_3D ( 'NONE', #2694, #6257, #1822 ) ;
#5074 = FACE_OUTER_BOUND ( 'NONE', #497, .T. ) ;
#5075 = DIRECTION ( 'NONE',  ( 0.000000000000000000, 0.000000000000000000, 1.000000000000000000 ) ) ;
#5076 = ORIENTED_EDGE ( 'NONE', *, *, #3361, .T. ) ;
#5077 = CIRCLE ( 'NONE', #2274, 5.000000000000000000 ) ;
#5078 = DIRECTION ( 'NONE',  ( -1.000000000000000000, -0.000000000000000000, -0.000000000000000000 ) ) ;
#5079 = CARTESIAN_POINT ( 'NONE',  ( 18.59999999999999787, 0.000000000000000000, 7.150000000000002132 ) ) ;
#5080 = VERTEX_POINT ( 'NONE', #4013 ) ;
#5081 = AXIS2_PLACEMENT_3D ( 'NONE', #2789, #1826, #1371 ) ;
#5082 = DIRECTION ( 'NONE',  ( -1.000000000000000000, -0.000000000000000000, -0.000000000000000000 ) ) ;
#5083 = FACE_OUTER_BOUND ( 'NONE', #2202, .T. ) ;
#5084 = CYLINDRICAL_SURFACE ( 'NONE', #5071, 10.00000000000000000 ) ;
#5085 = ADVANCED_FACE ( 'NONE', ( #5482 ), #4541, .T. ) ;
#5086 = EDGE_CURVE ( 'NONE', #5424, #4058, #2685, .T. ) ;
#5087 = CIRCLE ( 'NONE', #1250, 9.000000000000000000 ) ;
#5088 = EDGE_LOOP ( 'NONE', ( #3566, #763, #6141, #3319, #4998, #6292, #600, #3077, #379, #2928, #1394, #889, #5222, #4049, #5922, #5787, #4003, #1727, #877, #6290, #3103, #2746, #2592, #267, #3596, #1109, #1192, #846, #5414, #6208, #4576, #3143, #1326, #4379, #4542, #3141, #2015, #3870, #5517, #1413, #2415, #238, #5703, #4734, #1548, #3668, #580, #4392, #2767, #3183, #1022, #2776, #2152, #2910, #3254, #2318, #1851, #4721, #2884, #10, #1264, #2422, #2560, #3180, #2348, #3142, #1090, #2664, #6305, #1839, #4935, #524, #6042, #1070, #3409, #4674, #5920, #4518, #4709, #2155, #5881, #4666, #1695, #6381, #1347, #1424, #3460, #5224, #592, #1721, #153, #1711 ) ) ;
#5089 = EDGE_CURVE ( 'NONE', #1531, #2960, #5019, .T. ) ;
#5090 = ORIENTED_EDGE ( 'NONE', *, *, #2430, .F. ) ;
#5091 = ORIENTED_EDGE ( 'NONE', *, *, #3942, .F. ) ;
#5092 = CARTESIAN_POINT ( 'NONE',  ( 39.59999999999999432, -4.261960596893379360, 5.702989453486132732 ) ) ;
#5093 = DIRECTION ( 'NONE',  ( 0.000000000000000000, 0.000000000000000000, -1.000000000000000000 ) ) ;
#5094 = LINE ( 'NONE', #2684, #4850 ) ;
#5095 = DIRECTION ( 'NONE',  ( -1.000000000000000000, -0.000000000000000000, -0.000000000000000000 ) ) ;
#5096 = EDGE_CURVE ( 'NONE', #5165, #2358, #4240, .T. ) ;
#5097 = DIRECTION ( 'NONE',  ( 1.000000000000000000, 0.000000000000000000, 0.000000000000000000 ) ) ;
#5098 = EDGE_LOOP ( 'NONE', ( #5387, #493, #2006, #2797 ) ) ;
#5099 = ORIENTED_EDGE ( 'NONE', *, *, #3776, .T. ) ;
#5100 = CIRCLE ( 'NONE', #139, 7.000000000000000888 ) ;
#5101 = CARTESIAN_POINT ( 'NONE',  ( 15.20000000000000284, 23.75000000000000711, 0.000000000000000000 ) ) ;
#5102 = FACE_OUTER_BOUND ( 'NONE', #4788, .T. ) ;
#5103 = ORIENTED_EDGE ( 'NONE', *, *, #1088, .T. ) ;
#5104 = LINE ( 'NONE', #761, #725 ) ;
#5105 = ADVANCED_FACE ( 'NONE', ( #1025 ), #4114, .F. ) ;
#5106 = DIRECTION ( 'NONE',  ( 0.000000000000000000, 1.000000000000000000, 6.195440985631460248E-16 ) ) ;
#5107 = CARTESIAN_POINT ( 'NONE',  ( -43.29999999999999716, 9.378143885933059920, 2.700000000000008171 ) ) ;
#5108 = VERTEX_POINT ( 'NONE', #2502 ) ;
#5109 = ADVANCED_FACE ( 'NONE', ( #48 ), #5044, .T. ) ;
#5110 = DIRECTION ( 'NONE',  ( 0.000000000000000000, 0.000000000000000000, -1.000000000000000000 ) ) ;
#5111 = CARTESIAN_POINT ( 'NONE',  ( 35.60000000000000142, 1.030637635557567044, 3.864943216164022477 ) ) ;
#5112 = LINE ( 'NONE', #4682, #6037 ) ;
#5113 = VECTOR ( 'NONE', #4259, 1000.000000000000000 ) ;
#5114 = LINE ( 'NONE', #179, #1545 ) ;
#5115 = FACE_OUTER_BOUND ( 'NONE', #4164, .T. ) ;
#5116 = CARTESIAN_POINT ( 'NONE',  ( 27.59999999999999787, 2.318934680004526516, 8.696122236369051350 ) ) ;
#5117 = AXIS2_PLACEMENT_3D ( 'NONE', #1082, #3072, #1614 ) ;
#5118 = DIRECTION ( 'NONE',  ( 0.000000000000000000, 0.000000000000000000, -1.000000000000000000 ) ) ;
#5119 = CARTESIAN_POINT ( 'NONE',  ( 19.59999999999999787, 0.000000000000000000, 0.000000000000000000 ) ) ;
#5120 = AXIS2_PLACEMENT_3D ( 'NONE', #2987, #5376, #3457 ) ;
#5121 = EDGE_LOOP ( 'NONE', ( #5469, #5979, #4857, #3176 ) ) ;
#5122 = ORIENTED_EDGE ( 'NONE', *, *, #127, .F. ) ;
#5123 = VERTEX_POINT ( 'NONE', #3007 ) ;
#5124 = DIRECTION ( 'NONE',  ( -1.000000000000000000, -0.000000000000000000, -0.000000000000000000 ) ) ;
#5125 = FACE_OUTER_BOUND ( 'NONE', #4662, .T. ) ;
#5126 = ADVANCED_FACE ( 'NONE', ( #4996 ), #2528, .F. ) ;
#5127 = CARTESIAN_POINT ( 'NONE',  ( 27.59999999999999787, -2.762069023147044167, -6.931785952275177465 ) ) ;
#5128 = VERTEX_POINT ( 'NONE', #6039 ) ;
#5129 = ADVANCED_FACE ( 'NONE', ( #5516 ), #3043, .F. ) ;
#5130 = ORIENTED_EDGE ( 'NONE', *, *, #1661, .T. ) ;
#5131 = LINE ( 'NONE', #5101, #1399 ) ;
#5132 = DIRECTION ( 'NONE',  ( 0.000000000000000000, 1.000000000000000000, 0.000000000000000000 ) ) ;
#5133 = ORIENTED_EDGE ( 'NONE', *, *, #1775, .T. ) ;
#5134 = CIRCLE ( 'NONE', #2329, 3.500000000000003109 ) ;
#5135 = DIRECTION ( 'NONE',  ( 0.000000000000000000, 0.000000000000000000, -1.000000000000000000 ) ) ;
#5136 = VECTOR ( 'NONE', #1745, 1000.000000000000000 ) ;
#5137 = CARTESIAN_POINT ( 'NONE',  ( 26.59999999999999787, 0.000000000000000000, 0.000000000000000000 ) ) ;
#5138 = CIRCLE ( 'NONE', #1358, 10.00000000000000000 ) ;
#5139 = DIRECTION ( 'NONE',  ( 0.000000000000000000, 0.000000000000000000, -1.000000000000000000 ) ) ;
#5140 = CARTESIAN_POINT ( 'NONE',  ( 41.60000000000000142, -4.261960596893379360, 5.702989453486133620 ) ) ;
#5141 = EDGE_CURVE ( 'NONE', #4804, #4382, #17, .T. ) ;
#5142 = DIRECTION ( 'NONE',  ( -1.000000000000000000, -0.000000000000000000, -0.000000000000000000 ) ) ;
#5143 = VECTOR ( 'NONE', #5720, 1000.000000000000000 ) ;
#5144 = EDGE_CURVE ( 'NONE', #6073, #1363, #1616, .T. ) ;
#5145 = DIRECTION ( 'NONE',  ( 1.000000000000000000, 0.000000000000000000, 0.000000000000000000 ) ) ;
#5146 = DIRECTION ( 'NONE',  ( 0.000000000000000000, 0.000000000000000000, -1.000000000000000000 ) ) ;
#5147 = VERTEX_POINT ( 'NONE', #4268 ) ;
#5148 = PLANE ( 'NONE',  #5799 ) ;
#5149 = ADVANCED_FACE ( 'NONE', ( #3301 ), #4659, .F. ) ;
#5150 = DIRECTION ( 'NONE',  ( -1.445602896647339656E-16, -0.000000000000000000, -1.000000000000000000 ) ) ;
#5151 = CARTESIAN_POINT ( 'NONE',  ( 27.59999999999999787, 1.030637635557567044, 8.864943216164022033 ) ) ;
#5152 = AXIS2_PLACEMENT_3D ( 'NONE', #5798, #3348, #892 ) ;
#5153 = EDGE_CURVE ( 'NONE', #4058, #355, #918, .T. ) ;
#5154 = ORIENTED_EDGE ( 'NONE', *, *, #2545, .T. ) ;
#5155 = ORIENTED_EDGE ( 'NONE', *, *, #6306, .F. ) ;
#5156 = CARTESIAN_POINT ( 'NONE',  ( 1.500000000000001554, 1.030637635557567044, 3.864943216164022477 ) ) ;
#5157 = SURFACE_STYLE_FILL_AREA ( #2024 ) ;
#5158 = ORIENTED_EDGE ( 'NONE', *, *, #4574, .F. ) ;
#5159 = CIRCLE ( 'NONE', #687, 7.000000000000000888 ) ;
#5160 = CARTESIAN_POINT ( 'NONE',  ( 35.60000000000000142, -4.365952903884278591, -5.321604448520052877 ) ) ;
#5161 = CARTESIAN_POINT ( 'NONE',  ( -40.70000000000000284, 0.000000000000000000, -8.450000000000001066 ) ) ;
#5162 = DIRECTION ( 'NONE',  ( -1.000000000000000000, -0.000000000000000000, -0.000000000000000000 ) ) ;
#5163 = VERTEX_POINT ( 'NONE', #186 ) ;
#5164 = AXIS2_PLACEMENT_3D ( 'NONE', #5036, #2609, #4592 ) ;
#5165 = VERTEX_POINT ( 'NONE', #2249 ) ;
#5166 = DIRECTION ( 'NONE',  ( 0.000000000000000000, -1.162264728904460753E-14, -1.000000000000000000 ) ) ;
#5167 = DIRECTION ( 'NONE',  ( 0.000000000000000000, 0.000000000000000000, -1.000000000000000000 ) ) ;
#5168 = AXIS2_PLACEMENT_3D ( 'NONE', #3606, #5095, #5974 ) ;
#5169 = VERTEX_POINT ( 'NONE', #3195 ) ;
#5170 = AXIS2_PLACEMENT_3D ( 'NONE', #3231, #3138, #2727 ) ;
#5171 = DIRECTION ( 'NONE',  ( 0.000000000000000000, 0.000000000000000000, 1.000000000000000000 ) ) ;
#5172 = ORIENTED_EDGE ( 'NONE', *, *, #4510, .F. ) ;
#5173 = EDGE_CURVE ( 'NONE', #3018, #5835, #4747, .T. ) ;
#5174 = DIRECTION ( 'NONE',  ( 1.000000000000000000, -0.000000000000000000, -0.000000000000000000 ) ) ;
#5175 = CIRCLE ( 'NONE', #4551, 7.000000000000000888 ) ;
#5176 = CYLINDRICAL_SURFACE ( 'NONE', #4884, 9.000000000000000000 ) ;
#5177 = LINE ( 'NONE', #303, #310 ) ;
#5178 = CIRCLE ( 'NONE', #1118, 5.000000000000000000 ) ;
#5179 = AXIS2_PLACEMENT_3D ( 'NONE', #4048, #5957, #6403 ) ;
#5180 = VECTOR ( 'NONE', #3728, 1000.000000000000000 ) ;
#5181 = LINE ( 'NONE', #5025, #523 ) ;
#5182 = DIRECTION ( 'NONE',  ( -1.000000000000000000, 0.000000000000000000, -0.000000000000000000 ) ) ;
#5183 = VECTOR ( 'NONE', #5570, 1000.000000000000000 ) ;
#5184 = DIRECTION ( 'NONE',  ( 0.000000000000000000, 0.000000000000000000, 1.000000000000000000 ) ) ;
#5185 = DIRECTION ( 'NONE',  ( -1.000000000000000000, -0.000000000000000000, -0.000000000000000000 ) ) ;
#5186 = ORIENTED_EDGE ( 'NONE', *, *, #3486, .T. ) ;
#5187 = AXIS2_PLACEMENT_3D ( 'NONE', #6133, #3674, #5654 ) ;
#5188 = CARTESIAN_POINT ( 'NONE',  ( 1.500000000000000000, -4.261960596893379360, 5.702989453486133620 ) ) ;
#5189 = EDGE_CURVE ( 'NONE', #4017, #4926, #311, .T. ) ;
#5190 = VERTEX_POINT ( 'NONE', #5215 ) ;
#5191 = CYLINDRICAL_SURFACE ( 'NONE', #2391, 7.000000000000000000 ) ;
#5192 = DIRECTION ( 'NONE',  ( 0.000000000000000000, -1.000000000000000000, 0.000000000000000000 ) ) ;
#5193 = VECTOR ( 'NONE', #3522, 1000.000000000000000 ) ;
#5194 = DIRECTION ( 'NONE',  ( 0.000000000000000000, 0.000000000000000000, -1.000000000000000000 ) ) ;
#5195 = CIRCLE ( 'NONE', #5514, 3.500000000000003109 ) ;
#5196 = VERTEX_POINT ( 'NONE', #5254 ) ;
#5197 = CARTESIAN_POINT ( 'NONE',  ( 36.59999999999999432, 2.606424087848269178, -8.614322577793585012 ) ) ;
#5198 = CARTESIAN_POINT ( 'NONE',  ( 29.04974746830583499, 1.000000000000007550, 4.599999999999995204 ) ) ;
#5199 = VECTOR ( 'NONE', #2697, 1000.000000000000000 ) ;
#5200 = ORIENTED_EDGE ( 'NONE', *, *, #4781, .F. ) ;
#5201 = VERTEX_POINT ( 'NONE', #5151 ) ;
#5202 = CARTESIAN_POINT ( 'NONE',  ( 15.20000000000000284, 29.50000000000000000, 0.000000000000000000 ) ) ;
#5203 = DIRECTION ( 'NONE',  ( -1.000000000000000000, -0.000000000000000000, -0.000000000000000000 ) ) ;
#5204 = AXIS2_PLACEMENT_3D ( 'NONE', #1767, #2751, #4105 ) ;
#5205 = CIRCLE ( 'NONE', #5518, 10.00000000000000178 ) ;
#5206 = ORIENTED_EDGE ( 'NONE', *, *, #232, .T. ) ;
#5207 = ORIENTED_EDGE ( 'NONE', *, *, #5144, .F. ) ;
#5208 = LINE ( 'NONE', #3184, #2825 ) ;
#5209 = CARTESIAN_POINT ( 'NONE',  ( 1.500000000000002220, -2.763066821399118744, 7.121905987407648020 ) ) ;
#5210 = LINE ( 'NONE', #5263, #558 ) ;
#5211 = LINE ( 'NONE', #4743, #3324 ) ;
#5212 = CARTESIAN_POINT ( 'NONE',  ( 0.000000000000000000, 7.000000000000000000, 49.74757862151242449 ) ) ;
#5213 = DIRECTION ( 'NONE',  ( -1.000000000000000000, -0.000000000000000000, -0.000000000000000000 ) ) ;
#5214 = DIRECTION ( 'NONE',  ( 0.000000000000000000, 0.000000000000000000, 1.000000000000000000 ) ) ;
#5215 = CARTESIAN_POINT ( 'NONE',  ( 32.59999999999999432, 2.318934680004526516, 8.696122236369051350 ) ) ;
#5216 = EDGE_CURVE ( 'NONE', #3555, #4748, #6015, .T. ) ;
#5217 = ADVANCED_FACE ( 'NONE', ( #4688 ), #4176, .T. ) ;
#5218 = EDGE_CURVE ( 'NONE', #5123, #4449, #2650, .T. ) ;
#5219 = EDGE_LOOP ( 'NONE', ( #6107, #3351, #87, #1506 ) ) ;
#5220 = VERTEX_POINT ( 'NONE', #5751 ) ;
#5221 = ADVANCED_FACE ( 'NONE', ( #6195 ), #1678, .T. ) ;
#5222 = ORIENTED_EDGE ( 'NONE', *, *, #3397, .T. ) ;
#5223 = DIRECTION ( 'NONE',  ( 1.000000000000000000, 0.000000000000000000, 0.000000000000000000 ) ) ;
#5224 = ORIENTED_EDGE ( 'NONE', *, *, #2838, .F. ) ;
#5225 = DIRECTION ( 'NONE',  ( -1.000000000000000000, -0.000000000000000000, -0.000000000000000000 ) ) ;
#5226 = CARTESIAN_POINT ( 'NONE',  ( 1.500000000000000000, 0.000000000000000000, 7.150000000000000355 ) ) ;
#5227 = VECTOR ( 'NONE', #5595, 1000.000000000000000 ) ;
#5228 = ADVANCED_FACE ( 'NONE', ( #4629 ), #2168, .T. ) ;
#5229 = CARTESIAN_POINT ( 'NONE',  ( -0.002000000000002000178, 0.000000000000000000, 0.000000000000000000 ) ) ;
#5230 = EDGE_CURVE ( 'NONE', #5375, #3314, #4461, .T. ) ;
#5231 = CARTESIAN_POINT ( 'NONE',  ( 37.59999999999999432, 0.000000000000000000, 0.1499999999999999944 ) ) ;
#5232 = ORIENTED_EDGE ( 'NONE', *, *, #2665, .T. ) ;
#5233 = PRESENTATION_LAYER_ASSIGNMENT (  '', '', ( #1601 ) ) ;
#5234 = EDGE_CURVE ( 'NONE', #890, #4752, #1280, .T. ) ;
#5235 = EDGE_LOOP ( 'NONE', ( #438, #949, #331, #5566 ) ) ;
#5236 = ADVANCED_FACE ( 'NONE', ( #1707 ), #1310, .F. ) ;
#5237 = DIRECTION ( 'NONE',  ( 1.000000000000000000, 0.000000000000000000, 0.000000000000000000 ) ) ;
#5238 = DIRECTION ( 'NONE',  ( 0.000000000000000000, 0.000000000000000000, 1.000000000000000000 ) ) ;
#5239 = VERTEX_POINT ( 'NONE', #1249 ) ;
#5240 = EDGE_LOOP ( 'NONE', ( #4079, #4508, #3044, #2487 ) ) ;
#5241 = CIRCLE ( 'NONE', #568, 5.000000000000000000 ) ;
#5242 = DIRECTION ( 'NONE',  ( 1.000000000000000000, 0.000000000000000000, 0.000000000000000000 ) ) ;
#5243 = DIRECTION ( 'NONE',  ( 0.000000000000000000, 0.000000000000000000, 1.000000000000000000 ) ) ;
#5244 = DIRECTION ( 'NONE',  ( -1.000000000000000000, -0.000000000000000000, -0.000000000000000000 ) ) ;
#5245 = DIRECTION ( 'NONE',  ( -1.000000000000000000, -0.000000000000000000, -0.000000000000000000 ) ) ;
#5246 = CARTESIAN_POINT ( 'NONE',  ( 22.59999999999999432, 2.318934680004526960, 8.696122236369053127 ) ) ;
#5247 = DIRECTION ( 'NONE',  ( 0.000000000000000000, 1.000000000000000000, 1.294569758191647155E-16 ) ) ;
#5248 = DIRECTION ( 'NONE',  ( 0.000000000000000000, 0.000000000000000000, 1.000000000000000000 ) ) ;
#5249 = CIRCLE ( 'NONE', #76, 7.000000000000002665 ) ;
#5250 = ORIENTED_EDGE ( 'NONE', *, *, #4388, .T. ) ;
#5251 = AXIS2_PLACEMENT_3D ( 'NONE', #27, #5606, #3681 ) ;
#5252 = CARTESIAN_POINT ( 'NONE',  ( -6.799999999999999822, 6.999999999999999112, 2.650000000000000799 ) ) ;
#5253 = CARTESIAN_POINT ( 'NONE',  ( 38.59999999999999432, 2.606424087848269178, -8.614322577793585012 ) ) ;
#5254 = CARTESIAN_POINT ( 'NONE',  ( 36.59999999999999432, 1.030637635557567044, 8.864943216164022033 ) ) ;
#5255 = EDGE_LOOP ( 'NONE', ( #5667, #3902 ) ) ;
#5256 = ORIENTED_EDGE ( 'NONE', *, *, #4053, .F. ) ;
#5257 = CARTESIAN_POINT ( 'NONE',  ( 25.59999999999999787, 1.030637635557567044, 3.864943216164022477 ) ) ;
#5258 = DIRECTION ( 'NONE',  ( 0.000000000000000000, 0.000000000000000000, -1.000000000000000000 ) ) ;
#5259 = CARTESIAN_POINT ( 'NONE',  ( 38.59999999999999432, 0.000000000000000000, 0.1499999999999999944 ) ) ;
#5260 = PLANE ( 'NONE',  #4968 ) ;
#5261 = VERTEX_POINT ( 'NONE', #1807 ) ;
#5262 = EDGE_CURVE ( 'NONE', #4366, #744, #3232, .T. ) ;
#5263 = CARTESIAN_POINT ( 'NONE',  ( 22.10000000000000142, 1.000000000000007772, 1.199999999999995737 ) ) ;
#5264 = EDGE_LOOP ( 'NONE', ( #3594, #5557, #2051, #987 ) ) ;
#5265 = CARTESIAN_POINT ( 'NONE',  ( 19.86927765092148945, 14.50000000000000711, 0.000000000000000000 ) ) ;
#5266 = DIRECTION ( 'NONE',  ( 1.000000000000000000, 0.000000000000000000, 0.000000000000000000 ) ) ;
#5267 = VERTEX_POINT ( 'NONE', #4236 ) ;
#5268 = VERTEX_POINT ( 'NONE', #3656 ) ;
#5269 = VECTOR ( 'NONE', #2125, 1000.000000000000000 ) ;
#5270 = EDGE_CURVE ( 'NONE', #598, #5147, #3268, .T. ) ;
#5271 = DIRECTION ( 'NONE',  ( 0.000000000000000000, -1.000000000000000000, 0.000000000000000000 ) ) ;
#5272 = VERTEX_POINT ( 'NONE', #3398 ) ;
#5273 = EDGE_CURVE ( 'NONE', #5239, #3997, #6128, .T. ) ;
#5274 = CARTESIAN_POINT ( 'NONE',  ( 1.500000000000001554, 1.030637635557567044, 8.864943216164022033 ) ) ;
#5275 = CARTESIAN_POINT ( 'NONE',  ( 38.59999999999999432, -10.35047573531249654, 13.63583152989489911 ) ) ;
#5276 = ORIENTED_EDGE ( 'NONE', *, *, #6377, .T. ) ;
#5277 = EDGE_CURVE ( 'NONE', #1622, #4675, #1833, .T. ) ;
#5279 = VECTOR ( 'NONE', #1167, 1000.000000000000000 ) ;
#5278 = CARTESIAN_POINT ( 'NONE',  ( 39.59999999999999432, -2.762069023147044167, -6.931785952275177465 ) ) ;
#5280 = DIRECTION ( 'NONE',  ( 0.000000000000000000, 0.000000000000000000, -1.000000000000000000 ) ) ;
#5281 = DIRECTION ( 'NONE',  ( 0.000000000000000000, -1.000000000000000000, -4.336808689942019708E-16 ) ) ;
#5282 = DIRECTION ( 'NONE',  ( -1.000000000000000000, -0.000000000000000000, -0.000000000000000000 ) ) ;
#5283 = CARTESIAN_POINT ( 'NONE',  ( 23.59999999999999432, 2.606424087848269178, -8.614322577793585012 ) ) ;
#5284 = VERTEX_POINT ( 'NONE', #5919 ) ;
#5285 = AXIS2_PLACEMENT_3D ( 'NONE', #623, #4587, #149 ) ;
#5286 = DIRECTION ( 'NONE',  ( 0.000000000000000000, 0.000000000000000000, -1.000000000000000000 ) ) ;
#5287 = DIRECTION ( 'NONE',  ( -1.000000000000000000, -0.000000000000000000, -0.000000000000000000 ) ) ;
#5288 = LINE ( 'NONE', #952, #511 ) ;
#5289 = AXIS2_PLACEMENT_3D ( 'NONE', #4613, #2178, #5093 ) ;
#5290 = VECTOR ( 'NONE', #2100, 1000.000000000000000 ) ;
#5291 = ORIENTED_EDGE ( 'NONE', *, *, #4854, .T. ) ;
#5292 = CARTESIAN_POINT ( 'NONE',  ( 22.10000000000000142, 8.100000000000003197, 7.450000000000001066 ) ) ;
#5293 = VECTOR ( 'NONE', #754, 1000.000000000000000 ) ;
#5294 = VERTEX_POINT ( 'NONE', #3427 ) ;
#5295 = CIRCLE ( 'NONE', #5495, 5.000000000000000888 ) ;
#5296 = DIRECTION ( 'NONE',  ( -1.000000000000000000, -1.504111723692325477E-16, 0.000000000000000000 ) ) ;
#5297 = DIRECTION ( 'NONE',  ( 0.000000000000000000, 0.000000000000000000, 1.000000000000000000 ) ) ;
#5298 = DIRECTION ( 'NONE',  ( -1.000000000000000000, -1.504111723692325477E-16, 0.000000000000000000 ) ) ;
#5299 = CIRCLE ( 'NONE', #3424, 7.000000000000000888 ) ;
#5300 = ORIENTED_EDGE ( 'NONE', *, *, #3706, .T. ) ;
#5301 = LINE ( 'NONE', #1359, #1529 ) ;
#5302 = DIRECTION ( 'NONE',  ( -1.000000000000000000, -0.000000000000000000, -0.000000000000000000 ) ) ;
#5303 = VECTOR ( 'NONE', #2047, 1000.000000000000000 ) ;
#5304 = DIRECTION ( 'NONE',  ( 0.000000000000000000, 0.000000000000000000, -1.000000000000000000 ) ) ;
#5305 = ORIENTED_EDGE ( 'NONE', *, *, #489, .F. ) ;
#5306 = VERTEX_POINT ( 'NONE', #5418 ) ;
#5307 = EDGE_CURVE ( 'NONE', #4720, #1116, #5288, .T. ) ;
#5308 = DIRECTION ( 'NONE',  ( 0.000000000000000000, 0.000000000000000000, -1.000000000000000000 ) ) ;
#5309 = EDGE_CURVE ( 'NONE', #5427, #4953, #1965, .T. ) ;
#5310 = VERTEX_POINT ( 'NONE', #5383 ) ;
#5311 = DIRECTION ( 'NONE',  ( -1.000000000000000000, -0.000000000000000000, -0.000000000000000000 ) ) ;
#5312 = CARTESIAN_POINT ( 'NONE',  ( 24.10000000000000497, 29.50000000000000000, -8.999999999999998224 ) ) ;
#5313 = CARTESIAN_POINT ( 'NONE',  ( -40.70000000000000284, 38.49999999999999289, -2.699999999999997069 ) ) ;
#5314 = EDGE_CURVE ( 'NONE', #1298, #2651, #4146, .T. ) ;
#5315 = ORIENTED_EDGE ( 'NONE', *, *, #5851, .T. ) ;
#5316 = DIRECTION ( 'NONE',  ( 1.000000000000000000, 0.000000000000000000, 0.000000000000000000 ) ) ;
#5317 = EDGE_CURVE ( 'NONE', #4058, #2562, #4849, .T. ) ;
#5318 = ORIENTED_EDGE ( 'NONE', *, *, #5978, .T. ) ;
#5319 = DIRECTION ( 'NONE',  ( 0.000000000000000000, 0.000000000000000000, -1.000000000000000000 ) ) ;
#5320 = CARTESIAN_POINT ( 'NONE',  ( -39.69999999999999574, 14.50000000000000355, 0.000000000000000000 ) ) ;
#5321 = CARTESIAN_POINT ( 'NONE',  ( 34.60000000000000142, 0.000000000000000000, 7.150000000000002132 ) ) ;
#5322 = CARTESIAN_POINT ( 'NONE',  ( 34.60000000000000142, -4.261960596893380249, 5.702989453486133620 ) ) ;
#5323 = ORIENTED_EDGE ( 'NONE', *, *, #1892, .F. ) ;
#5324 = VERTEX_POINT ( 'NONE', #820 ) ;
#5325 = CARTESIAN_POINT ( 'NONE',  ( 35.60000000000000142, -2.763066821399118744, 7.121905987407648020 ) ) ;
#5326 = PRESENTATION_STYLE_ASSIGNMENT (( #3305 ) ) ;
#5327 = VERTEX_POINT ( 'NONE', #1868 ) ;
#5328 = LINE ( 'NONE', #2835, #4525 ) ;
#5329 = CARTESIAN_POINT ( 'NONE',  ( 20.59999999999999787, 1.030637635557567044, 8.864943216164022033 ) ) ;
#5330 = ORIENTED_EDGE ( 'NONE', *, *, #1208, .T. ) ;
#5331 = ORIENTED_EDGE ( 'NONE', *, *, #585, .F. ) ;
#5332 = CARTESIAN_POINT ( 'NONE',  ( 30.59999999999999432, -4.365952903884279479, -5.321604448520053765 ) ) ;
#5333 = DIRECTION ( 'NONE',  ( -1.000000000000000000, -0.000000000000000000, -0.000000000000000000 ) ) ;
#5334 = ORIENTED_EDGE ( 'NONE', *, *, #1008, .F. ) ;
#5335 = EDGE_LOOP ( 'NONE', ( #1498, #3472, #857, #926 ) ) ;
#5336 = CARTESIAN_POINT ( 'NONE',  ( 19.59999999999999787, 2.318934680004526516, 8.696122236369051350 ) ) ;
#5337 = AXIS2_PLACEMENT_3D ( 'NONE', #2777, #323, #1758 ) ;
#5338 = ORIENTED_EDGE ( 'NONE', *, *, #5695, .F. ) ;
#5339 = EDGE_CURVE ( 'NONE', #3198, #442, #5790, .T. ) ;
#5340 = CARTESIAN_POINT ( 'NONE',  ( 22.10000000000000142, 8.100000000000003197, 8.000000000000000000 ) ) ;
#5341 = CARTESIAN_POINT ( 'NONE',  ( 22.10000000000000142, 20.25000000000001066, -6.250000000000000888 ) ) ;
#5342 = DIRECTION ( 'NONE',  ( 1.000000000000000000, 0.000000000000000000, 0.000000000000000000 ) ) ;
#5343 = DIRECTION ( 'NONE',  ( 0.000000000000000000, 0.000000000000000000, 1.000000000000000000 ) ) ;
#5344 = ORIENTED_EDGE ( 'NONE', *, *, #3906, .F. ) ;
#5345 = ORIENTED_EDGE ( 'NONE', *, *, #2408, .T. ) ;
#5346 = ADVANCED_FACE ( 'NONE', ( #4369 ), #1897, .F. ) ;
#5347 = AXIS2_PLACEMENT_3D ( 'NONE', #4787, #1312, #2705 ) ;
#5348 = ADVANCED_FACE ( 'NONE', ( #2897 ), #851, .T. ) ;
#5349 = ADVANCED_FACE ( 'NONE', ( #3873, #2930 ), #2828, .T. ) ;
#5350 = DIRECTION ( 'NONE',  ( -1.000000000000000000, -0.000000000000000000, -0.000000000000000000 ) ) ;
#5351 = CARTESIAN_POINT ( 'NONE',  ( 38.59999999999999432, 2.318934680004526960, 8.696122236369053127 ) ) ;
#5352 = ORIENTED_EDGE ( 'NONE', *, *, #1493, .T. ) ;
#5353 = CIRCLE ( 'NONE', #2444, 7.000000000000000000 ) ;
#5354 = EDGE_LOOP ( 'NONE', ( #1660, #3589, #1630, #4467 ) ) ;
#5355 = AXIS2_PLACEMENT_3D ( 'NONE', #1284, #1254, #6145 ) ;
#5356 = SURFACE_STYLE_USAGE ( .BOTH. , #3848 ) ;
#5357 = CARTESIAN_POINT ( 'NONE',  ( 29.04974746830583499, 20.25000000000001066, 6.249999999999999112 ) ) ;
#5358 = ADVANCED_FACE ( 'NONE', ( #1474 ), #6368, .T. ) ;
#5359 = EDGE_LOOP ( 'NONE', ( #1797, #5816, #6337, #1633 ) ) ;
#5360 = DIRECTION ( 'NONE',  ( -1.000000000000000000, 0.000000000000000000, -0.000000000000000000 ) ) ;
#5361 = CYLINDRICAL_SURFACE ( 'NONE', #3107, 5.499999999999998224 ) ;
#5362 = DIRECTION ( 'NONE',  ( -6.672013369141552398E-16, -1.000000000000000000, 0.000000000000000000 ) ) ;
#5363 = ORIENTED_EDGE ( 'NONE', *, *, #3038, .T. ) ;
#5364 = DIRECTION ( 'NONE',  ( 1.000000000000000000, 0.000000000000000000, 0.000000000000000000 ) ) ;
#5365 = ORIENTED_EDGE ( 'NONE', *, *, #5538, .F. ) ;
#5366 = CYLINDRICAL_SURFACE ( 'NONE', #704, 7.000000000000000000 ) ;
#5367 = DIRECTION ( 'NONE',  ( -0.000000000000000000, -0.000000000000000000, -1.000000000000000000 ) ) ;
#5368 = LINE ( 'NONE', #2473, #1546 ) ;
#5369 = DIRECTION ( 'NONE',  ( -1.000000000000000000, -0.000000000000000000, -0.000000000000000000 ) ) ;
#5370 = CARTESIAN_POINT ( 'NONE',  ( 20.59999999999999787, 0.000000000000000000, 0.000000000000000000 ) ) ;
#5371 = CLOSED_SHELL ( 'NONE', ( #6348, #3588, #3366, #648, #1468, #804, #5981, #6019, #1885 ) ) ;
#5372 = LINE ( 'NONE', #2883, #3558 ) ;
#5373 = CARTESIAN_POINT ( 'NONE',  ( 29.04974746830583499, 23.75000000000000711, -6.250000000000000888 ) ) ;
#5374 = ORIENTED_EDGE ( 'NONE', *, *, #236, .F. ) ;
#5375 = VERTEX_POINT ( 'NONE', #340 ) ;
#5376 = DIRECTION ( 'NONE',  ( -1.000000000000000000, -1.504111723692325477E-16, 0.000000000000000000 ) ) ;
#5377 = AXIS2_PLACEMENT_3D ( 'NONE', #2040, #5082, #2701 ) ;
#5378 = FACE_OUTER_BOUND ( 'NONE', #5752, .T. ) ;
#5379 = DIRECTION ( 'NONE',  ( 0.000000000000000000, -1.000000000000000000, 0.000000000000000000 ) ) ;
#5380 = VERTEX_POINT ( 'NONE', #2317 ) ;
#5381 = ORIENTED_EDGE ( 'NONE', *, *, #1725, .T. ) ;
#5382 = CIRCLE ( 'NONE', #1642, 9.000000000000000000 ) ;
#5383 = CARTESIAN_POINT ( 'NONE',  ( -40.70000000000000284, 0.000000000000000000, 2.700000000000006839 ) ) ;
#5384 = ORIENTED_EDGE ( 'NONE', *, *, #583, .T. ) ;
#5385 = AXIS2_PLACEMENT_3D ( 'NONE', #6211, #3725, #5705 ) ;
#5386 = FACE_OUTER_BOUND ( 'NONE', #1834, .T. ) ;
#5387 = ORIENTED_EDGE ( 'NONE', *, *, #3697, .F. ) ;
#5388 = VERTEX_POINT ( 'NONE', #4299 ) ;
#5389 = CARTESIAN_POINT ( 'NONE',  ( 18.59999999999999787, -10.35047573531249654, 13.63583152989489911 ) ) ;
#5390 = EDGE_LOOP ( 'NONE', ( #1472, #30, #1473, #861 ) ) ;
#5391 = CYLINDRICAL_SURFACE ( 'NONE', #1420, 7.999999999999996447 ) ;
#5392 = CARTESIAN_POINT ( 'NONE',  ( 30.59999999999999432, -4.261960596893380249, 5.702989453486133620 ) ) ;
#5393 = EDGE_CURVE ( 'NONE', #4451, #870, #6400, .T. ) ;
#5394 = AXIS2_PLACEMENT_3D ( 'NONE', #3621, #5011, #1672 ) ;
#5395 = VECTOR ( 'NONE', #5651, 1000.000000000000000 ) ;
#5396 = EDGE_CURVE ( 'NONE', #2834, #5980, #3801, .T. ) ;
#5397 = ORIENTED_EDGE ( 'NONE', *, *, #3906, .T. ) ;
#5398 = AXIS2_PLACEMENT_3D ( 'NONE', #1058, #138, #2075 ) ;
#5399 = AXIS2_PLACEMENT_3D ( 'NONE', #2656, #3637, #1066 ) ;
#5400 = VERTEX_POINT ( 'NONE', #1927 ) ;
#5401 = CARTESIAN_POINT ( 'NONE',  ( 30.59999999999999432, 2.606424087848269178, -8.614322577793585012 ) ) ;
#5402 = LINE ( 'NONE', #864, #2066 ) ;
#5403 = AXIS2_PLACEMENT_3D ( 'NONE', #215, #2669, #2195 ) ;
#5404 = CARTESIAN_POINT ( 'NONE',  ( 28.59999999999999787, -2.762069023147042390, -6.931785952275175688 ) ) ;
#5405 = DIRECTION ( 'NONE',  ( 1.000000000000000000, 0.000000000000000000, 0.000000000000000000 ) ) ;
#5406 = AXIS2_PLACEMENT_3D ( 'NONE', #3835, #3893, #5343 ) ;
#5407 = DIRECTION ( 'NONE',  ( 0.000000000000000000, 0.000000000000000000, -1.000000000000000000 ) ) ;
#5408 = VERTEX_POINT ( 'NONE', #3338 ) ;
#5409 = DIRECTION ( 'NONE',  ( -1.000000000000000000, -0.000000000000000000, -0.000000000000000000 ) ) ;
#5410 = FACE_OUTER_BOUND ( 'NONE', #2046, .T. ) ;
#5411 = AXIS2_PLACEMENT_3D ( 'NONE', #5726, #2636, #151 ) ;
#5412 = ORIENTED_EDGE ( 'NONE', *, *, #337, .T. ) ;
#5413 = AXIS2_PLACEMENT_3D ( 'NONE', #1218, #2654, #4275 ) ;
#5414 = ORIENTED_EDGE ( 'NONE', *, *, #5656, .T. ) ;
#5415 = AXIS2_PLACEMENT_3D ( 'NONE', #6268, #5749, #3299 ) ;
#5416 = APPLICATION_PROTOCOL_DEFINITION ( 'draft international standard', 'automotive_design', 1998, #2733 ) ;
#5417 = CIRCLE ( 'NONE', #3951, 5.000000000000000000 ) ;
#5418 = CARTESIAN_POINT ( 'NONE',  ( 15.20000000000000284, 23.75000000000000711, 6.249999999999999112 ) ) ;
#5419 = EDGE_LOOP ( 'NONE', ( #4127, #3630, #3532, #3306 ) ) ;
#5420 = DIRECTION ( 'NONE',  ( 0.000000000000000000, 0.000000000000000000, -1.000000000000000000 ) ) ;
#5421 = EDGE_LOOP ( 'NONE', ( #1402, #3806, #3061, #3913 ) ) ;
#5422 = ORIENTED_EDGE ( 'NONE', *, *, #2882, .T. ) ;
#5423 = CARTESIAN_POINT ( 'NONE',  ( 18.59999999999999787, 0.000000000000000000, 0.000000000000000000 ) ) ;
#5424 = VERTEX_POINT ( 'NONE', #5322 ) ;
#5425 = CYLINDRICAL_SURFACE ( 'NONE', #5567, 1.749999999999997113 ) ;
#5426 = DIRECTION ( 'NONE',  ( 0.000000000000000000, -0.000000000000000000, 1.000000000000000000 ) ) ;
#5427 = VERTEX_POINT ( 'NONE', #4436 ) ;
#5428 = EDGE_LOOP ( 'NONE', ( #2132, #256, #5673, #3690, #486, #3600, #2144, #2034, #6374 ) ) ;
#5429 = CARTESIAN_POINT ( 'NONE',  ( 1.500000000000001554, 1.030637635557567044, 3.864943216164022477 ) ) ;
#5430 = DIRECTION ( 'NONE',  ( -1.000000000000000000, -0.000000000000000000, -0.000000000000000000 ) ) ;
#5431 = EDGE_CURVE ( 'NONE', #4926, #6109, #5299, .T. ) ;
#5432 = VERTEX_POINT ( 'NONE', #2962 ) ;
#5433 = CARTESIAN_POINT ( 'NONE',  ( 24.10000000000000497, 7.100000000000003197, 9.000000000000001776 ) ) ;
#5434 = DIRECTION ( 'NONE',  ( 0.000000000000000000, 0.000000000000000000, -1.000000000000000000 ) ) ;
#5435 = ORIENTED_EDGE ( 'NONE', *, *, #2489, .F. ) ;
#5436 = CARTESIAN_POINT ( 'NONE',  ( -38.10000000000000142, 4.499999999999995559, -2.649999999999991473 ) ) ;
#5437 = DIRECTION ( 'NONE',  ( 0.000000000000000000, 0.000000000000000000, 1.000000000000000000 ) ) ;
#5438 = CARTESIAN_POINT ( 'NONE',  ( 1.500000000000000000, -4.365952903884278591, -5.321604448520052877 ) ) ;
#5439 = FACE_OUTER_BOUND ( 'NONE', #577, .T. ) ;
#5440 = VERTEX_POINT ( 'NONE', #4471 ) ;
#5441 = ORIENTED_EDGE ( 'NONE', *, *, #158, .F. ) ;
#5442 = DIRECTION ( 'NONE',  ( 1.000000000000000000, 0.000000000000000000, 0.000000000000000000 ) ) ;
#5443 = VECTOR ( 'NONE', #1732, 1000.000000000000000 ) ;
#5444 = CARTESIAN_POINT ( 'NONE',  ( 38.59999999999999432, 0.000000000000000000, 7.150000000000002132 ) ) ;
#5445 = ORIENTED_EDGE ( 'NONE', *, *, #2287, .T. ) ;
#5446 = CIRCLE ( 'NONE', #2640, 10.00000000000000000 ) ;
#5447 = PLANE ( 'NONE',  #4654 ) ;
#5448 = VERTEX_POINT ( 'NONE', #1543 ) ;
#5449 = ORIENTED_EDGE ( 'NONE', *, *, #1582, .F. ) ;
#5450 = ORIENTED_EDGE ( 'NONE', *, *, #347, .T. ) ;
#5451 = FACE_OUTER_BOUND ( 'NONE', #6076, .T. ) ;
#5452 = DIRECTION ( 'NONE',  ( -1.000000000000000000, -0.000000000000000000, -0.000000000000000000 ) ) ;
#5453 = VERTEX_POINT ( 'NONE', #5012 ) ;
#5454 = ORIENTED_EDGE ( 'NONE', *, *, #2991, .F. ) ;
#5455 = DIRECTION ( 'NONE',  ( -1.000000000000000000, -0.000000000000000000, -0.000000000000000000 ) ) ;
#5456 = CARTESIAN_POINT ( 'NONE',  ( 30.59999999999999432, 1.030637635557567044, 3.864943216164022477 ) ) ;
#5457 = DIRECTION ( 'NONE',  ( 0.000000000000000000, 1.000000000000000000, 0.000000000000000000 ) ) ;
#5458 = CARTESIAN_POINT ( 'NONE',  ( 38.59999999999999432, 0.000000000000000000, 0.000000000000000000 ) ) ;
#5459 = ADVANCED_FACE ( 'NONE', ( #4985 ), #630, .F. ) ;
#5460 = CARTESIAN_POINT ( 'NONE',  ( 24.59999999999999787, -4.365952903884279479, -5.321604448520053765 ) ) ;
#5461 = LINE ( 'NONE', #4356, #4042 ) ;
#5462 = DIRECTION ( 'NONE',  ( -1.000000000000000000, -0.000000000000000000, -0.000000000000000000 ) ) ;
#5463 = VERTEX_POINT ( 'NONE', #70 ) ;
#5464 = VERTEX_POINT ( 'NONE', #39 ) ;
#5465 = CARTESIAN_POINT ( 'NONE',  ( 13.80000000000000249, 8.100000000000003197, 8.000000000000000000 ) ) ;
#5466 = CARTESIAN_POINT ( 'NONE',  ( 21.59999999999999787, 1.030637635557567044, 8.864943216164022033 ) ) ;
#5467 = VECTOR ( 'NONE', #4520, 1000.000000000000000 ) ;
#5468 = CARTESIAN_POINT ( 'NONE',  ( 40.59999999999999432, 1.030637635557567044, 8.864943216164022033 ) ) ;
#5469 = ORIENTED_EDGE ( 'NONE', *, *, #1815, .T. ) ;
#5470 = EDGE_CURVE ( 'NONE', #4438, #707, #2498, .T. ) ;
#5471 = EDGE_CURVE ( 'NONE', #1268, #971, #5509, .T. ) ;
#5472 = CIRCLE ( 'NONE', #4218, 5.499999999999998224 ) ;
#5473 = DIRECTION ( 'NONE',  ( 1.000000000000000000, 0.000000000000000000, 0.000000000000000000 ) ) ;
#5474 = PLANE ( 'NONE',  #1445 ) ;
#5475 = ORIENTED_EDGE ( 'NONE', *, *, #2945, .F. ) ;
#5476 = CARTESIAN_POINT ( 'NONE',  ( -43.29999999999999716, 14.50000000000000355, -3.000000000000000444 ) ) ;
#5477 = ORIENTED_EDGE ( 'NONE', *, *, #1224, .T. ) ;
#5478 = ORIENTED_EDGE ( 'NONE', *, *, #2347, .T. ) ;
#5479 = CYLINDRICAL_SURFACE ( 'NONE', #5117, 9.000000000000000000 ) ;
#5480 = ORIENTED_EDGE ( 'NONE', *, *, #3742, .T. ) ;
#5481 = CYLINDRICAL_SURFACE ( 'NONE', #3359, 5.000000000000000000 ) ;
#5482 = FACE_OUTER_BOUND ( 'NONE', #4921, .T. ) ;
#5483 = PRODUCT ( 'base', 'base', '', ( #3917 ) ) ;
#5484 = AXIS2_PLACEMENT_3D ( 'NONE', #5515, #1056, #106 ) ;
#5485 = VERTEX_POINT ( 'NONE', #5444 ) ;
#5486 = EDGE_CURVE ( 'NONE', #919, #4804, #819, .T. ) ;
#5487 = AXIS2_PLACEMENT_3D ( 'NONE', #1759, #1228, #5238 ) ;
#5488 = ORIENTED_EDGE ( 'NONE', *, *, #1452, .F. ) ;
#5489 = DIRECTION ( 'NONE',  ( -1.000000000000000000, -0.000000000000000000, -0.000000000000000000 ) ) ;
#5490 = DIRECTION ( 'NONE',  ( -1.000000000000000000, -0.000000000000000000, -0.000000000000000000 ) ) ;
#5491 = DIRECTION ( 'NONE',  ( -1.000000000000000000, -0.000000000000000000, -0.000000000000000000 ) ) ;
#5492 = DIRECTION ( 'NONE',  ( 0.000000000000000000, 0.000000000000000000, -1.000000000000000000 ) ) ;
#5493 = CIRCLE ( 'NONE', #1335, 7.000000000000000888 ) ;
#5494 = CARTESIAN_POINT ( 'NONE',  ( 1.500000000000001554, 1.030637635557567044, 3.864943216164022477 ) ) ;
#5495 = AXIS2_PLACEMENT_3D ( 'NONE', #2458, #4917, #2553 ) ;
#5496 = CARTESIAN_POINT ( 'NONE',  ( 1.099114204119462590, 23.75000000000000711, 6.249999999999999112 ) ) ;
#5497 = ORIENTED_EDGE ( 'NONE', *, *, #5144, .T. ) ;
#5498 = ORIENTED_EDGE ( 'NONE', *, *, #2397, .T. ) ;
#5499 = DIRECTION ( 'NONE',  ( -1.000000000000000000, -0.000000000000000000, -0.000000000000000000 ) ) ;
#5500 = VECTOR ( 'NONE', #4915, 1000.000000000000000 ) ;
#5501 = CARTESIAN_POINT ( 'NONE',  ( 1.500000000000002220, -10.35047573531249654, 13.63583152989489911 ) ) ;
#5502 = VECTOR ( 'NONE', #2335, 1000.000000000000000 ) ;
#5503 = CARTESIAN_POINT ( 'NONE',  ( -39.69999999999999574, 7.000000000000006217, 5.000000000000000000 ) ) ;
#5504 = AXIS2_PLACEMENT_3D ( 'NONE', #2814, #333, #4326 ) ;
#5505 = ORIENTED_EDGE ( 'NONE', *, *, #465, .F. ) ;
#5506 = AXIS2_PLACEMENT_3D ( 'NONE', #3963, #5462, #4495 ) ;
#5507 = CYLINDRICAL_SURFACE ( 'NONE', #4014, 6.049999999999999822 ) ;
#5508 = AXIS2_PLACEMENT_3D ( 'NONE', #402, #5282, #6396 ) ;
#5509 = LINE ( 'NONE', #3464, #4872 ) ;
#5510 = ORIENTED_EDGE ( 'NONE', *, *, #6377, .F. ) ;
#5511 = LINE ( 'NONE', #1584, #1440 ) ;
#5512 = ORIENTED_EDGE ( 'NONE', *, *, #5230, .T. ) ;
#5513 = ORIENTED_EDGE ( 'NONE', *, *, #6392, .F. ) ;
#5514 = AXIS2_PLACEMENT_3D ( 'NONE', #308, #1739, #3841 ) ;
#5515 = CARTESIAN_POINT ( 'NONE',  ( 1.500000000000002220, -10.35047573531249654, 13.63583152989489911 ) ) ;
#5516 = FACE_OUTER_BOUND ( 'NONE', #4989, .T. ) ;
#5517 = ORIENTED_EDGE ( 'NONE', *, *, #3287, .T. ) ;
#5518 = AXIS2_PLACEMENT_3D ( 'NONE', #1023, #6038, #1516 ) ;
#5519 = ORIENTED_EDGE ( 'NONE', *, *, #4521, .F. ) ;
#5520 = EDGE_CURVE ( 'NONE', #3417, #5572, #1048, .T. ) ;
#5521 = VERTEX_POINT ( 'NONE', #3036 ) ;
#5522 = DIRECTION ( 'NONE',  ( -1.000000000000000000, -0.000000000000000000, -0.000000000000000000 ) ) ;
#5523 = CARTESIAN_POINT ( 'NONE',  ( 32.59999999999999432, -2.762069023147044167, -6.931785952275177465 ) ) ;
#5524 = DIRECTION ( 'NONE',  ( 1.000000000000000000, 0.000000000000000000, 0.000000000000000000 ) ) ;
#5525 = CARTESIAN_POINT ( 'NONE',  ( 36.59999999999999432, 2.606424087848269178, -8.614322577793585012 ) ) ;
#5526 = DIRECTION ( 'NONE',  ( -1.278665952808456908E-16, 1.000000000000000000, -0.000000000000000000 ) ) ;
#5527 = ORIENTED_EDGE ( 'NONE', *, *, #4415, .F. ) ;
#5528 = CARTESIAN_POINT ( 'NONE',  ( 23.59999999999999432, -4.261960596893379360, 5.702989453486132732 ) ) ;
#5529 = PLANE ( 'NONE',  #4961 ) ;
#5530 = DIRECTION ( 'NONE',  ( 1.000000000000000000, 0.000000000000000000, 0.000000000000000000 ) ) ;
#5531 = FACE_OUTER_BOUND ( 'NONE', #907, .T. ) ;
#5532 = ORIENTED_EDGE ( 'NONE', *, *, #4353, .T. ) ;
#5533 = CARTESIAN_POINT ( 'NONE',  ( 22.10000000000000142, 1.000000000000006439, 7.450000000000001066 ) ) ;
#5534 = AXIS2_PLACEMENT_3D ( 'NONE', #4290, #299, #776 ) ;
#5535 = DIRECTION ( 'NONE',  ( 0.000000000000000000, 0.000000000000000000, 1.000000000000000000 ) ) ;
#5536 = ORIENTED_EDGE ( 'NONE', *, *, #5393, .T. ) ;
#5537 = VECTOR ( 'NONE', #4381, 1000.000000000000000 ) ;
#5538 = EDGE_CURVE ( 'NONE', #5485, #6235, #1509, .T. ) ;
#5539 = DIRECTION ( 'NONE',  ( -1.000000000000000000, -0.000000000000000000, -0.000000000000000000 ) ) ;
#5540 = EDGE_CURVE ( 'NONE', #4960, #5939, #4567, .T. ) ;
#5541 = AXIS2_PLACEMENT_3D ( 'NONE', #5265, #1265, #4214 ) ;
#5542 = CIRCLE ( 'NONE', #3576, 7.000000000000000888 ) ;
#5543 = CARTESIAN_POINT ( 'NONE',  ( 22.59999999999999432, 1.158410705710341659, -3.828587812352703956 ) ) ;
#5544 = UNCERTAINTY_MEASURE_WITH_UNIT (LENGTH_MEASURE( 1.000000000000000082E-05 ), #4502, 'distance_accuracy_value', 'NONE');
#5545 = CARTESIAN_POINT ( 'NONE',  ( 13.80000000000000249, 1.000000000000006439, 7.450000000000001066 ) ) ;
#5546 = ORIENTED_EDGE ( 'NONE', *, *, #6399, .F. ) ;
#5547 = VERTEX_POINT ( 'NONE', #157 ) ;
#5548 = LINE ( 'NONE', #1091, #2558 ) ;
#5549 = CARTESIAN_POINT ( 'NONE',  ( -52.69999999999999574, 5.500000000000000000, -2.699999999999992184 ) ) ;
#5550 = CIRCLE ( 'NONE', #5644, 7.000000000000000888 ) ;
#5551 = CARTESIAN_POINT ( 'NONE',  ( 29.04974746830583499, 23.75000000000000711, 6.249999999999999112 ) ) ;
#5552 = DIRECTION ( 'NONE',  ( 0.000000000000000000, 0.000000000000000000, 1.000000000000000000 ) ) ;
#5553 = VERTEX_POINT ( 'NONE', #98 ) ;
#5554 = ORIENTED_EDGE ( 'NONE', *, *, #104, .F. ) ;
#5555 = CARTESIAN_POINT ( 'NONE',  ( 27.59999999999999787, 8.572527594031474176E-16, -6.850000000000002309 ) ) ;
#5556 = CARTESIAN_POINT ( 'NONE',  ( 1.500000000000000000, -4.365952903884278591, -5.321604448520052877 ) ) ;
#5557 = ORIENTED_EDGE ( 'NONE', *, *, #1984, .T. ) ;
#5558 = CARTESIAN_POINT ( 'NONE',  ( 20.59999999999999787, 2.606424087848269178, -8.614322577793585012 ) ) ;
#5559 = CARTESIAN_POINT ( 'NONE',  ( 13.80000000000000249, 1.000000000000006439, 7.450000000000001066 ) ) ;
#5560 = DIRECTION ( 'NONE',  ( -1.000000000000000000, -0.000000000000000000, -0.000000000000000000 ) ) ;
#5561 = CARTESIAN_POINT ( 'NONE',  ( 13.80000000000000249, 20.25000000000001066, -6.250000000000000888 ) ) ;
#5562 = CARTESIAN_POINT ( 'NONE',  ( 41.60000000000000142, 7.409113134841484549E-16, 6.049999999999999822 ) ) ;
#5563 = ORIENTED_EDGE ( 'NONE', *, *, #5218, .F. ) ;
#5564 = EDGE_CURVE ( 'NONE', #74, #5464, #4045, .T. ) ;
#5565 = CARTESIAN_POINT ( 'NONE',  ( 38.59999999999999432, 0.000000000000000000, 0.1499999999999999944 ) ) ;
#5566 = ORIENTED_EDGE ( 'NONE', *, *, #2858, .T. ) ;
#5567 = AXIS2_PLACEMENT_3D ( 'NONE', #1906, #2324, #6408 ) ;
#5568 = CARTESIAN_POINT ( 'NONE',  ( 1.500000000000000000, 8.572527594031473190E-16, -6.850000000000000533 ) ) ;
#5569 = PRODUCT_RELATED_PRODUCT_CATEGORY ( 'part', '', ( #5483 ) ) ;
#5570 = DIRECTION ( 'NONE',  ( -1.000000000000000000, -0.000000000000000000, -0.000000000000000000 ) ) ;
#5571 = ADVANCED_FACE ( 'NONE', ( #496, #6029 ), #5474, .T. ) ;
#5572 = VERTEX_POINT ( 'NONE', #5562 ) ;
#5573 = EDGE_LOOP ( 'NONE', ( #4373, #5200 ) ) ;
#5574 = ORIENTED_EDGE ( 'NONE', *, *, #4983, .F. ) ;
#5575 = ORIENTED_EDGE ( 'NONE', *, *, #82, .T. ) ;
#5576 = CARTESIAN_POINT ( 'NONE',  ( 22.10000000000000142, 21.50000000000000000, 7.999999999999998224 ) ) ;
#5577 = CIRCLE ( 'NONE', #4852, 9.000000000000000000 ) ;
#5578 = EDGE_CURVE ( 'NONE', #325, #1976, #1581, .T. ) ;
#5579 = DIRECTION ( 'NONE',  ( 1.000000000000000000, 0.000000000000000000, 0.000000000000000000 ) ) ;
#5580 = EDGE_CURVE ( 'NONE', #5013, #5163, #3004, .T. ) ;
#5581 = CARTESIAN_POINT ( 'NONE',  ( 26.59999999999999787, 2.606424087848269178, -8.614322577793585012 ) ) ;
#5582 = CARTESIAN_POINT ( 'NONE',  ( -50.70000000000000284, 5.500000000000000000, 24.72882059609970895 ) ) ;
#5583 = VERTEX_POINT ( 'NONE', #4504 ) ;
#5584 = CIRCLE ( 'NONE', #3914, 7.000000000000000888 ) ;
#5585 = EDGE_LOOP ( 'NONE', ( #2267, #3401, #994, #4312, #2322, #2658, #3253, #5060, #1895 ) ) ;
#5586 = CYLINDRICAL_SURFACE ( 'NONE', #5743, 10.00000000000000178 ) ;
#5587 = CARTESIAN_POINT ( 'NONE',  ( 26.59999999999999787, 2.606424087848269178, -8.614322577793585012 ) ) ;
#5588 = ORIENTED_EDGE ( 'NONE', *, *, #6105, .F. ) ;
#5589 = VECTOR ( 'NONE', #4550, 1000.000000000000000 ) ;
#5590 = FACE_OUTER_BOUND ( 'NONE', #71, .T. ) ;
#5591 = DIRECTION ( 'NONE',  ( 1.000000000000000000, 0.000000000000000000, 0.000000000000000000 ) ) ;
#5592 = AXIS2_PLACEMENT_3D ( 'NONE', #5545, #1085, #6071 ) ;
#5593 = VECTOR ( 'NONE', #5058, 1000.000000000000000 ) ;
#5594 = VECTOR ( 'NONE', #803, 1000.000000000000000 ) ;
#5595 = DIRECTION ( 'NONE',  ( 0.000000000000000000, -1.000000000000000000, 0.000000000000000000 ) ) ;
#5596 = PLANE ( 'NONE',  #1766 ) ;
#5597 = CARTESIAN_POINT ( 'NONE',  ( 13.80000000000000249, 1.000000000000006439, 7.450000000000001066 ) ) ;
#5598 = AXIS2_PLACEMENT_3D ( 'NONE', #1177, #4655, #219 ) ;
#5599 = DIRECTION ( 'NONE',  ( 1.000000000000000000, 0.000000000000000000, 0.000000000000000000 ) ) ;
#5600 = DIRECTION ( 'NONE',  ( -1.000000000000000000, -0.000000000000000000, -0.000000000000000000 ) ) ;
#5601 = FACE_OUTER_BOUND ( 'NONE', #46, .T. ) ;
#5602 = AXIS2_PLACEMENT_3D ( 'NONE', #5779, #4330, #1804 ) ;
#5603 = ORIENTED_EDGE ( 'NONE', *, *, #6121, .F. ) ;
#5604 = VERTEX_POINT ( 'NONE', #2104 ) ;
#5605 = ORIENTED_EDGE ( 'NONE', *, *, #4182, .T. ) ;
#5606 = DIRECTION ( 'NONE',  ( -1.000000000000000000, -0.000000000000000000, -0.000000000000000000 ) ) ;
#5607 = ORIENTED_EDGE ( 'NONE', *, *, #1656, .F. ) ;
#5608 = ADVANCED_FACE ( 'NONE', ( #2033 ), #4006, .T. ) ;
#5609 = CYLINDRICAL_SURFACE ( 'NONE', #2460, 7.000000000000000000 ) ;
#5610 = DIRECTION ( 'NONE',  ( -1.000000000000000000, -0.000000000000000000, -0.000000000000000000 ) ) ;
#5611 = CIRCLE ( 'NONE', #5918, 6.049999999999999822 ) ;
#5612 = FACE_OUTER_BOUND ( 'NONE', #2, .T. ) ;
#5613 = ORIENTED_EDGE ( 'NONE', *, *, #5049, .F. ) ;
#5614 = ADVANCED_FACE ( 'NONE', ( #1078 ), #597, .T. ) ;
#5615 = EDGE_CURVE ( 'NONE', #4573, #2467, #3535, .T. ) ;
#5616 = EDGE_LOOP ( 'NONE', ( #5904, #3631 ) ) ;
#5617 = CARTESIAN_POINT ( 'NONE',  ( 13.80000000000000249, 8.100000000000003197, 7.450000000000001066 ) ) ;
#5618 = CARTESIAN_POINT ( 'NONE',  ( 36.59999999999999432, 0.000000000000000000, 0.1499999999999999944 ) ) ;
#5619 = ORIENTED_EDGE ( 'NONE', *, *, #4139, .F. ) ;
#5620 = LINE ( 'NONE', #4644, #5989 ) ;
#5621 = ADVANCED_FACE ( 'NONE', ( #2244, #2162 ), #248, .F. ) ;
#5622 = DIRECTION ( 'NONE',  ( -0.000000000000000000, -0.000000000000000000, -1.000000000000000000 ) ) ;
#5623 = CARTESIAN_POINT ( 'NONE',  ( 22.10000000000000142, 23.75000000000000711, 6.249999999999999112 ) ) ;
#5624 = CARTESIAN_POINT ( 'NONE',  ( 13.80000000000000249, 8.100000000000003197, 8.000000000000000000 ) ) ;
#5625 = CARTESIAN_POINT ( 'NONE',  ( 1.500000000000001554, 1.030637635557567044, 3.864943216164022477 ) ) ;
#5626 = CARTESIAN_POINT ( 'NONE',  ( 1.500000000000001554, 1.030637635557567044, 3.864943216164022477 ) ) ;
#5627 = CARTESIAN_POINT ( 'NONE',  ( 29.04974746830583499, 22.00000000000001066, -6.250000000000000888 ) ) ;
#5628 = AXIS2_PLACEMENT_3D ( 'NONE', #2308, #5772, #3327 ) ;
#5629 = EDGE_CURVE ( 'NONE', #3730, #3721, #5211, .T. ) ;
#5630 = EDGE_CURVE ( 'NONE', #5828, #758, #925, .T. ) ;
#5631 = VECTOR ( 'NONE', #4261, 1000.000000000000000 ) ;
#5632 = ORIENTED_EDGE ( 'NONE', *, *, #3742, .F. ) ;
#5633 = EDGE_LOOP ( 'NONE', ( #3829, #2972, #6181, #3818 ) ) ;
#5634 = ORIENTED_EDGE ( 'NONE', *, *, #3130, .F. ) ;
#5635 = CARTESIAN_POINT ( 'NONE',  ( 31.59999999999999787, 0.000000000000000000, 0.1499999999999999944 ) ) ;
#5636 = DIRECTION ( 'NONE',  ( 0.000000000000000000, 0.000000000000000000, 1.000000000000000000 ) ) ;
#5637 = EDGE_CURVE ( 'NONE', #2975, #1242, #3652, .T. ) ;
#5638 = CARTESIAN_POINT ( 'NONE',  ( 33.60000000000000142, -4.261960596893379360, 5.702989453486132732 ) ) ;
#5639 = ORIENTED_EDGE ( 'NONE', *, *, #3998, .F. ) ;
#5640 = VECTOR ( 'NONE', #3060, 1000.000000000000000 ) ;
#5641 = EDGE_CURVE ( 'NONE', #6217, #2076, #6222, .T. ) ;
#5642 = ORIENTED_EDGE ( 'NONE', *, *, #4071, .T. ) ;
#5643 = CYLINDRICAL_SURFACE ( 'NONE', #4700, 5.000000000000000000 ) ;
#5644 = AXIS2_PLACEMENT_3D ( 'NONE', #2924, #4908, #4427 ) ;
#5645 = CARTESIAN_POINT ( 'NONE',  ( -47.19999999999999574, 5.500000000000000000, -4.999999999999993783 ) ) ;
#5646 = ORIENTED_EDGE ( 'NONE', *, *, #5727, .T. ) ;
#5647 = AXIS2_PLACEMENT_3D ( 'NONE', #2925, #2955, #1429 ) ;
#5648 = DIRECTION ( 'NONE',  ( -1.000000000000000000, -0.000000000000000000, -0.000000000000000000 ) ) ;
#5649 = CIRCLE ( 'NONE', #5251, 7.000000000000000888 ) ;
#5650 = CIRCLE ( 'NONE', #4528, 5.499999999999998224 ) ;
#5651 = DIRECTION ( 'NONE',  ( 1.000000000000000000, 0.000000000000000000, 0.000000000000000000 ) ) ;
#5652 = CARTESIAN_POINT ( 'NONE',  ( 29.04974746830583499, 20.25000000000001066, -8.000000000000000000 ) ) ;
#5653 = EDGE_CURVE ( 'NONE', #4675, #4496, #5077, .T. ) ;
#5654 = DIRECTION ( 'NONE',  ( 0.000000000000000000, 0.000000000000000000, -1.000000000000000000 ) ) ;
#5655 = CIRCLE ( 'NONE', #1405, 5.000000000000000000 ) ;
#5656 = EDGE_CURVE ( 'NONE', #6356, #4960, #6163, .T. ) ;
#5657 = CARTESIAN_POINT ( 'NONE',  ( 15.20000000000000284, 23.75000000000000711, 6.249999999999999112 ) ) ;
#5658 = CARTESIAN_POINT ( 'NONE',  ( 0.000000000000000000, 0.000000000000000000, 0.000000000000000000 ) ) ;
#5659 = DIRECTION ( 'NONE',  ( 0.000000000000000000, 0.000000000000000000, -1.000000000000000000 ) ) ;
#5660 = ORIENTED_EDGE ( 'NONE', *, *, #2170, .T. ) ;
#5661 = CYLINDRICAL_SURFACE ( 'NONE', #3996, 5.000000000000000000 ) ;
#5662 = ORIENTED_EDGE ( 'NONE', *, *, #4159, .F. ) ;
#5663 = CARTESIAN_POINT ( 'NONE',  ( 24.59999999999999787, 1.030637635557567044, 3.864943216164022477 ) ) ;
#5664 = CARTESIAN_POINT ( 'NONE',  ( 0.000000000000000000, 7.100000000000003197, 8.450000000000001066 ) ) ;
#5665 = FACE_OUTER_BOUND ( 'NONE', #5045, .T. ) ;
#5666 = CIRCLE ( 'NONE', #2476, 3.500000000000003109 ) ;
#5667 = ORIENTED_EDGE ( 'NONE', *, *, #42, .F. ) ;
#5668 = DIRECTION ( 'NONE',  ( 0.000000000000000000, 0.000000000000000000, 1.000000000000000000 ) ) ;
#5669 = CARTESIAN_POINT ( 'NONE',  ( 28.59999999999999787, -10.60302848086181804, -13.13818223212012626 ) ) ;
#5670 = ADVANCED_FACE ( 'NONE', ( #1176 ), #5596, .F. ) ;
#5671 = CIRCLE ( 'NONE', #5056, 5.499999999999998224 ) ;
#5672 = VERTEX_POINT ( 'NONE', #1143 ) ;
#5673 = ORIENTED_EDGE ( 'NONE', *, *, #3132, .T. ) ;
#5674 = CIRCLE ( 'NONE', #2769, 4.000000000000000000 ) ;
#5675 = DIRECTION ( 'NONE',  ( -1.000000000000000000, -1.504111723692325477E-16, 0.000000000000000000 ) ) ;
#5676 = DIRECTION ( 'NONE',  ( 0.000000000000000000, 0.000000000000000000, -1.000000000000000000 ) ) ;
#5677 = ADVANCED_FACE ( 'NONE', ( #778 ), #4651, .F. ) ;
#5678 = VERTEX_POINT ( 'NONE', #4173 ) ;
#5679 = CARTESIAN_POINT ( 'NONE',  ( 0.000000000000000000, 7.000000000000000000, 49.74757862151242449 ) ) ;
#5680 = AXIS2_PLACEMENT_3D ( 'NONE', #4352, #5333, #893 ) ;
#5681 = DIRECTION ( 'NONE',  ( -1.000000000000000000, -0.000000000000000000, -0.000000000000000000 ) ) ;
#5682 = DIRECTION ( 'NONE',  ( -1.000000000000000000, -0.000000000000000000, -0.000000000000000000 ) ) ;
#5683 = CARTESIAN_POINT ( 'NONE',  ( -47.19999999999999574, 5.500000000000000000, 24.72882059609970895 ) ) ;
#5684 = AXIS2_PLACEMENT_3D ( 'NONE', #1593, #673, #3510 ) ;
#5685 = DIRECTION ( 'NONE',  ( -1.000000000000000000, -0.000000000000000000, -0.000000000000000000 ) ) ;
#5686 = AXIS2_PLACEMENT_3D ( 'NONE', #706, #2206, #1293 ) ;
#5687 = ORIENTED_EDGE ( 'NONE', *, *, #6272, .T. ) ;
#5688 = LINE ( 'NONE', #1308, #3444 ) ;
#5689 = EDGE_CURVE ( 'NONE', #3023, #1884, #3734, .T. ) ;
#5690 = DIRECTION ( 'NONE',  ( -1.000000000000000000, -0.000000000000000000, -0.000000000000000000 ) ) ;
#5691 = CARTESIAN_POINT ( 'NONE',  ( 22.10000000000000142, 22.00000000000001066, 6.249999999999999112 ) ) ;
#5692 = ORIENTED_EDGE ( 'NONE', *, *, #189, .F. ) ;
#5693 = EDGE_CURVE ( 'NONE', #5813, #5021, #5177, .T. ) ;
#5694 = VECTOR ( 'NONE', #3898, 1000.000000000000000 ) ;
#5695 = EDGE_CURVE ( 'NONE', #3792, #1958, #1702, .T. ) ;
#5696 = VERTEX_POINT ( 'NONE', #3188 ) ;
#5697 = CARTESIAN_POINT ( 'NONE',  ( 0.000000000000000000, 14.50000000000000355, 0.000000000000000000 ) ) ;
#5698 = CARTESIAN_POINT ( 'NONE',  ( 19.59999999999999787, -2.762069023147044167, -6.931785952275177465 ) ) ;
#5699 = LINE ( 'NONE', #1261, #220 ) ;
#5700 = DIRECTION ( 'NONE',  ( 0.000000000000000000, -1.000000000000000000, 0.000000000000000000 ) ) ;
#5701 = EDGE_CURVE ( 'NONE', #5604, #5, #1639, .T. ) ;
#5702 = CIRCLE ( 'NONE', #2194, 5.000000000000000000 ) ;
#5703 = ORIENTED_EDGE ( 'NONE', *, *, #5746, .T. ) ;
#5704 = DIRECTION ( 'NONE',  ( 0.000000000000000000, 0.000000000000000000, -1.000000000000000000 ) ) ;
#5705 = DIRECTION ( 'NONE',  ( 0.000000000000000000, 0.000000000000000000, 1.000000000000000000 ) ) ;
#5706 = VECTOR ( 'NONE', #3651, 1000.000000000000000 ) ;
#5707 = VERTEX_POINT ( 'NONE', #1239 ) ;
#5708 = ORIENTED_EDGE ( 'NONE', *, *, #4193, .F. ) ;
#5709 = DIRECTION ( 'NONE',  ( -1.000000000000000000, -0.000000000000000000, -0.000000000000000000 ) ) ;
#5710 = ADVANCED_FACE ( 'NONE', ( #5115, #4623 ), #658, .T. ) ;
#5711 = AXIS2_PLACEMENT_3D ( 'NONE', #3293, #395, #4391 ) ;
#5712 = ORIENTED_EDGE ( 'NONE', *, *, #181, .T. ) ;
#5713 = CARTESIAN_POINT ( 'NONE',  ( 29.59999999999999787, 0.000000000000000000, 0.1499999999999999944 ) ) ;
#5714 = CARTESIAN_POINT ( 'NONE',  ( 0.000000000000000000, 29.50000000000000000, 8.999999999999998224 ) ) ;
#5715 = CARTESIAN_POINT ( 'NONE',  ( 24.59999999999999787, 8.572527594031474176E-16, -6.850000000000002309 ) ) ;
#5716 = FACE_OUTER_BOUND ( 'NONE', #1821, .T. ) ;
#5717 = CARTESIAN_POINT ( 'NONE',  ( 1.500000000000001554, 1.030637635557567044, 3.864943216164022477 ) ) ;
#5718 = PRODUCT_RELATED_PRODUCT_CATEGORY ( 'part', '', ( #688 ) ) ;
#5719 = LINE ( 'NONE', #4751, #4818 ) ;
#5720 = DIRECTION ( 'NONE',  ( 0.000000000000000000, -1.000000000000000000, -6.195440985631460248E-16 ) ) ;
#5721 = ORIENTED_EDGE ( 'NONE', *, *, #4250, .F. ) ;
#5722 = DIRECTION ( 'NONE',  ( 0.000000000000000000, 0.000000000000000000, 1.000000000000000000 ) ) ;
#5723 = AXIS2_PLACEMENT_3D ( 'NONE', #346, #4822, #377 ) ;
#5724 = CARTESIAN_POINT ( 'NONE',  ( 34.60000000000000142, -4.365952903884279479, -5.321604448520053765 ) ) ;
#5725 = AXIS2_PLACEMENT_3D ( 'NONE', #2549, #6026, #6060 ) ;
#5726 = CARTESIAN_POINT ( 'NONE',  ( -39.69999999999999574, 14.50000000000000355, 0.000000000000000000 ) ) ;
#5727 = EDGE_CURVE ( 'NONE', #5080, #890, #4715, .T. ) ;
#5728 = DIRECTION ( 'NONE',  ( -1.000000000000000000, -0.000000000000000000, -0.000000000000000000 ) ) ;
#5729 = EDGE_CURVE ( 'NONE', #4971, #3018, #1665, .T. ) ;
#5730 = ORIENTED_EDGE ( 'NONE', *, *, #5089, .T. ) ;
#5731 = CIRCLE ( 'NONE', #6067, 10.00000000000000178 ) ;
#5732 = ORIENTED_EDGE ( 'NONE', *, *, #1331, .T. ) ;
#5733 = DIRECTION ( 'NONE',  ( -1.000000000000000000, -0.000000000000000000, -0.000000000000000000 ) ) ;
#5734 = FACE_OUTER_BOUND ( 'NONE', #3850, .T. ) ;
#5735 = CARTESIAN_POINT ( 'NONE',  ( 1.500000000000000000, 8.572527594031473190E-16, -6.850000000000000533 ) ) ;
#5736 = ORIENTED_EDGE ( 'NONE', *, *, #1849, .F. ) ;
#5737 = VERTEX_POINT ( 'NONE', #1274 ) ;
#5738 = LINE ( 'NONE', #1269, #1967 ) ;
#5739 = DIRECTION ( 'NONE',  ( 1.000000000000000000, 5.782411586589351722E-16, 0.000000000000000000 ) ) ;
#5740 = DIRECTION ( 'NONE',  ( -1.000000000000000000, -0.000000000000000000, -0.000000000000000000 ) ) ;
#5741 = CARTESIAN_POINT ( 'NONE',  ( -47.19999999999999574, 5.500000000000000000, 2.700000000000008171 ) ) ;
#5742 = ORIENTED_EDGE ( 'NONE', *, *, #2142, .T. ) ;
#5743 = AXIS2_PLACEMENT_3D ( 'NONE', #556, #6014, #2543 ) ;
#5744 = CARTESIAN_POINT ( 'NONE',  ( 27.59999999999999787, -2.763066821399118744, 7.121905987407648020 ) ) ;
#5745 = CIRCLE ( 'NONE', #3772, 5.000000000000000888 ) ;
#5746 = EDGE_CURVE ( 'NONE', #2079, #4438, #3766, .T. ) ;
#5747 = LINE ( 'NONE', #2756, #3062 ) ;
#5748 = CARTESIAN_POINT ( 'NONE',  ( 40.59999999999999432, -4.261960596893380249, 5.702989453486133620 ) ) ;
#5749 = DIRECTION ( 'NONE',  ( 0.000000000000000000, -1.548860246407863583E-16, -1.000000000000000000 ) ) ;
#5750 = DIRECTION ( 'NONE',  ( -1.000000000000000000, -0.000000000000000000, -0.000000000000000000 ) ) ;
#5751 = CARTESIAN_POINT ( 'NONE',  ( 27.59999999999999787, -4.261960596893379360, 5.702989453486132732 ) ) ;
#5752 = EDGE_LOOP ( 'NONE', ( #618, #4916, #6005, #6110 ) ) ;
#5753 = ORIENTED_EDGE ( 'NONE', *, *, #1014, .T. ) ;
#5754 = CARTESIAN_POINT ( 'NONE',  ( 1.500000000000001554, 1.030637635557567044, 3.864943216164022477 ) ) ;
#5755 = LINE ( 'NONE', #1189, #13 ) ;
#5756 = LINE ( 'NONE', #3312, #4470 ) ;
#5757 = EDGE_CURVE ( 'NONE', #5294, #5547, #1921, .T. ) ;
#5758 = ORIENTED_EDGE ( 'NONE', *, *, #5630, .F. ) ;
#5759 = EDGE_CURVE ( 'NONE', #376, #5583, #1343, .T. ) ;
#5760 = DIRECTION ( 'NONE',  ( -1.000000000000000000, -0.000000000000000000, -0.000000000000000000 ) ) ;
#5761 = DIRECTION ( 'NONE',  ( 0.000000000000000000, 0.000000000000000000, -1.000000000000000000 ) ) ;
#5762 = EDGE_CURVE ( 'NONE', #4661, #1348, #2186, .T. ) ;
#5763 = ORIENTED_EDGE ( 'NONE', *, *, #1461, .T. ) ;
#5764 = VERTEX_POINT ( 'NONE', #2926 ) ;
#5765 = DIRECTION ( 'NONE',  ( -1.000000000000000000, 0.000000000000000000, 1.577021341797097807E-16 ) ) ;
#5766 = ORIENTED_EDGE ( 'NONE', *, *, #3132, .F. ) ;
#5767 = EDGE_CURVE ( 'NONE', #3394, #2834, #5795, .T. ) ;
#5768 = ORIENTED_EDGE ( 'NONE', *, *, #534, .T. ) ;
#5769 = AXIS2_PLACEMENT_3D ( 'NONE', #428, #5369, #2918 ) ;
#5770 = LINE ( 'NONE', #4741, #652 ) ;
#5771 = CIRCLE ( 'NONE', #3095, 10.00000000000000178 ) ;
#5772 = DIRECTION ( 'NONE',  ( -1.000000000000000000, -0.000000000000000000, -0.000000000000000000 ) ) ;
#5773 = CIRCLE ( 'NONE', #4336, 7.999999999999996447 ) ;
#5774 = DIRECTION ( 'NONE',  ( -1.000000000000000000, -0.000000000000000000, -0.000000000000000000 ) ) ;
#5775 = CARTESIAN_POINT ( 'NONE',  ( -39.69999999999999574, 14.50000000000000355, 5.000000000000000000 ) ) ;
#5776 = ORIENTED_EDGE ( 'NONE', *, *, #3534, .T. ) ;
#5777 = CIRCLE ( 'NONE', #1114, 3.000000000000000444 ) ;
#5778 = CIRCLE ( 'NONE', #1020, 5.000000000000000000 ) ;
#5779 = CARTESIAN_POINT ( 'NONE',  ( -0.002000000000002000178, 0.000000000000000000, 0.000000000000000000 ) ) ;
#5780 =( NAMED_UNIT ( * ) PLANE_ANGLE_UNIT ( ) SI_UNIT ( $, .RADIAN. ) );
#5781 = CARTESIAN_POINT ( 'NONE',  ( -0.002000000000002000178, 0.000000000000000000, -6.049999999999999822 ) ) ;
#5782 = ORIENTED_EDGE ( 'NONE', *, *, #1747, .T. ) ;
#5783 = AXIS2_PLACEMENT_3D ( 'NONE', #284, #1290, #4792 ) ;
#5784 = CIRCLE ( 'NONE', #2781, 5.000000000000000000 ) ;
#5785 = CIRCLE ( 'NONE', #1049, 4.249999999999998224 ) ;
#5786 = CARTESIAN_POINT ( 'NONE',  ( -43.69999999999999574, 5.500000000000000000, 2.700000000000008171 ) ) ;
#5787 = ORIENTED_EDGE ( 'NONE', *, *, #2356, .F. ) ;
#5788 =( LENGTH_UNIT ( ) NAMED_UNIT ( * ) SI_UNIT ( .MILLI., .METRE. ) );
#5789 = DIRECTION ( 'NONE',  ( 1.000000000000000000, 0.000000000000000000, 0.000000000000000000 ) ) ;
#5790 = CIRCLE ( 'NONE', #4658, 10.00000000000000000 ) ;
#5791 = ORIENTED_EDGE ( 'NONE', *, *, #5309, .T. ) ;
#5792 = AXIS2_PLACEMENT_3D ( 'NONE', #2951, #3961, #5834 ) ;
#5793 = CARTESIAN_POINT ( 'NONE',  ( 13.80000000000000249, 21.50000000000000000, 7.999999999999998224 ) ) ;
#5794 = CARTESIAN_POINT ( 'NONE',  ( 25.59999999999999787, 8.572527594031474176E-16, -6.850000000000002309 ) ) ;
#5795 = CIRCLE ( 'NONE', #2691, 7.000000000000000888 ) ;
#5796 = EDGE_CURVE ( 'NONE', #5764, #956, #723, .T. ) ;
#5797 = ORIENTED_EDGE ( 'NONE', *, *, #1710, .F. ) ;
#5798 = CARTESIAN_POINT ( 'NONE',  ( 40.59999999999999432, 0.000000000000000000, 0.1499999999999999944 ) ) ;
#5799 = AXIS2_PLACEMENT_3D ( 'NONE', #1521, #4963, #4144 ) ;
#5800 = APPLICATION_PROTOCOL_DEFINITION ( 'draft international standard', 'automotive_design', 1998, #6421 ) ;
#5801 = CARTESIAN_POINT ( 'NONE',  ( 1.500000000000000000, -4.261960596893379360, 5.702989453486133620 ) ) ;
#5802 = VERTEX_POINT ( 'NONE', #3329 ) ;
#5803 = EDGE_CURVE ( 'NONE', #2293, #5448, #2310, .T. ) ;
#5804 = ORIENTED_EDGE ( 'NONE', *, *, #4992, .T. ) ;
#5805 = ADVANCED_FACE ( 'NONE', ( #5843 ), #944, .F. ) ;
#5806 = CYLINDRICAL_SURFACE ( 'NONE', #4464, 1.749999999999998002 ) ;
#5807 = DIRECTION ( 'NONE',  ( 1.000000000000000000, -0.000000000000000000, -0.000000000000000000 ) ) ;
#5808 = CARTESIAN_POINT ( 'NONE',  ( 23.59999999999999432, 0.000000000000000000, 0.000000000000000000 ) ) ;
#5809 = ORIENTED_EDGE ( 'NONE', *, *, #4331, .T. ) ;
#5810 = CARTESIAN_POINT ( 'NONE',  ( -40.70000000000000284, 38.49999999999999289, -8.450000000000001066 ) ) ;
#5811 = CARTESIAN_POINT ( 'NONE',  ( 18.59999999999999787, 0.000000000000000000, 0.1499999999999999944 ) ) ;
#5812 = EDGE_CURVE ( 'NONE', #547, #4274, #1564, .T. ) ;
#5813 = VERTEX_POINT ( 'NONE', #6363 ) ;
#5814 = CYLINDRICAL_SURFACE ( 'NONE', #5602, 6.049999999999999822 ) ;
#5815 = DIRECTION ( 'NONE',  ( -1.000000000000000000, -0.000000000000000000, -0.000000000000000000 ) ) ;
#5816 = ORIENTED_EDGE ( 'NONE', *, *, #3787, .T. ) ;
#5817 = CARTESIAN_POINT ( 'NONE',  ( 1.500000000000000000, 0.000000000000000000, 7.150000000000000355 ) ) ;
#5818 = ORIENTED_EDGE ( 'NONE', *, *, #3046, .T. ) ;
#5819 = VERTEX_POINT ( 'NONE', #4397 ) ;
#5820 = CYLINDRICAL_SURFACE ( 'NONE', #2423, 5.000000000000000000 ) ;
#5821 = ORIENTED_EDGE ( 'NONE', *, *, #1775, .F. ) ;
#5822 = PLANE ( 'NONE',  #5846 ) ;
#5823 = ADVANCED_FACE ( 'NONE', ( #5410 ), #2448, .T. ) ;
#5824 = PLANE ( 'NONE',  #1435 ) ;
#5825 = EDGE_LOOP ( 'NONE', ( #4701, #4254, #5510, #5662 ) ) ;
#5826 = ORIENTED_EDGE ( 'NONE', *, *, #4016, .F. ) ;
#5827 = VECTOR ( 'NONE', #6094, 1000.000000000000000 ) ;
#5828 = VERTEX_POINT ( 'NONE', #5748 ) ;
#5829 = DIRECTION ( 'NONE',  ( 1.000000000000000000, 1.278665952808456908E-16, -3.273063162220390819E-16 ) ) ;
#5830 = AXIS2_PLACEMENT_3D ( 'NONE', #5713, #720, #2339 ) ;
#5831 = EDGE_CURVE ( 'NONE', #5878, #5440, #3538, .T. ) ;
#5832 = DIRECTION ( 'NONE',  ( -1.000000000000000000, -0.000000000000000000, -0.000000000000000000 ) ) ;
#5833 = AXIS2_PLACEMENT_3D ( 'NONE', #3979, #1083, #3006 ) ;
#5834 = DIRECTION ( 'NONE',  ( 0.000000000000000000, 0.000000000000000000, -1.000000000000000000 ) ) ;
#5835 = VERTEX_POINT ( 'NONE', #4809 ) ;
#5836 = VECTOR ( 'NONE', #4936, 1000.000000000000000 ) ;
#5837 = CARTESIAN_POINT ( 'NONE',  ( -47.19999999999999574, -1.734723475976807094E-15, 24.72882059609970895 ) ) ;
#5838 = DIRECTION ( 'NONE',  ( -1.000000000000000000, -0.000000000000000000, -0.000000000000000000 ) ) ;
#5839 = ORIENTED_EDGE ( 'NONE', *, *, #3455, .F. ) ;
#5840 = DIRECTION ( 'NONE',  ( 1.000000000000000000, 0.000000000000000000, 0.000000000000000000 ) ) ;
#5841 = EDGE_CURVE ( 'NONE', #5294, #5885, #2375, .T. ) ;
#5842 = CIRCLE ( 'NONE', #6176, 7.000000000000002665 ) ;
#5843 = FACE_OUTER_BOUND ( 'NONE', #175, .T. ) ;
#5844 = EDGE_LOOP ( 'NONE', ( #1872, #6371, #5207, #4177 ) ) ;
#5845 = ORIENTED_EDGE ( 'NONE', *, *, #6277, .T. ) ;
#5846 = AXIS2_PLACEMENT_3D ( 'NONE', #1382, #3372, #5360 ) ;
#5847 = DIRECTION ( 'NONE',  ( 1.000000000000000000, 0.000000000000000000, 0.000000000000000000 ) ) ;
#5848 = ADVANCED_FACE ( 'NONE', ( #1890 ), #6327, .F. ) ;
#5849 = CARTESIAN_POINT ( 'NONE',  ( 22.59999999999999432, 0.000000000000000000, 0.000000000000000000 ) ) ;
#5850 = DIRECTION ( 'NONE',  ( 0.000000000000000000, 0.000000000000000000, 1.000000000000000000 ) ) ;
#5851 = EDGE_CURVE ( 'NONE', #775, #2562, #4056, .T. ) ;
#5852 = ORIENTED_EDGE ( 'NONE', *, *, #5930, .T. ) ;
#5853 = DIRECTION ( 'NONE',  ( 0.000000000000000000, 0.000000000000000000, 1.000000000000000000 ) ) ;
#5854 = ORIENTED_EDGE ( 'NONE', *, *, #2531, .T. ) ;
#5855 = ORIENTED_EDGE ( 'NONE', *, *, #6035, .F. ) ;
#5856 = CIRCLE ( 'NONE', #270, 5.000000000000000000 ) ;
#5857 = LINE ( 'NONE', #1479, #1617 ) ;
#5858 = ORIENTED_EDGE ( 'NONE', *, *, #239, .T. ) ;
#5859 = AXIS2_PLACEMENT_3D ( 'NONE', #6096, #1735, #3735 ) ;
#5860 = DIRECTION ( 'NONE',  ( 0.000000000000000000, 0.000000000000000000, -1.000000000000000000 ) ) ;
#5861 = LINE ( 'NONE', #2907, #410 ) ;
#5862 = ORIENTED_EDGE ( 'NONE', *, *, #2451, .T. ) ;
#5863 = VERTEX_POINT ( 'NONE', #5775 ) ;
#5864 = DIRECTION ( 'NONE',  ( -1.000000000000000000, -0.000000000000000000, -0.000000000000000000 ) ) ;
#5865 = FACE_OUTER_BOUND ( 'NONE', #1366, .T. ) ;
#5866 = ADVANCED_FACE ( 'NONE', ( #902 ), #2342, .F. ) ;
#5867 = CARTESIAN_POINT ( 'NONE',  ( 38.59999999999999432, -4.261960596893380249, 5.702989453486133620 ) ) ;
#5868 = VECTOR ( 'NONE', #959, 1000.000000000000000 ) ;
#5869 = CARTESIAN_POINT ( 'NONE',  ( 40.59999999999999432, 0.000000000000000000, 0.000000000000000000 ) ) ;
#5870 = ORIENTED_EDGE ( 'NONE', *, *, #6102, .F. ) ;
#5871 = ORIENTED_EDGE ( 'NONE', *, *, #2262, .F. ) ;
#5872 = CARTESIAN_POINT ( 'NONE',  ( 1.500000000000001554, 1.030637635557567044, 3.864943216164022477 ) ) ;
#5873 = VECTOR ( 'NONE', #387, 1000.000000000000000 ) ;
#5874 = CIRCLE ( 'NONE', #2760, 6.049999999999999822 ) ;
#5875 = DIRECTION ( 'NONE',  ( 1.000000000000000000, 0.000000000000000000, 0.000000000000000000 ) ) ;
#5876 = CARTESIAN_POINT ( 'NONE',  ( 13.80000000000000249, 2.400000000000006128, 1.199999999999995737 ) ) ;
#5877 = EDGE_CURVE ( 'NONE', #4953, #3802, #3426, .T. ) ;
#5878 = VERTEX_POINT ( 'NONE', #2851 ) ;
#5880 = CYLINDRICAL_SURFACE ( 'NONE', #128, 10.00000000000000000 ) ;
#5879 = VECTOR ( 'NONE', #5052, 1000.000000000000000 ) ;
#5881 = ORIENTED_EDGE ( 'NONE', *, *, #121, .F. ) ;
#5882 = CIRCLE ( 'NONE', #1110, 7.000000000000000888 ) ;
#5883 = AXIS2_PLACEMENT_3D ( 'NONE', #1847, #1990, #4420 ) ;
#5884 = DIRECTION ( 'NONE',  ( -1.000000000000000000, -0.000000000000000000, -0.000000000000000000 ) ) ;
#5885 = VERTEX_POINT ( 'NONE', #4941 ) ;
#5886 = AXIS2_PLACEMENT_3D ( 'NONE', #4423, #3991, #5972 ) ;
#5887 = DIRECTION ( 'NONE',  ( 0.000000000000000000, 0.000000000000000000, 1.000000000000000000 ) ) ;
#5888 = ORIENTED_EDGE ( 'NONE', *, *, #2135, .F. ) ;
#5889 = ORIENTED_EDGE ( 'NONE', *, *, #5230, .F. ) ;
#5890 = PLANE ( 'NONE',  #553 ) ;
#5891 = EDGE_CURVE ( 'NONE', #4316, #1918, #2956, .T. ) ;
#5892 = ORIENTED_EDGE ( 'NONE', *, *, #5695, .T. ) ;
#5893 = DIRECTION ( 'NONE',  ( 0.000000000000000000, 1.000000000000000000, 0.000000000000000000 ) ) ;
#5894 = AXIS2_PLACEMENT_3D ( 'NONE', #3635, #3546, #1563 ) ;
#5895 = PLANE ( 'NONE',  #911 ) ;
#5896 = EDGE_CURVE ( 'NONE', #4950, #5169, #4363, .T. ) ;
#5897 = EDGE_LOOP ( 'NONE', ( #4566, #1948, #2273, #1900 ) ) ;
#5898 = VECTOR ( 'NONE', #5452, 1000.000000000000000 ) ;
#5899 = VECTOR ( 'NONE', #5700, 1000.000000000000000 ) ;
#5900 = ORIENTED_EDGE ( 'NONE', *, *, #2095, .F. ) ;
#5901 = FACE_OUTER_BOUND ( 'NONE', #4615, .T. ) ;
#5902 = CARTESIAN_POINT ( 'NONE',  ( 18.59999999999999787, -2.762069023147042390, -6.931785952275175688 ) ) ;
#5903 = AXIS2_PLACEMENT_3D ( 'NONE', #4077, #1106, #4140 ) ;
#5904 = ORIENTED_EDGE ( 'NONE', *, *, #3598, .T. ) ;
#5905 = CARTESIAN_POINT ( 'NONE',  ( 13.80000000000000249, 21.50000000000000000, 7.999999999999998224 ) ) ;
#5906 = CIRCLE ( 'NONE', #6137, 10.00000000000000000 ) ;
#5907 = VERTEX_POINT ( 'NONE', #122 ) ;
#5908 = FACE_OUTER_BOUND ( 'NONE', #2228, .T. ) ;
#5909 = CARTESIAN_POINT ( 'NONE',  ( 33.60000000000000142, 0.000000000000000000, 0.000000000000000000 ) ) ;
#5910 = DIRECTION ( 'NONE',  ( 1.000000000000000000, 0.000000000000000000, 0.000000000000000000 ) ) ;
#5911 = DIRECTION ( 'NONE',  ( -1.000000000000000000, -0.000000000000000000, -0.000000000000000000 ) ) ;
#5912 = DIRECTION ( 'NONE',  ( -1.000000000000000000, -0.000000000000000000, -0.000000000000000000 ) ) ;
#5913 = DIRECTION ( 'NONE',  ( 0.000000000000000000, 0.000000000000000000, -1.000000000000000000 ) ) ;
#5914 = AXIS2_PLACEMENT_3D ( 'NONE', #3337, #6228, #1777 ) ;
#5915 = VECTOR ( 'NONE', #1841, 1000.000000000000000 ) ;
#5916 = VERTEX_POINT ( 'NONE', #5558 ) ;
#5917 = ORIENTED_EDGE ( 'NONE', *, *, #5841, .T. ) ;
#5918 = AXIS2_PLACEMENT_3D ( 'NONE', #3661, #1785, #5722 ) ;
#5919 = CARTESIAN_POINT ( 'NONE',  ( 21.59999999999999787, -4.365952903884278591, -5.321604448520052877 ) ) ;
#5920 = ORIENTED_EDGE ( 'NONE', *, *, #6052, .F. ) ;
#5921 = CARTESIAN_POINT ( 'NONE',  ( 1.500000000000002220, -10.35047573531249654, 13.63583152989489911 ) ) ;
#5922 = ORIENTED_EDGE ( 'NONE', *, *, #1510, .T. ) ;
#5923 = ORIENTED_EDGE ( 'NONE', *, *, #2791, .T. ) ;
#5924 =( NAMED_UNIT ( * ) PLANE_ANGLE_UNIT ( ) SI_UNIT ( $, .RADIAN. ) );
#5925 = LINE ( 'NONE', #5357, #5964 ) ;
#5926 = ORIENTED_EDGE ( 'NONE', *, *, #427, .F. ) ;
#5927 = EDGE_CURVE ( 'NONE', #1888, #3093, #560, .T. ) ;
#5928 = LINE ( 'NONE', #2618, #6169 ) ;
#5929 = ADVANCED_FACE ( 'NONE', ( #5069 ), #593, .T. ) ;
#5930 = EDGE_CURVE ( 'NONE', #4588, #4501, #2061, .T. ) ;
#5931 = DIRECTION ( 'NONE',  ( -0.000000000000000000, 1.000000000000000000, 0.000000000000000000 ) ) ;
#5932 = CIRCLE ( 'NONE', #6046, 4.249999999999998224 ) ;
#5933 = EDGE_LOOP ( 'NONE', ( #3953, #1864, #714, #2707, #698, #6319, #831, #3379, #3487 ) ) ;
#5934 = ORIENTED_EDGE ( 'NONE', *, *, #5218, .T. ) ;
#5935 = DIRECTION ( 'NONE',  ( 0.000000000000000000, 0.000000000000000000, 1.000000000000000000 ) ) ;
#5936 = CARTESIAN_POINT ( 'NONE',  ( 37.59999999999999432, 1.030637635557567044, 3.864943216164022477 ) ) ;
#5937 = EDGE_CURVE ( 'NONE', #3767, #4278, #3934, .T. ) ;
#5938 = LINE ( 'NONE', #3381, #2256 ) ;
#5939 = VERTEX_POINT ( 'NONE', #3968 ) ;
#5940 = EDGE_CURVE ( 'NONE', #6369, #4216, #4431, .T. ) ;
#5941 = CARTESIAN_POINT ( 'NONE',  ( 32.59999999999999432, 2.606424087848269178, -8.614322577793585012 ) ) ;
#5942 = CYLINDRICAL_SURFACE ( 'NONE', #6130, 5.000000000000000000 ) ;
#5943 = CIRCLE ( 'NONE', #3146, 5.000000000000000000 ) ;
#5944 = ORIENTED_EDGE ( 'NONE', *, *, #2355, .T. ) ;
#5945 = VERTEX_POINT ( 'NONE', #5503 ) ;
#5946 = DIRECTION ( 'NONE',  ( 0.000000000000000000, 0.000000000000000000, -1.000000000000000000 ) ) ;
#5947 = CARTESIAN_POINT ( 'NONE',  ( 35.60000000000000142, 1.030637635557567044, 3.864943216164022477 ) ) ;
#5948 = DIRECTION ( 'NONE',  ( -1.000000000000000000, -0.000000000000000000, -0.000000000000000000 ) ) ;
#5949 = DIRECTION ( 'NONE',  ( -1.000000000000000000, -0.000000000000000000, -0.000000000000000000 ) ) ;
#5950 = CIRCLE ( 'NONE', #1701, 7.000000000000000888 ) ;
#5951 = DIRECTION ( 'NONE',  ( 0.000000000000000000, -1.000000000000000000, -0.000000000000000000 ) ) ;
#5952 = DIRECTION ( 'NONE',  ( 1.000000000000000000, 0.000000000000000000, 0.000000000000000000 ) ) ;
#5953 = ORIENTED_EDGE ( 'NONE', *, *, #2103, .F. ) ;
#5954 = DIRECTION ( 'NONE',  ( 1.000000000000000000, 0.000000000000000000, 0.000000000000000000 ) ) ;
#5955 = ORIENTED_EDGE ( 'NONE', *, *, #3952, .T. ) ;
#5956 = AXIS2_PLACEMENT_3D ( 'NONE', #2054, #5405, #5976 ) ;
#5957 = DIRECTION ( 'NONE',  ( -1.000000000000000000, -0.000000000000000000, -0.000000000000000000 ) ) ;
#5958 = ORIENTED_EDGE ( 'NONE', *, *, #6233, .F. ) ;
#5959 = DIRECTION ( 'NONE',  ( 1.278665952808456908E-16, -1.000000000000000000, 0.000000000000000000 ) ) ;
#5960 = ORIENTED_EDGE ( 'NONE', *, *, #4574, .T. ) ;
#5961 = EDGE_CURVE ( 'NONE', #4408, #3501, #5035, .T. ) ;
#5962 = DIRECTION ( 'NONE',  ( 1.530638361156006985E-16, -1.000000000000000000, 0.000000000000000000 ) ) ;
#5963 = CARTESIAN_POINT ( 'NONE',  ( 22.10000000000000142, 8.100000000000003197, 7.450000000000001066 ) ) ;
#5964 = VECTOR ( 'NONE', #2352, 1000.000000000000000 ) ;
#5965 = ORIENTED_EDGE ( 'NONE', *, *, #1726, .F. ) ;
#5966 = ORIENTED_EDGE ( 'NONE', *, *, #5189, .F. ) ;
#5967 = EDGE_CURVE ( 'NONE', #707, #5284, #4252, .T. ) ;
#5968 = ORIENTED_EDGE ( 'NONE', *, *, #1448, .T. ) ;
#5969 = CARTESIAN_POINT ( 'NONE',  ( 41.60000000000000142, 2.318934680004526516, 8.696122236369051350 ) ) ;
#5970 = PLANE ( 'NONE',  #6313 ) ;
#5971 = CARTESIAN_POINT ( 'NONE',  ( 0.000000000000000000, 29.50000000000000000, 0.000000000000000000 ) ) ;
#5972 = DIRECTION ( 'NONE',  ( 0.000000000000000000, 0.000000000000000000, -1.000000000000000000 ) ) ;
#5973 = VERTEX_POINT ( 'NONE', #1999 ) ;
#5974 = DIRECTION ( 'NONE',  ( 0.000000000000000000, 0.000000000000000000, -1.000000000000000000 ) ) ;
#5975 = FACE_OUTER_BOUND ( 'NONE', #4170, .T. ) ;
#5976 = DIRECTION ( 'NONE',  ( 0.000000000000000000, 0.000000000000000000, -1.000000000000000000 ) ) ;
#5977 = CIRCLE ( 'NONE', #5152, 7.000000000000000888 ) ;
#5978 = EDGE_CURVE ( 'NONE', #2504, #1478, #2518, .T. ) ;
#5979 = ORIENTED_EDGE ( 'NONE', *, *, #2833, .T. ) ;
#5980 = VERTEX_POINT ( 'NONE', #3491 ) ;
#5981 = ADVANCED_FACE ( 'NONE', ( #5439 ), #4531, .T. ) ;
#5982 = FACE_OUTER_BOUND ( 'NONE', #4204, .T. ) ;
#5984 = EDGE_CURVE ( 'NONE', #784, #5813, #2574, .T. ) ;
#5983 = DIRECTION ( 'NONE',  ( 0.000000000000000000, 0.000000000000000000, -1.000000000000000000 ) ) ;
#5985 = DIRECTION ( 'NONE',  ( 1.000000000000000000, 0.000000000000000000, 0.000000000000000000 ) ) ;
#5986 = CARTESIAN_POINT ( 'NONE',  ( 13.80000000000000249, 8.100000000000003197, 8.000000000000000000 ) ) ;
#5987 = DIRECTION ( 'NONE',  ( -1.000000000000000000, -0.000000000000000000, -0.000000000000000000 ) ) ;
#5988 = ORIENTED_EDGE ( 'NONE', *, *, #2753, .T. ) ;
#5989 = VECTOR ( 'NONE', #4101, 1000.000000000000000 ) ;
#5990 = DIRECTION ( 'NONE',  ( -1.000000000000000000, -1.504111723692325477E-16, 0.000000000000000000 ) ) ;
#5991 = ORIENTED_EDGE ( 'NONE', *, *, #1803, .T. ) ;
#5992 = CIRCLE ( 'NONE', #3185, 1.700000000000000400 ) ;
#5993 = FACE_OUTER_BOUND ( 'NONE', #4790, .T. ) ;
#5994 = VERTEX_POINT ( 'NONE', #5468 ) ;
#5995 = DIRECTION ( 'NONE',  ( 0.000000000000000000, 0.000000000000000000, -1.000000000000000000 ) ) ;
#5996 = VECTOR ( 'NONE', #1992, 1000.000000000000000 ) ;
#5997 = DIRECTION ( 'NONE',  ( -1.000000000000000000, 0.000000000000000000, 0.000000000000000000 ) ) ;
#5998 = UNCERTAINTY_MEASURE_WITH_UNIT (LENGTH_MEASURE( 1.000000000000000082E-05 ), #1935, 'distance_accuracy_value', 'NONE');
#5999 = VECTOR ( 'NONE', #5949, 1000.000000000000000 ) ;
#6000 = DIRECTION ( 'NONE',  ( 0.000000000000000000, 0.000000000000000000, -1.000000000000000000 ) ) ;
#6001 = ORIENTED_EDGE ( 'NONE', *, *, #3763, .F. ) ;
#6002 = ORIENTED_EDGE ( 'NONE', *, *, #3568, .F. ) ;
#6003 = AXIS2_PLACEMENT_3D ( 'NONE', #3310, #3375, #3240 ) ;
#6004 = VECTOR ( 'NONE', #6285, 1000.000000000000000 ) ;
#6005 = ORIENTED_EDGE ( 'NONE', *, *, #1717, .F. ) ;
#6006 = DIRECTION ( 'NONE',  ( -1.000000000000000000, -0.000000000000000000, -0.000000000000000000 ) ) ;
#6007 = DIRECTION ( 'NONE',  ( 0.000000000000000000, -1.000000000000000000, 0.000000000000000000 ) ) ;
#6008 = DIRECTION ( 'NONE',  ( -1.445602896647339656E-16, 0.000000000000000000, -1.000000000000000000 ) ) ;
#6009 = AXIS2_PLACEMENT_3D ( 'NONE', #234, #1318, #2257 ) ;
#6010 = DIRECTION ( 'NONE',  ( -1.000000000000000000, -0.000000000000000000, -0.000000000000000000 ) ) ;
#6011 = CIRCLE ( 'NONE', #3202, 7.000000000000000888 ) ;
#6012 = CARTESIAN_POINT ( 'NONE',  ( 33.60000000000000142, 1.158410705710341659, -3.828587812352703956 ) ) ;
#6013 = EDGE_LOOP ( 'NONE', ( #417, #4584, #3987, #120 ) ) ;
#6014 = DIRECTION ( 'NONE',  ( -1.000000000000000000, -0.000000000000000000, -0.000000000000000000 ) ) ;
#6015 = CIRCLE ( 'NONE', #1760, 5.000000000000000888 ) ;
#6016 = DIRECTION ( 'NONE',  ( -1.445602896647339656E-16, -0.000000000000000000, -1.000000000000000000 ) ) ;
#6017 = VERTEX_POINT ( 'NONE', #5009 ) ;
#6018 = EDGE_CURVE ( 'NONE', #3436, #6287, #1574, .T. ) ;
#6019 = ADVANCED_FACE ( 'NONE', ( #3556, #2096 ), #2990, .F. ) ;
#6020 = DIRECTION ( 'NONE',  ( 0.000000000000000000, 0.000000000000000000, 1.000000000000000000 ) ) ;
#6021 = DIRECTION ( 'NONE',  ( 0.000000000000000000, 1.000000000000000000, 1.294569758191647155E-16 ) ) ;
#6022 = CIRCLE ( 'NONE', #924, 5.000000000000000888 ) ;
#6023 = AXIS2_PLACEMENT_3D ( 'NONE', #5811, #6264, #2414 ) ;
#6024 = CARTESIAN_POINT ( 'NONE',  ( -43.29999999999999716, 9.378143885933059920, 5.000000000000000000 ) ) ;
#6025 = EDGE_LOOP ( 'NONE', ( #1525, #5276, #6213, #4315, #4919, #5154, #1881, #4084, #2559 ) ) ;
#6026 = DIRECTION ( 'NONE',  ( 1.000000000000000000, 0.000000000000000000, 0.000000000000000000 ) ) ;
#6027 = AXIS2_PLACEMENT_3D ( 'NONE', #3718, #4277, #2802 ) ;
#6028 = EDGE_CURVE ( 'NONE', #6286, #41, #929, .T. ) ;
#6029 = FACE_BOUND ( 'NONE', #4602, .T. ) ;
#6030 = CYLINDRICAL_SURFACE ( 'NONE', #5859, 7.000000000000000000 ) ;
#6031 = ORIENTED_EDGE ( 'NONE', *, *, #3097, .T. ) ;
#6032 = AXIS2_PLACEMENT_3D ( 'NONE', #73, #3499, #1053 ) ;
#6033 = FACE_OUTER_BOUND ( 'NONE', #3477, .T. ) ;
#6034 = EDGE_LOOP ( 'NONE', ( #1969, #5172, #1132, #2526 ) ) ;
#6035 = EDGE_CURVE ( 'NONE', #4029, #1609, #4296, .T. ) ;
#6036 = CIRCLE ( 'NONE', #3224, 5.000000000000000000 ) ;
#6037 = VECTOR ( 'NONE', #4044, 1000.000000000000000 ) ;
#6038 = DIRECTION ( 'NONE',  ( 1.000000000000000000, 0.000000000000000000, 0.000000000000000000 ) ) ;
#6039 = CARTESIAN_POINT ( 'NONE',  ( 37.59999999999999432, -2.763066821399118744, 7.121905987407648020 ) ) ;
#6040 = ORIENTED_EDGE ( 'NONE', *, *, #1488, .F. ) ;
#6041 = ORIENTED_EDGE ( 'NONE', *, *, #811, .T. ) ;
#6042 = ORIENTED_EDGE ( 'NONE', *, *, #3847, .F. ) ;
#6043 = ORIENTED_EDGE ( 'NONE', *, *, #3843, .F. ) ;
#6044 = LINE ( 'NONE', #1592, #3172 ) ;
#6045 = CARTESIAN_POINT ( 'NONE',  ( 18.59999999999999787, 0.000000000000000000, 0.1499999999999999944 ) ) ;
#6046 = AXIS2_PLACEMENT_3D ( 'NONE', #1393, #3388, #4805 ) ;
#6047 = DIRECTION ( 'NONE',  ( -1.000000000000000000, -0.000000000000000000, -0.000000000000000000 ) ) ;
#6048 = DIRECTION ( 'NONE',  ( 0.000000000000000000, -1.000000000000000000, 0.000000000000000000 ) ) ;
#6049 = DIRECTION ( 'NONE',  ( 0.000000000000000000, 0.000000000000000000, -1.000000000000000000 ) ) ;
#6050 = EDGE_CURVE ( 'NONE', #4180, #5196, #1983, .T. ) ;
#6051 = EDGE_CURVE ( 'NONE', #445, #5485, #4766, .T. ) ;
#6052 = EDGE_CURVE ( 'NONE', #5707, #4178, #5699, .T. ) ;
#6053 = ORIENTED_EDGE ( 'NONE', *, *, #216, .T. ) ;
#6054 = ADVANCED_FACE ( 'NONE', ( #4725, #2606 ), #2156, .F. ) ;
#6055 = LINE ( 'NONE', #4096, #4815 ) ;
#6056 = CARTESIAN_POINT ( 'NONE',  ( 24.10000000000000497, 7.099999999999999645, -9.000000000000001776 ) ) ;
#6057 = ORIENTED_EDGE ( 'NONE', *, *, #5641, .T. ) ;
#6058 = DIRECTION ( 'NONE',  ( -1.000000000000000000, 0.000000000000000000, 0.000000000000000000 ) ) ;
#6059 = DIRECTION ( 'NONE',  ( 0.000000000000000000, 0.000000000000000000, -1.000000000000000000 ) ) ;
#6060 = DIRECTION ( 'NONE',  ( 0.000000000000000000, 0.000000000000000000, -1.000000000000000000 ) ) ;
#6061 = DIRECTION ( 'NONE',  ( 1.000000000000000000, 0.000000000000000000, 0.000000000000000000 ) ) ;
#6062 = ORIENTED_EDGE ( 'NONE', *, *, #634, .T. ) ;
#6063 = CIRCLE ( 'NONE', #4402, 10.00000000000000000 ) ;
#6064 = CYLINDRICAL_SURFACE ( 'NONE', #3702, 5.000000000000000000 ) ;
#6065 = VERTEX_POINT ( 'NONE', #2124 ) ;
#6066 = FACE_OUTER_BOUND ( 'NONE', #4454, .T. ) ;
#6067 = AXIS2_PLACEMENT_3D ( 'NONE', #3219, #4776, #2811 ) ;
#6068 = ADVANCED_FACE ( 'NONE', ( #320 ), #3278, .T. ) ;
#6069 = EDGE_CURVE ( 'NONE', #876, #4083, #2600, .T. ) ;
#6070 = DIRECTION ( 'NONE',  ( -1.000000000000000000, -0.000000000000000000, -0.000000000000000000 ) ) ;
#6071 = DIRECTION ( 'NONE',  ( 0.000000000000000000, -4.074853802630083799E-16, -1.000000000000000000 ) ) ;
#6072 = VECTOR ( 'NONE', #3261, 1000.000000000000000 ) ;
#6073 = VERTEX_POINT ( 'NONE', #792 ) ;
#6074 = ORIENTED_EDGE ( 'NONE', *, *, #3080, .F. ) ;
#6075 = EDGE_LOOP ( 'NONE', ( #1282, #3657, #3368, #1028 ) ) ;
#6076 = EDGE_LOOP ( 'NONE', ( #2199, #2387 ) ) ;
#6077 = VECTOR ( 'NONE', #1283, 1000.000000000000000 ) ;
#6078 = PLANE ( 'NONE',  #280 ) ;
#6079 = CARTESIAN_POINT ( 'NONE',  ( 1.099114204119462590, 23.75000000000000711, 6.249999999999999112 ) ) ;
#6080 = AXIS2_PLACEMENT_3D ( 'NONE', #5872, #5409, #399 ) ;
#6081 = LINE ( 'NONE', #4091, #2874 ) ;
#6082 = DIRECTION ( 'NONE',  ( 1.000000000000000000, 0.000000000000000000, 0.000000000000000000 ) ) ;
#6083 = ADVANCED_FACE ( 'NONE', ( #5590 ), #1787, .F. ) ;
#6084 = EDGE_CURVE ( 'NONE', #3089, #5013, #5104, .T. ) ;
#6085 = ORIENTED_EDGE ( 'NONE', *, *, #6362, .T. ) ;
#6086 = ORIENTED_EDGE ( 'NONE', *, *, #225, .F. ) ;
#6087 = CARTESIAN_POINT ( 'NONE',  ( 28.59999999999999787, 1.030637635557567044, 3.864943216164022477 ) ) ;
#6088 = CARTESIAN_POINT ( 'NONE',  ( 21.59999999999999787, -2.763066821399118744, 7.121905987407648020 ) ) ;
#6089 = ORIENTED_EDGE ( 'NONE', *, *, #4078, .T. ) ;
#6090 = CARTESIAN_POINT ( 'NONE',  ( 1.500000000000000000, -4.261960596893379360, 5.702989453486133620 ) ) ;
#6091 = CARTESIAN_POINT ( 'NONE',  ( 29.04974746830583499, 23.75000000000000711, -8.000000000000000000 ) ) ;
#6092 = CARTESIAN_POINT ( 'NONE',  ( -40.70000000000000284, 38.49999999999999289, 2.700000000000006839 ) ) ;
#6093 = DIRECTION ( 'NONE',  ( 0.000000000000000000, 0.000000000000000000, -1.000000000000000000 ) ) ;
#6094 = DIRECTION ( 'NONE',  ( 0.000000000000000000, 0.000000000000000000, -1.000000000000000000 ) ) ;
#6095 = CARTESIAN_POINT ( 'NONE',  ( 26.59999999999999787, -10.60302848086181804, -13.13818223212012626 ) ) ;
#6096 = CARTESIAN_POINT ( 'NONE',  ( 1.500000000000000000, 0.000000000000000000, 0.1499999999999999944 ) ) ;
#6097 = ORIENTED_EDGE ( 'NONE', *, *, #2611, .T. ) ;
#6098 = EDGE_CURVE ( 'NONE', #1061, #2504, #28, .T. ) ;
#6099 = DIRECTION ( 'NONE',  ( -1.000000000000000000, -0.000000000000000000, -0.000000000000000000 ) ) ;
#6100 = AXIS2_PLACEMENT_3D ( 'NONE', #4647, #1699, #654 ) ;
#6101 = CARTESIAN_POINT ( 'NONE',  ( 31.59999999999999787, -4.261960596893379360, 5.702989453486132732 ) ) ;
#6102 = EDGE_CURVE ( 'NONE', #1820, #2136, #5906, .T. ) ;
#6103 = DIRECTION ( 'NONE',  ( 0.000000000000000000, 0.000000000000000000, -1.000000000000000000 ) ) ;
#6104 = VECTOR ( 'NONE', #5135, 1000.000000000000000 ) ;
#6105 = EDGE_CURVE ( 'NONE', #3640, #6017, #313, .T. ) ;
#6106 = ORIENTED_EDGE ( 'NONE', *, *, #6296, .F. ) ;
#6107 = ORIENTED_EDGE ( 'NONE', *, *, #5641, .F. ) ;
#6108 = ADVANCED_FACE ( 'NONE', ( #3243 ), #6281, .F. ) ;
#6109 = VERTEX_POINT ( 'NONE', #4245 ) ;
#6110 = ORIENTED_EDGE ( 'NONE', *, *, #1014, .F. ) ;
#6111 = CARTESIAN_POINT ( 'NONE',  ( 29.04974746830583499, 23.75000000000000711, 6.249999999999999112 ) ) ;
#6112 = CIRCLE ( 'NONE', #494, 5.000000000000000888 ) ;
#6113 = PLANE ( 'NONE',  #4040 ) ;
#6114 = EDGE_CURVE ( 'NONE', #5916, #3767, #3636, .T. ) ;
#6115 = DIRECTION ( 'NONE',  ( -1.000000000000000000, -0.000000000000000000, -0.000000000000000000 ) ) ;
#6116 = ORIENTED_EDGE ( 'NONE', *, *, #4473, .F. ) ;
#6117 = AXIS2_PLACEMENT_3D ( 'NONE', #174, #2154, #3645 ) ;
#6118 = EDGE_LOOP ( 'NONE', ( #6043, #1443, #5870, #1520 ) ) ;
#6119 = ORIENTED_EDGE ( 'NONE', *, *, #5978, .F. ) ;
#6120 = CYLINDRICAL_SURFACE ( 'NONE', #2958, 10.00000000000000000 ) ;
#6121 = EDGE_CURVE ( 'NONE', #2172, #5828, #4100, .T. ) ;
#6122 = EDGE_CURVE ( 'NONE', #492, #533, #5756, .T. ) ;
#6123 = DIRECTION ( 'NONE',  ( 1.000000000000000000, 0.000000000000000000, 0.000000000000000000 ) ) ;
#6124 = CIRCLE ( 'NONE', #5289, 5.000000000000000000 ) ;
#6125 = ORIENTED_EDGE ( 'NONE', *, *, #2239, .F. ) ;
#6126 = CARTESIAN_POINT ( 'NONE',  ( 33.60000000000000142, 1.030637635557567044, 3.864943216164022477 ) ) ;
#6127 = ORIENTED_EDGE ( 'NONE', *, *, #2489, .T. ) ;
#6128 = CIRCLE ( 'NONE', #6341, 7.000000000000000888 ) ;
#6129 = VECTOR ( 'NONE', #587, 1000.000000000000000 ) ;
#6130 = AXIS2_PLACEMENT_3D ( 'NONE', #6354, #968, #1496 ) ;
#6131 = DIRECTION ( 'NONE',  ( 1.000000000000000000, 0.000000000000000000, 0.000000000000000000 ) ) ;
#6132 = FACE_OUTER_BOUND ( 'NONE', #1746, .T. ) ;
#6133 = CARTESIAN_POINT ( 'NONE',  ( 40.59999999999999432, -10.35047573531249654, 13.63583152989489911 ) ) ;
#6134 = VECTOR ( 'NONE', #2005, 1000.000000000000000 ) ;
#6135 = VECTOR ( 'NONE', #5739, 1000.000000000000000 ) ;
#6136 = EDGE_CURVE ( 'NONE', #6418, #1362, #663, .T. ) ;
#6137 = AXIS2_PLACEMENT_3D ( 'NONE', #4211, #1751, #4759 ) ;
#6138 = DIRECTION ( 'NONE',  ( -1.000000000000000000, -0.000000000000000000, -0.000000000000000000 ) ) ;
#6139 = CARTESIAN_POINT ( 'NONE',  ( 1.500000000000000000, 0.000000000000000000, 0.000000000000000000 ) ) ;
#6140 = CARTESIAN_POINT ( 'NONE',  ( 34.60000000000000142, 0.000000000000000000, 0.1499999999999999944 ) ) ;
#6141 = ORIENTED_EDGE ( 'NONE', *, *, #6136, .T. ) ;
#6142 = ORIENTED_EDGE ( 'NONE', *, *, #6362, .F. ) ;
#6143 =( GEOMETRIC_REPRESENTATION_CONTEXT ( 3 ) GLOBAL_UNCERTAINTY_ASSIGNED_CONTEXT ( ( #541 ) ) GLOBAL_UNIT_ASSIGNED_CONTEXT ( ( #1404, #4882, #2488 ) ) REPRESENTATION_CONTEXT ( 'NONE', 'WORKASPACE' ) );
#6144 = VERTEX_POINT ( 'NONE', #84 ) ;
#6145 = DIRECTION ( 'NONE',  ( 0.000000000000000000, 0.000000000000000000, 1.000000000000000000 ) ) ;
#6146 = ORIENTED_EDGE ( 'NONE', *, *, #236, .T. ) ;
#6147 = EDGE_CURVE ( 'NONE', #636, #3169, #2700, .T. ) ;
#6148 = CARTESIAN_POINT ( 'NONE',  ( 31.59999999999999787, -2.762069023147044167, -6.931785952275177465 ) ) ;
#6149 = DIRECTION ( 'NONE',  ( 0.000000000000000000, 0.000000000000000000, -1.000000000000000000 ) ) ;
#6150 = CIRCLE ( 'NONE', #838, 5.000000000000000000 ) ;
#6151 = DIRECTION ( 'NONE',  ( 0.000000000000000000, 0.000000000000000000, 1.000000000000000000 ) ) ;
#6152 = EDGE_LOOP ( 'NONE', ( #3078, #5305, #5527, #5776 ) ) ;
#6153 = ORIENTED_EDGE ( 'NONE', *, *, #5615, .F. ) ;
#6154 = EDGE_CURVE ( 'NONE', #2635, #5973, #1704, .T. ) ;
#6155 = CARTESIAN_POINT ( 'NONE',  ( 28.59999999999999787, 0.000000000000000000, 0.1499999999999999944 ) ) ;
#6156 = LINE ( 'NONE', #5034, #2579 ) ;
#6157 = EDGE_CURVE ( 'NONE', #5128, #4180, #1490, .T. ) ;
#6158 = VERTEX_POINT ( 'NONE', #2506 ) ;
#6159 = FACE_OUTER_BOUND ( 'NONE', #609, .T. ) ;
#6160 = CARTESIAN_POINT ( 'NONE',  ( 22.10000000000000142, 20.25000000000001066, 7.999999999999998224 ) ) ;
#6161 = LINE ( 'NONE', #4138, #1578 ) ;
#6162 = DIRECTION ( 'NONE',  ( -1.000000000000000000, -0.000000000000000000, -0.000000000000000000 ) ) ;
#6163 = LINE ( 'NONE', #3263, #1772 ) ;
#6164 = VECTOR ( 'NONE', #6339, 1000.000000000000000 ) ;
#6165 = CARTESIAN_POINT ( 'NONE',  ( 26.59999999999999787, 0.000000000000000000, 0.1499999999999999944 ) ) ;
#6166 = VECTOR ( 'NONE', #6293, 1000.000000000000000 ) ;
#6167 = CARTESIAN_POINT ( 'NONE',  ( 30.59999999999999432, 2.318934680004526516, 8.696122236369051350 ) ) ;
#6168 = DIRECTION ( 'NONE',  ( -1.000000000000000000, -0.000000000000000000, -0.000000000000000000 ) ) ;
#6169 = VECTOR ( 'NONE', #990, 1000.000000000000000 ) ;
#6170 = CIRCLE ( 'NONE', #1383, 7.000000000000000888 ) ;
#6171 = ORIENTED_EDGE ( 'NONE', *, *, #5277, .T. ) ;
#6172 = ORIENTED_EDGE ( 'NONE', *, *, #3008, .F. ) ;
#6173 = CARTESIAN_POINT ( 'NONE',  ( 30.59999999999999432, -2.762069023147042390, -6.931785952275175688 ) ) ;
#6174 = DIRECTION ( 'NONE',  ( -1.000000000000000000, -0.000000000000000000, -0.000000000000000000 ) ) ;
#6175 = DIRECTION ( 'NONE',  ( 0.000000000000000000, 0.000000000000000000, -1.000000000000000000 ) ) ;
#6176 = AXIS2_PLACEMENT_3D ( 'NONE', #6361, #3354, #2479 ) ;
#6177 = CIRCLE ( 'NONE', #4406, 10.00000000000000000 ) ;
#6178 = EDGE_LOOP ( 'NONE', ( #1095, #99, #3270, #1485, #374, #2302, #1313, #4335 ) ) ;
#6179 = CYLINDRICAL_SURFACE ( 'NONE', #670, 9.000000000000000000 ) ;
#6180 = CARTESIAN_POINT ( 'NONE',  ( 39.59999999999999432, 0.000000000000000000, 0.000000000000000000 ) ) ;
#6181 = ORIENTED_EDGE ( 'NONE', *, *, #3244, .F. ) ;
#6182 = CARTESIAN_POINT ( 'NONE',  ( -47.19999999999999574, 5.500000000000000000, -4.999999999999993783 ) ) ;
#6183 = EDGE_CURVE ( 'NONE', #4748, #1480, #5181, .T. ) ;
#6184 = FACE_BOUND ( 'NONE', #2304, .T. ) ;
#6185 = LINE ( 'NONE', #5679, #1805 ) ;
#6186 = DIRECTION ( 'NONE',  ( 1.000000000000000000, 0.000000000000000000, 0.000000000000000000 ) ) ;
#6187 = DIRECTION ( 'NONE',  ( 0.000000000000000000, 0.000000000000000000, -1.000000000000000000 ) ) ;
#6188 = AXIS2_PLACEMENT_3D ( 'NONE', #4349, #3916, #4383 ) ;
#6189 = DIRECTION ( 'NONE',  ( -0.000000000000000000, -1.000000000000000000, -0.000000000000000000 ) ) ;
#6190 = CARTESIAN_POINT ( 'NONE',  ( 1.500000000000001554, 1.030637635557567044, 8.864943216164022033 ) ) ;
#6191 = ORIENTED_EDGE ( 'NONE', *, *, #3598, .F. ) ;
#6192 = LINE ( 'NONE', #249, #2097 ) ;
#6193 = CARTESIAN_POINT ( 'NONE',  ( 27.59999999999999787, 0.000000000000000000, 0.1499999999999999944 ) ) ;
#6194 = DIRECTION ( 'NONE',  ( -1.000000000000000000, -0.000000000000000000, -0.000000000000000000 ) ) ;
#6195 = FACE_OUTER_BOUND ( 'NONE', #4093, .T. ) ;
#6196 = VECTOR ( 'NONE', #5078, 1000.000000000000000 ) ;
#6197 = LINE ( 'NONE', #1378, #666 ) ;
#6198 = DIRECTION ( 'NONE',  ( 0.000000000000000000, 0.000000000000000000, -1.000000000000000000 ) ) ;
#6199 = APPLICATION_CONTEXT ( 'automotive_design' ) ;
#6200 = ORIENTED_EDGE ( 'NONE', *, *, #2870, .F. ) ;
#6201 = CIRCLE ( 'NONE', #6330, 5.000000000000000000 ) ;
#6202 = FACE_OUTER_BOUND ( 'NONE', #768, .T. ) ;
#6203 = DIRECTION ( 'NONE',  ( -1.000000000000000000, -0.000000000000000000, -0.000000000000000000 ) ) ;
#6204 = EDGE_CURVE ( 'NONE', #307, #3382, #4158, .T. ) ;
#6205 = DIRECTION ( 'NONE',  ( 1.000000000000000000, 0.000000000000000000, 0.000000000000000000 ) ) ;
#6206 = FACE_OUTER_BOUND ( 'NONE', #4897, .T. ) ;
#6207 = VECTOR ( 'NONE', #33, 1000.000000000000000 ) ;
#6208 = ORIENTED_EDGE ( 'NONE', *, *, #5540, .T. ) ;
#6209 = FACE_OUTER_BOUND ( 'NONE', #2766, .T. ) ;
#6210 = FACE_OUTER_BOUND ( 'NONE', #3488, .T. ) ;
#6211 = CARTESIAN_POINT ( 'NONE',  ( -43.29999999999999716, 14.50000000000000355, 0.000000000000000000 ) ) ;
#6212 = AXIS2_PLACEMENT_3D ( 'NONE', #2880, #2245, #4931 ) ;
#6213 = ORIENTED_EDGE ( 'NONE', *, *, #6355, .T. ) ;
#6214 = ORIENTED_EDGE ( 'NONE', *, *, #1710, .T. ) ;
#6215 = AXIS2_PLACEMENT_3D ( 'NONE', #6056, #5132, #5064 ) ;
#6216 = DIRECTION ( 'NONE',  ( 1.000000000000000000, 0.000000000000000000, 0.000000000000000000 ) ) ;
#6217 = VERTEX_POINT ( 'NONE', #183 ) ;
#6218 = DIRECTION ( 'NONE',  ( 0.000000000000000000, 0.000000000000000000, 1.000000000000000000 ) ) ;
#6219 = CIRCLE ( 'NONE', #3624, 10.00000000000000000 ) ;
#6220 = CARTESIAN_POINT ( 'NONE',  ( 26.59999999999999787, 1.030637635557567044, 3.864943216164022477 ) ) ;
#6221 = EDGE_CURVE ( 'NONE', #1988, #5306, #2976, .T. ) ;
#6222 = LINE ( 'NONE', #750, #1240 ) ;
#6223 = DIRECTION ( 'NONE',  ( -1.000000000000000000, 0.000000000000000000, 0.000000000000000000 ) ) ;
#6224 = VECTOR ( 'NONE', #1180, 1000.000000000000000 ) ;
#6225 = AXIS2_PLACEMENT_3D ( 'NONE', #1753, #4699, #5853 ) ;
#6226 = CIRCLE ( 'NONE', #5792, 5.000000000000000000 ) ;
#6227 = ADVANCED_FACE ( 'NONE', ( #3654 ), #5148, .F. ) ;
#6228 = DIRECTION ( 'NONE',  ( 1.000000000000000000, 0.000000000000000000, 0.000000000000000000 ) ) ;
#6229 = DIRECTION ( 'NONE',  ( 1.000000000000000000, 0.000000000000000000, -0.000000000000000000 ) ) ;
#6230 = CARTESIAN_POINT ( 'NONE',  ( 19.59999999999999787, 0.000000000000000000, 0.1499999999999999944 ) ) ;
#6231 = VECTOR ( 'NONE', #1344, 1000.000000000000000 ) ;
#6232 = DIRECTION ( 'NONE',  ( 0.000000000000000000, 0.000000000000000000, -1.000000000000000000 ) ) ;
#6233 = EDGE_CURVE ( 'NONE', #598, #1434, #730, .T. ) ;
#6234 = DIRECTION ( 'NONE',  ( 0.000000000000000000, 0.000000000000000000, -1.000000000000000000 ) ) ;
#6235 = VERTEX_POINT ( 'NONE', #3013 ) ;
#6236 = ORIENTED_EDGE ( 'NONE', *, *, #3455, .T. ) ;
#6237 = VECTOR ( 'NONE', #1009, 1000.000000000000000 ) ;
#6238 = DIRECTION ( 'NONE',  ( 1.000000000000000000, 0.000000000000000000, 0.000000000000000000 ) ) ;
#6239 = VERTEX_POINT ( 'NONE', #514 ) ;
#6240 = CIRCLE ( 'NONE', #2384, 5.000000000000000000 ) ;
#6241 = CYLINDRICAL_SURFACE ( 'NONE', #2396, 7.000000000000000000 ) ;
#6242 = CARTESIAN_POINT ( 'NONE',  ( 33.60000000000000142, -2.762069023147044167, -6.931785952275177465 ) ) ;
#6243 = CIRCLE ( 'NONE', #3434, 5.000000000000000000 ) ;
#6244 = CARTESIAN_POINT ( 'NONE',  ( 20.59999999999999787, 1.158410705710341659, -3.828587812352703956 ) ) ;
#6245 = AXIS2_PLACEMENT_3D ( 'NONE', #5663, #858, #5860 ) ;
#6246 = CARTESIAN_POINT ( 'NONE',  ( -39.69999999999999574, 14.50000000000000355, -5.000000000000000000 ) ) ;
#6247 = DIRECTION ( 'NONE',  ( -1.000000000000000000, -0.000000000000000000, -0.000000000000000000 ) ) ;
#6248 = ORIENTED_EDGE ( 'NONE', *, *, #1873, .F. ) ;
#6249 = EDGE_CURVE ( 'NONE', #4926, #307, #319, .T. ) ;
#6250 = VECTOR ( 'NONE', #548, 1000.000000000000000 ) ;
#6251 = ORIENTED_EDGE ( 'NONE', *, *, #4758, .T. ) ;
#6252 = DIRECTION ( 'NONE',  ( 0.000000000000000000, 0.000000000000000000, 1.000000000000000000 ) ) ;
#6253 = LINE ( 'NONE', #5735, #295 ) ;
#6254 = VECTOR ( 'NONE', #3673, 1000.000000000000000 ) ;
#6255 = ORIENTED_EDGE ( 'NONE', *, *, #6069, .T. ) ;
#6256 = ORIENTED_EDGE ( 'NONE', *, *, #4035, .T. ) ;
#6257 = DIRECTION ( 'NONE',  ( -1.000000000000000000, -0.000000000000000000, -0.000000000000000000 ) ) ;
#6258 = VECTOR ( 'NONE', #1700, 1000.000000000000000 ) ;
#6259 = VERTEX_POINT ( 'NONE', #1029 ) ;
#6260 = CARTESIAN_POINT ( 'NONE',  ( 29.59999999999999787, 1.030637635557567044, 8.864943216164022033 ) ) ;
#6261 = ORIENTED_EDGE ( 'NONE', *, *, #3670, .F. ) ;
#6262 = CARTESIAN_POINT ( 'NONE',  ( 1.500000000000000000, 0.000000000000000000, 0.1499999999999999944 ) ) ;
#6263 = DIRECTION ( 'NONE',  ( 1.000000000000000000, 0.000000000000000000, 0.000000000000000000 ) ) ;
#6264 = DIRECTION ( 'NONE',  ( -1.000000000000000000, -0.000000000000000000, -0.000000000000000000 ) ) ;
#6265 = DIRECTION ( 'NONE',  ( 0.000000000000000000, 0.000000000000000000, -1.000000000000000000 ) ) ;
#6266 = DIRECTION ( 'NONE',  ( -1.000000000000000000, 0.000000000000000000, -0.000000000000000000 ) ) ;
#6267 = VERTEX_POINT ( 'NONE', #4686 ) ;
#6268 = CARTESIAN_POINT ( 'NONE',  ( 24.10000000000000497, 29.50000000000000000, 8.999999999999998224 ) ) ;
#6269 = DIRECTION ( 'NONE',  ( 0.000000000000000000, 0.000000000000000000, 1.000000000000000000 ) ) ;
#6270 = ORIENTED_EDGE ( 'NONE', *, *, #3832, .T. ) ;
#6271 = CIRCLE ( 'NONE', #650, 5.000000000000000888 ) ;
#6272 = EDGE_CURVE ( 'NONE', #4496, #2358, #221, .T. ) ;
#6273 = ORIENTED_EDGE ( 'NONE', *, *, #2550, .T. ) ;
#6274 = ADVANCED_FACE ( 'NONE', ( #4174 ), #3508, .T. ) ;
#6275 = EDGE_CURVE ( 'NONE', #2834, #3680, #4881, .T. ) ;
#6276 = ORIENTED_EDGE ( 'NONE', *, *, #3610, .F. ) ;
#6277 = EDGE_CURVE ( 'NONE', #1898, #4366, #689, .T. ) ;
#6278 = DIRECTION ( 'NONE',  ( 0.000000000000000000, 0.000000000000000000, -1.000000000000000000 ) ) ;
#6279 = AXIS2_PLACEMENT_3D ( 'NONE', #1203, #2218, #6187 ) ;
#6280 = CARTESIAN_POINT ( 'NONE',  ( 28.59999999999999787, 0.000000000000000000, 0.1499999999999999944 ) ) ;
#6281 = PLANE ( 'NONE',  #1140 ) ;
#6282 = EDGE_CURVE ( 'NONE', #1153, #680, #2016, .T. ) ;
#6283 = ORIENTED_EDGE ( 'NONE', *, *, #225, .T. ) ;
#6284 = CARTESIAN_POINT ( 'NONE',  ( 21.59999999999999787, 0.000000000000000000, 0.000000000000000000 ) ) ;
#6285 = DIRECTION ( 'NONE',  ( -1.000000000000000000, -0.000000000000000000, -0.000000000000000000 ) ) ;
#6286 = VERTEX_POINT ( 'NONE', #5969 ) ;
#6287 = VERTEX_POINT ( 'NONE', #2534 ) ;
#6288 = AXIS2_PLACEMENT_3D ( 'NONE', #5808, #6238, #6198 ) ;
#6289 = DIRECTION ( 'NONE',  ( -1.000000000000000000, -0.000000000000000000, -0.000000000000000000 ) ) ;
#6290 = ORIENTED_EDGE ( 'NONE', *, *, #5851, .F. ) ;
#6291 = CARTESIAN_POINT ( 'NONE',  ( 21.59999999999999787, -10.35047573531249654, 13.63583152989489911 ) ) ;
#6292 = ORIENTED_EDGE ( 'NONE', *, *, #3429, .T. ) ;
#6293 = DIRECTION ( 'NONE',  ( 1.000000000000000000, 0.000000000000000000, 0.000000000000000000 ) ) ;
#6294 = AXIS2_PLACEMENT_3D ( 'NONE', #3750, #2711, #3280 ) ;
#6295 = DIRECTION ( 'NONE',  ( 1.000000000000000000, 0.000000000000000000, 0.000000000000000000 ) ) ;
#6296 = EDGE_CURVE ( 'NONE', #4303, #6144, #4519, .T. ) ;
#6297 = EDGE_LOOP ( 'NONE', ( #4769, #835, #1853, #1409 ) ) ;
#6298 = ORIENTED_EDGE ( 'NONE', *, *, #6069, .F. ) ;
#6299 = AXIS2_PLACEMENT_3D ( 'NONE', #5389, #856, #2937 ) ;
#6300 = CARTESIAN_POINT ( 'NONE',  ( 37.59999999999999432, -4.365952903884278591, -5.321604448520052877 ) ) ;
#6301 = LINE ( 'NONE', #1038, #3408 ) ;
#6302 = DIRECTION ( 'NONE',  ( 0.000000000000000000, -1.000000000000000000, 1.294569758191647155E-16 ) ) ;
#6303 = ORIENTED_EDGE ( 'NONE', *, *, #885, .F. ) ;
#6304 = CARTESIAN_POINT ( 'NONE',  ( 20.59999999999999787, 0.000000000000000000, 0.1499999999999999944 ) ) ;
#6305 = ORIENTED_EDGE ( 'NONE', *, *, #4707, .F. ) ;
#6306 = EDGE_CURVE ( 'NONE', #3321, #1731, #2909, .T. ) ;
#6307 = DIRECTION ( 'NONE',  ( -1.000000000000000000, -0.000000000000000000, -0.000000000000000000 ) ) ;
#6308 = ORIENTED_EDGE ( 'NONE', *, *, #1831, .T. ) ;
#6309 = LINE ( 'NONE', #380, #3373 ) ;
#6310 = EDGE_CURVE ( 'NONE', #886, #865, #4745, .T. ) ;
#6311 = DIRECTION ( 'NONE',  ( 0.000000000000000000, 0.000000000000000000, -1.000000000000000000 ) ) ;
#6312 = VERTEX_POINT ( 'NONE', #4782 ) ;
#6313 = AXIS2_PLACEMENT_3D ( 'NONE', #4632, #3307, #2254 ) ;
#6314 = CIRCLE ( 'NONE', #4324, 5.500000000000000000 ) ;
#6315 = ORIENTED_EDGE ( 'NONE', *, *, #3235, .F. ) ;
#6316 = CARTESIAN_POINT ( 'NONE',  ( 18.59999999999999787, 7.409113134841484549E-16, 6.049999999999999822 ) ) ;
#6317 = EDGE_CURVE ( 'NONE', #3773, #6349, #5195, .T. ) ;
#6318 = CARTESIAN_POINT ( 'NONE',  ( 22.10000000000000142, 23.75000000000000711, -7.999999999999998224 ) ) ;
#6319 = ORIENTED_EDGE ( 'NONE', *, *, #2984, .T. ) ;
#6320 = VECTOR ( 'NONE', #1562, 1000.000000000000000 ) ;
#6321 = FACE_BOUND ( 'NONE', #2890, .T. ) ;
#6322 = CARTESIAN_POINT ( 'NONE',  ( 0.000000000000000000, 7.099999999999999645, -8.450000000000001066 ) ) ;
#6323 = EDGE_LOOP ( 'NONE', ( #5855, #3005, #2959, #3031 ) ) ;
#6324 = FACE_OUTER_BOUND ( 'NONE', #1315, .T. ) ;
#6325 = AXIS2_PLACEMENT_3D ( 'NONE', #3042, #2041, #5997 ) ;
#6326 = CARTESIAN_POINT ( 'NONE',  ( 13.80000000000000249, 22.00000000000001066, 6.249999999999999112 ) ) ;
#6327 = PLANE ( 'NONE',  #5081 ) ;
#6328 = DIRECTION ( 'NONE',  ( -1.000000000000000000, -0.000000000000000000, -0.000000000000000000 ) ) ;
#6329 = VERTEX_POINT ( 'NONE', #6300 ) ;
#6330 = AXIS2_PLACEMENT_3D ( 'NONE', #5456, #2471, #3014 ) ;
#6331 = AXIS2_PLACEMENT_3D ( 'NONE', #518, #5430, #6417 ) ;
#6332 = CARTESIAN_POINT ( 'NONE',  ( 32.59999999999999432, 1.030637635557567044, 3.864943216164022477 ) ) ;
#6333 = CARTESIAN_POINT ( 'NONE',  ( 1.500000000000000000, 0.000000000000000000, 0.1499999999999999944 ) ) ;
#6334 = VERTEX_POINT ( 'NONE', #1830 ) ;
#6335 = CIRCLE ( 'NONE', #3523, 5.000000000000000888 ) ;
#6336 = AXIS2_PLACEMENT_3D ( 'NONE', #1051, #473, #5420 ) ;
#6337 = ORIENTED_EDGE ( 'NONE', *, *, #216, .F. ) ;
#6338 = ORIENTED_EDGE ( 'NONE', *, *, #3581, .F. ) ;
#6339 = DIRECTION ( 'NONE',  ( 1.000000000000000000, 0.000000000000000000, 0.000000000000000000 ) ) ;
#6340 = EDGE_CURVE ( 'NONE', #1560, #5448, #5087, .T. ) ;
#6341 = AXIS2_PLACEMENT_3D ( 'NONE', #1, #5884, #3365 ) ;
#6342 = ORIENTED_EDGE ( 'NONE', *, *, #2815, .T. ) ;
#6343 = CIRCLE ( 'NONE', #1554, 10.00000000000000178 ) ;
#6344 = LINE ( 'NONE', #4307, #5868 ) ;
#6345 = CARTESIAN_POINT ( 'NONE',  ( 40.59999999999999432, 2.606424087848269178, -8.614322577793585012 ) ) ;
#6346 = CARTESIAN_POINT ( 'NONE',  ( 29.04974746830583499, 20.25000000000001066, -6.250000000000000888 ) ) ;
#6347 = STYLED_ITEM ( 'NONE', ( #1933 ), #2020 ) ;
#6348 = ADVANCED_FACE ( 'NONE', ( #2345 ), #5814, .F. ) ;
#6349 = VERTEX_POINT ( 'NONE', #3228 ) ;
#6350 = DIRECTION ( 'NONE',  ( -1.000000000000000000, 0.000000000000000000, 0.000000000000000000 ) ) ;
#6351 = CARTESIAN_POINT ( 'NONE',  ( 22.59999999999999432, 0.000000000000000000, 0.1499999999999999944 ) ) ;
#6352 = ORIENTED_EDGE ( 'NONE', *, *, #1067, .T. ) ;
#6353 = CARTESIAN_POINT ( 'NONE',  ( -40.70000000000000284, 38.49999999999999289, 8.449999999999999289 ) ) ;
#6354 = CARTESIAN_POINT ( 'NONE',  ( 1.500000000000001554, 1.030637635557567044, 3.864943216164022477 ) ) ;
#6355 = EDGE_CURVE ( 'NONE', #6239, #5190, #3733, .T. ) ;
#6356 = VERTEX_POINT ( 'NONE', #2247 ) ;
#6357 =( GEOMETRIC_REPRESENTATION_CONTEXT ( 3 ) GLOBAL_UNCERTAINTY_ASSIGNED_CONTEXT ( ( #1780 ) ) GLOBAL_UNIT_ASSIGNED_CONTEXT ( ( #69, #2420, #3871 ) ) REPRESENTATION_CONTEXT ( 'NONE', 'WORKASPACE' ) );
#6358 = EDGE_CURVE ( 'NONE', #5190, #6334, #3362, .T. ) ;
#6359 = EDGE_LOOP ( 'NONE', ( #3144, #2590, #1756, #4712 ) ) ;
#6360 = ADVANCED_FACE ( 'NONE', ( #371, #752 ), #2794, .T. ) ;
#6361 = CARTESIAN_POINT ( 'NONE',  ( 13.60000000000000497, 29.50000000000001066, 0.000000000000000000 ) ) ;
#6362 = EDGE_CURVE ( 'NONE', #2866, #2568, #6192, .T. ) ;
#6363 = CARTESIAN_POINT ( 'NONE',  ( -47.19999999999999574, 0.000000000000000000, -2.699999999999995293 ) ) ;
#6364 = CARTESIAN_POINT ( 'NONE',  ( 37.59999999999999432, 1.030637635557567044, 3.864943216164022477 ) ) ;
#6365 = VERTEX_POINT ( 'NONE', #878 ) ;
#6366 = ORIENTED_EDGE ( 'NONE', *, *, #5262, .F. ) ;
#6367 = EDGE_CURVE ( 'NONE', #3274, #3321, #1575, .T. ) ;
#6368 = CYLINDRICAL_SURFACE ( 'NONE', #3826, 7.000000000000000000 ) ;
#6369 = VERTEX_POINT ( 'NONE', #2282 ) ;
#6370 = DIRECTION ( 'NONE',  ( -1.000000000000000000, -0.000000000000000000, -0.000000000000000000 ) ) ;
#6371 = ORIENTED_EDGE ( 'NONE', *, *, #782, .F. ) ;
#6372 = ORIENTED_EDGE ( 'NONE', *, *, #4561, .T. ) ;
#6373 = CARTESIAN_POINT ( 'NONE',  ( 22.59999999999999432, -10.35047573531249654, 13.63583152989489911 ) ) ;
#6374 = ORIENTED_EDGE ( 'NONE', *, *, #2688, .T. ) ;
#6375 = DIRECTION ( 'NONE',  ( 0.000000000000000000, 7.112366251504907509E-15, -1.000000000000000000 ) ) ;
#6376 = CARTESIAN_POINT ( 'NONE',  ( 20.59999999999999787, 0.000000000000000000, 0.1499999999999999944 ) ) ;
#6377 = EDGE_CURVE ( 'NONE', #2136, #6239, #5702, .T. ) ;
#6378 = ORIENTED_EDGE ( 'NONE', *, *, #6183, .F. ) ;
#6379 = PLANE ( 'NONE',  #4801 ) ;
#6380 = CIRCLE ( 'NONE', #4396, 6.049999999999999822 ) ;
#6381 = ORIENTED_EDGE ( 'NONE', *, *, #3234, .F. ) ;
#6382 = DIRECTION ( 'NONE',  ( -1.000000000000000000, -0.000000000000000000, -0.000000000000000000 ) ) ;
#6383 = APPLICATION_PROTOCOL_DEFINITION ( 'draft international standard', 'automotive_design', 1998, #2291 ) ;
#6384 = CARTESIAN_POINT ( 'NONE',  ( -50.70000000000000284, 5.500000000000000000, 2.700000000000008171 ) ) ;
#6385 = ORIENTED_EDGE ( 'NONE', *, *, #384, .T. ) ;
#6386 = COLOUR_RGB ( '',0.7921568627450980005, 0.8196078431372548767, 0.9333333333333333481 ) ;
#6387 = CARTESIAN_POINT ( 'NONE',  ( -43.29999999999999716, 14.50000000000000355, -5.000000000000000000 ) ) ;
#6388 = AXIS2_PLACEMENT_3D ( 'NONE', #3666, #5760, #5668 ) ;
#6389 = EDGE_CURVE ( 'NONE', #5108, #1478, #937, .T. ) ;
#6390 = AXIS2_PLACEMENT_3D ( 'NONE', #2027, #526, #1005 ) ;
#6391 = CARTESIAN_POINT ( 'NONE',  ( 18.59999999999999787, 1.158410705710341659, -3.828587812352703956 ) ) ;
#6392 = EDGE_CURVE ( 'NONE', #2975, #2960, #5688, .T. ) ;
#6393 = VERTEX_POINT ( 'NONE', #5715 ) ;
#6394 = DIRECTION ( 'NONE',  ( 0.000000000000000000, 0.000000000000000000, 1.000000000000000000 ) ) ;
#6395 = PLANE ( 'NONE',  #5647 ) ;
#6396 = DIRECTION ( 'NONE',  ( 0.000000000000000000, 0.000000000000000000, -1.000000000000000000 ) ) ;
#6397 = ORIENTED_EDGE ( 'NONE', *, *, #1638, .T. ) ;
#6398 = ORIENTED_EDGE ( 'NONE', *, *, #3174, .F. ) ;
#6399 = EDGE_CURVE ( 'NONE', #5583, #676, #6243, .T. ) ;
#6400 = LINE ( 'NONE', #2421, #5694 ) ;
#6401 = ORIENTED_EDGE ( 'NONE', *, *, #4111, .F. ) ;
#6402 = AXIS2_PLACEMENT_3D ( 'NONE', #4635, #1752, #1789 ) ;
#6403 = DIRECTION ( 'NONE',  ( 0.000000000000000000, 0.000000000000000000, 1.000000000000000000 ) ) ;
#6404 = ORIENTED_EDGE ( 'NONE', *, *, #5309, .F. ) ;
#6405 = ORIENTED_EDGE ( 'NONE', *, *, #1401, .T. ) ;
#6406 = CARTESIAN_POINT ( 'NONE',  ( 29.59999999999999787, 0.000000000000000000, 0.1499999999999999944 ) ) ;
#6407 = ORIENTED_EDGE ( 'NONE', *, *, #2446, .T. ) ;
#6408 = DIRECTION ( 'NONE',  ( 0.000000000000000000, 0.000000000000000000, 1.000000000000000000 ) ) ;
#6409 = CARTESIAN_POINT ( 'NONE',  ( 33.60000000000000142, 0.000000000000000000, 0.1499999999999999944 ) ) ;
#6410 = VECTOR ( 'NONE', #1945, 1000.000000000000000 ) ;
#6411 = VERTEX_POINT ( 'NONE', #5252 ) ;
#6412 = VERTEX_POINT ( 'NONE', #780 ) ;
#6413 = ORIENTED_EDGE ( 'NONE', *, *, #3441, .F. ) ;
#6414 = CARTESIAN_POINT ( 'NONE',  ( 31.59999999999999787, 0.000000000000000000, 0.1499999999999999944 ) ) ;
#6415 = DIRECTION ( 'NONE',  ( 2.891205793294679312E-16, 0.000000000000000000, 1.000000000000000000 ) ) ;
#6416 = APPLICATION_PROTOCOL_DEFINITION ( 'draft international standard', 'automotive_design', 1998, #751 ) ;
#6417 = DIRECTION ( 'NONE',  ( 0.000000000000000000, 0.000000000000000000, -1.000000000000000000 ) ) ;
#6418 = VERTEX_POINT ( 'NONE', #848 ) ;
#6419 = FACE_OUTER_BOUND ( 'NONE', #764, .T. ) ;
#6420 = CARTESIAN_POINT ( 'NONE',  ( 13.60000000000000497, 29.50000000000001066, 3.500000000000003109 ) ) ;
#6421 = APPLICATION_CONTEXT ( 'automotive_design' ) ;
#6422 = CARTESIAN_POINT ( 'NONE',  ( -43.29999999999999716, 14.50000000000000355, -3.000000000000000444 ) ) ;
#6423 = EDGE_CURVE ( 'NONE', #980, #5067, #817, .T. ) ;
#6424 = CARTESIAN_POINT ( 'NONE',  ( 20.59999999999999787, 0.000000000000000000, 0.1499999999999999944 ) ) ;
#6425 = CIRCLE ( 'NONE', #790, 1.749999999999998890 ) ;
#6426 = DIRECTION ( 'NONE',  ( -1.000000000000000000, -0.000000000000000000, -0.000000000000000000 ) ) ;
#6427 = ORIENTED_EDGE ( 'NONE', *, *, #5564, .T. ) ;
#6428 = ORIENTED_EDGE ( 'NONE', *, *, #1098, .T. ) ;
#6429 = ADVANCED_FACE ( 'NONE', ( #2315 ), #3768, .F. ) ;
#6430 = DIRECTION ( 'NONE',  ( 1.000000000000000000, 0.000000000000000000, 0.000000000000000000 ) ) ;
#6431 = NEXT_ASSEMBLY_USAGE_OCCURRENCE ( 'NAUO1', ' ', ' ', #1612, #1920, $ ) ;
#6432 = NEXT_ASSEMBLY_USAGE_OCCURRENCE ( 'NAUO2', ' ', ' ', #1612, #4589, $ ) ;
ENDSEC;
END-ISO-10303-21;
