ISO-10303-21;
HEADER;
FILE_DESCRIPTION (( 'STEP AP214' ),
    '1' );
FILE_NAME ('MP-05971.STEP',
    '2026-03-08T12:41:54',
    ( '' ),
    ( '' ),
    'SwSTEP 2.0',
    'SolidWorks 2023',
    '' );
FILE_SCHEMA (( 'AUTOMOTIVE_DESIGN' ));
ENDSEC;

DATA;
#1 = AXIS2_PLACEMENT_3D ( 'NONE', #19, #901, #1791 ) ;
#2 = ORIENTED_EDGE ( 'NONE', *, *, #2011, .F. ) ;
#3 = CARTESIAN_POINT ( 'NONE',  ( 41.60000000000000142, -6.049999999999999822, 0.000000000000000000 ) ) ;
#4 = CARTESIAN_POINT ( 'NONE',  ( 28.59999999999999787, 2.606424087848269178, -8.614322577793585012 ) ) ;
#5 = ORIENTED_EDGE ( 'NONE', *, *, #856, .F. ) ;
#6 = DIRECTION ( 'NONE',  ( -1.000000000000000000, -0.000000000000000000, -0.000000000000000000 ) ) ;
#7 = ADVANCED_FACE ( 'NONE', ( #203 ), #1972, .F. ) ;
#8 = ORIENTED_EDGE ( 'NONE', *, *, #1200, .F. ) ;
#9 = ORIENTED_EDGE ( 'NONE', *, *, #2140, .T. ) ;
#10 = VERTEX_POINT ( 'NONE', #1801 ) ;
#11 = CARTESIAN_POINT ( 'NONE',  ( 18.59999999999999787, -2.762069023147044167, -6.931785952275177465 ) ) ;
#12 = ORIENTED_EDGE ( 'NONE', *, *, #2120, .F. ) ;
#13 = CARTESIAN_POINT ( 'NONE',  ( 21.59999999999999787, 2.606424087848269178, -8.614322577793585012 ) ) ;
#14 = ORIENTED_EDGE ( 'NONE', *, *, #1947, .T. ) ;
#15 = DIRECTION ( 'NONE',  ( 0.000000000000000000, 0.000000000000000000, -1.000000000000000000 ) ) ;
#16 = EDGE_CURVE ( 'NONE', #838, #653, #56, .T. ) ;
#17 = EDGE_CURVE ( 'NONE', #636, #1046, #1638, .T. ) ;
#18 = ORIENTED_EDGE ( 'NONE', *, *, #1436, .T. ) ;
#19 = CARTESIAN_POINT ( 'NONE',  ( 33.60000000000000142, 0.000000000000000000, 0.000000000000000000 ) ) ;
#20 = CARTESIAN_POINT ( 'NONE',  ( 19.59999999999999787, 2.606424087848269178, -8.614322577793585012 ) ) ;
#21 = ORIENTED_EDGE ( 'NONE', *, *, #2093, .F. ) ;
#22 = LINE ( 'NONE', #718, #459 ) ;
#23 = CIRCLE ( 'NONE', #349, 7.000000000000000888 ) ;
#24 = CIRCLE ( 'NONE', #1093, 7.000000000000000888 ) ;
#25 = CIRCLE ( 'NONE', #1316, 7.000000000000000888 ) ;
#26 = DIRECTION ( 'NONE',  ( -1.000000000000000000, 0.000000000000000000, 0.000000000000000000 ) ) ;
#27 = EDGE_CURVE ( 'NONE', #416, #523, #1810, .T. ) ;
#28 = ORIENTED_EDGE ( 'NONE', *, *, #2084, .F. ) ;
#29 = DIRECTION ( 'NONE',  ( 0.000000000000000000, 0.000000000000000000, -1.000000000000000000 ) ) ;
#30 = CARTESIAN_POINT ( 'NONE',  ( 30.59999999999999432, 0.000000000000000000, 0.000000000000000000 ) ) ;
#31 = VERTEX_POINT ( 'NONE', #1945 ) ;
#32 = CARTESIAN_POINT ( 'NONE',  ( 33.60000000000000142, 0.000000000000000000, 0.000000000000000000 ) ) ;
#33 = CIRCLE ( 'NONE', #1875, 9.000000000000000000 ) ;
#34 = CARTESIAN_POINT ( 'NONE',  ( 1.500000000000000000, -4.365952903884278591, -5.321604448520052877 ) ) ;
#35 = ORIENTED_EDGE ( 'NONE', *, *, #895, .T. ) ;
#36 = CARTESIAN_POINT ( 'NONE',  ( 24.59999999999999787, 1.158410705710341659, -3.828587812352703956 ) ) ;
#37 = EDGE_CURVE ( 'NONE', #1334, #1382, #354, .T. ) ;
#38 = LINE ( 'NONE', #935, #1206 ) ;
#39 = ORIENTED_EDGE ( 'NONE', *, *, #94, .F. ) ;
#40 = CARTESIAN_POINT ( 'NONE',  ( 34.60000000000000142, 0.000000000000000000, 0.000000000000000000 ) ) ;
#41 = ADVANCED_FACE ( 'NONE', ( #1772 ), #1597, .T. ) ;
#42 = EDGE_CURVE ( 'NONE', #1344, #489, #309, .T. ) ;
#43 = DIRECTION ( 'NONE',  ( 1.000000000000000000, 0.000000000000000000, 0.000000000000000000 ) ) ;
#44 = ORIENTED_EDGE ( 'NONE', *, *, #1341, .F. ) ;
#45 = DIRECTION ( 'NONE',  ( 0.000000000000000000, 0.000000000000000000, -1.000000000000000000 ) ) ;
#46 = CARTESIAN_POINT ( 'NONE',  ( 30.59999999999999432, -10.60302848086181804, -13.13818223212012626 ) ) ;
#47 = ORIENTED_EDGE ( 'NONE', *, *, #1707, .T. ) ;
#48 = DIRECTION ( 'NONE',  ( 0.000000000000000000, 0.000000000000000000, 1.000000000000000000 ) ) ;
#49 = VERTEX_POINT ( 'NONE', #256 ) ;
#50 = AXIS2_PLACEMENT_3D ( 'NONE', #817, #2064, #2231 ) ;
#51 = EDGE_CURVE ( 'NONE', #160, #1997, #24, .T. ) ;
#52 = DIRECTION ( 'NONE',  ( 1.000000000000000000, 0.000000000000000000, 0.000000000000000000 ) ) ;
#53 = CIRCLE ( 'NONE', #130, 7.000000000000000888 ) ;
#54 = FACE_OUTER_BOUND ( 'NONE', #260, .T. ) ;
#55 = VECTOR ( 'NONE', #1996, 1000.000000000000000 ) ;
#56 = CIRCLE ( 'NONE', #1572, 9.000000000000000000 ) ;
#57 = AXIS2_PLACEMENT_3D ( 'NONE', #30, #2128, #1264 ) ;
#58 = CIRCLE ( 'NONE', #1714, 10.00000000000000178 ) ;
#59 = EDGE_LOOP ( 'NONE', ( #791, #946, #666, #1116 ) ) ;
#60 = ORIENTED_EDGE ( 'NONE', *, *, #487, .F. ) ;
#61 = CARTESIAN_POINT ( 'NONE',  ( 27.59999999999999787, 6.998392672607047338, 0.000000000000000000 ) ) ;
#62 = AXIS2_PLACEMENT_3D ( 'NONE', #1795, #64, #1814 ) ;
#63 = EDGE_LOOP ( 'NONE', ( #504, #1319, #1899, #925 ) ) ;
#64 = DIRECTION ( 'NONE',  ( 1.000000000000000000, 0.000000000000000000, 0.000000000000000000 ) ) ;
#65 = EDGE_LOOP ( 'NONE', ( #1486, #1078, #457, #940 ) ) ;
#66 = EDGE_CURVE ( 'NONE', #521, #2163, #232, .T. ) ;
#67 = DIRECTION ( 'NONE',  ( 1.000000000000000000, 0.000000000000000000, 0.000000000000000000 ) ) ;
#68 = ORIENTED_EDGE ( 'NONE', *, *, #1230, .T. ) ;
#69 = CARTESIAN_POINT ( 'NONE',  ( 1.500000000000000000, 6.998392672607046450, 0.000000000000000000 ) ) ;
#70 = FACE_OUTER_BOUND ( 'NONE', #1468, .T. ) ;
#71 = ORIENTED_EDGE ( 'NONE', *, *, #1156, .T. ) ;
#72 = DIRECTION ( 'NONE',  ( 0.000000000000000000, 0.000000000000000000, -1.000000000000000000 ) ) ;
#73 = FACE_OUTER_BOUND ( 'NONE', #2152, .T. ) ;
#74 = ORIENTED_EDGE ( 'NONE', *, *, #227, .T. ) ;
#75 = DIRECTION ( 'NONE',  ( 0.000000000000000000, 0.000000000000000000, -1.000000000000000000 ) ) ;
#76 = LINE ( 'NONE', #1686, #603 ) ;
#77 = ORIENTED_EDGE ( 'NONE', *, *, #753, .F. ) ;
#78 = CARTESIAN_POINT ( 'NONE',  ( 24.59999999999999787, -2.762069023147042390, -6.931785952275175688 ) ) ;
#79 = DIRECTION ( 'NONE',  ( 0.000000000000000000, 0.000000000000000000, -1.000000000000000000 ) ) ;
#80 = EDGE_CURVE ( 'NONE', #1647, #1663, #1146, .T. ) ;
#81 = EDGE_CURVE ( 'NONE', #2225, #2079, #2145, .T. ) ;
#82 = EDGE_LOOP ( 'NONE', ( #194, #1323, #1879, #768 ) ) ;
#83 = FACE_OUTER_BOUND ( 'NONE', #974, .T. ) ;
#84 = DIRECTION ( 'NONE',  ( 0.000000000000000000, 0.000000000000000000, 1.000000000000000000 ) ) ;
#85 = ORIENTED_EDGE ( 'NONE', *, *, #2141, .T. ) ;
#86 = LINE ( 'NONE', #1164, #263 ) ;
#87 = DIRECTION ( 'NONE',  ( 0.000000000000000000, 0.000000000000000000, -1.000000000000000000 ) ) ;
#88 = CARTESIAN_POINT ( 'NONE',  ( 20.59999999999999787, 2.606424087848269178, -8.614322577793585012 ) ) ;
#89 = AXIS2_PLACEMENT_3D ( 'NONE', #1943, #352, #1786 ) ;
#90 = ORIENTED_EDGE ( 'NONE', *, *, #66, .F. ) ;
#91 = CIRCLE ( 'NONE', #2260, 7.000000000000000888 ) ;
#92 = CARTESIAN_POINT ( 'NONE',  ( 39.59999999999999432, 0.000000000000000000, 0.000000000000000000 ) ) ;
#93 = FACE_OUTER_BOUND ( 'NONE', #799, .T. ) ;
#94 = EDGE_CURVE ( 'NONE', #1691, #1927, #1158, .T. ) ;
#95 = ORIENTED_EDGE ( 'NONE', *, *, #1520, .T. ) ;
#96 = CARTESIAN_POINT ( 'NONE',  ( 28.59999999999999787, 9.000000000000000000, 0.000000000000000000 ) ) ;
#97 = AXIS2_PLACEMENT_3D ( 'NONE', #1828, #905, #578 ) ;
#98 = CARTESIAN_POINT ( 'NONE',  ( 29.59999999999999787, -4.365952903884278591, -5.321604448520052877 ) ) ;
#99 = VERTEX_POINT ( 'NONE', #1119 ) ;
#100 = DIRECTION ( 'NONE',  ( 0.000000000000000000, 0.000000000000000000, -1.000000000000000000 ) ) ;
#101 = CARTESIAN_POINT ( 'NONE',  ( 34.60000000000000142, -2.762069023147044167, -6.931785952275177465 ) ) ;
#102 = CARTESIAN_POINT ( 'NONE',  ( 38.59999999999999432, -2.762069023147044167, -6.931785952275177465 ) ) ;
#103 = DIRECTION ( 'NONE',  ( 0.000000000000000000, 0.000000000000000000, -1.000000000000000000 ) ) ;
#104 = CIRCLE ( 'NONE', #915, 10.00000000000000178 ) ;
#105 = VERTEX_POINT ( 'NONE', #1861 ) ;
#106 = CARTESIAN_POINT ( 'NONE',  ( 33.60000000000000142, 6.998392672607047338, 0.000000000000000000 ) ) ;
#107 = CARTESIAN_POINT ( 'NONE',  ( 33.60000000000000142, -10.60302848086181804, -13.13818223212012626 ) ) ;
#108 = ORIENTED_EDGE ( 'NONE', *, *, #2261, .T. ) ;
#109 = DIRECTION ( 'NONE',  ( 0.000000000000000000, 0.000000000000000000, -1.000000000000000000 ) ) ;
#110 = DIRECTION ( 'NONE',  ( 0.000000000000000000, 1.000000000000000000, 0.000000000000000000 ) ) ;
#111 = ORIENTED_EDGE ( 'NONE', *, *, #1506, .T. ) ;
#112 = EDGE_CURVE ( 'NONE', #1035, #1927, #1470, .T. ) ;
#113 = EDGE_CURVE ( 'NONE', #186, #1783, #1850, .T. ) ;
#114 = LINE ( 'NONE', #815, #2111 ) ;
#115 = ORIENTED_EDGE ( 'NONE', *, *, #1565, .T. ) ;
#116 = DIRECTION ( 'NONE',  ( -1.000000000000000000, -0.000000000000000000, -0.000000000000000000 ) ) ;
#117 = DIRECTION ( 'NONE',  ( 0.000000000000000000, 7.112366251504907509E-15, -1.000000000000000000 ) ) ;
#118 = ORIENTED_EDGE ( 'NONE', *, *, #1650, .T. ) ;
#119 =( NAMED_UNIT ( * ) PLANE_ANGLE_UNIT ( ) SI_UNIT ( $, .RADIAN. ) );
#120 = CARTESIAN_POINT ( 'NONE',  ( 37.59999999999999432, -4.365952903884278591, -5.321604448520052877 ) ) ;
#121 = ORIENTED_EDGE ( 'NONE', *, *, #1676, .T. ) ;
#122 = FACE_OUTER_BOUND ( 'NONE', #2133, .T. ) ;
#123 = PLANE ( 'NONE',  #1529 ) ;
#124 = EDGE_CURVE ( 'NONE', #416, #2176, #2083, .T. ) ;
#125 = DIRECTION ( 'NONE',  ( -1.000000000000000000, -0.000000000000000000, -0.000000000000000000 ) ) ;
#126 = EDGE_LOOP ( 'NONE', ( #39, #174, #2013, #44, #1477, #841, #1713, #1843, #238, #514, #318, #1652, #1308, #1882, #829, #1325, #300, #12, #21, #2137, #910, #1840, #207, #1022, #913, #1626, #625, #2248, #1109, #1151, #2059, #1170, #1501, #1372, #525, #1431, #846, #1188, #28, #2181, #427, #2047, #985, #808, #136, #1895, #1247, #2095, #1595, #443 ) ) ;
#127 = CARTESIAN_POINT ( 'NONE',  ( 30.59999999999999432, 2.606424087848269178, -8.614322577793585012 ) ) ;
#128 = CARTESIAN_POINT ( 'NONE',  ( 38.59999999999999432, 1.158410705710341659, -3.828587812352703956 ) ) ;
#129 = VECTOR ( 'NONE', #646, 1000.000000000000000 ) ;
#130 = AXIS2_PLACEMENT_3D ( 'NONE', #1077, #220, #1778 ) ;
#131 = VERTEX_POINT ( 'NONE', #402 ) ;
#132 = FILL_AREA_STYLE ('',( #1242 ) ) ;
#133 = AXIS2_PLACEMENT_3D ( 'NONE', #381, #2118, #2148 ) ;
#134 = CARTESIAN_POINT ( 'NONE',  ( 22.59999999999999432, -10.60302848086181804, -13.13818223212012626 ) ) ;
#135 = CIRCLE ( 'NONE', #1429, 10.00000000000000178 ) ;
#136 = ORIENTED_EDGE ( 'NONE', *, *, #545, .T. ) ;
#137 = CARTESIAN_POINT ( 'NONE',  ( 30.59999999999999432, 0.000000000000000000, 0.000000000000000000 ) ) ;
#138 = DIRECTION ( 'NONE',  ( -1.000000000000000000, -0.000000000000000000, -0.000000000000000000 ) ) ;
#139 = EDGE_CURVE ( 'NONE', #508, #183, #1502, .T. ) ;
#140 = ORIENTED_EDGE ( 'NONE', *, *, #1692, .T. ) ;
#141 = CARTESIAN_POINT ( 'NONE',  ( 32.59999999999999432, 0.000000000000000000, 0.000000000000000000 ) ) ;
#142 = DIRECTION ( 'NONE',  ( -1.000000000000000000, -0.000000000000000000, -0.000000000000000000 ) ) ;
#143 = AXIS2_PLACEMENT_3D ( 'NONE', #624, #2217, #1488 ) ;
#144 = EDGE_CURVE ( 'NONE', #1099, #1647, #1681, .T. ) ;
#145 = ORIENTED_EDGE ( 'NONE', *, *, #586, .F. ) ;
#146 = CARTESIAN_POINT ( 'NONE',  ( 22.59999999999999432, 2.606424087848269178, -8.614322577793585012 ) ) ;
#147 = CARTESIAN_POINT ( 'NONE',  ( 27.59999999999999787, 0.000000000000000000, 0.000000000000000000 ) ) ;
#148 = VERTEX_POINT ( 'NONE', #634 ) ;
#149 = LINE ( 'NONE', #512, #1646 ) ;
#150 = DIRECTION ( 'NONE',  ( 0.000000000000000000, 0.000000000000000000, -1.000000000000000000 ) ) ;
#151 = VERTEX_POINT ( 'NONE', #1873 ) ;
#152 = CARTESIAN_POINT ( 'NONE',  ( 21.59999999999999787, 1.158410705710341659, -3.828587812352703956 ) ) ;
#153 = EDGE_CURVE ( 'NONE', #750, #1074, #2194, .T. ) ;
#154 = EDGE_CURVE ( 'NONE', #1872, #1978, #236, .T. ) ;
#155 = VERTEX_POINT ( 'NONE', #453 ) ;
#156 = DIRECTION ( 'NONE',  ( 1.000000000000000000, 0.000000000000000000, 0.000000000000000000 ) ) ;
#157 = ORIENTED_EDGE ( 'NONE', *, *, #513, .T. ) ;
#158 = CARTESIAN_POINT ( 'NONE',  ( 25.59999999999999787, 0.000000000000000000, 0.1499999999999999944 ) ) ;
#159 = CARTESIAN_POINT ( 'NONE',  ( 31.59999999999999787, 9.000000000000000000, 0.000000000000000000 ) ) ;
#160 = VERTEX_POINT ( 'NONE', #106 ) ;
#161 = CARTESIAN_POINT ( 'NONE',  ( 33.60000000000000142, 2.606424087848269178, -8.614322577793585012 ) ) ;
#162 = ORIENTED_EDGE ( 'NONE', *, *, #845, .F. ) ;
#163 =( NAMED_UNIT ( * ) PLANE_ANGLE_UNIT ( ) SI_UNIT ( $, .RADIAN. ) );
#164 = CIRCLE ( 'NONE', #1965, 5.000000000000000888 ) ;
#165 = EDGE_CURVE ( 'NONE', #1588, #1035, #1487, .T. ) ;
#166 = CYLINDRICAL_SURFACE ( 'NONE', #1240, 9.000000000000000000 ) ;
#167 = ORIENTED_EDGE ( 'NONE', *, *, #455, .T. ) ;
#168 = DIRECTION ( 'NONE',  ( 1.000000000000000000, 0.000000000000000000, 0.000000000000000000 ) ) ;
#169 = AXIS2_PLACEMENT_3D ( 'NONE', #2003, #1653, #981 ) ;
#170 = CIRCLE ( 'NONE', #1461, 9.000000000000000000 ) ;
#171 = VECTOR ( 'NONE', #628, 1000.000000000000000 ) ;
#172 = ORIENTED_EDGE ( 'NONE', *, *, #501, .T. ) ;
#173 = CIRCLE ( 'NONE', #1583, 5.000000000000000888 ) ;
#174 = ORIENTED_EDGE ( 'NONE', *, *, #425, .T. ) ;
#175 = CARTESIAN_POINT ( 'NONE',  ( 26.59999999999999787, -10.60302848086181804, -13.13818223212012626 ) ) ;
#176 = CYLINDRICAL_SURFACE ( 'NONE', #1866, 10.00000000000000000 ) ;
#177 = ORIENTED_EDGE ( 'NONE', *, *, #555, .F. ) ;
#178 = CARTESIAN_POINT ( 'NONE',  ( 36.59999999999999432, 0.000000000000000000, 0.1499999999999999944 ) ) ;
#179 = EDGE_CURVE ( 'NONE', #763, #1008, #1332, .T. ) ;
#180 = ADVANCED_FACE ( 'NONE', ( #583 ), #1514, .T. ) ;
#181 = ORIENTED_EDGE ( 'NONE', *, *, #1632, .F. ) ;
#182 = DIRECTION ( 'NONE',  ( 0.000000000000000000, 0.000000000000000000, 1.000000000000000000 ) ) ;
#183 = VERTEX_POINT ( 'NONE', #282 ) ;
#184 = CARTESIAN_POINT ( 'NONE',  ( 40.59999999999999432, 0.000000000000000000, 0.000000000000000000 ) ) ;
#185 = CYLINDRICAL_SURFACE ( 'NONE', #1057, 10.00000000000000000 ) ;
#186 = VERTEX_POINT ( 'NONE', #994 ) ;
#187 = CARTESIAN_POINT ( 'NONE',  ( -0.002000000000002000178, 0.000000000000000000, 0.000000000000000000 ) ) ;
#188 = EDGE_CURVE ( 'NONE', #1382, #2031, #348, .T. ) ;
#189 = FACE_OUTER_BOUND ( 'NONE', #577, .T. ) ;
#190 = ORIENTED_EDGE ( 'NONE', *, *, #2104, .T. ) ;
#191 = ORIENTED_EDGE ( 'NONE', *, *, #797, .T. ) ;
#192 = DIRECTION ( 'NONE',  ( 1.000000000000000000, 0.000000000000000000, 0.000000000000000000 ) ) ;
#193 = CARTESIAN_POINT ( 'NONE',  ( 41.60000000000000142, -10.60302848086181804, -13.13818223212012626 ) ) ;
#194 = ORIENTED_EDGE ( 'NONE', *, *, #1465, .T. ) ;
#195 = CARTESIAN_POINT ( 'NONE',  ( 33.60000000000000142, -2.762069023147044167, -6.931785952275177465 ) ) ;
#196 = AXIS2_PLACEMENT_3D ( 'NONE', #421, #1680, #1337 ) ;
#197 = AXIS2_PLACEMENT_3D ( 'NONE', #552, #206, #1275 ) ;
#198 = VECTOR ( 'NONE', #428, 1000.000000000000000 ) ;
#199 = VECTOR ( 'NONE', #1299, 1000.000000000000000 ) ;
#200 = DIRECTION ( 'NONE',  ( 0.000000000000000000, 0.000000000000000000, -1.000000000000000000 ) ) ;
#201 = ADVANCED_FACE ( 'NONE', ( #1361 ), #490, .T. ) ;
#202 = ORIENTED_EDGE ( 'NONE', *, *, #205, .T. ) ;
#203 = FACE_OUTER_BOUND ( 'NONE', #1286, .T. ) ;
#204 = FACE_OUTER_BOUND ( 'NONE', #587, .T. ) ;
#205 = EDGE_CURVE ( 'NONE', #1573, #1588, #1903, .T. ) ;
#206 = DIRECTION ( 'NONE',  ( 1.000000000000000000, 0.000000000000000000, 0.000000000000000000 ) ) ;
#207 = ORIENTED_EDGE ( 'NONE', *, *, #2246, .F. ) ;
#208 = DIRECTION ( 'NONE',  ( 0.000000000000000000, -1.000000000000000000, 0.000000000000000000 ) ) ;
#209 = AXIS2_PLACEMENT_3D ( 'NONE', #1435, #1802, #933 ) ;
#210 = FACE_OUTER_BOUND ( 'NONE', #356, .T. ) ;
#211 = CARTESIAN_POINT ( 'NONE',  ( 26.59999999999999787, 0.000000000000000000, 0.000000000000000000 ) ) ;
#212 = DIRECTION ( 'NONE',  ( 1.000000000000000000, 0.000000000000000000, 0.000000000000000000 ) ) ;
#213 = EDGE_CURVE ( 'NONE', #1182, #2028, #744, .T. ) ;
#214 = EDGE_CURVE ( 'NONE', #707, #613, #1724, .T. ) ;
#215 = CARTESIAN_POINT ( 'NONE',  ( 27.59999999999999787, 1.158410705710341659, -3.828587812352703956 ) ) ;
#216 = VERTEX_POINT ( 'NONE', #1183 ) ;
#217 = PLANE ( 'NONE',  #350 ) ;
#218 = ORIENTED_EDGE ( 'NONE', *, *, #2214, .T. ) ;
#219 = LINE ( 'NONE', #1475, #1753 ) ;
#220 = DIRECTION ( 'NONE',  ( -1.000000000000000000, -0.000000000000000000, -0.000000000000000000 ) ) ;
#221 = VERTEX_POINT ( 'NONE', #2267 ) ;
#222 = ORIENTED_EDGE ( 'NONE', *, *, #379, .F. ) ;
#223 = CYLINDRICAL_SURFACE ( 'NONE', #986, 6.049999999999999822 ) ;
#224 = LINE ( 'NONE', #745, #645 ) ;
#225 = ORIENTED_EDGE ( 'NONE', *, *, #1564, .F. ) ;
#226 = LINE ( 'NONE', #1105, #1498 ) ;
#227 = EDGE_CURVE ( 'NONE', #1961, #1035, #1528, .T. ) ;
#228 = ORIENTED_EDGE ( 'NONE', *, *, #513, .F. ) ;
#229 = DIRECTION ( 'NONE',  ( -1.000000000000000000, -0.000000000000000000, -0.000000000000000000 ) ) ;
#230 = AXIS2_PLACEMENT_3D ( 'NONE', #1667, #615, #987 ) ;
#231 = CARTESIAN_POINT ( 'NONE',  ( 37.59999999999999432, -10.60302848086181804, -13.13818223212012626 ) ) ;
#232 = CIRCLE ( 'NONE', #537, 10.00000000000000178 ) ;
#233 = ADVANCED_BREP_SHAPE_REPRESENTATION ( 'MP-05971', ( #1336, #1132 ), #983 ) ;
#234 = CIRCLE ( 'NONE', #934, 10.00000000000000178 ) ;
#235 = ORIENTED_EDGE ( 'NONE', *, *, #425, .F. ) ;
#236 = LINE ( 'NONE', #247, #2263 ) ;
#237 = CARTESIAN_POINT ( 'NONE',  ( 32.59999999999999432, -10.60302848086181804, -13.13818223212012626 ) ) ;
#238 = ORIENTED_EDGE ( 'NONE', *, *, #1816, .T. ) ;
#239 = CARTESIAN_POINT ( 'NONE',  ( 34.60000000000000142, -4.365952903884279479, -5.321604448520053765 ) ) ;
#240 = DIRECTION ( 'NONE',  ( -1.000000000000000000, -0.000000000000000000, -0.000000000000000000 ) ) ;
#241 = ORIENTED_EDGE ( 'NONE', *, *, #556, .T. ) ;
#242 = CIRCLE ( 'NONE', #1403, 5.000000000000000888 ) ;
#243 = CARTESIAN_POINT ( 'NONE',  ( 13.59999999999999787, 0.000000000000000000, -6.049999999999999822 ) ) ;
#244 = ADVANCED_FACE ( 'NONE', ( #1883 ), #692, .T. ) ;
#245 = FACE_OUTER_BOUND ( 'NONE', #2091, .T. ) ;
#246 = ORIENTED_EDGE ( 'NONE', *, *, #1920, .T. ) ;
#247 = CARTESIAN_POINT ( 'NONE',  ( 1.500000000000000000, 6.998392672607046450, 0.000000000000000000 ) ) ;
#248 = CYLINDRICAL_SURFACE ( 'NONE', #723, 7.000000000000000000 ) ;
#249 = VERTEX_POINT ( 'NONE', #319 ) ;
#250 = DIRECTION ( 'NONE',  ( 0.000000000000000000, 0.000000000000000000, -1.000000000000000000 ) ) ;
#251 = VERTEX_POINT ( 'NONE', #2073 ) ;
#252 = DIRECTION ( 'NONE',  ( -1.000000000000000000, -0.000000000000000000, -0.000000000000000000 ) ) ;
#253 = PLANE ( 'NONE',  #827 ) ;
#254 = EDGE_CURVE ( 'NONE', #1837, #1671, #1032, .T. ) ;
#255 = VERTEX_POINT ( 'NONE', #161 ) ;
#256 = CARTESIAN_POINT ( 'NONE',  ( 31.59999999999999787, 2.606424087848269178, -8.614322577793585012 ) ) ;
#257 = CARTESIAN_POINT ( 'NONE',  ( 22.59999999999999432, 0.000000000000000000, 0.000000000000000000 ) ) ;
#258 = VERTEX_POINT ( 'NONE', #1574 ) ;
#259 = DIRECTION ( 'NONE',  ( 1.000000000000000000, 0.000000000000000000, 0.000000000000000000 ) ) ;
#260 = EDGE_LOOP ( 'NONE', ( #2134, #1804, #953, #85, #2001 ) ) ;
#261 = CARTESIAN_POINT ( 'NONE',  ( 30.59999999999999432, 2.606424087848269178, -8.614322577793585012 ) ) ;
#262 = CARTESIAN_POINT ( 'NONE',  ( 19.59999999999999787, 0.000000000000000000, 0.000000000000000000 ) ) ;
#263 = VECTOR ( 'NONE', #786, 1000.000000000000000 ) ;
#264 = DIRECTION ( 'NONE',  ( 0.000000000000000000, 0.000000000000000000, 1.000000000000000000 ) ) ;
#265 = CIRCLE ( 'NONE', #715, 7.000000000000000888 ) ;
#266 = ORIENTED_EDGE ( 'NONE', *, *, #710, .T. ) ;
#267 = AXIS2_PLACEMENT_3D ( 'NONE', #193, #1246, #2151 ) ;
#268 = EDGE_CURVE ( 'NONE', #1542, #838, #337, .T. ) ;
#269 = CARTESIAN_POINT ( 'NONE',  ( 1.500000000000000000, -4.365952903884278591, -5.321604448520052877 ) ) ;
#270 = DIRECTION ( 'NONE',  ( -1.000000000000000000, -0.000000000000000000, -0.000000000000000000 ) ) ;
#271 = EDGE_CURVE ( 'NONE', #2230, #2240, #170, .T. ) ;
#272 = EDGE_CURVE ( 'NONE', #422, #834, #677, .T. ) ;
#273 = ORIENTED_EDGE ( 'NONE', *, *, #51, .T. ) ;
#274 = CIRCLE ( 'NONE', #792, 7.000000000000000888 ) ;
#275 = DIRECTION ( 'NONE',  ( 1.000000000000000000, 0.000000000000000000, 0.000000000000000000 ) ) ;
#276 = ORIENTED_EDGE ( 'NONE', *, *, #970, .T. ) ;
#277 = DIRECTION ( 'NONE',  ( 0.000000000000000000, 0.000000000000000000, -1.000000000000000000 ) ) ;
#278 = AXIS2_PLACEMENT_3D ( 'NONE', #2149, #1619, #1811 ) ;
#279 = CARTESIAN_POINT ( 'NONE',  ( 28.59999999999999787, 1.158410705710341659, -3.828587812352703956 ) ) ;
#280 = AXIS2_PLACEMENT_3D ( 'NONE', #292, #2232, #1735 ) ;
#281 = ORIENTED_EDGE ( 'NONE', *, *, #767, .T. ) ;
#282 = CARTESIAN_POINT ( 'NONE',  ( 25.59999999999999787, -4.365952903884278591, -5.321604448520052877 ) ) ;
#283 = CARTESIAN_POINT ( 'NONE',  ( 38.59999999999999432, 9.000000000000000000, 0.000000000000000000 ) ) ;
#284 = ORIENTED_EDGE ( 'NONE', *, *, #955, .F. ) ;
#285 = ADVANCED_FACE ( 'NONE', ( #1042 ), #2216, .F. ) ;
#286 = DIRECTION ( 'NONE',  ( 1.000000000000000000, 0.000000000000000000, 0.000000000000000000 ) ) ;
#287 = ORIENTED_EDGE ( 'NONE', *, *, #1480, .T. ) ;
#288 = DIRECTION ( 'NONE',  ( -1.000000000000000000, -0.000000000000000000, -0.000000000000000000 ) ) ;
#289 = DIRECTION ( 'NONE',  ( 1.000000000000000000, 0.000000000000000000, 0.000000000000000000 ) ) ;
#290 = EDGE_LOOP ( 'NONE', ( #1399, #1331, #326, #855 ) ) ;
#291 = CARTESIAN_POINT ( 'NONE',  ( 1.500000000000000000, 6.998392672607046450, 0.000000000000000000 ) ) ;
#292 = CARTESIAN_POINT ( 'NONE',  ( 34.60000000000000142, 0.000000000000000000, 0.000000000000000000 ) ) ;
#293 = ORIENTED_EDGE ( 'NONE', *, *, #343, .T. ) ;
#294 = PRODUCT_CONTEXT ( 'NONE', #1292, 'mechanical' ) ;
#295 = CARTESIAN_POINT ( 'NONE',  ( 38.59999999999999432, -2.762069023147042390, -6.931785952275175688 ) ) ;
#296 = VERTEX_POINT ( 'NONE', #863 ) ;
#297 = DIRECTION ( 'NONE',  ( 0.000000000000000000, 0.000000000000000000, 1.000000000000000000 ) ) ;
#298 = EDGE_CURVE ( 'NONE', #2086, #694, #2224, .T. ) ;
#299 = CARTESIAN_POINT ( 'NONE',  ( 34.60000000000000142, 9.000000000000000000, 0.000000000000000000 ) ) ;
#300 = ORIENTED_EDGE ( 'NONE', *, *, #699, .T. ) ;
#301 = LINE ( 'NONE', #1018, #1420 ) ;
#302 = CARTESIAN_POINT ( 'NONE',  ( 26.59999999999999787, 1.158410705710341659, -3.828587812352703956 ) ) ;
#303 = AXIS2_PLACEMENT_3D ( 'NONE', #1929, #1919, #1043 ) ;
#304 = VECTOR ( 'NONE', #2173, 1000.000000000000000 ) ;
#305 = CIRCLE ( 'NONE', #2256, 5.000000000000000888 ) ;
#306 = EDGE_LOOP ( 'NONE', ( #222, #1254, #2215, #638, #2158 ) ) ;
#307 = PLANE ( 'NONE',  #875 ) ;
#308 = AXIS2_PLACEMENT_3D ( 'NONE', #1401, #1750, #2257 ) ;
#309 = CIRCLE ( 'NONE', #1496, 5.000000000000000888 ) ;
#310 = DIRECTION ( 'NONE',  ( 1.000000000000000000, 0.000000000000000000, 0.000000000000000000 ) ) ;
#311 = ORIENTED_EDGE ( 'NONE', *, *, #1490, .F. ) ;
#312 = DIRECTION ( 'NONE',  ( 1.000000000000000000, 0.000000000000000000, 0.000000000000000000 ) ) ;
#313 = AXIS2_PLACEMENT_3D ( 'NONE', #1152, #1856, #1180 ) ;
#314 = FACE_OUTER_BOUND ( 'NONE', #805, .T. ) ;
#315 = EDGE_CURVE ( 'NONE', #707, #1415, #1936, .T. ) ;
#316 = STYLED_ITEM ( 'NONE', ( #1047 ), #1336 ) ;
#317 = EDGE_CURVE ( 'NONE', #49, #1925, #1744, .T. ) ;
#318 = ORIENTED_EDGE ( 'NONE', *, *, #1916, .F. ) ;
#319 = CARTESIAN_POINT ( 'NONE',  ( 13.59999999999999787, -6.050000000000000711, 0.000000000000000000 ) ) ;
#320 = CYLINDRICAL_SURFACE ( 'NONE', #280, 9.000000000000000000 ) ;
#321 = VECTOR ( 'NONE', #725, 1000.000000000000000 ) ;
#322 = AXIS2_PLACEMENT_3D ( 'NONE', #128, #142, #832 ) ;
#323 = ORIENTED_EDGE ( 'NONE', *, *, #2121, .T. ) ;
#324 = SURFACE_SIDE_STYLE ('',( #1212 ) ) ;
#325 = DIRECTION ( 'NONE',  ( -1.000000000000000000, -0.000000000000000000, -0.000000000000000000 ) ) ;
#326 = ORIENTED_EDGE ( 'NONE', *, *, #1565, .F. ) ;
#327 = DIRECTION ( 'NONE',  ( 0.000000000000000000, 0.000000000000000000, -1.000000000000000000 ) ) ;
#328 = DIRECTION ( 'NONE',  ( 1.000000000000000000, 0.000000000000000000, 0.000000000000000000 ) ) ;
#329 = ORIENTED_EDGE ( 'NONE', *, *, #2055, .T. ) ;
#330 = DIRECTION ( 'NONE',  ( 0.000000000000000000, 0.000000000000000000, -1.000000000000000000 ) ) ;
#331 = EDGE_CURVE ( 'NONE', #2079, #1961, #1868, .T. ) ;
#332 = VERTEX_POINT ( 'NONE', #658 ) ;
#333 = CYLINDRICAL_SURFACE ( 'NONE', #608, 10.00000000000000000 ) ;
#334 = DIRECTION ( 'NONE',  ( 1.000000000000000000, 0.000000000000000000, 0.000000000000000000 ) ) ;
#335 = ORIENTED_EDGE ( 'NONE', *, *, #17, .F. ) ;
#336 = ORIENTED_EDGE ( 'NONE', *, *, #1620, .F. ) ;
#337 = LINE ( 'NONE', #1561, #456 ) ;
#338 = DIRECTION ( 'NONE',  ( -1.000000000000000000, -0.000000000000000000, -0.000000000000000000 ) ) ;
#339 = VECTOR ( 'NONE', #1941, 1000.000000000000000 ) ;
#340 = ORIENTED_EDGE ( 'NONE', *, *, #1748, .F. ) ;
#341 = CIRCLE ( 'NONE', #1937, 10.00000000000000178 ) ;
#342 = EDGE_CURVE ( 'NONE', #148, #1505, #301, .T. ) ;
#343 = EDGE_CURVE ( 'NONE', #613, #258, #1306, .T. ) ;
#344 = DIRECTION ( 'NONE',  ( 0.000000000000000000, 0.000000000000000000, -1.000000000000000000 ) ) ;
#345 = VERTEX_POINT ( 'NONE', #2142 ) ;
#346 = CARTESIAN_POINT ( 'NONE',  ( 35.60000000000000142, 2.606424087848269178, -8.614322577793585012 ) ) ;
#347 = CIRCLE ( 'NONE', #1532, 9.000000000000000000 ) ;
#348 = CIRCLE ( 'NONE', #1641, 7.000000000000000888 ) ;
#349 = AXIS2_PLACEMENT_3D ( 'NONE', #566, #229, #942 ) ;
#350 = AXIS2_PLACEMENT_3D ( 'NONE', #747, #405, #72 ) ;
#351 = ORIENTED_EDGE ( 'NONE', *, *, #1034, .F. ) ;
#352 = DIRECTION ( 'NONE',  ( 1.000000000000000000, 0.000000000000000000, 0.000000000000000000 ) ) ;
#353 = VECTOR ( 'NONE', #212, 1000.000000000000000 ) ;
#354 = LINE ( 'NONE', #1071, #1534 ) ;
#355 = DIRECTION ( 'NONE',  ( 0.000000000000000000, 0.000000000000000000, -1.000000000000000000 ) ) ;
#356 = EDGE_LOOP ( 'NONE', ( #1038, #669, #1682, #1016 ) ) ;
#357 = DIRECTION ( 'NONE',  ( -1.000000000000000000, -0.000000000000000000, -0.000000000000000000 ) ) ;
#358 = EDGE_CURVE ( 'NONE', #422, #2063, #58, .T. ) ;
#359 = DIRECTION ( 'NONE',  ( 0.000000000000000000, 0.000000000000000000, -1.000000000000000000 ) ) ;
#360 = ORIENTED_EDGE ( 'NONE', *, *, #2094, .F. ) ;
#361 = DIRECTION ( 'NONE',  ( 0.000000000000000000, -1.000000000000000000, 0.000000000000000000 ) ) ;
#362 = CARTESIAN_POINT ( 'NONE',  ( 37.59999999999999432, 0.000000000000000000, 0.000000000000000000 ) ) ;
#363 = CARTESIAN_POINT ( 'NONE',  ( 22.59999999999999432, 0.000000000000000000, 0.000000000000000000 ) ) ;
#364 = ORIENTED_EDGE ( 'NONE', *, *, #1202, .F. ) ;
#365 = DIRECTION ( 'NONE',  ( 0.000000000000000000, 0.000000000000000000, -1.000000000000000000 ) ) ;
#366 = EDGE_CURVE ( 'NONE', #249, #1806, #712, .T. ) ;
#367 = ADVANCED_FACE ( 'NONE', ( #1797 ), #570, .F. ) ;
#368 = CARTESIAN_POINT ( 'NONE',  ( 27.59999999999999787, 0.000000000000000000, 0.000000000000000000 ) ) ;
#369 = ORIENTED_EDGE ( 'NONE', *, *, #854, .F. ) ;
#370 = LINE ( 'NONE', #1100, #1067 ) ;
#371 = CARTESIAN_POINT ( 'NONE',  ( 1.500000000000000000, -4.365952903884278591, -5.321604448520052877 ) ) ;
#372 = ORIENTED_EDGE ( 'NONE', *, *, #1295, .T. ) ;
#373 = CARTESIAN_POINT ( 'NONE',  ( 0.000000000000000000, 0.000000000000000000, 0.000000000000000000 ) ) ;
#374 = CIRCLE ( 'NONE', #2002, 7.000000000000000888 ) ;
#375 = AXIS2_PLACEMENT_3D ( 'NONE', #2237, #869, #662 ) ;
#376 = VECTOR ( 'NONE', #2039, 1000.000000000000000 ) ;
#377 = VECTOR ( 'NONE', #398, 1000.000000000000000 ) ;
#378 = DIRECTION ( 'NONE',  ( 0.000000000000000000, 0.000000000000000000, -1.000000000000000000 ) ) ;
#379 = EDGE_CURVE ( 'NONE', #819, #1516, #524, .T. ) ;
#380 = ADVANCED_FACE ( 'NONE', ( #1069 ), #540, .T. ) ;
#381 = CARTESIAN_POINT ( 'NONE',  ( 26.59999999999999787, 0.000000000000000000, 0.000000000000000000 ) ) ;
#382 = CYLINDRICAL_SURFACE ( 'NONE', #209, 10.00000000000000000 ) ;
#383 = CIRCLE ( 'NONE', #690, 9.000000000000000000 ) ;
#384 = DIRECTION ( 'NONE',  ( 0.000000000000000000, 0.000000000000000000, 1.000000000000000000 ) ) ;
#385 = ORIENTED_EDGE ( 'NONE', *, *, #844, .T. ) ;
#386 = DIRECTION ( 'NONE',  ( 0.000000000000000000, 0.000000000000000000, -1.000000000000000000 ) ) ;
#387 = VECTOR ( 'NONE', #1639, 1000.000000000000000 ) ;
#388 = PRODUCT_DEFINITION_CONTEXT ( 'detailed design', #2037, 'design' ) ;
#389 = ORIENTED_EDGE ( 'NONE', *, *, #179, .F. ) ;
#390 = DIRECTION ( 'NONE',  ( -1.000000000000000000, -0.000000000000000000, -0.000000000000000000 ) ) ;
#391 = DIRECTION ( 'NONE',  ( -1.000000000000000000, -0.000000000000000000, -0.000000000000000000 ) ) ;
#392 = ORIENTED_EDGE ( 'NONE', *, *, #343, .F. ) ;
#393 = ADVANCED_FACE ( 'NONE', ( #1648 ), #964, .T. ) ;
#394 = EDGE_LOOP ( 'NONE', ( #2033, #616, #1410, #2072 ) ) ;
#395 = DIRECTION ( 'NONE',  ( 0.000000000000000000, 0.000000000000000000, 1.000000000000000000 ) ) ;
#396 = DIRECTION ( 'NONE',  ( -1.000000000000000000, -0.000000000000000000, -0.000000000000000000 ) ) ;
#397 = ORIENTED_EDGE ( 'NONE', *, *, #1585, .T. ) ;
#398 = DIRECTION ( 'NONE',  ( 1.000000000000000000, 0.000000000000000000, 0.000000000000000000 ) ) ;
#399 = VERTEX_POINT ( 'NONE', #788 ) ;
#400 = DIRECTION ( 'NONE',  ( 1.000000000000000000, 0.000000000000000000, 0.000000000000000000 ) ) ;
#401 = ORIENTED_EDGE ( 'NONE', *, *, #1084, .T. ) ;
#402 = CARTESIAN_POINT ( 'NONE',  ( 28.59999999999999787, -2.762069023147044167, -6.931785952275177465 ) ) ;
#403 = FACE_OUTER_BOUND ( 'NONE', #1376, .T. ) ;
#404 = VERTEX_POINT ( 'NONE', #751 ) ;
#405 = DIRECTION ( 'NONE',  ( 1.000000000000000000, 0.000000000000000000, 0.000000000000000000 ) ) ;
#406 = EDGE_CURVE ( 'NONE', #1588, #345, #2172, .T. ) ;
#407 = EDGE_CURVE ( 'NONE', #258, #1415, #1857, .T. ) ;
#408 = LINE ( 'NONE', #1324, #1637 ) ;
#409 = VERTEX_POINT ( 'NONE', #1107 ) ;
#410 = AXIS2_PLACEMENT_3D ( 'NONE', #2241, #893, #721 ) ;
#411 = DIRECTION ( 'NONE',  ( 0.000000000000000000, 0.000000000000000000, -1.000000000000000000 ) ) ;
#412 = AXIS2_PLACEMENT_3D ( 'NONE', #2050, #1881, #150 ) ;
#413 = DIRECTION ( 'NONE',  ( 0.000000000000000000, 0.000000000000000000, -1.000000000000000000 ) ) ;
#414 = CIRCLE ( 'NONE', #375, 7.000000000000000888 ) ;
#415 = AXIS2_PLACEMENT_3D ( 'NONE', #2159, #779, #2167 ) ;
#416 = VERTEX_POINT ( 'NONE', #101 ) ;
#417 = CARTESIAN_POINT ( 'NONE',  ( 1.500000000000000000, -6.998392672607046450, 0.000000000000000000 ) ) ;
#418 = DIRECTION ( 'NONE',  ( 0.000000000000000000, 7.112366251504907509E-15, -1.000000000000000000 ) ) ;
#419 = ORIENTED_EDGE ( 'NONE', *, *, #1465, .F. ) ;
#420 = DIRECTION ( 'NONE',  ( -1.000000000000000000, -0.000000000000000000, -0.000000000000000000 ) ) ;
#421 = CARTESIAN_POINT ( 'NONE',  ( 35.60000000000000142, 1.158410705710341659, -3.828587812352703956 ) ) ;
#422 = VERTEX_POINT ( 'NONE', #802 ) ;
#423 = CARTESIAN_POINT ( 'NONE',  ( 24.59999999999999787, -10.60302848086181804, -13.13818223212012626 ) ) ;
#424 = CIRCLE ( 'NONE', #1728, 10.00000000000000178 ) ;
#425 = EDGE_CURVE ( 'NONE', #1691, #409, #23, .T. ) ;
#426 = CYLINDRICAL_SURFACE ( 'NONE', #1754, 10.00000000000000000 ) ;
#427 = ORIENTED_EDGE ( 'NONE', *, *, #1959, .T. ) ;
#428 = DIRECTION ( 'NONE',  ( 1.000000000000000000, 0.000000000000000000, 0.000000000000000000 ) ) ;
#429 = LINE ( 'NONE', #2053, #542 ) ;
#430 = ORIENTED_EDGE ( 'NONE', *, *, #1142, .F. ) ;
#431 = CYLINDRICAL_SURFACE ( 'NONE', #1539, 5.000000000000000000 ) ;
#432 = CYLINDRICAL_SURFACE ( 'NONE', #2112, 10.00000000000000000 ) ;
#433 = VERTEX_POINT ( 'NONE', #1807 ) ;
#434 = FACE_OUTER_BOUND ( 'NONE', #63, .T. ) ;
#435 = CARTESIAN_POINT ( 'NONE',  ( 41.60000000000000142, 1.158410705710341659, -3.828587812352703956 ) ) ;
#436 = EDGE_CURVE ( 'NONE', #345, #592, #219, .T. ) ;
#437 = CARTESIAN_POINT ( 'NONE',  ( 41.60000000000000142, 2.606424087848269178, -8.614322577793585012 ) ) ;
#438 = EDGE_CURVE ( 'NONE', #345, #1994, #752, .T. ) ;
#439 = ADVANCED_FACE ( 'NONE', ( #693 ), #2253, .F. ) ;
#440 = ORIENTED_EDGE ( 'NONE', *, *, #630, .F. ) ;
#441 = CARTESIAN_POINT ( 'NONE',  ( 33.60000000000000142, 0.000000000000000000, 0.1499999999999999944 ) ) ;
#442 = DIRECTION ( 'NONE',  ( -1.000000000000000000, -0.000000000000000000, -0.000000000000000000 ) ) ;
#443 = ORIENTED_EDGE ( 'NONE', *, *, #1983, .F. ) ;
#444 = DIRECTION ( 'NONE',  ( -1.000000000000000000, -0.000000000000000000, -0.000000000000000000 ) ) ;
#445 = DIRECTION ( 'NONE',  ( 0.000000000000000000, 0.000000000000000000, -1.000000000000000000 ) ) ;
#446 = ORIENTED_EDGE ( 'NONE', *, *, #1244, .T. ) ;
#447 = CARTESIAN_POINT ( 'NONE',  ( 22.59999999999999432, 6.998392672607047338, 0.000000000000000000 ) ) ;
#448 = VECTOR ( 'NONE', #1441, 1000.000000000000000 ) ;
#449 = AXIS2_PLACEMENT_3D ( 'NONE', #954, #1659, #75 ) ;
#450 = PLANE ( 'NONE',  #1675 ) ;
#451 = CIRCLE ( 'NONE', #196, 5.000000000000000888 ) ;
#452 = ORIENTED_EDGE ( 'NONE', *, *, #1777, .T. ) ;
#453 = CARTESIAN_POINT ( 'NONE',  ( 22.59999999999999432, 9.000000000000000000, 0.000000000000000000 ) ) ;
#454 = CARTESIAN_POINT ( 'NONE',  ( 38.59999999999999432, 1.158410705710341659, -3.828587812352703956 ) ) ;
#455 = EDGE_CURVE ( 'NONE', #1567, #819, #2000, .T. ) ;
#456 = VECTOR ( 'NONE', #1220, 1000.000000000000000 ) ;
#457 = ORIENTED_EDGE ( 'NONE', *, *, #81, .F. ) ;
#458 = DIRECTION ( 'NONE',  ( 1.000000000000000000, 0.000000000000000000, 0.000000000000000000 ) ) ;
#459 = VECTOR ( 'NONE', #2259, 1000.000000000000000 ) ;
#460 = DIRECTION ( 'NONE',  ( -1.000000000000000000, -0.000000000000000000, -0.000000000000000000 ) ) ;
#461 = ORIENTED_EDGE ( 'NONE', *, *, #2157, .F. ) ;
#462 = DIRECTION ( 'NONE',  ( 0.000000000000000000, 0.000000000000000000, -1.000000000000000000 ) ) ;
#463 = CARTESIAN_POINT ( 'NONE',  ( 25.59999999999999787, -2.762069023147044167, -6.931785952275177465 ) ) ;
#464 = AXIS2_PLACEMENT_3D ( 'NONE', #1346, #270, #1874 ) ;
#465 = CARTESIAN_POINT ( 'NONE',  ( 32.59999999999999432, 9.000000000000000000, 0.000000000000000000 ) ) ;
#466 = CIRCLE ( 'NONE', #1548, 10.00000000000000178 ) ;
#467 = ORIENTED_EDGE ( 'NONE', *, *, #1186, .T. ) ;
#468 = CARTESIAN_POINT ( 'NONE',  ( 38.59999999999999432, 0.000000000000000000, 0.000000000000000000 ) ) ;
#469 = CARTESIAN_POINT ( 'NONE',  ( 22.59999999999999432, 0.000000000000000000, 0.1499999999999999944 ) ) ;
#470 = ADVANCED_FACE ( 'NONE', ( #1575 ), #2268, .T. ) ;
#471 = ORIENTED_EDGE ( 'NONE', *, *, #781, .T. ) ;
#472 = DIRECTION ( 'NONE',  ( 0.000000000000000000, 0.000000000000000000, 1.000000000000000000 ) ) ;
#473 = DIRECTION ( 'NONE',  ( 0.000000000000000000, 0.000000000000000000, -1.000000000000000000 ) ) ;
#474 = EDGE_LOOP ( 'NONE', ( #2038, #920, #1280, #446 ) ) ;
#475 = DIRECTION ( 'NONE',  ( 0.000000000000000000, 0.000000000000000000, -1.000000000000000000 ) ) ;
#476 = DIRECTION ( 'NONE',  ( 0.000000000000000000, 0.000000000000000000, -1.000000000000000000 ) ) ;
#477 = DIRECTION ( 'NONE',  ( 1.000000000000000000, 0.000000000000000000, 0.000000000000000000 ) ) ;
#478 = EDGE_LOOP ( 'NONE', ( #351, #1214, #440, #849 ) ) ;
#479 = DIRECTION ( 'NONE',  ( 0.000000000000000000, 0.000000000000000000, -1.000000000000000000 ) ) ;
#480 = FACE_OUTER_BOUND ( 'NONE', #2088, .T. ) ;
#481 = ORIENTED_EDGE ( 'NONE', *, *, #2067, .T. ) ;
#482 = DIRECTION ( 'NONE',  ( -1.000000000000000000, -0.000000000000000000, -0.000000000000000000 ) ) ;
#483 = DIRECTION ( 'NONE',  ( 1.000000000000000000, 0.000000000000000000, 0.000000000000000000 ) ) ;
#484 = ORIENTED_EDGE ( 'NONE', *, *, #2082, .T. ) ;
#485 = CARTESIAN_POINT ( 'NONE',  ( 29.59999999999999787, 6.998392672607047338, 0.000000000000000000 ) ) ;
#486 = EDGE_CURVE ( 'NONE', #750, #249, #1759, .T. ) ;
#487 = EDGE_CURVE ( 'NONE', #2169, #255, #1011, .T. ) ;
#488 = DIRECTION ( 'NONE',  ( 0.000000000000000000, 0.000000000000000000, -1.000000000000000000 ) ) ;
#489 = VERTEX_POINT ( 'NONE', #894 ) ;
#490 = CYLINDRICAL_SURFACE ( 'NONE', #1939, 9.000000000000000000 ) ;
#491 = CARTESIAN_POINT ( 'NONE',  ( 36.59999999999999432, -2.762069023147044167, -6.931785952275177465 ) ) ;
#492 = CIRCLE ( 'NONE', #902, 10.00000000000000178 ) ;
#493 = AXIS2_PLACEMENT_3D ( 'NONE', #363, #2107, #1256 ) ;
#494 = CIRCLE ( 'NONE', #1130, 5.000000000000000888 ) ;
#495 = ORIENTED_EDGE ( 'NONE', *, *, #2026, .T. ) ;
#496 = DIRECTION ( 'NONE',  ( 1.000000000000000000, 0.000000000000000000, 0.000000000000000000 ) ) ;
#497 = CARTESIAN_POINT ( 'NONE',  ( 22.59999999999999432, -10.60302848086181804, -13.13818223212012626 ) ) ;
#498 = ORIENTED_EDGE ( 'NONE', *, *, #1876, .T. ) ;
#499 = DIRECTION ( 'NONE',  ( 0.000000000000000000, 7.112366251504907509E-15, -1.000000000000000000 ) ) ;
#500 = AXIS2_PLACEMENT_3D ( 'NONE', #40, #1290, #2124 ) ;
#501 = EDGE_CURVE ( 'NONE', #332, #1452, #1603, .T. ) ;
#502 = ADVANCED_FACE ( 'NONE', ( #210 ), #919, .T. ) ;
#503 = CARTESIAN_POINT ( 'NONE',  ( 37.59999999999999432, -2.762069023147044167, -6.931785952275177465 ) ) ;
#504 = ORIENTED_EDGE ( 'NONE', *, *, #528, .F. ) ;
#505 = DIRECTION ( 'NONE',  ( 0.000000000000000000, 0.000000000000000000, -1.000000000000000000 ) ) ;
#506 = CARTESIAN_POINT ( 'NONE',  ( 24.59999999999999787, -10.60302848086181804, -13.13818223212012626 ) ) ;
#507 = CIRCLE ( 'NONE', #464, 5.000000000000000888 ) ;
#508 = VERTEX_POINT ( 'NONE', #1261 ) ;
#509 = FACE_OUTER_BOUND ( 'NONE', #1136, .T. ) ;
#510 = DIRECTION ( 'NONE',  ( 0.000000000000000000, 0.000000000000000000, -1.000000000000000000 ) ) ;
#511 = ORIENTED_EDGE ( 'NONE', *, *, #2201, .T. ) ;
#512 = CARTESIAN_POINT ( 'NONE',  ( 20.59999999999999787, 0.000000000000000000, 0.000000000000000000 ) ) ;
#513 = EDGE_CURVE ( 'NONE', #1368, #249, #709, .T. ) ;
#514 = ORIENTED_EDGE ( 'NONE', *, *, #188, .F. ) ;
#515 = DIRECTION ( 'NONE',  ( 0.000000000000000000, 0.000000000000000000, -1.000000000000000000 ) ) ;
#516 = EDGE_CURVE ( 'NONE', #592, #917, #649, .T. ) ;
#517 = ADVANCED_FACE ( 'NONE', ( #189 ), #1252, .F. ) ;
#518 = ORIENTED_EDGE ( 'NONE', *, *, #2093, .T. ) ;
#519 = CARTESIAN_POINT ( 'NONE',  ( 19.59999999999999787, 6.998392672607047338, 0.000000000000000000 ) ) ;
#520 = LINE ( 'NONE', #682, #1605 ) ;
#521 = VERTEX_POINT ( 'NONE', #1625 ) ;
#522 = CYLINDRICAL_SURFACE ( 'NONE', #571, 6.049999999999999822 ) ;
#523 = VERTEX_POINT ( 'NONE', #1617 ) ;
#524 = LINE ( 'NONE', #1237, #339 ) ;
#525 = ORIENTED_EDGE ( 'NONE', *, *, #1553, .F. ) ;
#526 = ADVANCED_FACE ( 'NONE', ( #54 ), #1960, .T. ) ;
#527 = VECTOR ( 'NONE', #1328, 1000.000000000000000 ) ;
#528 = EDGE_CURVE ( 'NONE', #131, #657, #234, .T. ) ;
#529 = EDGE_LOOP ( 'NONE', ( #2, #401, #1385, #1668 ) ) ;
#530 = VECTOR ( 'NONE', #1355, 1000.000000000000000 ) ;
#531 = DIRECTION ( 'NONE',  ( 0.000000000000000000, -1.000000000000000000, 0.000000000000000000 ) ) ;
#532 = AXIS2_PLACEMENT_3D ( 'NONE', #1859, #605, #264 ) ;
#533 = LINE ( 'NONE', #1782, #1089 ) ;
#534 = ORIENTED_EDGE ( 'NONE', *, *, #1959, .F. ) ;
#535 = CARTESIAN_POINT ( 'NONE',  ( 41.60000000000000142, -4.365952903884278591, -5.321604448520052877 ) ) ;
#536 = VECTOR ( 'NONE', #560, 1000.000000000000000 ) ;
#537 = AXIS2_PLACEMENT_3D ( 'NONE', #968, #593, #1673 ) ;
#538 = CIRCLE ( 'NONE', #2115, 9.000000000000000000 ) ;
#539 = AXIS2_PLACEMENT_3D ( 'NONE', #178, #1601, #883 ) ;
#540 = CYLINDRICAL_SURFACE ( 'NONE', #1358, 9.000000000000000000 ) ;
#541 = CARTESIAN_POINT ( 'NONE',  ( 32.59999999999999432, 1.158410705710341659, -3.828587812352703956 ) ) ;
#542 = VECTOR ( 'NONE', #794, 1000.000000000000000 ) ;
#543 = ORIENTED_EDGE ( 'NONE', *, *, #406, .T. ) ;
#544 = CARTESIAN_POINT ( 'NONE',  ( 1.500000000000000000, -4.365952903884278591, -5.321604448520052877 ) ) ;
#545 = EDGE_CURVE ( 'NONE', #1106, #917, #740, .T. ) ;
#546 = CARTESIAN_POINT ( 'NONE',  ( 37.59999999999999432, 0.000000000000000000, 0.000000000000000000 ) ) ;
#547 = VERTEX_POINT ( 'NONE', #2156 ) ;
#548 = CARTESIAN_POINT ( 'NONE',  ( 30.59999999999999432, 0.000000000000000000, 0.000000000000000000 ) ) ;
#549 = DIRECTION ( 'NONE',  ( -1.000000000000000000, -0.000000000000000000, -0.000000000000000000 ) ) ;
#550 = ORIENTED_EDGE ( 'NONE', *, *, #139, .F. ) ;
#551 = LINE ( 'NONE', #1263, #1544 ) ;
#552 = CARTESIAN_POINT ( 'NONE',  ( 41.60000000000000142, 0.000000000000000000, 0.000000000000000000 ) ) ;
#553 = ORIENTED_EDGE ( 'NONE', *, *, #753, .T. ) ;
#554 = CARTESIAN_POINT ( 'NONE',  ( 39.59999999999999432, -4.365952903884278591, -5.321604448520052877 ) ) ;
#555 = EDGE_CURVE ( 'NONE', #1338, #508, #1536, .T. ) ;
#556 = EDGE_CURVE ( 'NONE', #433, #700, #538, .T. ) ;
#557 = DIRECTION ( 'NONE',  ( 0.000000000000000000, 0.000000000000000000, -1.000000000000000000 ) ) ;
#558 = ORIENTED_EDGE ( 'NONE', *, *, #366, .F. ) ;
#559 = LINE ( 'NONE', #544, #949 ) ;
#560 = DIRECTION ( 'NONE',  ( 1.000000000000000000, 0.000000000000000000, 0.000000000000000000 ) ) ;
#561 = ORIENTED_EDGE ( 'NONE', *, *, #896, .T. ) ;
#562 = CARTESIAN_POINT ( 'NONE',  ( 24.59999999999999787, 9.000000000000000000, 0.000000000000000000 ) ) ;
#563 = VECTOR ( 'NONE', #1891, 1000.000000000000000 ) ;
#564 = CIRCLE ( 'NONE', #1127, 5.000000000000000888 ) ;
#565 = ORIENTED_EDGE ( 'NONE', *, *, #1245, .F. ) ;
#566 = CARTESIAN_POINT ( 'NONE',  ( 40.59999999999999432, 0.000000000000000000, 0.1499999999999999944 ) ) ;
#567 = AXIS2_PLACEMENT_3D ( 'NONE', #1260, #1967, #877 ) ;
#568 = ADVANCED_FACE ( 'NONE', ( #1085 ), #1095, .F. ) ;
#569 = EDGE_CURVE ( 'NONE', #1567, #216, #938, .T. ) ;
#570 = CYLINDRICAL_SURFACE ( 'NONE', #868, 10.00000000000000000 ) ;
#571 = AXIS2_PLACEMENT_3D ( 'NONE', #187, #312, #1914 ) ;
#572 = CARTESIAN_POINT ( 'NONE',  ( 30.59999999999999432, 1.158410705710341659, -3.828587812352703956 ) ) ;
#573 = ORIENTED_EDGE ( 'NONE', *, *, #331, .T. ) ;
#574 = DIRECTION ( 'NONE',  ( -1.000000000000000000, -0.000000000000000000, -0.000000000000000000 ) ) ;
#575 = AXIS2_PLACEMENT_3D ( 'NONE', #184, #889, #29 ) ;
#576 = DIRECTION ( 'NONE',  ( 0.000000000000000000, 0.000000000000000000, 1.000000000000000000 ) ) ;
#577 = EDGE_LOOP ( 'NONE', ( #811, #1907, #1442, #1234, #2129 ) ) ;
#578 = DIRECTION ( 'NONE',  ( 0.000000000000000000, 0.000000000000000000, -1.000000000000000000 ) ) ;
#579 = ORIENTED_EDGE ( 'NONE', *, *, #1101, .F. ) ;
#580 = CARTESIAN_POINT ( 'NONE',  ( 38.59999999999999432, 0.000000000000000000, 0.000000000000000000 ) ) ;
#581 = CARTESIAN_POINT ( 'NONE',  ( 41.60000000000000142, 0.000000000000000000, 0.1499999999999999944 ) ) ;
#582 = ORIENTED_EDGE ( 'NONE', *, *, #317, .T. ) ;
#583 = FACE_OUTER_BOUND ( 'NONE', #1472, .T. ) ;
#584 = DIRECTION ( 'NONE',  ( 1.000000000000000000, 0.000000000000000000, 0.000000000000000000 ) ) ;
#585 = EDGE_CURVE ( 'NONE', #1925, #422, #305, .T. ) ;
#586 = EDGE_CURVE ( 'NONE', #1872, #2063, #53, .T. ) ;
#587 = EDGE_LOOP ( 'NONE', ( #1231, #972, #1298, #311 ) ) ;
#588 = DIRECTION ( 'NONE',  ( 1.000000000000000000, 0.000000000000000000, 0.000000000000000000 ) ) ;
#589 = ORIENTED_EDGE ( 'NONE', *, *, #407, .F. ) ;
#590 = DIRECTION ( 'NONE',  ( 0.000000000000000000, 0.000000000000000000, -1.000000000000000000 ) ) ;
#591 = FACE_OUTER_BOUND ( 'NONE', #1003, .T. ) ;
#592 = VERTEX_POINT ( 'NONE', #1238 ) ;
#593 = DIRECTION ( 'NONE',  ( -1.000000000000000000, -0.000000000000000000, -0.000000000000000000 ) ) ;
#594 = CARTESIAN_POINT ( 'NONE',  ( 18.59999999999999787, 0.000000000000000000, 0.000000000000000000 ) ) ;
#595 = ADVANCED_FACE ( 'NONE', ( #1070 ), #909, .T. ) ;
#596 = ORIENTED_EDGE ( 'NONE', *, *, #856, .T. ) ;
#597 = UNCERTAINTY_MEASURE_WITH_UNIT (LENGTH_MEASURE( 1.000000000000000082E-05 ), #1036, 'distance_accuracy_value', 'NONE');
#598 = CYLINDRICAL_SURFACE ( 'NONE', #1353, 5.000000000000000000 ) ;
#599 = ORIENTED_EDGE ( 'NONE', *, *, #844, .F. ) ;
#600 = VECTOR ( 'NONE', #1818, 1000.000000000000000 ) ;
#601 = DIRECTION ( 'NONE',  ( -1.000000000000000000, -0.000000000000000000, -0.000000000000000000 ) ) ;
#602 = CIRCLE ( 'NONE', #449, 9.000000000000000000 ) ;
#603 = VECTOR ( 'NONE', #632, 1000.000000000000000 ) ;
#604 = LINE ( 'NONE', #1317, #1421 ) ;
#605 = DIRECTION ( 'NONE',  ( -1.000000000000000000, -0.000000000000000000, -0.000000000000000000 ) ) ;
#606 = AXIS2_PLACEMENT_3D ( 'NONE', #1409, #1025, #510 ) ;
#607 = AXIS2_PLACEMENT_3D ( 'NONE', #2205, #1345, #1172 ) ;
#608 = AXIS2_PLACEMENT_3D ( 'NONE', #175, #482, #2106 ) ;
#609 = VERTEX_POINT ( 'NONE', #945 ) ;
#610 = VECTOR ( 'NONE', #1009, 1000.000000000000000 ) ;
#611 = DIRECTION ( 'NONE',  ( 1.000000000000000000, 0.000000000000000000, 0.000000000000000000 ) ) ;
#612 = CARTESIAN_POINT ( 'NONE',  ( 36.59999999999999432, 1.158410705710341659, -3.828587812352703956 ) ) ;
#613 = VERTEX_POINT ( 'NONE', #2190 ) ;
#614 = ADVANCED_FACE ( 'NONE', ( #245 ), #956, .T. ) ;
#615 = DIRECTION ( 'NONE',  ( -1.000000000000000000, -0.000000000000000000, -0.000000000000000000 ) ) ;
#616 = ORIENTED_EDGE ( 'NONE', *, *, #1311, .T. ) ;
#617 = DIRECTION ( 'NONE',  ( -1.000000000000000000, -0.000000000000000000, -0.000000000000000000 ) ) ;
#618 = VECTOR ( 'NONE', #496, 1000.000000000000000 ) ;
#619 = EDGE_CURVE ( 'NONE', #1046, #1452, #992, .T. ) ;
#620 = DIRECTION ( 'NONE',  ( 0.000000000000000000, 0.000000000000000000, -1.000000000000000000 ) ) ;
#621 = CARTESIAN_POINT ( 'NONE',  ( 41.60000000000000142, 6.049999999999999822, 0.000000000000000000 ) ) ;
#622 = ORIENTED_EDGE ( 'NONE', *, *, #1311, .F. ) ;
#623 = CARTESIAN_POINT ( 'NONE',  ( 38.59999999999999432, 9.000000000000000000, 0.000000000000000000 ) ) ;
#624 = CARTESIAN_POINT ( 'NONE',  ( 24.59999999999999787, 1.158410705710341659, -3.828587812352703956 ) ) ;
#625 = ORIENTED_EDGE ( 'NONE', *, *, #619, .F. ) ;
#626 = DIRECTION ( 'NONE',  ( -1.000000000000000000, -0.000000000000000000, -0.000000000000000000 ) ) ;
#627 = ORIENTED_EDGE ( 'NONE', *, *, #1833, .F. ) ;
#628 = DIRECTION ( 'NONE',  ( 0.000000000000000000, -1.000000000000000000, 0.000000000000000000 ) ) ;
#629 = DIRECTION ( 'NONE',  ( 1.000000000000000000, 0.000000000000000000, 0.000000000000000000 ) ) ;
#630 = EDGE_CURVE ( 'NONE', #917, #816, #1271, .T. ) ;
#631 = EDGE_CURVE ( 'NONE', #2063, #99, #966, .T. ) ;
#632 = DIRECTION ( 'NONE',  ( 1.000000000000000000, 0.000000000000000000, 0.000000000000000000 ) ) ;
#633 = ORIENTED_EDGE ( 'NONE', *, *, #778, .F. ) ;
#634 = CARTESIAN_POINT ( 'NONE',  ( 40.59999999999999432, -2.762069023147044167, -6.931785952275177465 ) ) ;
#635 = DIRECTION ( 'NONE',  ( 0.000000000000000000, 0.000000000000000000, -1.000000000000000000 ) ) ;
#636 = VERTEX_POINT ( 'NONE', #1670 ) ;
#637 = CARTESIAN_POINT ( 'NONE',  ( 20.59999999999999787, -10.60302848086181804, -13.13818223212012626 ) ) ;
#638 = ORIENTED_EDGE ( 'NONE', *, *, #1649, .T. ) ;
#639 = CARTESIAN_POINT ( 'NONE',  ( 25.59999999999999787, 1.158410705710341659, -3.828587812352703956 ) ) ;
#640 = DIRECTION ( 'NONE',  ( 0.000000000000000000, 7.112366251504907509E-15, -1.000000000000000000 ) ) ;
#641 = DIRECTION ( 'NONE',  ( 1.000000000000000000, 0.000000000000000000, 0.000000000000000000 ) ) ;
#642 = CIRCLE ( 'NONE', #1239, 5.000000000000000888 ) ;
#643 = EDGE_CURVE ( 'NONE', #31, #10, #76, .T. ) ;
#644 = ORIENTED_EDGE ( 'NONE', *, *, #1186, .F. ) ;
#645 = VECTOR ( 'NONE', #1458, 1000.000000000000000 ) ;
#646 = DIRECTION ( 'NONE',  ( -1.000000000000000000, -0.000000000000000000, -0.000000000000000000 ) ) ;
#647 = DIRECTION ( 'NONE',  ( 0.000000000000000000, 0.000000000000000000, 1.000000000000000000 ) ) ;
#648 = AXIS2_PLACEMENT_3D ( 'NONE', #1543, #1738, #1923 ) ;
#649 = CIRCLE ( 'NONE', #2218, 7.000000000000000888 ) ;
#650 = ORIENTED_EDGE ( 'NONE', *, *, #214, .T. ) ;
#651 = AXIS2_PLACEMENT_3D ( 'NONE', #1558, #1926, #499 ) ;
#652 = LINE ( 'NONE', #997, #55 ) ;
#653 = VERTEX_POINT ( 'NONE', #1342 ) ;
#654 = DIRECTION ( 'NONE',  ( 1.000000000000000000, 0.000000000000000000, 0.000000000000000000 ) ) ;
#655 = AXIS2_PLACEMENT_3D ( 'NONE', #612, #1479, #635 ) ;
#656 = DIRECTION ( 'NONE',  ( 0.000000000000000000, 0.000000000000000000, -1.000000000000000000 ) ) ;
#657 = VERTEX_POINT ( 'NONE', #2035 ) ;
#658 = CARTESIAN_POINT ( 'NONE',  ( 27.59999999999999787, 9.000000000000000000, 0.000000000000000000 ) ) ;
#659 = CARTESIAN_POINT ( 'NONE',  ( 31.59999999999999787, 0.000000000000000000, 0.000000000000000000 ) ) ;
#660 = ADVANCED_FACE ( 'NONE', ( #1697 ), #426, .F. ) ;
#661 = ORIENTED_EDGE ( 'NONE', *, *, #1125, .T. ) ;
#662 = DIRECTION ( 'NONE',  ( 0.000000000000000000, 0.000000000000000000, -1.000000000000000000 ) ) ;
#663 = VERTEX_POINT ( 'NONE', #88 ) ;
#664 = DIRECTION ( 'NONE',  ( 1.000000000000000000, 0.000000000000000000, 0.000000000000000000 ) ) ;
#665 = DIRECTION ( 'NONE',  ( 1.000000000000000000, 0.000000000000000000, 0.000000000000000000 ) ) ;
#666 = ORIENTED_EDGE ( 'NONE', *, *, #1295, .F. ) ;
#667 = DIRECTION ( 'NONE',  ( 1.000000000000000000, 0.000000000000000000, 0.000000000000000000 ) ) ;
#668 = LINE ( 'NONE', #1384, #1979 ) ;
#669 = ORIENTED_EDGE ( 'NONE', *, *, #317, .F. ) ;
#670 = DIRECTION ( 'NONE',  ( 1.000000000000000000, 0.000000000000000000, 0.000000000000000000 ) ) ;
#671 = ADVANCED_FACE ( 'NONE', ( #1835 ), #450, .F. ) ;
#672 = DIRECTION ( 'NONE',  ( 0.000000000000000000, 0.000000000000000000, 1.000000000000000000 ) ) ;
#673 = ORIENTED_EDGE ( 'NONE', *, *, #1217, .T. ) ;
#674 = LINE ( 'NONE', #1389, #1021 ) ;
#675 = LINE ( 'NONE', #299, #1424 ) ;
#676 = ORIENTED_EDGE ( 'NONE', *, *, #1426, .T. ) ;
#677 = LINE ( 'NONE', #1396, #1829 ) ;
#678 = AXIS2_PLACEMENT_3D ( 'NONE', #2239, #665, #656 ) ;
#679 = CIRCLE ( 'NONE', #749, 5.000000000000000888 ) ;
#680 = ORIENTED_EDGE ( 'NONE', *, *, #710, .F. ) ;
#681 = CARTESIAN_POINT ( 'NONE',  ( 41.60000000000000142, 0.000000000000000000, 0.1499999999999999944 ) ) ;
#682 = CARTESIAN_POINT ( 'NONE',  ( 18.59999999999999787, -2.762069023147042390, -6.931785952275175688 ) ) ;
#683 = VERTEX_POINT ( 'NONE', #790 ) ;
#684 = LINE ( 'NONE', #1582, #1171 ) ;
#685 = CIRCLE ( 'NONE', #872, 7.000000000000000888 ) ;
#686 = ADVANCED_FACE ( 'NONE', ( #804 ), #1871, .T. ) ;
#687 = EDGE_CURVE ( 'NONE', #653, #683, #114, .T. ) ;
#688 = ADVANCED_FACE ( 'NONE', ( #1847 ), #1521, .T. ) ;
#689 = PLANE ( 'NONE',  #678 ) ;
#690 = AXIS2_PLACEMENT_3D ( 'NONE', #780, #1120, #79 ) ;
#691 = ORIENTED_EDGE ( 'NONE', *, *, #1030, .T. ) ;
#692 = CYLINDRICAL_SURFACE ( 'NONE', #1052, 9.000000000000000000 ) ;
#693 = FACE_OUTER_BOUND ( 'NONE', #1160, .T. ) ;
#694 = VERTEX_POINT ( 'NONE', #621 ) ;
#695 = LINE ( 'NONE', #2076, #618 ) ;
#696 = DIRECTION ( 'NONE',  ( 0.000000000000000000, 0.000000000000000000, -1.000000000000000000 ) ) ;
#697 = ORIENTED_EDGE ( 'NONE', *, *, #739, .F. ) ;
#698 = CARTESIAN_POINT ( 'NONE',  ( 41.60000000000000142, 0.000000000000000000, -6.049999999999999822 ) ) ;
#699 = EDGE_CURVE ( 'NONE', #399, #1359, #1989, .T. ) ;
#700 = VERTEX_POINT ( 'NONE', #1144 ) ;
#701 = DIRECTION ( 'NONE',  ( 0.000000000000000000, 0.000000000000000000, 1.000000000000000000 ) ) ;
#702 = ORIENTED_EDGE ( 'NONE', *, *, #1745, .F. ) ;
#703 = ORIENTED_EDGE ( 'NONE', *, *, #528, .T. ) ;
#704 = FACE_OUTER_BOUND ( 'NONE', #290, .T. ) ;
#705 = EDGE_LOOP ( 'NONE', ( #276, #742, #1145, #761, #1869 ) ) ;
#706 = CYLINDRICAL_SURFACE ( 'NONE', #755, 10.00000000000000000 ) ;
#707 = VERTEX_POINT ( 'NONE', #437 ) ;
#708 = CARTESIAN_POINT ( 'NONE',  ( 30.59999999999999432, -10.60302848086181804, -13.13818223212012626 ) ) ;
#709 = LINE ( 'NONE', #722, #1169 ) ;
#710 = EDGE_CURVE ( 'NONE', #1497, #2163, #1117, .T. ) ;
#711 = AXIS2_PLACEMENT_3D ( 'NONE', #977, #965, #991 ) ;
#712 = CIRCLE ( 'NONE', #567, 6.049999999999999822 ) ;
#713 = ORIENTED_EDGE ( 'NONE', *, *, #1391, .F. ) ;
#714 = PLANE ( 'NONE',  #575 ) ;
#715 = AXIS2_PLACEMENT_3D ( 'NONE', #1191, #2062, #1732 ) ;
#716 = DIRECTION ( 'NONE',  ( 1.000000000000000000, 0.000000000000000000, 0.000000000000000000 ) ) ;
#717 = VERTEX_POINT ( 'NONE', #765 ) ;
#718 = CARTESIAN_POINT ( 'NONE',  ( 32.59999999999999432, 2.606424087848269178, -8.614322577793585012 ) ) ;
#719 = AXIS2_PLACEMENT_3D ( 'NONE', #1150, #2223, #1350 ) ;
#720 = AXIS2_PLACEMENT_3D ( 'NONE', #1741, #1766, #1199 ) ;
#721 = DIRECTION ( 'NONE',  ( 0.000000000000000000, 0.000000000000000000, -1.000000000000000000 ) ) ;
#722 = CARTESIAN_POINT ( 'NONE',  ( -0.002000000000002000178, -6.049999999999998934, 0.000000000000000000 ) ) ;
#723 = AXIS2_PLACEMENT_3D ( 'NONE', #1305, #442, #647 ) ;
#724 = VERTEX_POINT ( 'NONE', #2164 ) ;
#725 = DIRECTION ( 'NONE',  ( 0.000000000000000000, -1.000000000000000000, 0.000000000000000000 ) ) ;
#726 = VECTOR ( 'NONE', #1674, 1000.000000000000000 ) ;
#727 = ADVANCED_FACE ( 'NONE', ( #591 ), #253, .F. ) ;
#728 = ADVANCED_FACE ( 'NONE', ( #1131 ), #689, .F. ) ;
#729 = DIRECTION ( 'NONE',  ( 1.000000000000000000, 0.000000000000000000, 0.000000000000000000 ) ) ;
#730 = ORIENTED_EDGE ( 'NONE', *, *, #1584, .T. ) ;
#731 = LINE ( 'NONE', #562, #377 ) ;
#732 = DIRECTION ( 'NONE',  ( 1.000000000000000000, 0.000000000000000000, 0.000000000000000000 ) ) ;
#733 = EDGE_LOOP ( 'NONE', ( #2171, #1064, #121, #281, #1892 ) ) ;
#734 = ORIENTED_EDGE ( 'NONE', *, *, #2157, .T. ) ;
#735 = CARTESIAN_POINT ( 'NONE',  ( 29.59999999999999787, -2.762069023147044167, -6.931785952275177465 ) ) ;
#736 = CARTESIAN_POINT ( 'NONE',  ( 1.500000000000000000, -4.365952903884278591, -5.321604448520052877 ) ) ;
#737 = ORIENTED_EDGE ( 'NONE', *, *, #1767, .F. ) ;
#738 = CARTESIAN_POINT ( 'NONE',  ( 25.59999999999999787, 9.000000000000000000, 0.000000000000000000 ) ) ;
#739 = EDGE_CURVE ( 'NONE', #683, #1427, #265, .T. ) ;
#740 = LINE ( 'NONE', #34, #448 ) ;
#741 = ORIENTED_EDGE ( 'NONE', *, *, #153, .T. ) ;
#742 = ORIENTED_EDGE ( 'NONE', *, *, #37, .T. ) ;
#743 = CARTESIAN_POINT ( 'NONE',  ( 30.59999999999999432, 9.000000000000000000, 0.000000000000000000 ) ) ;
#744 = CIRCLE ( 'NONE', #2041, 5.000000000000000888 ) ;
#745 = CARTESIAN_POINT ( 'NONE',  ( 18.59999999999999787, 2.606424087848269178, -8.614322577793585012 ) ) ;
#746 = ORIENTED_EDGE ( 'NONE', *, *, #1736, .T. ) ;
#747 = CARTESIAN_POINT ( 'NONE',  ( 21.59999999999999787, 0.000000000000000000, 0.000000000000000000 ) ) ;
#748 = AXIS2_PLACEMENT_3D ( 'NONE', #581, #1500, #1293 ) ;
#749 = AXIS2_PLACEMENT_3D ( 'NONE', #837, #334, #1566 ) ;
#750 = VERTEX_POINT ( 'NONE', #851 ) ;
#751 = CARTESIAN_POINT ( 'NONE',  ( 28.59999999999999787, 2.606424087848269178, -8.614322577793585012 ) ) ;
#752 = CIRCLE ( 'NONE', #1129, 7.000000000000000888 ) ;
#753 = EDGE_CURVE ( 'NONE', #2240, #1379, #675, .T. ) ;
#754 = EDGE_CURVE ( 'NONE', #653, #332, #1381, .T. ) ;
#755 = AXIS2_PLACEMENT_3D ( 'NONE', #1776, #1592, #1935 ) ;
#756 = DIRECTION ( 'NONE',  ( 1.000000000000000000, 0.000000000000000000, 0.000000000000000000 ) ) ;
#757 = ORIENTED_EDGE ( 'NONE', *, *, #2120, .T. ) ;
#758 = DIRECTION ( 'NONE',  ( 0.000000000000000000, 0.000000000000000000, -1.000000000000000000 ) ) ;
#759 = CARTESIAN_POINT ( 'NONE',  ( 28.59999999999999787, 0.000000000000000000, 0.000000000000000000 ) ) ;
#760 = CIRCLE ( 'NONE', #1098, 10.00000000000000178 ) ;
#761 = ORIENTED_EDGE ( 'NONE', *, *, #2056, .T. ) ;
#762 = DIRECTION ( 'NONE',  ( 1.000000000000000000, -0.000000000000000000, -0.000000000000000000 ) ) ;
#763 = VERTEX_POINT ( 'NONE', #159 ) ;
#764 = CARTESIAN_POINT ( 'NONE',  ( 40.59999999999999432, 9.000000000000000000, 0.000000000000000000 ) ) ;
#765 = CARTESIAN_POINT ( 'NONE',  ( 23.59999999999999432, 6.998392672607047338, 0.000000000000000000 ) ) ;
#766 = PRODUCT_DEFINITION ( 'UNKNOWN', '', #1579, #388 ) ;
#767 = EDGE_CURVE ( 'NONE', #1799, #1994, #492, .T. ) ;
#768 = ORIENTED_EDGE ( 'NONE', *, *, #1001, .T. ) ;
#769 = DIRECTION ( 'NONE',  ( 0.000000000000000000, 0.000000000000000000, -1.000000000000000000 ) ) ;
#770 = DIRECTION ( 'NONE',  ( 0.000000000000000000, 0.000000000000000000, 1.000000000000000000 ) ) ;
#771 = ORIENTED_EDGE ( 'NONE', *, *, #27, .F. ) ;
#772 = CYLINDRICAL_SURFACE ( 'NONE', #2081, 9.000000000000000000 ) ;
#773 = ORIENTED_EDGE ( 'NONE', *, *, #754, .F. ) ;
#774 = CARTESIAN_POINT ( 'NONE',  ( 35.60000000000000142, 0.000000000000000000, 0.000000000000000000 ) ) ;
#775 = LINE ( 'NONE', #1484, #304 ) ;
#776 = CARTESIAN_POINT ( 'NONE',  ( 40.59999999999999432, -10.60302848086181804, -13.13818223212012626 ) ) ;
#777 = ORIENTED_EDGE ( 'NONE', *, *, #1217, .F. ) ;
#778 = EDGE_CURVE ( 'NONE', #2007, #1379, #2177, .T. ) ;
#779 = DIRECTION ( 'NONE',  ( -1.000000000000000000, -0.000000000000000000, -0.000000000000000000 ) ) ;
#780 = CARTESIAN_POINT ( 'NONE',  ( 23.59999999999999432, 0.000000000000000000, 0.000000000000000000 ) ) ;
#781 = EDGE_CURVE ( 'NONE', #1008, #99, #374, .T. ) ;
#782 = ORIENTED_EDGE ( 'NONE', *, *, #94, .T. ) ;
#783 = CARTESIAN_POINT ( 'NONE',  ( 34.60000000000000142, 9.000000000000000000, 0.000000000000000000 ) ) ;
#784 = CARTESIAN_POINT ( 'NONE',  ( 36.59999999999999432, 0.000000000000000000, 0.000000000000000000 ) ) ;
#785 = ORIENTED_EDGE ( 'NONE', *, *, #1096, .F. ) ;
#786 = DIRECTION ( 'NONE',  ( 1.000000000000000000, 0.000000000000000000, 0.000000000000000000 ) ) ;
#787 = AXIS2_PLACEMENT_3D ( 'NONE', #1181, #1371, #1570 ) ;
#788 = CARTESIAN_POINT ( 'NONE',  ( 22.59999999999999432, -4.365952903884279479, -5.321604448520053765 ) ) ;
#789 = CIRCLE ( 'NONE', #1969, 5.000000000000000888 ) ;
#790 = CARTESIAN_POINT ( 'NONE',  ( 26.59999999999999787, 6.998392672607047338, 0.000000000000000000 ) ) ;
#791 = ORIENTED_EDGE ( 'NONE', *, *, #358, .F. ) ;
#792 = AXIS2_PLACEMENT_3D ( 'NONE', #1493, #444, #109 ) ;
#793 = CARTESIAN_POINT ( 'NONE',  ( 34.60000000000000142, -10.60302848086181804, -13.13818223212012626 ) ) ;
#794 = DIRECTION ( 'NONE',  ( -1.000000000000000000, -0.000000000000000000, -0.000000000000000000 ) ) ;
#795 = ORIENTED_EDGE ( 'NONE', *, *, #1904, .F. ) ;
#796 = EDGE_CURVE ( 'NONE', #1104, #1849, #1165, .T. ) ;
#797 = EDGE_CURVE ( 'NONE', #1508, #433, #164, .T. ) ;
#798 = FACE_OUTER_BOUND ( 'NONE', #1192, .T. ) ;
#799 = EDGE_LOOP ( 'NONE', ( #1454, #1608, #8, #680 ) ) ;
#800 = LINE ( 'NONE', #137, #610 ) ;
#801 = CIRCLE ( 'NONE', #1951, 10.00000000000000178 ) ;
#802 = CARTESIAN_POINT ( 'NONE',  ( 30.59999999999999432, -2.762069023147044167, -6.931785952275177465 ) ) ;
#803 = CARTESIAN_POINT ( 'NONE',  ( 40.59999999999999432, 0.000000000000000000, 0.000000000000000000 ) ) ;
#804 = FACE_OUTER_BOUND ( 'NONE', #1722, .T. ) ;
#805 = EDGE_LOOP ( 'NONE', ( #2105, #741, #461, #157 ) ) ;
#806 = DIRECTION ( 'NONE',  ( 1.000000000000000000, 0.000000000000000000, 0.000000000000000000 ) ) ;
#807 = CARTESIAN_POINT ( 'NONE',  ( 30.59999999999999432, 9.000000000000000000, 0.000000000000000000 ) ) ;
#808 = ORIENTED_EDGE ( 'NONE', *, *, #2025, .T. ) ;
#809 = CARTESIAN_POINT ( 'NONE',  ( 25.59999999999999787, -10.60302848086181804, -13.13818223212012626 ) ) ;
#810 = CARTESIAN_POINT ( 'NONE',  ( 19.59999999999999787, 0.000000000000000000, 0.000000000000000000 ) ) ;
#811 = ORIENTED_EDGE ( 'NONE', *, *, #1327, .F. ) ;
#812 = DIRECTION ( 'NONE',  ( 1.000000000000000000, 0.000000000000000000, 0.000000000000000000 ) ) ;
#813 = ADVANCED_FACE ( 'NONE', ( #2228 ), #2085, .T. ) ;
#814 = LINE ( 'NONE', #803, #530 ) ;
#815 = CARTESIAN_POINT ( 'NONE',  ( 26.59999999999999787, 0.000000000000000000, 0.000000000000000000 ) ) ;
#816 = VERTEX_POINT ( 'NONE', #503 ) ;
#817 = CARTESIAN_POINT ( 'NONE',  ( 41.60000000000000142, 0.000000000000000000, 0.000000000000000000 ) ) ;
#818 = LINE ( 'NONE', #2019, #911 ) ;
#819 = VERTEX_POINT ( 'NONE', #465 ) ;
#820 = CARTESIAN_POINT ( 'NONE',  ( 41.60000000000000142, 0.000000000000000000, 0.000000000000000000 ) ) ;
#821 = ORIENTED_EDGE ( 'NONE', *, *, #66, .T. ) ;
#822 = CARTESIAN_POINT ( 'NONE',  ( 36.59999999999999432, 1.158410705710341659, -3.828587812352703956 ) ) ;
#823 = CIRCLE ( 'NONE', #1121, 10.00000000000000178 ) ;
#824 = DIRECTION ( 'NONE',  ( 0.000000000000000000, 0.000000000000000000, -1.000000000000000000 ) ) ;
#825 = VECTOR ( 'NONE', #1711, 1000.000000000000000 ) ;
#826 = CARTESIAN_POINT ( 'NONE',  ( 20.59999999999999787, -2.762069023147042390, -6.931785952275175688 ) ) ;
#827 = AXIS2_PLACEMENT_3D ( 'NONE', #1302, #1999, #413 ) ;
#828 = ADVANCED_FACE ( 'NONE', ( #314 ), #1203, .T. ) ;
#829 = ORIENTED_EDGE ( 'NONE', *, *, #254, .F. ) ;
#830 = VECTOR ( 'NONE', #110, 1000.000000000000000 ) ;
#831 = CARTESIAN_POINT ( 'NONE',  ( 40.59999999999999432, 2.606424087848269178, -8.614322577793585012 ) ) ;
#832 = DIRECTION ( 'NONE',  ( 0.000000000000000000, 0.000000000000000000, -1.000000000000000000 ) ) ;
#833 = AXIS2_PLACEMENT_3D ( 'NONE', #774, #1464, #87 ) ;
#834 = VERTEX_POINT ( 'NONE', #1002 ) ;
#835 = FACE_OUTER_BOUND ( 'NONE', #1091, .T. ) ;
#836 = AXIS2_PLACEMENT_3D ( 'NONE', #809, #1853, #1703 ) ;
#837 = CARTESIAN_POINT ( 'NONE',  ( 37.59999999999999432, 1.158410705710341659, -3.828587812352703956 ) ) ;
#838 = VERTEX_POINT ( 'NONE', #1720 ) ;
#839 = CARTESIAN_POINT ( 'NONE',  ( 1.500000000000000000, -4.365952903884278591, -5.321604448520052877 ) ) ;
#840 = DIRECTION ( 'NONE',  ( 0.000000000000000000, 0.000000000000000000, -1.000000000000000000 ) ) ;
#841 = ORIENTED_EDGE ( 'NONE', *, *, #1259, .F. ) ;
#842 = DIRECTION ( 'NONE',  ( 1.000000000000000000, 0.000000000000000000, 0.000000000000000000 ) ) ;
#843 = DIRECTION ( 'NONE',  ( 1.000000000000000000, 0.000000000000000000, 0.000000000000000000 ) ) ;
#844 = EDGE_CURVE ( 'NONE', #663, #1737, #899, .T. ) ;
#845 = EDGE_CURVE ( 'NONE', #1265, #1182, #1040, .T. ) ;
#846 = ORIENTED_EDGE ( 'NONE', *, *, #1490, .T. ) ;
#847 = PLANE ( 'NONE',  #648 ) ;
#848 = DIRECTION ( 'NONE',  ( -1.000000000000000000, -0.000000000000000000, -0.000000000000000000 ) ) ;
#849 = ORIENTED_EDGE ( 'NONE', *, *, #545, .F. ) ;
#850 = DIRECTION ( 'NONE',  ( 0.000000000000000000, -1.000000000000000000, 0.000000000000000000 ) ) ;
#851 = CARTESIAN_POINT ( 'NONE',  ( 13.59999999999999787, -6.998392672607046450, 0.000000000000000000 ) ) ;
#852 = ORIENTED_EDGE ( 'NONE', *, *, #2262, .F. ) ;
#853 = DIRECTION ( 'NONE',  ( 1.000000000000000000, 0.000000000000000000, 0.000000000000000000 ) ) ;
#854 = EDGE_CURVE ( 'NONE', #1743, #1630, #1453, .T. ) ;
#855 = ORIENTED_EDGE ( 'NONE', *, *, #1413, .T. ) ;
#856 = EDGE_CURVE ( 'NONE', #1415, #694, #1549, .T. ) ;
#857 = EDGE_CURVE ( 'NONE', #523, #2007, #451, .T. ) ;
#858 = PLANE ( 'NONE',  #1017 ) ;
#859 = ORIENTED_EDGE ( 'NONE', *, *, #1391, .T. ) ;
#860 = DIRECTION ( 'NONE',  ( 0.000000000000000000, 0.000000000000000000, -1.000000000000000000 ) ) ;
#861 = CARTESIAN_POINT ( 'NONE',  ( 26.59999999999999787, 9.000000000000000000, 0.000000000000000000 ) ) ;
#862 = ORIENTED_EDGE ( 'NONE', *, *, #1509, .T. ) ;
#863 = CARTESIAN_POINT ( 'NONE',  ( 19.59999999999999787, -2.762069023147044167, -6.931785952275177465 ) ) ;
#864 = CIRCLE ( 'NONE', #230, 7.000000000000000888 ) ;
#865 = AXIS2_PLACEMENT_3D ( 'NONE', #1948, #1975, #1073 ) ;
#866 = ORIENTED_EDGE ( 'NONE', *, *, #1621, .F. ) ;
#867 = LINE ( 'NONE', #2255, #2009 ) ;
#868 = AXIS2_PLACEMENT_3D ( 'NONE', #1281, #390, #701 ) ;
#869 = DIRECTION ( 'NONE',  ( -1.000000000000000000, -0.000000000000000000, -0.000000000000000000 ) ) ;
#870 = EDGE_LOOP ( 'NONE', ( #2236, #1082, #18, #1832, #177 ) ) ;
#871 = DIRECTION ( 'NONE',  ( -1.000000000000000000, -0.000000000000000000, -0.000000000000000000 ) ) ;
#872 = AXIS2_PLACEMENT_3D ( 'NONE', #1326, #1888, #462 ) ;
#873 = ADVANCED_FACE ( 'NONE', ( #2032 ), #598, .T. ) ;
#874 = EDGE_CURVE ( 'NONE', #1497, #1427, #341, .T. ) ;
#875 = AXIS2_PLACEMENT_3D ( 'NONE', #1727, #1578, #1563 ) ;
#876 = EDGE_LOOP ( 'NONE', ( #1809, #190, #579, #1981 ) ) ;
#877 = DIRECTION ( 'NONE',  ( 0.000000000000000000, 0.000000000000000000, 1.000000000000000000 ) ) ;
#878 = CARTESIAN_POINT ( 'NONE',  ( 13.59999999999999787, -0.000000000000000000, 0.000000000000000000 ) ) ;
#879 = EDGE_LOOP ( 'NONE', ( #225, #866, #2113, #1780 ) ) ;
#880 = ORIENTED_EDGE ( 'NONE', *, *, #1436, .F. ) ;
#881 = CARTESIAN_POINT ( 'NONE',  ( 18.59999999999999787, 2.606424087848269178, -8.614322577793585012 ) ) ;
#882 = VERTEX_POINT ( 'NONE', #1842 ) ;
#883 = DIRECTION ( 'NONE',  ( 0.000000000000000000, 0.000000000000000000, -1.000000000000000000 ) ) ;
#884 = ADVANCED_FACE ( 'NONE', ( #1530 ), #952, .T. ) ;
#885 = ORIENTED_EDGE ( 'NONE', *, *, #271, .F. ) ;
#886 = CARTESIAN_POINT ( 'NONE',  ( 28.59999999999999787, 0.000000000000000000, 0.000000000000000000 ) ) ;
#887 = ORIENTED_EDGE ( 'NONE', *, *, #585, .T. ) ;
#888 = EDGE_LOOP ( 'NONE', ( #880, #931, #1623, #1122 ) ) ;
#889 = DIRECTION ( 'NONE',  ( 1.000000000000000000, 0.000000000000000000, 0.000000000000000000 ) ) ;
#890 = DIRECTION ( 'NONE',  ( -1.000000000000000000, -0.000000000000000000, -0.000000000000000000 ) ) ;
#891 = ORIENTED_EDGE ( 'NONE', *, *, #1363, .T. ) ;
#892 = CARTESIAN_POINT ( 'NONE',  ( 33.60000000000000142, -4.365952903884278591, -5.321604448520052877 ) ) ;
#893 = DIRECTION ( 'NONE',  ( 1.000000000000000000, 0.000000000000000000, 0.000000000000000000 ) ) ;
#894 = CARTESIAN_POINT ( 'NONE',  ( 22.59999999999999432, -2.762069023147044167, -6.931785952275177465 ) ) ;
#895 = EDGE_CURVE ( 'NONE', #10, #592, #408, .T. ) ;
#896 = EDGE_CURVE ( 'NONE', #838, #1497, #642, .T. ) ;
#897 = AXIS2_PLACEMENT_3D ( 'NONE', #435, #2034, #620 ) ;
#898 = ORIENTED_EDGE ( 'NONE', *, *, #971, .T. ) ;
#899 = CIRCLE ( 'NONE', #1864, 9.000000000000000000 ) ;
#900 = ORIENTED_EDGE ( 'NONE', *, *, #569, .F. ) ;
#901 = DIRECTION ( 'NONE',  ( 1.000000000000000000, 0.000000000000000000, 0.000000000000000000 ) ) ;
#902 = AXIS2_PLACEMENT_3D ( 'NONE', #1535, #641, #1014 ) ;
#903 = CYLINDRICAL_SURFACE ( 'NONE', #57, 9.000000000000000000 ) ;
#904 = ORIENTED_EDGE ( 'NONE', *, *, #2214, .F. ) ;
#905 = DIRECTION ( 'NONE',  ( 1.000000000000000000, 0.000000000000000000, 0.000000000000000000 ) ) ;
#906 = AXIS2_PLACEMENT_3D ( 'NONE', #1898, #310, #2078 ) ;
#907 = AXIS2_PLACEMENT_3D ( 'NONE', #468, #2052, #1540 ) ;
#908 = AXIS2_PLACEMENT_3D ( 'NONE', #1248, #357, #327 ) ;
#909 = CYLINDRICAL_SURFACE ( 'NONE', #1489, 9.000000000000000000 ) ;
#910 = ORIENTED_EDGE ( 'NONE', *, *, #139, .T. ) ;
#911 = VECTOR ( 'NONE', #2004, 1000.000000000000000 ) ;
#912 = EDGE_CURVE ( 'NONE', #131, #1508, #1495, .T. ) ;
#913 = ORIENTED_EDGE ( 'NONE', *, *, #1245, .T. ) ;
#914 = LINE ( 'NONE', #2135, #353 ) ;
#915 = AXIS2_PLACEMENT_3D ( 'NONE', #237, #2206, #948 ) ;
#916 = LINE ( 'NONE', #736, #2144 ) ;
#917 = VERTEX_POINT ( 'NONE', #120 ) ;
#918 = DIRECTION ( 'NONE',  ( -1.000000000000000000, -0.000000000000000000, -0.000000000000000000 ) ) ;
#919 = CYLINDRICAL_SURFACE ( 'NONE', #2146, 5.000000000000000000 ) ;
#920 = ORIENTED_EDGE ( 'NONE', *, *, #1745, .T. ) ;
#921 = DIRECTION ( 'NONE',  ( 1.000000000000000000, 0.000000000000000000, 0.000000000000000000 ) ) ;
#922 = CARTESIAN_POINT ( 'NONE',  ( 41.60000000000000142, -2.762069023147044167, -6.931785952275177465 ) ) ;
#923 = EDGE_CURVE ( 'NONE', #1516, #151, #864, .T. ) ;
#924 = LINE ( 'NONE', #1629, #1787 ) ;
#925 = ORIENTED_EDGE ( 'NONE', *, *, #1404, .F. ) ;
#926 = FACE_OUTER_BOUND ( 'NONE', #2187, .T. ) ;
#927 = ADVANCED_FACE ( 'NONE', ( #1694 ), #432, .F. ) ;
#928 = EDGE_CURVE ( 'NONE', #2028, #221, #1274, .T. ) ;
#929 = ORIENTED_EDGE ( 'NONE', *, *, #1509, .F. ) ;
#930 = DIRECTION ( 'NONE',  ( -1.000000000000000000, -0.000000000000000000, -0.000000000000000000 ) ) ;
#931 = ORIENTED_EDGE ( 'NONE', *, *, #1062, .F. ) ;
#932 = CARTESIAN_POINT ( 'NONE',  ( 34.60000000000000142, -2.762069023147042390, -6.931785952275175688 ) ) ;
#933 = DIRECTION ( 'NONE',  ( 0.000000000000000000, 0.000000000000000000, 1.000000000000000000 ) ) ;
#934 = AXIS2_PLACEMENT_3D ( 'NONE', #1808, #43, #557 ) ;
#935 = CARTESIAN_POINT ( 'NONE',  ( 21.59999999999999787, 0.000000000000000000, 0.000000000000000000 ) ) ;
#936 = ORIENTED_EDGE ( 'NONE', *, *, #857, .F. ) ;
#937 = LINE ( 'NONE', #32, #1760 ) ;
#938 = CIRCLE ( 'NONE', #1124, 5.000000000000000888 ) ;
#939 = AXIS2_PLACEMENT_3D ( 'NONE', #1430, #1803, #2122 ) ;
#940 = ORIENTED_EDGE ( 'NONE', *, *, #1889, .F. ) ;
#941 = EDGE_CURVE ( 'NONE', #1555, #717, #652, .T. ) ;
#942 = DIRECTION ( 'NONE',  ( 0.000000000000000000, 0.000000000000000000, -1.000000000000000000 ) ) ;
#943 = AXIS2_PLACEMENT_3D ( 'NONE', #1466, #26, #182 ) ;
#944 = AXIS2_PLACEMENT_3D ( 'NONE', #1115, #2162, #951 ) ;
#945 = CARTESIAN_POINT ( 'NONE',  ( 34.60000000000000142, 6.998392672607047338, 0.000000000000000000 ) ) ;
#946 = ORIENTED_EDGE ( 'NONE', *, *, #272, .T. ) ;
#947 = CARTESIAN_POINT ( 'NONE',  ( 1.500000000000000000, -4.365952903884278591, -5.321604448520052877 ) ) ;
#948 = DIRECTION ( 'NONE',  ( 0.000000000000000000, 0.000000000000000000, -1.000000000000000000 ) ) ;
#949 = VECTOR ( 'NONE', #1273, 1000.000000000000000 ) ;
#950 = ORIENTED_EDGE ( 'NONE', *, *, #2246, .T. ) ;
#951 = DIRECTION ( 'NONE',  ( 0.000000000000000000, 0.000000000000000000, -1.000000000000000000 ) ) ;
#952 = CYLINDRICAL_SURFACE ( 'NONE', #975, 9.000000000000000000 ) ;
#953 = ORIENTED_EDGE ( 'NONE', *, *, #366, .T. ) ;
#954 = CARTESIAN_POINT ( 'NONE',  ( 22.59999999999999432, 0.000000000000000000, 0.000000000000000000 ) ) ;
#955 = EDGE_CURVE ( 'NONE', #105, #724, #1854, .T. ) ;
#956 = CYLINDRICAL_SURFACE ( 'NONE', #532, 5.000000000000000000 ) ;
#957 = ORIENTED_EDGE ( 'NONE', *, *, #16, .T. ) ;
#958 = DIRECTION ( 'NONE',  ( -1.000000000000000000, -0.000000000000000000, -0.000000000000000000 ) ) ;
#959 = CARTESIAN_POINT ( 'NONE',  ( 27.59999999999999787, 2.606424087848269178, -8.614322577793585012 ) ) ;
#960 = ORIENTED_EDGE ( 'NONE', *, *, #2185, .T. ) ;
#961 = DIRECTION ( 'NONE',  ( 1.000000000000000000, 0.000000000000000000, 0.000000000000000000 ) ) ;
#962 = ORIENTED_EDGE ( 'NONE', *, *, #179, .T. ) ;
#963 = CARTESIAN_POINT ( 'NONE',  ( 30.59999999999999432, 6.998392672607047338, 0.000000000000000000 ) ) ;
#964 = PLANE ( 'NONE',  #833 ) ;
#965 = DIRECTION ( 'NONE',  ( -1.000000000000000000, -0.000000000000000000, -0.000000000000000000 ) ) ;
#966 = LINE ( 'NONE', #2203, #2219 ) ;
#967 = ORIENTED_EDGE ( 'NONE', *, *, #1800, .T. ) ;
#968 = CARTESIAN_POINT ( 'NONE',  ( 27.59999999999999787, -10.60302848086181804, -13.13818223212012626 ) ) ;
#969 = CARTESIAN_POINT ( 'NONE',  ( 20.59999999999999787, -4.365952903884279479, -5.321604448520053765 ) ) ;
#970 = EDGE_CURVE ( 'NONE', #1211, #1334, #347, .T. ) ;
#971 = EDGE_CURVE ( 'NONE', #1104, #1118, #564, .T. ) ;
#972 = ORIENTED_EDGE ( 'NONE', *, *, #1375, .T. ) ;
#973 = DIRECTION ( 'NONE',  ( 0.000000000000000000, 0.000000000000000000, -1.000000000000000000 ) ) ;
#974 = EDGE_LOOP ( 'NONE', ( #979, #1483, #1740, #1614 ) ) ;
#975 = AXIS2_PLACEMENT_3D ( 'NONE', #1178, #286, #250 ) ;
#976 = VECTOR ( 'NONE', #848, 1000.000000000000000 ) ;
#977 = CARTESIAN_POINT ( 'NONE',  ( 28.59999999999999787, 0.000000000000000000, 0.1499999999999999944 ) ) ;
#978 = DIRECTION ( 'NONE',  ( 1.000000000000000000, 0.000000000000000000, 0.000000000000000000 ) ) ;
#979 = ORIENTED_EDGE ( 'NONE', *, *, #971, .F. ) ;
#980 = VECTOR ( 'NONE', #168, 1000.000000000000000 ) ;
#981 = DIRECTION ( 'NONE',  ( 0.000000000000000000, 0.000000000000000000, -1.000000000000000000 ) ) ;
#982 = LINE ( 'NONE', #1825, #2089 ) ;
#983 =( GEOMETRIC_REPRESENTATION_CONTEXT ( 3 ) GLOBAL_UNCERTAINTY_ASSIGNED_CONTEXT ( ( #1278 ) ) GLOBAL_UNIT_ASSIGNED_CONTEXT ( ( #1335, #119, #1527 ) ) REPRESENTATION_CONTEXT ( 'NONE', 'WORKASPACE' ) );
#984 = ADVANCED_FACE ( 'NONE', ( #73 ), #772, .T. ) ;
#985 = ORIENTED_EDGE ( 'NONE', *, *, #2036, .F. ) ;
#986 = AXIS2_PLACEMENT_3D ( 'NONE', #1598, #192, #1088 ) ;
#987 = DIRECTION ( 'NONE',  ( 0.000000000000000000, 0.000000000000000000, -1.000000000000000000 ) ) ;
#988 = ORIENTED_EDGE ( 'NONE', *, *, #331, .F. ) ;
#989 = DIRECTION ( 'NONE',  ( 1.000000000000000000, 0.000000000000000000, 0.000000000000000000 ) ) ;
#990 = AXIS2_PLACEMENT_3D ( 'NONE', #659, #843, #1005 ) ;
#991 = DIRECTION ( 'NONE',  ( 0.000000000000000000, 0.000000000000000000, -1.000000000000000000 ) ) ;
#992 = LINE ( 'NONE', #1330, #1718 ) ;
#993 = EDGE_LOOP ( 'NONE', ( #1026, #599, #323, #511, #1388 ) ) ;
#994 = CARTESIAN_POINT ( 'NONE',  ( 24.59999999999999787, -2.762069023147044167, -6.931785952275177465 ) ) ;
#995 = FACE_OUTER_BOUND ( 'NONE', #888, .T. ) ;
#996 = VERTEX_POINT ( 'NONE', #98 ) ;
#997 = CARTESIAN_POINT ( 'NONE',  ( 23.59999999999999432, 0.000000000000000000, 0.000000000000000000 ) ) ;
#998 = EDGE_LOOP ( 'NONE', ( #293, #1006, #1562, #650 ) ) ;
#999 = CYLINDRICAL_SURFACE ( 'NONE', #313, 10.00000000000000000 ) ;
#1000 = ADVANCED_FACE ( 'NONE', ( #798 ), #1507, .T. ) ;
#1001 = EDGE_CURVE ( 'NONE', #433, #404, #1867, .T. ) ;
#1002 = CARTESIAN_POINT ( 'NONE',  ( 31.59999999999999787, -2.762069023147044167, -6.931785952275177465 ) ) ;
#1003 = EDGE_LOOP ( 'NONE', ( #335, #419, #397, #703, #340 ) ) ;
#1004 = DIRECTION ( 'NONE',  ( 0.000000000000000000, 0.000000000000000000, -1.000000000000000000 ) ) ;
#1005 = DIRECTION ( 'NONE',  ( 0.000000000000000000, 0.000000000000000000, -1.000000000000000000 ) ) ;
#1006 = ORIENTED_EDGE ( 'NONE', *, *, #407, .T. ) ;
#1007 = FACE_OUTER_BOUND ( 'NONE', #478, .T. ) ;
#1008 = VERTEX_POINT ( 'NONE', #1048 ) ;
#1009 = DIRECTION ( 'NONE',  ( 0.000000000000000000, -1.000000000000000000, 0.000000000000000000 ) ) ;
#1010 = ADVANCED_FACE ( 'NONE', ( #1063 ), #176, .F. ) ;
#1011 = CIRCLE ( 'NONE', #1635, 5.000000000000000888 ) ;
#1012 = EDGE_CURVE ( 'NONE', #816, #1910, #679, .T. ) ;
#1013 = AXIS2_PLACEMENT_3D ( 'NONE', #1696, #812, #1683 ) ;
#1014 = DIRECTION ( 'NONE',  ( 0.000000000000000000, 0.000000000000000000, -1.000000000000000000 ) ) ;
#1015 = AXIS2_PLACEMENT_3D ( 'NONE', #1915, #1216, #289 ) ;
#1016 = ORIENTED_EDGE ( 'NONE', *, *, #272, .F. ) ;
#1017 = AXIS2_PLACEMENT_3D ( 'NONE', #147, #156, #696 ) ;
#1018 = CARTESIAN_POINT ( 'NONE',  ( 40.59999999999999432, -2.762069023147042390, -6.931785952275175688 ) ) ;
#1019 = AXIS2_PLACEMENT_3D ( 'NONE', #1079, #2029, #1296 ) ;
#1020 = DIRECTION ( 'NONE',  ( 0.000000000000000000, 0.000000000000000000, -1.000000000000000000 ) ) ;
#1021 = VECTOR ( 'NONE', #1215, 1000.000000000000000 ) ;
#1022 = ORIENTED_EDGE ( 'NONE', *, *, #739, .T. ) ;
#1023 = CARTESIAN_POINT ( 'NONE',  ( 36.59999999999999432, 0.000000000000000000, 0.000000000000000000 ) ) ;
#1024 = CIRCLE ( 'NONE', #2183, 10.00000000000000178 ) ;
#1025 = DIRECTION ( 'NONE',  ( 1.000000000000000000, 0.000000000000000000, 0.000000000000000000 ) ) ;
#1026 = ORIENTED_EDGE ( 'NONE', *, *, #2055, .F. ) ;
#1027 = LINE ( 'NONE', #1731, #1398 ) ;
#1028 = CIRCLE ( 'NONE', #1, 9.000000000000000000 ) ;
#1029 = CARTESIAN_POINT ( 'NONE',  ( 18.59999999999999787, 0.000000000000000000, 0.1499999999999999944 ) ) ;
#1030 = EDGE_CURVE ( 'NONE', #1481, #2165, #414, .T. ) ;
#1031 = EDGE_LOOP ( 'NONE', ( #2266, #392, #862, #1140, #235 ) ) ;
#1032 = LINE ( 'NONE', #291, #825 ) ;
#1033 = CARTESIAN_POINT ( 'NONE',  ( 21.59999999999999787, -4.365952903884278591, -5.321604448520052877 ) ) ;
#1034 = EDGE_CURVE ( 'NONE', #1726, #1106, #1719, .T. ) ;
#1035 = VERTEX_POINT ( 'NONE', #1912 ) ;
#1036 =( LENGTH_UNIT ( ) NAMED_UNIT ( * ) SI_UNIT ( .MILLI., .METRE. ) );
#1037 = LINE ( 'NONE', #1213, #2005 ) ;
#1038 = ORIENTED_EDGE ( 'NONE', *, *, #585, .F. ) ;
#1039 = CARTESIAN_POINT ( 'NONE',  ( 39.59999999999999432, -2.762069023147044167, -6.931785952275177465 ) ) ;
#1040 = LINE ( 'NONE', #826, #1201 ) ;
#1041 = ORIENTED_EDGE ( 'NONE', *, *, #27, .T. ) ;
#1042 = FACE_OUTER_BOUND ( 'NONE', #306, .T. ) ;
#1043 = DIRECTION ( 'NONE',  ( 0.000000000000000000, 0.000000000000000000, -1.000000000000000000 ) ) ;
#1044 = ADVANCED_FACE ( 'NONE', ( #1729 ), #166, .T. ) ;
#1045 = ADVANCED_FACE ( 'NONE', ( #1378 ), #858, .T. ) ;
#1046 = VERTEX_POINT ( 'NONE', #2100 ) ;
#1047 = PRESENTATION_STYLE_ASSIGNMENT (( #1589 ) ) ;
#1048 = CARTESIAN_POINT ( 'NONE',  ( 31.59999999999999787, 6.998392672607047338, 0.000000000000000000 ) ) ;
#1049 = VERTEX_POINT ( 'NONE', #2068 ) ;
#1050 = CARTESIAN_POINT ( 'NONE',  ( 18.59999999999999787, -10.60302848086181804, -13.13818223212012626 ) ) ;
#1051 = CIRCLE ( 'NONE', #711, 7.000000000000000888 ) ;
#1052 = AXIS2_PLACEMENT_3D ( 'NONE', #2252, #853, #1193 ) ;
#1053 = ORIENTED_EDGE ( 'NONE', *, *, #516, .T. ) ;
#1054 = DIRECTION ( 'NONE',  ( 1.000000000000000000, 0.000000000000000000, 0.000000000000000000 ) ) ;
#1055 = DIRECTION ( 'NONE',  ( 0.000000000000000000, 0.000000000000000000, 1.000000000000000000 ) ) ;
#1056 = VECTOR ( 'NONE', #67, 1000.000000000000000 ) ;
#1057 = AXIS2_PLACEMENT_3D ( 'NONE', #46, #890, #384 ) ;
#1058 = CLOSED_SHELL ( 'NONE', ( #1447, #526, #1966, #688, #1554, #1440, #1930, #1076, #1000, #1993, #470, #1448, #502, #1143, #686, #1921, #1662, #1312, #1594, #439, #873, #1010, #180, #927, #2234, #367, #1610, #1044, #1788, #1863, #1846, #2184, #568, #1174, #2139, #1285, #201, #2213, #671, #380, #1045, #7, #595, #1267, #727, #1269, #41, #728, #884, #1343, #285, #1672, #393, #2166, #984, #1268, #517, #244, #813, #1789, #660, #614, #1834, #1510, #828, #2131 ) ) ;
#1059 = ORIENTED_EDGE ( 'NONE', *, *, #342, .T. ) ;
#1060 = LINE ( 'NONE', #1023, #1611 ) ;
#1061 = VECTOR ( 'NONE', #1757, 1000.000000000000000 ) ;
#1062 = EDGE_CURVE ( 'NONE', #2244, #1790, #1037, .T. ) ;
#1063 = FACE_OUTER_BOUND ( 'NONE', #394, .T. ) ;
#1064 = ORIENTED_EDGE ( 'NONE', *, *, #205, .F. ) ;
#1065 = CARTESIAN_POINT ( 'NONE',  ( 39.59999999999999432, 2.606424087848269178, -8.614322577793585012 ) ) ;
#1066 = AXIS2_PLACEMENT_3D ( 'NONE', #373, #1784, #588 ) ;
#1067 = VECTOR ( 'NONE', #1111, 1000.000000000000000 ) ;
#1068 = ORIENTED_EDGE ( 'NONE', *, *, #213, .F. ) ;
#1069 = FACE_OUTER_BOUND ( 'NONE', #1957, .T. ) ;
#1070 = FACE_OUTER_BOUND ( 'NONE', #82, .T. ) ;
#1071 = CARTESIAN_POINT ( 'NONE',  ( 19.59999999999999787, 0.000000000000000000, 0.000000000000000000 ) ) ;
#1072 = DIRECTION ( 'NONE',  ( 1.000000000000000000, 0.000000000000000000, 0.000000000000000000 ) ) ;
#1073 = DIRECTION ( 'NONE',  ( 0.000000000000000000, 0.000000000000000000, -1.000000000000000000 ) ) ;
#1074 = VERTEX_POINT ( 'NONE', #1764 ) ;
#1075 = CARTESIAN_POINT ( 'NONE',  ( 36.59999999999999432, 6.998392672607047338, 0.000000000000000000 ) ) ;
#1076 = ADVANCED_FACE ( 'NONE', ( #1007 ), #1739, .F. ) ;
#1077 = CARTESIAN_POINT ( 'NONE',  ( 30.59999999999999432, 0.000000000000000000, 0.1499999999999999944 ) ) ;
#1078 = ORIENTED_EDGE ( 'NONE', *, *, #1142, .T. ) ;
#1079 = CARTESIAN_POINT ( 'NONE',  ( 31.59999999999999787, 0.000000000000000000, 0.000000000000000000 ) ) ;
#1080 = CYLINDRICAL_SURFACE ( 'NONE', #1504, 10.00000000000000000 ) ;
#1081 = DIRECTION ( 'NONE',  ( 0.000000000000000000, 0.000000000000000000, -1.000000000000000000 ) ) ;
#1082 = ORIENTED_EDGE ( 'NONE', *, *, #1390, .F. ) ;
#1083 = CARTESIAN_POINT ( 'NONE',  ( 20.59999999999999787, 1.158410705710341659, -3.828587812352703956 ) ) ;
#1084 = EDGE_CURVE ( 'NONE', #1118, #296, #520, .T. ) ;
#1085 = FACE_OUTER_BOUND ( 'NONE', #993, .T. ) ;
#1086 = ORIENTED_EDGE ( 'NONE', *, *, #1102, .F. ) ;
#1087 = AXIS2_PLACEMENT_3D ( 'NONE', #423, #989, #277 ) ;
#1088 = DIRECTION ( 'NONE',  ( 0.000000000000000000, 0.000000000000000000, -1.000000000000000000 ) ) ;
#1089 = VECTOR ( 'NONE', #1090, 1000.000000000000000 ) ;
#1090 = DIRECTION ( 'NONE',  ( -1.000000000000000000, -0.000000000000000000, -0.000000000000000000 ) ) ;
#1091 = EDGE_LOOP ( 'NONE', ( #2043, #266, #90, #565 ) ) ;
#1092 = DIRECTION ( 'NONE',  ( 0.000000000000000000, -1.000000000000000000, 0.000000000000000000 ) ) ;
#1093 = AXIS2_PLACEMENT_3D ( 'NONE', #441, #1991, #769 ) ;
#1094 = AXIS2_PLACEMENT_3D ( 'NONE', #1446, #1439, #386 ) ;
#1095 = PLANE ( 'NONE',  #89 ) ;
#1096 = EDGE_CURVE ( 'NONE', #2007, #2230, #1197, .T. ) ;
#1097 = ORIENTED_EDGE ( 'NONE', *, *, #165, .T. ) ;
#1098 = AXIS2_PLACEMENT_3D ( 'NONE', #1515, #1524, #1135 ) ;
#1099 = VERTEX_POINT ( 'NONE', #2090 ) ;
#1100 = CARTESIAN_POINT ( 'NONE',  ( 22.59999999999999432, 2.606424087848269178, -8.614322577793585012 ) ) ;
#1101 = EDGE_CURVE ( 'NONE', #2244, #2103, #1204, .T. ) ;
#1102 = EDGE_CURVE ( 'NONE', #882, #251, #1640, .T. ) ;
#1103 = CARTESIAN_POINT ( 'NONE',  ( 20.59999999999999787, -2.762069023147044167, -6.931785952275177465 ) ) ;
#1104 = VERTEX_POINT ( 'NONE', #881 ) ;
#1105 = CARTESIAN_POINT ( 'NONE',  ( 41.60000000000000142, 0.000000000000000000, 0.000000000000000000 ) ) ;
#1106 = VERTEX_POINT ( 'NONE', #1590 ) ;
#1107 = CARTESIAN_POINT ( 'NONE',  ( 40.59999999999999432, -4.365952903884279479, -5.321604448520053765 ) ) ;
#1108 = DIRECTION ( 'NONE',  ( 1.000000000000000000, 0.000000000000000000, 0.000000000000000000 ) ) ;
#1109 = ORIENTED_EDGE ( 'NONE', *, *, #1404, .T. ) ;
#1110 = DIRECTION ( 'NONE',  ( 0.000000000000000000, -1.000000000000000000, 0.000000000000000000 ) ) ;
#1111 = DIRECTION ( 'NONE',  ( -1.000000000000000000, -0.000000000000000000, -0.000000000000000000 ) ) ;
#1112 = EDGE_CURVE ( 'NONE', #1671, #1663, #1494, .T. ) ;
#1113 = FACE_OUTER_BOUND ( 'NONE', #2101, .T. ) ;
#1114 = ORIENTED_EDGE ( 'NONE', *, *, #2084, .T. ) ;
#1115 = CARTESIAN_POINT ( 'NONE',  ( 25.59999999999999787, 0.000000000000000000, 0.000000000000000000 ) ) ;
#1116 = ORIENTED_EDGE ( 'NONE', *, *, #631, .F. ) ;
#1117 = LINE ( 'NONE', #1819, #1056 ) ;
#1118 = VERTEX_POINT ( 'NONE', #11 ) ;
#1119 = CARTESIAN_POINT ( 'NONE',  ( 31.59999999999999787, -4.365952903884278591, -5.321604448520052877 ) ) ;
#1120 = DIRECTION ( 'NONE',  ( 1.000000000000000000, 0.000000000000000000, 0.000000000000000000 ) ) ;
#1121 = AXIS2_PLACEMENT_3D ( 'NONE', #1340, #1708, #640 ) ;
#1122 = ORIENTED_EDGE ( 'NONE', *, *, #113, .F. ) ;
#1123 = PLANE ( 'NONE',  #1066 ) ;
#1124 = AXIS2_PLACEMENT_3D ( 'NONE', #541, #1968, #1449 ) ;
#1125 = EDGE_CURVE ( 'NONE', #489, #399, #1755, .T. ) ;
#1126 = DIRECTION ( 'NONE',  ( 0.000000000000000000, -1.000000000000000000, 0.000000000000000000 ) ) ;
#1127 = AXIS2_PLACEMENT_3D ( 'NONE', #1830, #1657, #445 ) ;
#1128 = ORIENTED_EDGE ( 'NONE', *, *, #643, .T. ) ;
#1129 = AXIS2_PLACEMENT_3D ( 'NONE', #1301, #1998, #411 ) ;
#1130 = AXIS2_PLACEMENT_3D ( 'NONE', #639, #2188, #1870 ) ;
#1131 = FACE_OUTER_BOUND ( 'NONE', #1163, .T. ) ;
#1132 = AXIS2_PLACEMENT_3D ( 'NONE', #2021, #472, #458 ) ;
#1133 = ORIENTED_EDGE ( 'NONE', *, *, #1520, .F. ) ;
#1134 = DIRECTION ( 'NONE',  ( 0.000000000000000000, 0.000000000000000000, -1.000000000000000000 ) ) ;
#1135 = DIRECTION ( 'NONE',  ( 0.000000000000000000, 0.000000000000000000, -1.000000000000000000 ) ) ;
#1136 = EDGE_LOOP ( 'NONE', ( #1666, #2154, #1761, #661, #1954 ) ) ;
#1137 = LINE ( 'NONE', #2182, #1576 ) ;
#1138 = CIRCLE ( 'NONE', #1469, 7.000000000000000888 ) ;
#1139 = DIRECTION ( 'NONE',  ( 0.000000000000000000, 0.000000000000000000, 1.000000000000000000 ) ) ;
#1140 = ORIENTED_EDGE ( 'NONE', *, *, #1632, .T. ) ;
#1141 = CARTESIAN_POINT ( 'NONE',  ( 18.59999999999999787, 9.000000000000000000, 0.000000000000000000 ) ) ;
#1142 = EDGE_CURVE ( 'NONE', #1799, #2079, #1187, .T. ) ;
#1143 = ADVANCED_FACE ( 'NONE', ( #1613 ), #185, .F. ) ;
#1144 = CARTESIAN_POINT ( 'NONE',  ( 29.59999999999999787, 9.000000000000000000, 0.000000000000000000 ) ) ;
#1145 = ORIENTED_EDGE ( 'NONE', *, *, #188, .T. ) ;
#1146 = LINE ( 'NONE', #947, #1208 ) ;
#1147 = LINE ( 'NONE', #257, #726 ) ;
#1148 = ORIENTED_EDGE ( 'NONE', *, *, #1585, .F. ) ;
#1149 = DIRECTION ( 'NONE',  ( -1.000000000000000000, -0.000000000000000000, -0.000000000000000000 ) ) ;
#1150 = CARTESIAN_POINT ( 'NONE',  ( 21.59999999999999787, 0.000000000000000000, 0.000000000000000000 ) ) ;
#1151 = ORIENTED_EDGE ( 'NONE', *, *, #1218, .F. ) ;
#1152 = CARTESIAN_POINT ( 'NONE',  ( 28.59999999999999787, -10.60302848086181804, -13.13818223212012626 ) ) ;
#1153 = DIRECTION ( 'NONE',  ( 1.000000000000000000, 0.000000000000000000, 0.000000000000000000 ) ) ;
#1154 = DIRECTION ( 'NONE',  ( -1.000000000000000000, -0.000000000000000000, -0.000000000000000000 ) ) ;
#1155 = PRODUCT_RELATED_PRODUCT_CATEGORY ( 'part', '', ( #1456 ) ) ;
#1156 = EDGE_CURVE ( 'NONE', #221, #1671, #38, .T. ) ;
#1157 = ORIENTED_EDGE ( 'NONE', *, *, #358, .T. ) ;
#1158 = LINE ( 'NONE', #69, #376 ) ;
#1159 = DIRECTION ( 'NONE',  ( -1.000000000000000000, -0.000000000000000000, -0.000000000000000000 ) ) ;
#1160 = EDGE_LOOP ( 'NONE', ( #1459, #1600, #1531, #550 ) ) ;
#1161 = CARTESIAN_POINT ( 'NONE',  ( 25.59999999999999787, 2.606424087848269178, -8.614322577793585012 ) ) ;
#1162 = DIRECTION ( 'NONE',  ( 0.000000000000000000, 0.000000000000000000, 1.000000000000000000 ) ) ;
#1163 = EDGE_LOOP ( 'NONE', ( #1294, #904, #887, #1157, #145 ) ) ;
#1164 = CARTESIAN_POINT ( 'NONE',  ( 1.500000000000000000, -4.365952903884278591, -5.321604448520052877 ) ) ;
#1165 = CIRCLE ( 'NONE', #2175, 9.000000000000000000 ) ;
#1166 = AXIS2_PLACEMENT_3D ( 'NONE', #1224, #1233, #1933 ) ;
#1167 = AXIS2_PLACEMENT_3D ( 'NONE', #793, #611, #1134 ) ;
#1168 = DIRECTION ( 'NONE',  ( 1.000000000000000000, 0.000000000000000000, 0.000000000000000000 ) ) ;
#1169 = VECTOR ( 'NONE', #930, 1000.000000000000000 ) ;
#1170 = ORIENTED_EDGE ( 'NONE', *, *, #586, .T. ) ;
#1171 = VECTOR ( 'NONE', #6, 1000.000000000000000 ) ;
#1172 = DIRECTION ( 'NONE',  ( 0.000000000000000000, 0.000000000000000000, 1.000000000000000000 ) ) ;
#1173 = CARTESIAN_POINT ( 'NONE',  ( 38.59999999999999432, 2.606424087848269178, -8.614322577793585012 ) ) ;
#1174 = ADVANCED_FACE ( 'NONE', ( #704 ), #1642, .T. ) ;
#1175 = EDGE_CURVE ( 'NONE', #1368, #2086, #1354, .T. ) ;
#1176 = EDGE_LOOP ( 'NONE', ( #1765, #1041, #1522, #534 ) ) ;
#1177 = CIRCLE ( 'NONE', #2191, 5.000000000000000888 ) ;
#1178 = CARTESIAN_POINT ( 'NONE',  ( 32.59999999999999432, 0.000000000000000000, 0.000000000000000000 ) ) ;
#1179 = ORIENTED_EDGE ( 'NONE', *, *, #1001, .F. ) ;
#1180 = DIRECTION ( 'NONE',  ( 0.000000000000000000, 0.000000000000000000, 1.000000000000000000 ) ) ;
#1181 = CARTESIAN_POINT ( 'NONE',  ( 35.60000000000000142, 0.000000000000000000, 0.000000000000000000 ) ) ;
#1182 = VERTEX_POINT ( 'NONE', #1622 ) ;
#1183 = CARTESIAN_POINT ( 'NONE',  ( 32.59999999999999432, -2.762069023147044167, -6.931785952275177465 ) ) ;
#1184 = DIRECTION ( 'NONE',  ( 0.000000000000000000, 0.000000000000000000, 1.000000000000000000 ) ) ;
#1185 = EDGE_LOOP ( 'NONE', ( #218, #859, #1272, #582 ) ) ;
#1186 = EDGE_CURVE ( 'NONE', #1806, #2086, #924, .T. ) ;
#1187 = LINE ( 'NONE', #295, #1826 ) ;
#1188 = ORIENTED_EDGE ( 'NONE', *, *, #51, .F. ) ;
#1189 = FACE_OUTER_BOUND ( 'NONE', #879, .T. ) ;
#1190 = CARTESIAN_POINT ( 'NONE',  ( 24.59999999999999787, 2.606424087848269178, -8.614322577793585012 ) ) ;
#1191 = CARTESIAN_POINT ( 'NONE',  ( 26.59999999999999787, 0.000000000000000000, 0.1499999999999999944 ) ) ;
#1192 = EDGE_LOOP ( 'NONE', ( #1988, #785, #936, #771 ) ) ;
#1193 = DIRECTION ( 'NONE',  ( 0.000000000000000000, 0.000000000000000000, -1.000000000000000000 ) ) ;
#1194 = CARTESIAN_POINT ( 'NONE',  ( 20.59999999999999787, 9.000000000000000000, 0.000000000000000000 ) ) ;
#1195 = ORIENTED_EDGE ( 'NONE', *, *, #1230, .F. ) ;
#1196 = DIRECTION ( 'NONE',  ( 0.000000000000000000, 0.000000000000000000, -1.000000000000000000 ) ) ;
#1197 = LINE ( 'NONE', #1886, #976 ) ;
#1198 = ORIENTED_EDGE ( 'NONE', *, *, #2185, .F. ) ;
#1199 = DIRECTION ( 'NONE',  ( 0.000000000000000000, 0.000000000000000000, -1.000000000000000000 ) ) ;
#1200 = EDGE_CURVE ( 'NONE', #2163, #1542, #789, .T. ) ;
#1201 = VECTOR ( 'NONE', #477, 1000.000000000000000 ) ;
#1202 = EDGE_CURVE ( 'NONE', #1961, #1573, #533, .T. ) ;
#1203 = PLANE ( 'NONE',  #1015 ) ;
#1204 = CIRCLE ( 'NONE', #906, 9.000000000000000000 ) ;
#1205 = ORIENTED_EDGE ( 'NONE', *, *, #2243, .F. ) ;
#1206 = VECTOR ( 'NONE', #1417, 1000.000000000000000 ) ;
#1207 = DIRECTION ( 'NONE',  ( 1.000000000000000000, 0.000000000000000000, 0.000000000000000000 ) ) ;
#1208 = VECTOR ( 'NONE', #1688, 1000.000000000000000 ) ;
#1209 = DIRECTION ( 'NONE',  ( -1.000000000000000000, -0.000000000000000000, -0.000000000000000000 ) ) ;
#1210 = AXIS2_PLACEMENT_3D ( 'NONE', #1083, #918, #365 ) ;
#1211 = VERTEX_POINT ( 'NONE', #20 ) ;
#1212 = SURFACE_STYLE_FILL_AREA ( #132 ) ;
#1213 = CARTESIAN_POINT ( 'NONE',  ( 24.59999999999999787, 2.606424087848269178, -8.614322577793585012 ) ) ;
#1214 = ORIENTED_EDGE ( 'NONE', *, *, #1537, .T. ) ;
#1215 = DIRECTION ( 'NONE',  ( 0.000000000000000000, -1.000000000000000000, 0.000000000000000000 ) ) ;
#1216 = DIRECTION ( 'NONE',  ( -0.000000000000000000, 0.000000000000000000, 1.000000000000000000 ) ) ;
#1217 = EDGE_CURVE ( 'NONE', #1976, #1505, #1679, .T. ) ;
#1218 = EDGE_CURVE ( 'NONE', #1978, #996, #91, .T. ) ;
#1219 = ORIENTED_EDGE ( 'NONE', *, *, #1101, .T. ) ;
#1220 = DIRECTION ( 'NONE',  ( -1.000000000000000000, -0.000000000000000000, -0.000000000000000000 ) ) ;
#1221 = DIRECTION ( 'NONE',  ( -1.000000000000000000, -0.000000000000000000, -0.000000000000000000 ) ) ;
#1222 = ORIENTED_EDGE ( 'NONE', *, *, #2026, .F. ) ;
#1223 = DIRECTION ( 'NONE',  ( -1.000000000000000000, -0.000000000000000000, -0.000000000000000000 ) ) ;
#1224 = CARTESIAN_POINT ( 'NONE',  ( 23.59999999999999432, 1.158410705710341659, -3.828587812352703956 ) ) ;
#1225 = ORIENTED_EDGE ( 'NONE', *, *, #1218, .T. ) ;
#1226 = DIRECTION ( 'NONE',  ( -1.000000000000000000, -0.000000000000000000, -0.000000000000000000 ) ) ;
#1227 = ORIENTED_EDGE ( 'NONE', *, *, #2140, .F. ) ;
#1228 = CARTESIAN_POINT ( 'NONE',  ( 39.59999999999999432, 0.000000000000000000, 0.000000000000000000 ) ) ;
#1229 = DIRECTION ( 'NONE',  ( 0.000000000000000000, 0.000000000000000000, 1.000000000000000000 ) ) ;
#1230 = EDGE_CURVE ( 'NONE', #1542, #332, #1571, .T. ) ;
#1231 = ORIENTED_EDGE ( 'NONE', *, *, #1649, .F. ) ;
#1232 = CARTESIAN_POINT ( 'NONE',  ( 24.59999999999999787, 0.000000000000000000, 0.000000000000000000 ) ) ;
#1233 = DIRECTION ( 'NONE',  ( 1.000000000000000000, 0.000000000000000000, 0.000000000000000000 ) ) ;
#1234 = ORIENTED_EDGE ( 'NONE', *, *, #1034, .T. ) ;
#1235 = DIRECTION ( 'NONE',  ( 0.000000000000000000, -1.000000000000000000, 0.000000000000000000 ) ) ;
#1236 = ORIENTED_EDGE ( 'NONE', *, *, #2011, .T. ) ;
#1237 = CARTESIAN_POINT ( 'NONE',  ( 32.59999999999999432, 0.000000000000000000, 0.000000000000000000 ) ) ;
#1238 = CARTESIAN_POINT ( 'NONE',  ( 37.59999999999999432, 6.998392672607047338, 0.000000000000000000 ) ) ;
#1239 = AXIS2_PLACEMENT_3D ( 'NONE', #2045, #240, #1704 ) ;
#1240 = AXIS2_PLACEMENT_3D ( 'NONE', #1580, #1924, #344 ) ;
#1241 = DIRECTION ( 'NONE',  ( 1.000000000000000000, 0.000000000000000000, 0.000000000000000000 ) ) ;
#1242 = FILL_AREA_STYLE_COLOUR ( '', #2229 ) ;
#1243 = VECTOR ( 'NONE', #1980, 1000.000000000000000 ) ;
#1244 = EDGE_CURVE ( 'NONE', #1211, #1104, #224, .T. ) ;
#1245 = EDGE_CURVE ( 'NONE', #1427, #521, #916, .T. ) ;
#1246 = DIRECTION ( 'NONE',  ( -1.000000000000000000, -0.000000000000000000, -0.000000000000000000 ) ) ;
#1247 = ORIENTED_EDGE ( 'NONE', *, *, #436, .F. ) ;
#1248 = CARTESIAN_POINT ( 'NONE',  ( 39.59999999999999432, 0.000000000000000000, 0.1499999999999999944 ) ) ;
#1249 = AXIS2_PLACEMENT_3D ( 'NONE', #548, #1258, #1958 ) ;
#1250 = CIRCLE ( 'NONE', #1366, 9.000000000000000000 ) ;
#1251 = CARTESIAN_POINT ( 'NONE',  ( 26.59999999999999787, 0.000000000000000000, 0.000000000000000000 ) ) ;
#1252 = PLANE ( 'NONE',  #1942 ) ;
#1253 = CIRCLE ( 'NONE', #1768, 10.00000000000000178 ) ;
#1254 = ORIENTED_EDGE ( 'NONE', *, *, #455, .F. ) ;
#1255 = DIRECTION ( 'NONE',  ( 0.000000000000000000, 0.000000000000000000, -1.000000000000000000 ) ) ;
#1256 = DIRECTION ( 'NONE',  ( 0.000000000000000000, 0.000000000000000000, -1.000000000000000000 ) ) ;
#1257 = ORIENTED_EDGE ( 'NONE', *, *, #1413, .F. ) ;
#1258 = DIRECTION ( 'NONE',  ( 1.000000000000000000, 0.000000000000000000, 0.000000000000000000 ) ) ;
#1259 = EDGE_CURVE ( 'NONE', #724, #750, #2044, .T. ) ;
#1260 = CARTESIAN_POINT ( 'NONE',  ( 13.59999999999999787, 0.000000000000000000, 0.000000000000000000 ) ) ;
#1261 = CARTESIAN_POINT ( 'NONE',  ( 24.59999999999999787, -4.365952903884279479, -5.321604448520053765 ) ) ;
#1262 = EDGE_LOOP ( 'NONE', ( #644, #558, #228, #1885 ) ) ;
#1263 = CARTESIAN_POINT ( 'NONE',  ( 36.59999999999999432, -2.762069023147042390, -6.931785952275175688 ) ) ;
#1264 = DIRECTION ( 'NONE',  ( 0.000000000000000000, 0.000000000000000000, -1.000000000000000000 ) ) ;
#1265 = VERTEX_POINT ( 'NONE', #1103 ) ;
#1266 = CARTESIAN_POINT ( 'NONE',  ( 34.60000000000000142, 2.606424087848269178, -8.614322577793585012 ) ) ;
#1267 = ADVANCED_FACE ( 'NONE', ( #1437 ), #2136, .T. ) ;
#1268 = ADVANCED_FACE ( 'NONE', ( #1113 ), #1288, .T. ) ;
#1269 = ADVANCED_FACE ( 'NONE', ( #1956 ), #903, .T. ) ;
#1270 = CARTESIAN_POINT ( 'NONE',  ( 24.59999999999999787, 0.000000000000000000, 0.1499999999999999944 ) ) ;
#1271 = CIRCLE ( 'NONE', #1823, 10.00000000000000178 ) ;
#1272 = ORIENTED_EDGE ( 'NONE', *, *, #1692, .F. ) ;
#1273 = DIRECTION ( 'NONE',  ( 1.000000000000000000, 0.000000000000000000, 0.000000000000000000 ) ) ;
#1274 = CIRCLE ( 'NONE', #719, 9.000000000000000000 ) ;
#1275 = DIRECTION ( 'NONE',  ( 0.000000000000000000, 0.000000000000000000, -1.000000000000000000 ) ) ;
#1276 = EDGE_LOOP ( 'NONE', ( #627, #885, #676, #1822, #1205 ) ) ;
#1277 = FACE_OUTER_BOUND ( 'NONE', #2207, .T. ) ;
#1278 = UNCERTAINTY_MEASURE_WITH_UNIT (LENGTH_MEASURE( 1.000000000000000082E-05 ), #1335, 'distance_accuracy_value', 'NONE');
#1279 = CIRCLE ( 'NONE', #1360, 6.049999999999999822 ) ;
#1280 = ORIENTED_EDGE ( 'NONE', *, *, #970, .F. ) ;
#1281 = CARTESIAN_POINT ( 'NONE',  ( 18.59999999999999787, -10.60302848086181804, -13.13818223212012626 ) ) ;
#1282 = DIRECTION ( 'NONE',  ( -1.000000000000000000, -0.000000000000000000, -0.000000000000000000 ) ) ;
#1283 = EDGE_CURVE ( 'NONE', #409, #1976, #1963, .T. ) ;
#1284 = AXIS2_PLACEMENT_3D ( 'NONE', #1232, #1932, #1762 ) ;
#1285 = ADVANCED_FACE ( 'NONE', ( #509 ), #847, .F. ) ;
#1286 = EDGE_LOOP ( 'NONE', ( #1418, #2251, #561, #2075, #697 ) ) ;
#1287 = CARTESIAN_POINT ( 'NONE',  ( 26.59999999999999787, -4.365952903884279479, -5.321604448520053765 ) ) ;
#1288 = PLANE ( 'NONE',  #2221 ) ;
#1289 = ORIENTED_EDGE ( 'NONE', *, *, #214, .F. ) ;
#1290 = DIRECTION ( 'NONE',  ( 1.000000000000000000, 0.000000000000000000, 0.000000000000000000 ) ) ;
#1291 = ORIENTED_EDGE ( 'NONE', *, *, #1890, .T. ) ;
#1292 = APPLICATION_CONTEXT ( 'automotive_design' ) ;
#1293 = DIRECTION ( 'NONE',  ( 0.000000000000000000, 0.000000000000000000, -1.000000000000000000 ) ) ;
#1294 = ORIENTED_EDGE ( 'NONE', *, *, #1947, .F. ) ;
#1295 = EDGE_CURVE ( 'NONE', #99, #834, #135, .T. ) ;
#1296 = DIRECTION ( 'NONE',  ( 0.000000000000000000, 0.000000000000000000, -1.000000000000000000 ) ) ;
#1297 = CARTESIAN_POINT ( 'NONE',  ( 38.59999999999999432, -10.60302848086181804, -13.13818223212012626 ) ) ;
#1298 = ORIENTED_EDGE ( 'NONE', *, *, #1584, .F. ) ;
#1299 = DIRECTION ( 'NONE',  ( 1.000000000000000000, 0.000000000000000000, 0.000000000000000000 ) ) ;
#1300 = ORIENTED_EDGE ( 'NONE', *, *, #2201, .F. ) ;
#1301 = CARTESIAN_POINT ( 'NONE',  ( 38.59999999999999432, 0.000000000000000000, 0.1499999999999999944 ) ) ;
#1302 = CARTESIAN_POINT ( 'NONE',  ( 28.59999999999999787, 0.000000000000000000, 0.000000000000000000 ) ) ;
#1303 = EDGE_LOOP ( 'NONE', ( #1219, #1913, #484, #108, #1291 ) ) ;
#1304 = DIRECTION ( 'NONE',  ( 0.000000000000000000, 0.000000000000000000, -1.000000000000000000 ) ) ;
#1305 = CARTESIAN_POINT ( 'NONE',  ( 1.500000000000000000, 0.000000000000000000, 0.1499999999999999944 ) ) ;
#1306 = CIRCLE ( 'NONE', #410, 9.000000000000000000 ) ;
#1307 = VECTOR ( 'NONE', #252, 1000.000000000000000 ) ;
#1308 = ORIENTED_EDGE ( 'NONE', *, *, #80, .T. ) ;
#1309 = DIRECTION ( 'NONE',  ( 0.000000000000000000, 0.000000000000000000, 1.000000000000000000 ) ) ;
#1310 = AXIS2_PLACEMENT_3D ( 'NONE', #1029, #138, #840 ) ;
#1311 = EDGE_CURVE ( 'NONE', #489, #882, #867, .T. ) ;
#1312 = ADVANCED_FACE ( 'NONE', ( #835 ), #333, .F. ) ;
#1313 = DIRECTION ( 'NONE',  ( -1.000000000000000000, -0.000000000000000000, -0.000000000000000000 ) ) ;
#1314 = VECTOR ( 'NONE', #1664, 1000.000000000000000 ) ;
#1315 = EDGE_LOOP ( 'NONE', ( #287, #1677, #273, #730, #1964 ) ) ;
#1316 = AXIS2_PLACEMENT_3D ( 'NONE', #158, #871, #860 ) ;
#1317 = CARTESIAN_POINT ( 'NONE',  ( 34.60000000000000142, 0.000000000000000000, 0.000000000000000000 ) ) ;
#1318 = DIRECTION ( 'NONE',  ( -1.000000000000000000, -0.000000000000000000, -0.000000000000000000 ) ) ;
#1319 = ORIENTED_EDGE ( 'NONE', *, *, #912, .T. ) ;
#1320 = CARTESIAN_POINT ( 'NONE',  ( 31.59999999999999787, 0.000000000000000000, 0.000000000000000000 ) ) ;
#1321 = CARTESIAN_POINT ( 'NONE',  ( 18.59999999999999787, -4.365952903884279479, -5.321604448520053765 ) ) ;
#1322 = CIRCLE ( 'NONE', #1284, 9.000000000000000000 ) ;
#1323 = ORIENTED_EDGE ( 'NONE', *, *, #2262, .T. ) ;
#1324 = CARTESIAN_POINT ( 'NONE',  ( 37.59999999999999432, 0.000000000000000000, 0.000000000000000000 ) ) ;
#1325 = ORIENTED_EDGE ( 'NONE', *, *, #1693, .T. ) ;
#1326 = CARTESIAN_POINT ( 'NONE',  ( 27.59999999999999787, 0.000000000000000000, 0.1499999999999999944 ) ) ;
#1327 = EDGE_CURVE ( 'NONE', #31, #1986, #1060, .T. ) ;
#1328 = DIRECTION ( 'NONE',  ( 0.000000000000000000, -1.000000000000000000, 0.000000000000000000 ) ) ;
#1329 = CARTESIAN_POINT ( 'NONE',  ( 36.59999999999999432, 0.000000000000000000, 0.000000000000000000 ) ) ;
#1330 = CARTESIAN_POINT ( 'NONE',  ( 1.500000000000000000, 6.998392672607046450, 0.000000000000000000 ) ) ;
#1331 = ORIENTED_EDGE ( 'NONE', *, *, #1620, .T. ) ;
#1332 = LINE ( 'NONE', #1320, #1356 ) ;
#1333 = CARTESIAN_POINT ( 'NONE',  ( 32.59999999999999432, 2.606424087848269178, -8.614322577793585012 ) ) ;
#1334 = VERTEX_POINT ( 'NONE', #1747 ) ;
#1335 =( LENGTH_UNIT ( ) NAMED_UNIT ( * ) SI_UNIT ( .MILLI., .METRE. ) );
#1336 = MANIFOLD_SOLID_BREP ( 'Split3[2]', #1058 ) ;
#1337 = DIRECTION ( 'NONE',  ( 0.000000000000000000, 0.000000000000000000, -1.000000000000000000 ) ) ;
#1338 = VERTEX_POINT ( 'NONE', #1946 ) ;
#1339 = CARTESIAN_POINT ( 'NONE',  ( 1.500000000000000000, 6.998392672607046450, 0.000000000000000000 ) ) ;
#1340 = CARTESIAN_POINT ( 'NONE',  ( 23.59999999999999432, -10.60302848086181804, -13.13818223212012626 ) ) ;
#1341 = EDGE_CURVE ( 'NONE', #1074, #1976, #2054, .T. ) ;
#1342 = CARTESIAN_POINT ( 'NONE',  ( 26.59999999999999787, 9.000000000000000000, 0.000000000000000000 ) ) ;
#1343 = ADVANCED_FACE ( 'NONE', ( #1897 ), #307, .T. ) ;
#1344 = VERTEX_POINT ( 'NONE', #146 ) ;
#1345 = DIRECTION ( 'NONE',  ( -1.000000000000000000, -0.000000000000000000, -0.000000000000000000 ) ) ;
#1346 = CARTESIAN_POINT ( 'NONE',  ( 28.59999999999999787, 1.158410705710341659, -3.828587812352703956 ) ) ;
#1347 = ORIENTED_EDGE ( 'NONE', *, *, #112, .T. ) ;
#1348 = SHAPE_DEFINITION_REPRESENTATION ( #1701, #233 ) ;
#1349 = AXIS2_PLACEMENT_3D ( 'NONE', #1893, #667, #1004 ) ;
#1350 = DIRECTION ( 'NONE',  ( 0.000000000000000000, 0.000000000000000000, -1.000000000000000000 ) ) ;
#1351 = ORIENTED_EDGE ( 'NONE', *, *, #2121, .F. ) ;
#1352 = LINE ( 'NONE', #1339, #1462 ) ;
#1353 = AXIS2_PLACEMENT_3D ( 'NONE', #1517, #1313, #1139 ) ;
#1354 = CIRCLE ( 'NONE', #197, 6.049999999999999822 ) ;
#1355 = DIRECTION ( 'NONE',  ( 0.000000000000000000, -1.000000000000000000, 0.000000000000000000 ) ) ;
#1356 = VECTOR ( 'NONE', #2178, 1000.000000000000000 ) ;
#1357 = DIRECTION ( 'NONE',  ( 1.000000000000000000, 0.000000000000000000, 0.000000000000000000 ) ) ;
#1358 = AXIS2_PLACEMENT_3D ( 'NONE', #1251, #52, #590 ) ;
#1359 = VERTEX_POINT ( 'NONE', #1400 ) ;
#1360 = AXIS2_PLACEMENT_3D ( 'NONE', #1656, #762, #48 ) ;
#1361 = FACE_OUTER_BOUND ( 'NONE', #876, .T. ) ;
#1362 = LINE ( 'NONE', #594, #1796 ) ;
#1363 = EDGE_CURVE ( 'NONE', #834, #49, #1177, .T. ) ;
#1364 = MECHANICAL_DESIGN_GEOMETRIC_PRESENTATION_REPRESENTATION (  '', ( #316 ), #1690 ) ;
#1365 = ORIENTED_EDGE ( 'NONE', *, *, #1749, .T. ) ;
#1366 = AXIS2_PLACEMENT_3D ( 'NONE', #759, #584, #1255 ) ;
#1367 = DIRECTION ( 'NONE',  ( 1.000000000000000000, 0.000000000000000000, 0.000000000000000000 ) ) ;
#1368 = VERTEX_POINT ( 'NONE', #3 ) ;
#1369 = LINE ( 'NONE', #1717, #171 ) ;
#1370 = CARTESIAN_POINT ( 'NONE',  ( 18.59999999999999787, 6.998392672607047338, 0.000000000000000000 ) ) ;
#1371 = DIRECTION ( 'NONE',  ( 1.000000000000000000, 0.000000000000000000, 0.000000000000000000 ) ) ;
#1372 = ORIENTED_EDGE ( 'NONE', *, *, #781, .F. ) ;
#1373 = DIRECTION ( 'NONE',  ( 0.000000000000000000, 0.000000000000000000, -1.000000000000000000 ) ) ;
#1374 = CARTESIAN_POINT ( 'NONE',  ( 40.59999999999999432, 6.998392672607047338, 0.000000000000000000 ) ) ;
#1375 = EDGE_CURVE ( 'NONE', #216, #2169, #695, .T. ) ;
#1376 = EDGE_LOOP ( 'NONE', ( #1877, #467, #2023, #1198 ) ) ;
#1377 = DIRECTION ( 'NONE',  ( 1.000000000000000000, 0.000000000000000000, 0.000000000000000000 ) ) ;
#1378 = FACE_OUTER_BOUND ( 'NONE', #1655, .T. ) ;
#1379 = VERTEX_POINT ( 'NONE', #2099 ) ;
#1380 = CYLINDRICAL_SURFACE ( 'NONE', #1013, 9.000000000000000000 ) ;
#1381 = LINE ( 'NONE', #861, #563 ) ;
#1382 = VERTEX_POINT ( 'NONE', #519 ) ;
#1383 = DIRECTION ( 'NONE',  ( 0.000000000000000000, 0.000000000000000000, -1.000000000000000000 ) ) ;
#1384 = CARTESIAN_POINT ( 'NONE',  ( 32.59999999999999432, 9.000000000000000000, 0.000000000000000000 ) ) ;
#1385 = ORIENTED_EDGE ( 'NONE', *, *, #2056, .F. ) ;
#1386 = DIRECTION ( 'NONE',  ( 0.000000000000000000, 0.000000000000000000, -1.000000000000000000 ) ) ;
#1387 = DIRECTION ( 'NONE',  ( -1.000000000000000000, -0.000000000000000000, -0.000000000000000000 ) ) ;
#1388 = ORIENTED_EDGE ( 'NONE', *, *, #144, .F. ) ;
#1389 = CARTESIAN_POINT ( 'NONE',  ( 29.59999999999999787, 0.000000000000000000, 0.000000000000000000 ) ) ;
#1390 = EDGE_CURVE ( 'NONE', #1790, #1971, #1322, .T. ) ;
#1391 = EDGE_CURVE ( 'NONE', #1618, #763, #1781, .T. ) ;
#1392 = AXIS2_PLACEMENT_3D ( 'NONE', #1329, #1153, #1511 ) ;
#1393 = VECTOR ( 'NONE', #961, 1000.000000000000000 ) ;
#1394 = DIRECTION ( 'NONE',  ( 0.000000000000000000, 0.000000000000000000, -1.000000000000000000 ) ) ;
#1395 = ORIENTED_EDGE ( 'NONE', *, *, #1593, .F. ) ;
#1396 = CARTESIAN_POINT ( 'NONE',  ( 30.59999999999999432, -2.762069023147042390, -6.931785952275175688 ) ) ;
#1397 = VECTOR ( 'NONE', #1478, 1000.000000000000000 ) ;
#1398 = VECTOR ( 'NONE', #1226, 1000.000000000000000 ) ;
#1399 = ORIENTED_EDGE ( 'NONE', *, *, #1815, .T. ) ;
#1400 = CARTESIAN_POINT ( 'NONE',  ( 23.59999999999999432, -4.365952903884278591, -5.321604448520052877 ) ) ;
#1401 = CARTESIAN_POINT ( 'NONE',  ( 36.59999999999999432, -10.60302848086181804, -13.13818223212012626 ) ) ;
#1402 = ORIENTED_EDGE ( 'NONE', *, *, #37, .F. ) ;
#1403 = AXIS2_PLACEMENT_3D ( 'NONE', #36, #1973, #45 ) ;
#1404 = EDGE_CURVE ( 'NONE', #657, #996, #559, .T. ) ;
#1405 = ORIENTED_EDGE ( 'NONE', *, *, #213, .T. ) ;
#1406 = CARTESIAN_POINT ( 'NONE',  ( 34.60000000000000142, 0.000000000000000000, 0.000000000000000000 ) ) ;
#1407 = ORIENTED_EDGE ( 'NONE', *, *, #2067, .F. ) ;
#1408 = DIRECTION ( 'NONE',  ( 0.000000000000000000, 7.112366251504907509E-15, -1.000000000000000000 ) ) ;
#1409 = CARTESIAN_POINT ( 'NONE',  ( 36.59999999999999432, -10.60302848086181804, -13.13818223212012626 ) ) ;
#1410 = ORIENTED_EDGE ( 'NONE', *, *, #1749, .F. ) ;
#1411 = LINE ( 'NONE', #2102, #2265 ) ;
#1412 = ORIENTED_EDGE ( 'NONE', *, *, #1327, .T. ) ;
#1413 = EDGE_CURVE ( 'NONE', #251, #1344, #370, .T. ) ;
#1414 = ORIENTED_EDGE ( 'NONE', *, *, #2104, .F. ) ;
#1415 = VERTEX_POINT ( 'NONE', #1982 ) ;
#1416 =( NAMED_UNIT ( * ) SI_UNIT ( $, .STERADIAN. ) SOLID_ANGLE_UNIT ( ) );
#1417 = DIRECTION ( 'NONE',  ( 0.000000000000000000, -1.000000000000000000, 0.000000000000000000 ) ) ;
#1418 = ORIENTED_EDGE ( 'NONE', *, *, #687, .F. ) ;
#1419 = CARTESIAN_POINT ( 'NONE',  ( 24.59999999999999787, 9.000000000000000000, 0.000000000000000000 ) ) ;
#1420 = VECTOR ( 'NONE', #1551, 1000.000000000000000 ) ;
#1421 = VECTOR ( 'NONE', #2015, 1000.000000000000000 ) ;
#1422 = ORIENTED_EDGE ( 'NONE', *, *, #1604, .F. ) ;
#1423 = CARTESIAN_POINT ( 'NONE',  ( 37.59999999999999432, 0.000000000000000000, 0.1499999999999999944 ) ) ;
#1424 = VECTOR ( 'NONE', #1709, 1000.000000000000000 ) ;
#1425 = VECTOR ( 'NONE', #325, 1000.000000000000000 ) ;
#1426 = EDGE_CURVE ( 'NONE', #2230, #416, #1616, .T. ) ;
#1427 = VERTEX_POINT ( 'NONE', #1287 ) ;
#1428 = DIRECTION ( 'NONE',  ( 0.000000000000000000, 0.000000000000000000, -1.000000000000000000 ) ) ;
#1429 = AXIS2_PLACEMENT_3D ( 'NONE', #1911, #1223, #1408 ) ;
#1430 = CARTESIAN_POINT ( 'NONE',  ( 29.59999999999999787, 0.000000000000000000, 0.000000000000000000 ) ) ;
#1431 = ORIENTED_EDGE ( 'NONE', *, *, #923, .T. ) ;
#1432 = DIRECTION ( 'NONE',  ( 1.000000000000000000, 0.000000000000000000, 0.000000000000000000 ) ) ;
#1433 = CARTESIAN_POINT ( 'NONE',  ( 33.60000000000000142, 1.158410705710341659, -3.828587812352703956 ) ) ;
#1434 = ORIENTED_EDGE ( 'NONE', *, *, #928, .F. ) ;
#1435 = CARTESIAN_POINT ( 'NONE',  ( 32.59999999999999432, -10.60302848086181804, -13.13818223212012626 ) ) ;
#1436 = EDGE_CURVE ( 'NONE', #1790, #186, #242, .T. ) ;
#1437 = FACE_OUTER_BOUND ( 'NONE', #1538, .T. ) ;
#1438 = EDGE_LOOP ( 'NONE', ( #167, #47, #2126, #495 ) ) ;
#1439 = DIRECTION ( 'NONE',  ( -1.000000000000000000, -0.000000000000000000, -0.000000000000000000 ) ) ;
#1440 = ADVANCED_FACE ( 'NONE', ( #1455 ), #1080, .F. ) ;
#1441 = DIRECTION ( 'NONE',  ( 1.000000000000000000, 0.000000000000000000, 0.000000000000000000 ) ) ;
#1442 = ORIENTED_EDGE ( 'NONE', *, *, #1564, .T. ) ;
#1443 = FACE_OUTER_BOUND ( 'NONE', #1031, .T. ) ;
#1444 = DIRECTION ( 'NONE',  ( -1.000000000000000000, 0.000000000000000000, 0.000000000000000000 ) ) ;
#1445 = ORIENTED_EDGE ( 'NONE', *, *, #796, .F. ) ;
#1446 = CARTESIAN_POINT ( 'NONE',  ( 23.59999999999999432, 0.000000000000000000, 0.1499999999999999944 ) ) ;
#1447 = ADVANCED_FACE ( 'NONE', ( #403 ), #223, .F. ) ;
#1448 = ADVANCED_FACE ( 'NONE', ( #204 ), #382, .F. ) ;
#1449 = DIRECTION ( 'NONE',  ( 0.000000000000000000, 0.000000000000000000, -1.000000000000000000 ) ) ;
#1450 = AXIS2_PLACEMENT_3D ( 'NONE', #1270, #1282, #1771 ) ;
#1451 = AXIS2_PLACEMENT_3D ( 'NONE', #1685, #2061, #476 ) ;
#1452 = VERTEX_POINT ( 'NONE', #61 ) ;
#1453 = CIRCLE ( 'NONE', #1310, 7.000000000000000888 ) ;
#1454 = ORIENTED_EDGE ( 'NONE', *, *, #896, .F. ) ;
#1455 = FACE_OUTER_BOUND ( 'NONE', #65, .T. ) ;
#1456 = PRODUCT ( 'MP-05971', 'MP-05971', '', ( #294 ) ) ;
#1457 = AXIS2_PLACEMENT_3D ( 'NONE', #2058, #1387, #1556 ) ;
#1458 = DIRECTION ( 'NONE',  ( -1.000000000000000000, -0.000000000000000000, -0.000000000000000000 ) ) ;
#1459 = ORIENTED_EDGE ( 'NONE', *, *, #1848, .F. ) ;
#1460 = LINE ( 'NONE', #2153, #1792 ) ;
#1461 = AXIS2_PLACEMENT_3D ( 'NONE', #1406, #2096, #1373 ) ;
#1462 = VECTOR ( 'NONE', #617, 1000.000000000000000 ) ;
#1463 = EDGE_LOOP ( 'NONE', ( #1300, #1643, #1422, #1794 ) ) ;
#1464 = DIRECTION ( 'NONE',  ( 1.000000000000000000, 0.000000000000000000, 0.000000000000000000 ) ) ;
#1465 = EDGE_CURVE ( 'NONE', #404, #636, #1250, .T. ) ;
#1466 = CARTESIAN_POINT ( 'NONE',  ( 13.59999999999999787, 0.000000000000000000, 0.000000000000000000 ) ) ;
#1467 = CIRCLE ( 'NONE', #655, 5.000000000000000888 ) ;
#1468 = EDGE_LOOP ( 'NONE', ( #1695, #364, #988, #430 ) ) ;
#1469 = AXIS2_PLACEMENT_3D ( 'NONE', #469, #1884, #1020 ) ;
#1470 = LINE ( 'NONE', #92, #1397 ) ;
#1471 = CARTESIAN_POINT ( 'NONE',  ( 35.60000000000000142, 6.998392672607047338, 0.000000000000000000 ) ) ;
#1472 = EDGE_LOOP ( 'NONE', ( #1351, #1852, #1068, #162 ) ) ;
#1473 = FACE_OUTER_BOUND ( 'NONE', #1303, .T. ) ;
#1474 = ORIENTED_EDGE ( 'NONE', *, *, #1175, .F. ) ;
#1475 = CARTESIAN_POINT ( 'NONE',  ( 1.500000000000000000, 6.998392672607046450, 0.000000000000000000 ) ) ;
#1476 = CARTESIAN_POINT ( 'NONE',  ( 1.500000000000000000, -4.365952903884278591, -5.321604448520052877 ) ) ;
#1477 = ORIENTED_EDGE ( 'NONE', *, *, #153, .F. ) ;
#1478 = DIRECTION ( 'NONE',  ( 0.000000000000000000, -1.000000000000000000, 0.000000000000000000 ) ) ;
#1479 = DIRECTION ( 'NONE',  ( -1.000000000000000000, -0.000000000000000000, -0.000000000000000000 ) ) ;
#1480 = EDGE_CURVE ( 'NONE', #255, #547, #1028, .T. ) ;
#1481 = VERTEX_POINT ( 'NONE', #1471 ) ;
#1482 = DIRECTION ( 'NONE',  ( 0.000000000000000000, 0.000000000000000000, -1.000000000000000000 ) ) ;
#1483 = ORIENTED_EDGE ( 'NONE', *, *, #1244, .F. ) ;
#1484 = CARTESIAN_POINT ( 'NONE',  ( 1.500000000000000000, -4.365952903884278591, -5.321604448520052877 ) ) ;
#1485 = DIRECTION ( 'NONE',  ( -1.000000000000000000, -0.000000000000000000, -0.000000000000000000 ) ) ;
#1486 = ORIENTED_EDGE ( 'NONE', *, *, #767, .F. ) ;
#1487 = LINE ( 'NONE', #623, #1606 ) ;
#1488 = DIRECTION ( 'NONE',  ( 0.000000000000000000, 0.000000000000000000, 1.000000000000000000 ) ) ;
#1489 = AXIS2_PLACEMENT_3D ( 'NONE', #886, #1596, #15 ) ;
#1490 = EDGE_CURVE ( 'NONE', #151, #1997, #914, .T. ) ;
#1491 = AXIS2_PLACEMENT_3D ( 'NONE', #2048, #664, #100 ) ;
#1492 = EDGE_LOOP ( 'NONE', ( #181, #1059, #777, #1581 ) ) ;
#1493 = CARTESIAN_POINT ( 'NONE',  ( 34.60000000000000142, 0.000000000000000000, 0.1499999999999999944 ) ) ;
#1494 = CIRCLE ( 'NONE', #1457, 7.000000000000000888 ) ;
#1495 = LINE ( 'NONE', #2186, #1393 ) ;
#1496 = AXIS2_PLACEMENT_3D ( 'NONE', #1824, #2018, #1304 ) ;
#1497 = VERTEX_POINT ( 'NONE', #2160 ) ;
#1498 = VECTOR ( 'NONE', #208, 1000.000000000000000 ) ;
#1499 = LINE ( 'NONE', #2189, #1526 ) ;
#1500 = DIRECTION ( 'NONE',  ( 1.000000000000000000, 0.000000000000000000, 0.000000000000000000 ) ) ;
#1501 = ORIENTED_EDGE ( 'NONE', *, *, #631, .T. ) ;
#1502 = LINE ( 'NONE', #269, #198 ) ;
#1503 = DIRECTION ( 'NONE',  ( -1.000000000000000000, -0.000000000000000000, -0.000000000000000000 ) ) ;
#1504 = AXIS2_PLACEMENT_3D ( 'NONE', #1297, #574, #395 ) ;
#1505 = VERTEX_POINT ( 'NONE', #922 ) ;
#1506 = EDGE_CURVE ( 'NONE', #1910, #10, #33, .T. ) ;
#1507 = CYLINDRICAL_SURFACE ( 'NONE', #1902, 5.000000000000000000 ) ;
#1508 = VERTEX_POINT ( 'NONE', #735 ) ;
#1509 = EDGE_CURVE ( 'NONE', #613, #148, #173, .T. ) ;
#1510 = ADVANCED_FACE ( 'NONE', ( #1443 ), #714, .F. ) ;
#1511 = DIRECTION ( 'NONE',  ( 0.000000000000000000, 0.000000000000000000, -1.000000000000000000 ) ) ;
#1512 = CARTESIAN_POINT ( 'NONE',  ( 24.59999999999999787, 0.000000000000000000, 0.000000000000000000 ) ) ;
#1513 = ORIENTED_EDGE ( 'NONE', *, *, #1375, .F. ) ;
#1514 = CYLINDRICAL_SURFACE ( 'NONE', #607, 5.000000000000000000 ) ;
#1515 = CARTESIAN_POINT ( 'NONE',  ( 40.59999999999999432, -10.60302848086181804, -13.13818223212012626 ) ) ;
#1516 = VERTEX_POINT ( 'NONE', #2119 ) ;
#1517 = CARTESIAN_POINT ( 'NONE',  ( 22.59999999999999432, 1.158410705710341659, -3.828587812352703956 ) ) ;
#1518 = ORIENTED_EDGE ( 'NONE', *, *, #754, .T. ) ;
#1519 = CYLINDRICAL_SURFACE ( 'NONE', #1491, 9.000000000000000000 ) ;
#1520 = EDGE_CURVE ( 'NONE', #1379, #1481, #1628, .T. ) ;
#1521 = PLANE ( 'NONE',  #748 ) ;
#1522 = ORIENTED_EDGE ( 'NONE', *, *, #1721, .F. ) ;
#1523 = DIRECTION ( 'NONE',  ( 1.000000000000000000, 0.000000000000000000, 0.000000000000000000 ) ) ;
#1524 = DIRECTION ( 'NONE',  ( 1.000000000000000000, 0.000000000000000000, 0.000000000000000000 ) ) ;
#1525 = ORIENTED_EDGE ( 'NONE', *, *, #501, .F. ) ;
#1526 = VECTOR ( 'NONE', #629, 1000.000000000000000 ) ;
#1527 =( NAMED_UNIT ( * ) SI_UNIT ( $, .STERADIAN. ) SOLID_ANGLE_UNIT ( ) );
#1528 = CIRCLE ( 'NONE', #2110, 9.000000000000000000 ) ;
#1529 = AXIS2_PLACEMENT_3D ( 'NONE', #262, #1845, #824 ) ;
#1530 = FACE_OUTER_BOUND ( 'NONE', #1438, .T. ) ;
#1531 = ORIENTED_EDGE ( 'NONE', *, *, #2261, .F. ) ;
#1532 = AXIS2_PLACEMENT_3D ( 'NONE', #810, #275, #1878 ) ;
#1533 = FACE_OUTER_BOUND ( 'NONE', #733, .T. ) ;
#1534 = VECTOR ( 'NONE', #361, 1000.000000000000000 ) ;
#1535 = CARTESIAN_POINT ( 'NONE',  ( 38.59999999999999432, -10.60302848086181804, -13.13818223212012626 ) ) ;
#1536 = CIRCLE ( 'NONE', #1450, 7.000000000000000888 ) ;
#1537 = EDGE_CURVE ( 'NONE', #1726, #816, #551, .T. ) ;
#1538 = EDGE_LOOP ( 'NONE', ( #241, #481, #1225, #746, #191 ) ) ;
#1539 = AXIS2_PLACEMENT_3D ( 'NONE', #2208, #420, #1309 ) ;
#1540 = DIRECTION ( 'NONE',  ( 0.000000000000000000, 0.000000000000000000, -1.000000000000000000 ) ) ;
#1541 = DIRECTION ( 'NONE',  ( -1.000000000000000000, -0.000000000000000000, -0.000000000000000000 ) ) ;
#1542 = VERTEX_POINT ( 'NONE', #959 ) ;
#1543 = CARTESIAN_POINT ( 'NONE',  ( 22.59999999999999432, 0.000000000000000000, 0.000000000000000000 ) ) ;
#1544 = VECTOR ( 'NONE', #1962, 1000.000000000000000 ) ;
#1545 = DIRECTION ( 'NONE',  ( -1.000000000000000000, -0.000000000000000000, -0.000000000000000000 ) ) ;
#1546 = ORIENTED_EDGE ( 'NONE', *, *, #154, .T. ) ;
#1547 = FACE_OUTER_BOUND ( 'NONE', #998, .T. ) ;
#1548 = AXIS2_PLACEMENT_3D ( 'NONE', #1725, #1552, #2074 ) ;
#1549 = LINE ( 'NONE', #820, #1569 ) ;
#1550 = VERTEX_POINT ( 'NONE', #1665 ) ;
#1551 = DIRECTION ( 'NONE',  ( 1.000000000000000000, 0.000000000000000000, 0.000000000000000000 ) ) ;
#1552 = DIRECTION ( 'NONE',  ( -1.000000000000000000, -0.000000000000000000, -0.000000000000000000 ) ) ;
#1553 = EDGE_CURVE ( 'NONE', #1516, #1008, #429, .T. ) ;
#1554 = ADVANCED_FACE ( 'NONE', ( #70 ), #1689, .T. ) ;
#1555 = VERTEX_POINT ( 'NONE', #2040 ) ;
#1556 = DIRECTION ( 'NONE',  ( 0.000000000000000000, 0.000000000000000000, -1.000000000000000000 ) ) ;
#1557 = ORIENTED_EDGE ( 'NONE', *, *, #912, .F. ) ;
#1558 = CARTESIAN_POINT ( 'NONE',  ( 19.59999999999999787, -10.60302848086181804, -13.13818223212012626 ) ) ;
#1559 = CARTESIAN_POINT ( 'NONE',  ( 31.59999999999999787, 0.000000000000000000, 0.1499999999999999944 ) ) ;
#1560 = ORIENTED_EDGE ( 'NONE', *, *, #165, .F. ) ;
#1561 = CARTESIAN_POINT ( 'NONE',  ( 26.59999999999999787, 2.606424087848269178, -8.614322577793585012 ) ) ;
#1562 = ORIENTED_EDGE ( 'NONE', *, *, #315, .F. ) ;
#1563 = DIRECTION ( 'NONE',  ( 0.000000000000000000, 0.000000000000000000, -1.000000000000000000 ) ) ;
#1564 = EDGE_CURVE ( 'NONE', #1049, #1726, #1467, .T. ) ;
#1565 = EDGE_CURVE ( 'NONE', #251, #1555, #383, .T. ) ;
#1566 = DIRECTION ( 'NONE',  ( 0.000000000000000000, 0.000000000000000000, -1.000000000000000000 ) ) ;
#1567 = VERTEX_POINT ( 'NONE', #1333 ) ;
#1568 = DIRECTION ( 'NONE',  ( 0.000000000000000000, 0.000000000000000000, -1.000000000000000000 ) ) ;
#1569 = VECTOR ( 'NONE', #1126, 1000.000000000000000 ) ;
#1570 = DIRECTION ( 'NONE',  ( 0.000000000000000000, 0.000000000000000000, -1.000000000000000000 ) ) ;
#1571 = CIRCLE ( 'NONE', #865, 9.000000000000000000 ) ;
#1572 = AXIS2_PLACEMENT_3D ( 'NONE', #211, #921, #758 ) ;
#1573 = VERTEX_POINT ( 'NONE', #1173 ) ;
#1574 = CARTESIAN_POINT ( 'NONE',  ( 40.59999999999999432, 9.000000000000000000, 0.000000000000000000 ) ) ;
#1575 = FACE_OUTER_BOUND ( 'NONE', #2108, .T. ) ;
#1576 = VECTOR ( 'NONE', #1149, 1000.000000000000000 ) ;
#1577 = ORIENTED_EDGE ( 'NONE', *, *, #1553, .T. ) ;
#1578 = DIRECTION ( 'NONE',  ( 1.000000000000000000, 0.000000000000000000, 0.000000000000000000 ) ) ;
#1579 = PRODUCT_DEFINITION_FORMATION_WITH_SPECIFIED_SOURCE ( 'ANY', '', #1456, .NOT_KNOWN. ) ;
#1580 = CARTESIAN_POINT ( 'NONE',  ( 18.59999999999999787, 0.000000000000000000, 0.000000000000000000 ) ) ;
#1581 = ORIENTED_EDGE ( 'NONE', *, *, #1283, .F. ) ;
#1582 = CARTESIAN_POINT ( 'NONE',  ( 1.500000000000000000, 6.998392672607046450, 0.000000000000000000 ) ) ;
#1583 = AXIS2_PLACEMENT_3D ( 'NONE', #1773, #2127, #1428 ) ;
#1584 = EDGE_CURVE ( 'NONE', #1997, #2169, #424, .T. ) ;
#1585 = EDGE_CURVE ( 'NONE', #404, #131, #507, .T. ) ;
#1586 = ORIENTED_EDGE ( 'NONE', *, *, #928, .T. ) ;
#1587 = DIRECTION ( 'NONE',  ( 0.000000000000000000, 1.000000000000000000, 0.000000000000000000 ) ) ;
#1588 = VERTEX_POINT ( 'NONE', #283 ) ;
#1589 = SURFACE_STYLE_USAGE ( .BOTH. , #324 ) ;
#1590 = CARTESIAN_POINT ( 'NONE',  ( 36.59999999999999432, -4.365952903884279479, -5.321604448520053765 ) ) ;
#1591 = ORIENTED_EDGE ( 'NONE', *, *, #857, .T. ) ;
#1592 = DIRECTION ( 'NONE',  ( -1.000000000000000000, -0.000000000000000000, -0.000000000000000000 ) ) ;
#1593 = EDGE_CURVE ( 'NONE', #1849, #1743, #1362, .T. ) ;
#1594 = ADVANCED_FACE ( 'NONE', ( #995 ), #2168, .T. ) ;
#1595 = ORIENTED_EDGE ( 'NONE', *, *, #1889, .T. ) ;
#1596 = DIRECTION ( 'NONE',  ( 1.000000000000000000, 0.000000000000000000, 0.000000000000000000 ) ) ;
#1597 = PLANE ( 'NONE',  #1019 ) ;
#1598 = CARTESIAN_POINT ( 'NONE',  ( -0.002000000000002000178, 0.000000000000000000, 0.000000000000000000 ) ) ;
#1599 = DIRECTION ( 'NONE',  ( 0.000000000000000000, 0.000000000000000000, -1.000000000000000000 ) ) ;
#1600 = ORIENTED_EDGE ( 'NONE', *, *, #113, .T. ) ;
#1601 = DIRECTION ( 'NONE',  ( -1.000000000000000000, -0.000000000000000000, -0.000000000000000000 ) ) ;
#1602 = AXIS2_PLACEMENT_3D ( 'NONE', #1928, #1908, #505 ) ;
#1603 = LINE ( 'NONE', #368, #1243 ) ;
#1604 = EDGE_CURVE ( 'NONE', #1663, #1182, #801, .T. ) ;
#1605 = VECTOR ( 'NONE', #483, 1000.000000000000000 ) ;
#1606 = VECTOR ( 'NONE', #806, 1000.000000000000000 ) ;
#1607 = ORIENTED_EDGE ( 'NONE', *, *, #1767, .T. ) ;
#1608 = ORIENTED_EDGE ( 'NONE', *, *, #268, .F. ) ;
#1609 = DIRECTION ( 'NONE',  ( 0.000000000000000000, 0.000000000000000000, -1.000000000000000000 ) ) ;
#1610 = ADVANCED_FACE ( 'NONE', ( #2179 ), #248, .T. ) ;
#1611 = VECTOR ( 'NONE', #531, 1000.000000000000000 ) ;
#1612 = CIRCLE ( 'NONE', #908, 7.000000000000000888 ) ;
#1613 = FACE_OUTER_BOUND ( 'NONE', #59, .T. ) ;
#1614 = ORIENTED_EDGE ( 'NONE', *, *, #1084, .F. ) ;
#1615 = FACE_OUTER_BOUND ( 'NONE', #1276, .T. ) ;
#1616 = CIRCLE ( 'NONE', #278, 5.000000000000000888 ) ;
#1617 = CARTESIAN_POINT ( 'NONE',  ( 35.60000000000000142, -2.762069023147044167, -6.931785952275177465 ) ) ;
#1618 = VERTEX_POINT ( 'NONE', #807 ) ;
#1619 = DIRECTION ( 'NONE',  ( -1.000000000000000000, -0.000000000000000000, -0.000000000000000000 ) ) ;
#1620 = EDGE_CURVE ( 'NONE', #155, #1555, #818, .T. ) ;
#1621 = EDGE_CURVE ( 'NONE', #1910, #1049, #982, .T. ) ;
#1622 = CARTESIAN_POINT ( 'NONE',  ( 21.59999999999999787, -2.762069023147044167, -6.931785952275177465 ) ) ;
#1623 = ORIENTED_EDGE ( 'NONE', *, *, #1890, .F. ) ;
#1624 = PLANE ( 'NONE',  #500 ) ;
#1625 = CARTESIAN_POINT ( 'NONE',  ( 27.59999999999999787, -4.365952903884278591, -5.321604448520052877 ) ) ;
#1626 = ORIENTED_EDGE ( 'NONE', *, *, #1920, .F. ) ;
#1627 = CARTESIAN_POINT ( 'NONE',  ( 28.59999999999999787, 0.000000000000000000, 0.000000000000000000 ) ) ;
#1628 = LINE ( 'NONE', #1955, #321 ) ;
#1629 = CARTESIAN_POINT ( 'NONE',  ( -0.002000000000002000178, 0.000000000000000000, -6.049999999999999822 ) ) ;
#1630 = VERTEX_POINT ( 'NONE', #1321 ) ;
#1631 = CARTESIAN_POINT ( 'NONE',  ( 20.59999999999999787, 9.000000000000000000, 0.000000000000000000 ) ) ;
#1632 = EDGE_CURVE ( 'NONE', #148, #409, #760, .T. ) ;
#1633 = ORIENTED_EDGE ( 'NONE', *, *, #1721, .T. ) ;
#1634 = CARTESIAN_POINT ( 'NONE',  ( 36.59999999999999432, 0.000000000000000000, 0.000000000000000000 ) ) ;
#1635 = AXIS2_PLACEMENT_3D ( 'NONE', #1433, #732, #2116 ) ;
#1636 = ORIENTED_EDGE ( 'NONE', *, *, #1012, .T. ) ;
#1637 = VECTOR ( 'NONE', #2022, 1000.000000000000000 ) ;
#1638 = LINE ( 'NONE', #1627, #2006 ) ;
#1639 = DIRECTION ( 'NONE',  ( 1.000000000000000000, 0.000000000000000000, 0.000000000000000000 ) ) ;
#1640 = CIRCLE ( 'NONE', #1166, 5.000000000000000888 ) ;
#1641 = AXIS2_PLACEMENT_3D ( 'NONE', #1699, #116, #1383 ) ;
#1642 = CYLINDRICAL_SURFACE ( 'NONE', #493, 9.000000000000000000 ) ;
#1643 = ORIENTED_EDGE ( 'NONE', *, *, #845, .T. ) ;
#1644 = CARTESIAN_POINT ( 'NONE',  ( 27.59999999999999787, -2.762069023147044167, -6.931785952275177465 ) ) ;
#1645 = VECTOR ( 'NONE', #1587, 1000.000000000000000 ) ;
#1646 = VECTOR ( 'NONE', #850, 1000.000000000000000 ) ;
#1647 = VERTEX_POINT ( 'NONE', #969 ) ;
#1648 = FACE_OUTER_BOUND ( 'NONE', #2192, .T. ) ;
#1649 = EDGE_CURVE ( 'NONE', #216, #151, #104, .T. ) ;
#1650 = EDGE_CURVE ( 'NONE', #1743, #724, #1654, .T. ) ;
#1651 = DIRECTION ( 'NONE',  ( 0.000000000000000000, -1.000000000000000000, 0.000000000000000000 ) ) ;
#1652 = ORIENTED_EDGE ( 'NONE', *, *, #144, .T. ) ;
#1653 = DIRECTION ( 'NONE',  ( -1.000000000000000000, -0.000000000000000000, -0.000000000000000000 ) ) ;
#1654 = LINE ( 'NONE', #1851, #2155 ) ;
#1655 = EDGE_LOOP ( 'NONE', ( #68, #172, #246, #821, #2199 ) ) ;
#1656 = CARTESIAN_POINT ( 'NONE',  ( 13.59999999999999787, 0.000000000000000000, 0.000000000000000000 ) ) ;
#1657 = DIRECTION ( 'NONE',  ( -1.000000000000000000, -0.000000000000000000, -0.000000000000000000 ) ) ;
#1658 = ORIENTED_EDGE ( 'NONE', *, *, #268, .T. ) ;
#1659 = DIRECTION ( 'NONE',  ( 1.000000000000000000, 0.000000000000000000, 0.000000000000000000 ) ) ;
#1660 = DIRECTION ( 'NONE',  ( 0.000000000000000000, 7.112366251504907509E-15, -1.000000000000000000 ) ) ;
#1661 = EDGE_CURVE ( 'NONE', #155, #1837, #1147, .T. ) ;
#1662 = ADVANCED_FACE ( 'NONE', ( #93 ), #1894, .T. ) ;
#1663 = VERTEX_POINT ( 'NONE', #1033 ) ;
#1664 = DIRECTION ( 'NONE',  ( 1.000000000000000000, 0.000000000000000000, 0.000000000000000000 ) ) ;
#1665 = CARTESIAN_POINT ( 'NONE',  ( 25.59999999999999787, 6.998392672607047338, 0.000000000000000000 ) ) ;
#1666 = ORIENTED_EDGE ( 'NONE', *, *, #1661, .F. ) ;
#1667 = CARTESIAN_POINT ( 'NONE',  ( 32.59999999999999432, 0.000000000000000000, 0.1499999999999999944 ) ) ;
#1668 = ORIENTED_EDGE ( 'NONE', *, *, #1816, .F. ) ;
#1669 = LINE ( 'NONE', #1844, #1307 ) ;
#1670 = CARTESIAN_POINT ( 'NONE',  ( 28.59999999999999787, 9.000000000000000000, 0.000000000000000000 ) ) ;
#1671 = VERTEX_POINT ( 'NONE', #2242 ) ;
#1672 = ADVANCED_FACE ( 'NONE', ( #480 ), #320, .T. ) ;
#1673 = DIRECTION ( 'NONE',  ( 0.000000000000000000, 7.112366251504907509E-15, -1.000000000000000000 ) ) ;
#1674 = DIRECTION ( 'NONE',  ( 0.000000000000000000, -1.000000000000000000, 0.000000000000000000 ) ) ;
#1675 = AXIS2_PLACEMENT_3D ( 'NONE', #1512, #1168, #103 ) ;
#1676 = EDGE_CURVE ( 'NONE', #1573, #1799, #1952, .T. ) ;
#1677 = ORIENTED_EDGE ( 'NONE', *, *, #2094, .T. ) ;
#1678 = APPLICATION_PROTOCOL_DEFINITION ( 'draft international standard', 'automotive_design', 1998, #1292 ) ;
#1679 = CIRCLE ( 'NONE', #267, 10.00000000000000178 ) ;
#1680 = DIRECTION ( 'NONE',  ( 1.000000000000000000, 0.000000000000000000, 0.000000000000000000 ) ) ;
#1681 = CIRCLE ( 'NONE', #169, 7.000000000000000888 ) ;
#1682 = ORIENTED_EDGE ( 'NONE', *, *, #1363, .F. ) ;
#1683 = DIRECTION ( 'NONE',  ( 0.000000000000000000, 0.000000000000000000, -1.000000000000000000 ) ) ;
#1684 = CIRCLE ( 'NONE', #1210, 5.000000000000000888 ) ;
#1685 = CARTESIAN_POINT ( 'NONE',  ( 38.59999999999999432, 0.000000000000000000, 0.000000000000000000 ) ) ;
#1686 = CARTESIAN_POINT ( 'NONE',  ( 36.59999999999999432, 9.000000000000000000, 0.000000000000000000 ) ) ;
#1687 = ORIENTED_EDGE ( 'NONE', *, *, #379, .T. ) ;
#1688 = DIRECTION ( 'NONE',  ( 1.000000000000000000, 0.000000000000000000, 0.000000000000000000 ) ) ;
#1689 = CYLINDRICAL_SURFACE ( 'NONE', #1836, 5.000000000000000000 ) ;
#1690 =( GEOMETRIC_REPRESENTATION_CONTEXT ( 3 ) GLOBAL_UNCERTAINTY_ASSIGNED_CONTEXT ( ( #597 ) ) GLOBAL_UNIT_ASSIGNED_CONTEXT ( ( #1036, #163, #1416 ) ) REPRESENTATION_CONTEXT ( 'NONE', 'WORKASPACE' ) );
#1691 = VERTEX_POINT ( 'NONE', #1374 ) ;
#1692 = EDGE_CURVE ( 'NONE', #49, #763, #2193, .T. ) ;
#1693 = EDGE_CURVE ( 'NONE', #1837, #399, #1138, .T. ) ;
#1694 = FACE_OUTER_BOUND ( 'NONE', #1463, .T. ) ;
#1695 = ORIENTED_EDGE ( 'NONE', *, *, #1676, .F. ) ;
#1696 = CARTESIAN_POINT ( 'NONE',  ( 40.59999999999999432, 0.000000000000000000, 0.000000000000000000 ) ) ;
#1697 = FACE_OUTER_BOUND ( 'NONE', #1492, .T. ) ;
#1698 = ORIENTED_EDGE ( 'NONE', *, *, #227, .F. ) ;
#1699 = CARTESIAN_POINT ( 'NONE',  ( 19.59999999999999787, 0.000000000000000000, 0.1499999999999999944 ) ) ;
#1700 = DIRECTION ( 'NONE',  ( -1.000000000000000000, -0.000000000000000000, -0.000000000000000000 ) ) ;
#1701 = PRODUCT_DEFINITION_SHAPE ( 'NONE', 'NONE',  #766 ) ;
#1702 = ORIENTED_EDGE ( 'NONE', *, *, #643, .F. ) ;
#1703 = DIRECTION ( 'NONE',  ( 0.000000000000000000, 7.112366251504907509E-15, -1.000000000000000000 ) ) ;
#1704 = DIRECTION ( 'NONE',  ( 0.000000000000000000, 0.000000000000000000, -1.000000000000000000 ) ) ;
#1705 = EDGE_LOOP ( 'NONE', ( #74, #1347, #1813, #2123, #573 ) ) ;
#1706 = LINE ( 'NONE', #839, #980 ) ;
#1707 = EDGE_CURVE ( 'NONE', #819, #547, #668, .T. ) ;
#1708 = DIRECTION ( 'NONE',  ( -1.000000000000000000, -0.000000000000000000, -0.000000000000000000 ) ) ;
#1709 = DIRECTION ( 'NONE',  ( 1.000000000000000000, 0.000000000000000000, 0.000000000000000000 ) ) ;
#1710 = EDGE_LOOP ( 'NONE', ( #1860, #596, #1865, #1474, #734, #1940, #673, #1607 ) ) ;
#1711 = DIRECTION ( 'NONE',  ( -1.000000000000000000, -0.000000000000000000, -0.000000000000000000 ) ) ;
#1712 = DIRECTION ( 'NONE',  ( 1.000000000000000000, 0.000000000000000000, 0.000000000000000000 ) ) ;
#1713 = ORIENTED_EDGE ( 'NONE', *, *, #1650, .F. ) ;
#1714 = AXIS2_PLACEMENT_3D ( 'NONE', #708, #1770, #2114 ) ;
#1715 = DIRECTION ( 'NONE',  ( 1.000000000000000000, 0.000000000000000000, 0.000000000000000000 ) ) ;
#1716 = ORIENTED_EDGE ( 'NONE', *, *, #1102, .T. ) ;
#1717 = CARTESIAN_POINT ( 'NONE',  ( 25.59999999999999787, 0.000000000000000000, 0.000000000000000000 ) ) ;
#1718 = VECTOR ( 'NONE', #1154, 1000.000000000000000 ) ;
#1719 = CIRCLE ( 'NONE', #606, 10.00000000000000178 ) ;
#1720 = CARTESIAN_POINT ( 'NONE',  ( 26.59999999999999787, 2.606424087848269178, -8.614322577793585012 ) ) ;
#1721 = EDGE_CURVE ( 'NONE', #2165, #523, #466, .T. ) ;
#1722 = EDGE_LOOP ( 'NONE', ( #1148, #1179, #1855, #1557 ) ) ;
#1723 = VECTOR ( 'NONE', #1235, 1000.000000000000000 ) ;
#1724 = LINE ( 'NONE', #831, #1061 ) ;
#1725 = CARTESIAN_POINT ( 'NONE',  ( 35.60000000000000142, -10.60302848086181804, -13.13818223212012626 ) ) ;
#1726 = VERTEX_POINT ( 'NONE', #491 ) ;
#1727 = CARTESIAN_POINT ( 'NONE',  ( 33.60000000000000142, 0.000000000000000000, 0.000000000000000000 ) ) ;
#1728 = AXIS2_PLACEMENT_3D ( 'NONE', #107, #1503, #418 ) ;
#1729 = FACE_OUTER_BOUND ( 'NONE', #474, .T. ) ;
#1730 = EDGE_LOOP ( 'NONE', ( #284, #960, #5, #589, #967, #782, #1733, #1560, #543, #1751, #1779, #1702, #1412, #2069, #1133, #77, #1746, #1114, #360, #1756, #1687, #1577, #389, #713, #14, #1546, #1407, #852, #1949, #1934, #1525, #773, #1817, #950, #795, #1414, #1827, #518, #2066, #336, #2254, #2238, #2204, #1227, #329, #1922, #1402, #702, #2057, #118 ) ) ;
#1731 = CARTESIAN_POINT ( 'NONE',  ( 1.500000000000000000, 6.998392672607046450, 0.000000000000000000 ) ) ;
#1732 = DIRECTION ( 'NONE',  ( 0.000000000000000000, 0.000000000000000000, -1.000000000000000000 ) ) ;
#1733 = ORIENTED_EDGE ( 'NONE', *, *, #112, .F. ) ;
#1734 = DIRECTION ( 'NONE',  ( 1.000000000000000000, 0.000000000000000000, 0.000000000000000000 ) ) ;
#1735 = DIRECTION ( 'NONE',  ( 0.000000000000000000, 0.000000000000000000, -1.000000000000000000 ) ) ;
#1736 = EDGE_CURVE ( 'NONE', #996, #1508, #1253, .T. ) ;
#1737 = VERTEX_POINT ( 'NONE', #1194 ) ;
#1738 = DIRECTION ( 'NONE',  ( 1.000000000000000000, 0.000000000000000000, 0.000000000000000000 ) ) ;
#1739 = CYLINDRICAL_SURFACE ( 'NONE', #308, 10.00000000000000000 ) ;
#1740 = ORIENTED_EDGE ( 'NONE', *, *, #2014, .F. ) ;
#1741 = CARTESIAN_POINT ( 'NONE',  ( 19.59999999999999787, 1.158410705710341659, -3.828587812352703956 ) ) ;
#1742 = DIRECTION ( 'NONE',  ( 0.000000000000000000, 0.000000000000000000, -1.000000000000000000 ) ) ;
#1743 = VERTEX_POINT ( 'NONE', #1370 ) ;
#1744 = LINE ( 'NONE', #127, #129 ) ;
#1745 = EDGE_CURVE ( 'NONE', #1849, #1334, #1499, .T. ) ;
#1746 = ORIENTED_EDGE ( 'NONE', *, *, #1833, .T. ) ;
#1747 = CARTESIAN_POINT ( 'NONE',  ( 19.59999999999999787, 9.000000000000000000, 0.000000000000000000 ) ) ;
#1748 = EDGE_CURVE ( 'NONE', #1046, #657, #1051, .T. ) ;
#1749 = EDGE_CURVE ( 'NONE', #1359, #882, #823, .T. ) ;
#1750 = DIRECTION ( 'NONE',  ( -1.000000000000000000, -0.000000000000000000, -0.000000000000000000 ) ) ;
#1751 = ORIENTED_EDGE ( 'NONE', *, *, #436, .T. ) ;
#1752 = DIRECTION ( 'NONE',  ( 1.000000000000000000, 0.000000000000000000, 0.000000000000000000 ) ) ;
#1753 = VECTOR ( 'NONE', #601, 1000.000000000000000 ) ;
#1754 = AXIS2_PLACEMENT_3D ( 'NONE', #776, #1485, #2174 ) ;
#1755 = CIRCLE ( 'NONE', #2180, 10.00000000000000178 ) ;
#1756 = ORIENTED_EDGE ( 'NONE', *, *, #1707, .F. ) ;
#1757 = DIRECTION ( 'NONE',  ( -1.000000000000000000, -0.000000000000000000, -0.000000000000000000 ) ) ;
#1758 = AXIS2_PLACEMENT_3D ( 'NONE', #141, #1734, #2087 ) ;
#1759 = LINE ( 'NONE', #878, #1645 ) ;
#1760 = VECTOR ( 'NONE', #1092, 1000.000000000000000 ) ;
#1761 = ORIENTED_EDGE ( 'NONE', *, *, #42, .T. ) ;
#1762 = DIRECTION ( 'NONE',  ( 0.000000000000000000, 0.000000000000000000, -1.000000000000000000 ) ) ;
#1763 = PRESENTATION_LAYER_ASSIGNMENT (  '', '', ( #316 ) ) ;
#1764 = CARTESIAN_POINT ( 'NONE',  ( 41.60000000000000142, -6.998392672607046450, 0.000000000000000000 ) ) ;
#1765 = ORIENTED_EDGE ( 'NONE', *, *, #124, .F. ) ;
#1766 = DIRECTION ( 'NONE',  ( 1.000000000000000000, 0.000000000000000000, 0.000000000000000000 ) ) ;
#1767 = EDGE_CURVE ( 'NONE', #1505, #707, #1896, .T. ) ;
#1768 = AXIS2_PLACEMENT_3D ( 'NONE', #2065, #1209, #1909 ) ;
#1769 = EDGE_LOOP ( 'NONE', ( #140, #962, #471, #372, #891 ) ) ;
#1770 = DIRECTION ( 'NONE',  ( 1.000000000000000000, 0.000000000000000000, 0.000000000000000000 ) ) ;
#1771 = DIRECTION ( 'NONE',  ( 0.000000000000000000, 0.000000000000000000, -1.000000000000000000 ) ) ;
#1772 = FACE_OUTER_BOUND ( 'NONE', #1769, .T. ) ;
#1773 = CARTESIAN_POINT ( 'NONE',  ( 40.59999999999999432, 1.158410705710341659, -3.828587812352703956 ) ) ;
#1774 = CARTESIAN_POINT ( 'NONE',  ( 13.59999999999999787, 0.000000000000000000, 0.1499999999999999944 ) ) ;
#1775 = EDGE_LOOP ( 'NONE', ( #202, #1097, #1698, #2020 ) ) ;
#1776 = CARTESIAN_POINT ( 'NONE',  ( 34.60000000000000142, -10.60302848086181804, -13.13818223212012626 ) ) ;
#1777 = EDGE_CURVE ( 'NONE', #1049, #31, #1785, .T. ) ;
#1778 = DIRECTION ( 'NONE',  ( 0.000000000000000000, 0.000000000000000000, -1.000000000000000000 ) ) ;
#1779 = ORIENTED_EDGE ( 'NONE', *, *, #895, .F. ) ;
#1780 = ORIENTED_EDGE ( 'NONE', *, *, #1537, .F. ) ;
#1781 = LINE ( 'NONE', #743, #387 ) ;
#1782 = CARTESIAN_POINT ( 'NONE',  ( 38.59999999999999432, 2.606424087848269178, -8.614322577793585012 ) ) ;
#1783 = VERTEX_POINT ( 'NONE', #463 ) ;
#1784 = DIRECTION ( 'NONE',  ( -0.000000000000000000, 0.000000000000000000, 1.000000000000000000 ) ) ;
#1785 = CIRCLE ( 'NONE', #1392, 9.000000000000000000 ) ;
#1786 = DIRECTION ( 'NONE',  ( 0.000000000000000000, 0.000000000000000000, -1.000000000000000000 ) ) ;
#1787 = VECTOR ( 'NONE', #729, 1000.000000000000000 ) ;
#1788 = ADVANCED_FACE ( 'NONE', ( #1858 ), #123, .T. ) ;
#1789 = ADVANCED_FACE ( 'NONE', ( #1533 ), #2202, .F. ) ;
#1790 = VERTEX_POINT ( 'NONE', #1190 ) ;
#1791 = DIRECTION ( 'NONE',  ( 0.000000000000000000, 0.000000000000000000, -1.000000000000000000 ) ) ;
#1792 = VECTOR ( 'NONE', #1432, 1000.000000000000000 ) ;
#1793 = CARTESIAN_POINT ( 'NONE',  ( 29.59999999999999787, 0.000000000000000000, 0.1499999999999999944 ) ) ;
#1794 = ORIENTED_EDGE ( 'NONE', *, *, #80, .F. ) ;
#1795 = CARTESIAN_POINT ( 'NONE',  ( 23.59999999999999432, 0.000000000000000000, 0.000000000000000000 ) ) ;
#1796 = VECTOR ( 'NONE', #2195, 1000.000000000000000 ) ;
#1797 = FACE_OUTER_BOUND ( 'NONE', #529, .T. ) ;
#1798 = DIRECTION ( 'NONE',  ( 0.000000000000000000, 0.000000000000000000, -1.000000000000000000 ) ) ;
#1799 = VERTEX_POINT ( 'NONE', #102 ) ;
#1800 = EDGE_CURVE ( 'NONE', #258, #1691, #814, .T. ) ;
#1801 = CARTESIAN_POINT ( 'NONE',  ( 37.59999999999999432, 9.000000000000000000, 0.000000000000000000 ) ) ;
#1802 = DIRECTION ( 'NONE',  ( -1.000000000000000000, -0.000000000000000000, -0.000000000000000000 ) ) ;
#1803 = DIRECTION ( 'NONE',  ( 1.000000000000000000, 0.000000000000000000, 0.000000000000000000 ) ) ;
#1804 = ORIENTED_EDGE ( 'NONE', *, *, #486, .T. ) ;
#1805 = DIRECTION ( 'NONE',  ( -1.000000000000000000, -0.000000000000000000, -0.000000000000000000 ) ) ;
#1806 = VERTEX_POINT ( 'NONE', #243 ) ;
#1807 = CARTESIAN_POINT ( 'NONE',  ( 29.59999999999999787, 2.606424087848269178, -8.614322577793585012 ) ) ;
#1808 = CARTESIAN_POINT ( 'NONE',  ( 28.59999999999999787, -10.60302848086181804, -13.13818223212012626 ) ) ;
#1809 = ORIENTED_EDGE ( 'NONE', *, *, #1390, .T. ) ;
#1810 = LINE ( 'NONE', #932, #2222 ) ;
#1811 = DIRECTION ( 'NONE',  ( 0.000000000000000000, 0.000000000000000000, -1.000000000000000000 ) ) ;
#1812 = DIRECTION ( 'NONE',  ( 1.000000000000000000, 0.000000000000000000, 0.000000000000000000 ) ) ;
#1813 = ORIENTED_EDGE ( 'NONE', *, *, #1983, .T. ) ;
#1814 = DIRECTION ( 'NONE',  ( 0.000000000000000000, 0.000000000000000000, -1.000000000000000000 ) ) ;
#1815 = EDGE_CURVE ( 'NONE', #1344, #155, #602, .T. ) ;
#1816 = EDGE_CURVE ( 'NONE', #1630, #2031, #775, .T. ) ;
#1817 = ORIENTED_EDGE ( 'NONE', *, *, #687, .T. ) ;
#1818 = DIRECTION ( 'NONE',  ( 1.000000000000000000, 0.000000000000000000, 0.000000000000000000 ) ) ;
#1819 = CARTESIAN_POINT ( 'NONE',  ( 26.59999999999999787, -2.762069023147042390, -6.931785952275175688 ) ) ;
#1820 = AXIS2_PLACEMENT_3D ( 'NONE', #2097, #338, #1055 ) ;
#1821 = AXIS2_PLACEMENT_3D ( 'NONE', #2200, #654, #475 ) ;
#1822 = ORIENTED_EDGE ( 'NONE', *, *, #124, .T. ) ;
#1823 = AXIS2_PLACEMENT_3D ( 'NONE', #231, #2016, #1660 ) ;
#1824 = CARTESIAN_POINT ( 'NONE',  ( 22.59999999999999432, 1.158410705710341659, -3.828587812352703956 ) ) ;
#1825 = CARTESIAN_POINT ( 'NONE',  ( 36.59999999999999432, 2.606424087848269178, -8.614322577793585012 ) ) ;
#1826 = VECTOR ( 'NONE', #1715, 1000.000000000000000 ) ;
#1827 = ORIENTED_EDGE ( 'NONE', *, *, #1984, .T. ) ;
#1828 = CARTESIAN_POINT ( 'NONE',  ( 20.59999999999999787, -10.60302848086181804, -13.13818223212012626 ) ) ;
#1829 = VECTOR ( 'NONE', #1207, 1000.000000000000000 ) ;
#1830 = CARTESIAN_POINT ( 'NONE',  ( 18.59999999999999787, 1.158410705710341659, -3.828587812352703956 ) ) ;
#1831 = CIRCLE ( 'NONE', #836, 10.00000000000000178 ) ;
#1832 = ORIENTED_EDGE ( 'NONE', *, *, #1848, .T. ) ;
#1833 = EDGE_CURVE ( 'NONE', #2240, #609, #604, .T. ) ;
#1834 = ADVANCED_FACE ( 'NONE', ( #1547 ), #1380, .T. ) ;
#1835 = FACE_OUTER_BOUND ( 'NONE', #870, .T. ) ;
#1836 = AXIS2_PLACEMENT_3D ( 'NONE', #454, #1862, #770 ) ;
#1837 = VERTEX_POINT ( 'NONE', #447 ) ;
#1838 = DIRECTION ( 'NONE',  ( 1.000000000000000000, 0.000000000000000000, 0.000000000000000000 ) ) ;
#1839 = DIRECTION ( 'NONE',  ( -1.000000000000000000, -0.000000000000000000, -0.000000000000000000 ) ) ;
#1840 = ORIENTED_EDGE ( 'NONE', *, *, #2082, .F. ) ;
#1841 = LINE ( 'NONE', #96, #2117 ) ;
#1842 = CARTESIAN_POINT ( 'NONE',  ( 23.59999999999999432, -2.762069023147044167, -6.931785952275177465 ) ) ;
#1843 = ORIENTED_EDGE ( 'NONE', *, *, #854, .T. ) ;
#1844 = CARTESIAN_POINT ( 'NONE',  ( 20.59999999999999787, 2.606424087848269178, -8.614322577793585012 ) ) ;
#1845 = DIRECTION ( 'NONE',  ( 1.000000000000000000, 0.000000000000000000, 0.000000000000000000 ) ) ;
#1846 = ADVANCED_FACE ( 'NONE', ( #122 ), #1519, .T. ) ;
#1847 = FACE_OUTER_BOUND ( 'NONE', #1710, .T. ) ;
#1848 = EDGE_CURVE ( 'NONE', #186, #508, #2077, .T. ) ;
#1849 = VERTEX_POINT ( 'NONE', #1141 ) ;
#1850 = LINE ( 'NONE', #78, #1314 ) ;
#1851 = CARTESIAN_POINT ( 'NONE',  ( 1.500000000000000000, 6.998392672607046450, 0.000000000000000000 ) ) ;
#1852 = ORIENTED_EDGE ( 'NONE', *, *, #1876, .F. ) ;
#1853 = DIRECTION ( 'NONE',  ( -1.000000000000000000, -0.000000000000000000, -0.000000000000000000 ) ) ;
#1854 = LINE ( 'NONE', #2170, #830 ) ;
#1855 = ORIENTED_EDGE ( 'NONE', *, *, #797, .F. ) ;
#1856 = DIRECTION ( 'NONE',  ( -1.000000000000000000, -0.000000000000000000, -0.000000000000000000 ) ) ;
#1857 = LINE ( 'NONE', #764, #600 ) ;
#1858 = FACE_OUTER_BOUND ( 'NONE', #705, .T. ) ;
#1859 = CARTESIAN_POINT ( 'NONE',  ( 40.59999999999999432, 1.158410705710341659, -3.828587812352703956 ) ) ;
#1860 = ORIENTED_EDGE ( 'NONE', *, *, #315, .T. ) ;
#1861 = CARTESIAN_POINT ( 'NONE',  ( 13.59999999999999787, 6.050000000000000711, 0.000000000000000000 ) ) ;
#1862 = DIRECTION ( 'NONE',  ( -1.000000000000000000, -0.000000000000000000, -0.000000000000000000 ) ) ;
#1863 = ADVANCED_FACE ( 'NONE', ( #2060 ), #2211, .F. ) ;
#1864 = AXIS2_PLACEMENT_3D ( 'NONE', #1905, #328, #1742 ) ;
#1865 = ORIENTED_EDGE ( 'NONE', *, *, #298, .F. ) ;
#1866 = AXIS2_PLACEMENT_3D ( 'NONE', #134, #1545, #672 ) ;
#1867 = LINE ( 'NONE', #4, #1425 ) ;
#1868 = CIRCLE ( 'NONE', #1349, 5.000000000000000888 ) ;
#1869 = ORIENTED_EDGE ( 'NONE', *, *, #2014, .T. ) ;
#1870 = DIRECTION ( 'NONE',  ( 0.000000000000000000, 0.000000000000000000, -1.000000000000000000 ) ) ;
#1871 = CYLINDRICAL_SURFACE ( 'NONE', #1901, 5.000000000000000000 ) ;
#1872 = VERTEX_POINT ( 'NONE', #963 ) ;
#1873 = CARTESIAN_POINT ( 'NONE',  ( 32.59999999999999432, -4.365952903884279479, -5.321604448520053765 ) ) ;
#1874 = DIRECTION ( 'NONE',  ( 0.000000000000000000, 0.000000000000000000, -1.000000000000000000 ) ) ;
#1875 = AXIS2_PLACEMENT_3D ( 'NONE', #362, #1992, #1609 ) ;
#1876 = EDGE_CURVE ( 'NONE', #2028, #663, #1669, .T. ) ;
#1877 = ORIENTED_EDGE ( 'NONE', *, *, #2141, .F. ) ;
#1878 = DIRECTION ( 'NONE',  ( 0.000000000000000000, 0.000000000000000000, -1.000000000000000000 ) ) ;
#1879 = ORIENTED_EDGE ( 'NONE', *, *, #556, .F. ) ;
#1880 = CARTESIAN_POINT ( 'NONE',  ( 39.59999999999999432, 6.998392672607047338, 0.000000000000000000 ) ) ;
#1881 = DIRECTION ( 'NONE',  ( 1.000000000000000000, 0.000000000000000000, 0.000000000000000000 ) ) ;
#1882 = ORIENTED_EDGE ( 'NONE', *, *, #1112, .F. ) ;
#1883 = FACE_OUTER_BOUND ( 'NONE', #1775, .T. ) ;
#1884 = DIRECTION ( 'NONE',  ( -1.000000000000000000, -0.000000000000000000, -0.000000000000000000 ) ) ;
#1885 = ORIENTED_EDGE ( 'NONE', *, *, #1175, .T. ) ;
#1886 = CARTESIAN_POINT ( 'NONE',  ( 34.60000000000000142, 2.606424087848269178, -8.614322577793585012 ) ) ;
#1887 = EDGE_LOOP ( 'NONE', ( #1917, #1257, #1086, #622 ) ) ;
#1888 = DIRECTION ( 'NONE',  ( -1.000000000000000000, -0.000000000000000000, -0.000000000000000000 ) ) ;
#1889 = EDGE_CURVE ( 'NONE', #1994, #2225, #86, .T. ) ;
#1890 = EDGE_CURVE ( 'NONE', #1783, #2244, #494, .T. ) ;
#1891 = DIRECTION ( 'NONE',  ( 1.000000000000000000, 0.000000000000000000, 0.000000000000000000 ) ) ;
#1892 = ORIENTED_EDGE ( 'NONE', *, *, #438, .F. ) ;
#1893 = CARTESIAN_POINT ( 'NONE',  ( 39.59999999999999432, 1.158410705710341659, -3.828587812352703956 ) ) ;
#1894 = CYLINDRICAL_SURFACE ( 'NONE', #2235, 5.000000000000000000 ) ;
#1895 = ORIENTED_EDGE ( 'NONE', *, *, #516, .F. ) ;
#1896 = CIRCLE ( 'NONE', #897, 5.000000000000000888 ) ;
#1897 = FACE_OUTER_BOUND ( 'NONE', #1315, .T. ) ;
#1898 = CARTESIAN_POINT ( 'NONE',  ( 25.59999999999999787, 0.000000000000000000, 0.000000000000000000 ) ) ;
#1899 = ORIENTED_EDGE ( 'NONE', *, *, #1736, .F. ) ;
#1900 = CARTESIAN_POINT ( 'NONE',  ( 19.59999999999999787, -4.365952903884278591, -5.321604448520052877 ) ) ;
#1901 = AXIS2_PLACEMENT_3D ( 'NONE', #279, #1318, #2027 ) ;
#1902 = AXIS2_PLACEMENT_3D ( 'NONE', #2198, #626, #1162 ) ;
#1903 = CIRCLE ( 'NONE', #907, 9.000000000000000000 ) ;
#1904 = EDGE_CURVE ( 'NONE', #2103, #1550, #1369, .T. ) ;
#1905 = CARTESIAN_POINT ( 'NONE',  ( 20.59999999999999787, 0.000000000000000000, 0.000000000000000000 ) ) ;
#1906 = AXIS2_PLACEMENT_3D ( 'NONE', #822, #288, #297 ) ;
#1907 = ORIENTED_EDGE ( 'NONE', *, *, #1777, .F. ) ;
#1908 = DIRECTION ( 'NONE',  ( 1.000000000000000000, 0.000000000000000000, 0.000000000000000000 ) ) ;
#1909 = DIRECTION ( 'NONE',  ( 0.000000000000000000, 7.112366251504907509E-15, -1.000000000000000000 ) ) ;
#1910 = VERTEX_POINT ( 'NONE', #2024 ) ;
#1911 = CARTESIAN_POINT ( 'NONE',  ( 31.59999999999999787, -10.60302848086181804, -13.13818223212012626 ) ) ;
#1912 = CARTESIAN_POINT ( 'NONE',  ( 39.59999999999999432, 9.000000000000000000, 0.000000000000000000 ) ) ;
#1913 = ORIENTED_EDGE ( 'NONE', *, *, #1904, .T. ) ;
#1914 = DIRECTION ( 'NONE',  ( 0.000000000000000000, 0.000000000000000000, -1.000000000000000000 ) ) ;
#1915 = CARTESIAN_POINT ( 'NONE',  ( 0.000000000000000000, 0.000000000000000000, 0.000000000000000000 ) ) ;
#1916 = EDGE_CURVE ( 'NONE', #1099, #1382, #1352, .T. ) ;
#1917 = ORIENTED_EDGE ( 'NONE', *, *, #42, .F. ) ;
#1918 = CARTESIAN_POINT ( 'NONE',  ( 24.59999999999999787, 0.000000000000000000, 0.000000000000000000 ) ) ;
#1919 = DIRECTION ( 'NONE',  ( 1.000000000000000000, 0.000000000000000000, 0.000000000000000000 ) ) ;
#1920 = EDGE_CURVE ( 'NONE', #1452, #521, #685, .T. ) ;
#1921 = ADVANCED_FACE ( 'NONE', ( #434 ), #999, .F. ) ;
#1922 = ORIENTED_EDGE ( 'NONE', *, *, #1916, .T. ) ;
#1923 = DIRECTION ( 'NONE',  ( 0.000000000000000000, 0.000000000000000000, -1.000000000000000000 ) ) ;
#1924 = DIRECTION ( 'NONE',  ( 1.000000000000000000, 0.000000000000000000, 0.000000000000000000 ) ) ;
#1925 = VERTEX_POINT ( 'NONE', #261 ) ;
#1926 = DIRECTION ( 'NONE',  ( -1.000000000000000000, -0.000000000000000000, -0.000000000000000000 ) ) ;
#1927 = VERTEX_POINT ( 'NONE', #1880 ) ;
#1928 = CARTESIAN_POINT ( 'NONE',  ( 41.60000000000000142, 0.000000000000000000, 0.000000000000000000 ) ) ;
#1929 = CARTESIAN_POINT ( 'NONE',  ( 32.59999999999999432, 0.000000000000000000, 0.000000000000000000 ) ) ;
#1930 = ADVANCED_FACE ( 'NONE', ( #1189 ), #2226, .T. ) ;
#1931 = ORIENTED_EDGE ( 'NONE', *, *, #630, .T. ) ;
#1932 = DIRECTION ( 'NONE',  ( 1.000000000000000000, 0.000000000000000000, 0.000000000000000000 ) ) ;
#1933 = DIRECTION ( 'NONE',  ( 0.000000000000000000, 0.000000000000000000, -1.000000000000000000 ) ) ;
#1934 = ORIENTED_EDGE ( 'NONE', *, *, #619, .T. ) ;
#1935 = DIRECTION ( 'NONE',  ( 0.000000000000000000, 0.000000000000000000, 1.000000000000000000 ) ) ;
#1936 = CIRCLE ( 'NONE', #1602, 9.000000000000000000 ) ;
#1937 = AXIS2_PLACEMENT_3D ( 'NONE', #2012, #2209, #1482 ) ;
#1938 = AXIS2_PLACEMENT_3D ( 'NONE', #1774, #1444, #576 ) ;
#1939 = AXIS2_PLACEMENT_3D ( 'NONE', #1918, #842, #515 ) ;
#1940 = ORIENTED_EDGE ( 'NONE', *, *, #1341, .T. ) ;
#1941 = DIRECTION ( 'NONE',  ( 0.000000000000000000, -1.000000000000000000, 0.000000000000000000 ) ) ;
#1942 = AXIS2_PLACEMENT_3D ( 'NONE', #1634, #756, #1798 ) ;
#1943 = CARTESIAN_POINT ( 'NONE',  ( 20.59999999999999787, 0.000000000000000000, 0.000000000000000000 ) ) ;
#1944 = CIRCLE ( 'NONE', #97, 10.00000000000000178 ) ;
#1945 = CARTESIAN_POINT ( 'NONE',  ( 36.59999999999999432, 9.000000000000000000, 0.000000000000000000 ) ) ;
#1946 = CARTESIAN_POINT ( 'NONE',  ( 24.59999999999999787, 6.998392672607047338, 0.000000000000000000 ) ) ;
#1947 = EDGE_CURVE ( 'NONE', #1618, #1872, #800, .T. ) ;
#1948 = CARTESIAN_POINT ( 'NONE',  ( 27.59999999999999787, 0.000000000000000000, 0.000000000000000000 ) ) ;
#1949 = ORIENTED_EDGE ( 'NONE', *, *, #17, .T. ) ;
#1950 = LINE ( 'NONE', #2080, #1723 ) ;
#1951 = AXIS2_PLACEMENT_3D ( 'NONE', #2030, #1700, #117 ) ;
#1952 = CIRCLE ( 'NONE', #322, 5.000000000000000888 ) ;
#1953 = DIRECTION ( 'NONE',  ( -1.000000000000000000, -0.000000000000000000, -0.000000000000000000 ) ) ;
#1954 = ORIENTED_EDGE ( 'NONE', *, *, #1693, .F. ) ;
#1955 = CARTESIAN_POINT ( 'NONE',  ( 35.60000000000000142, 0.000000000000000000, 0.000000000000000000 ) ) ;
#1956 = FACE_OUTER_BOUND ( 'NONE', #1185, .T. ) ;
#1957 = EDGE_LOOP ( 'NONE', ( #957, #1518, #1195, #1658 ) ) ;
#1958 = DIRECTION ( 'NONE',  ( 0.000000000000000000, 0.000000000000000000, -1.000000000000000000 ) ) ;
#1959 = EDGE_CURVE ( 'NONE', #2176, #2165, #1706, .T. ) ;
#1960 = PLANE ( 'NONE',  #943 ) ;
#1961 = VERTEX_POINT ( 'NONE', #1065 ) ;
#1962 = DIRECTION ( 'NONE',  ( 1.000000000000000000, 0.000000000000000000, 0.000000000000000000 ) ) ;
#1963 = LINE ( 'NONE', #371, #536 ) ;
#1964 = ORIENTED_EDGE ( 'NONE', *, *, #487, .T. ) ;
#1965 = AXIS2_PLACEMENT_3D ( 'NONE', #2250, #1357, #2264 ) ;
#1966 = ADVANCED_FACE ( 'NONE', ( #2092 ), #522, .F. ) ;
#1967 = DIRECTION ( 'NONE',  ( 1.000000000000000000, -0.000000000000000000, -0.000000000000000000 ) ) ;
#1968 = DIRECTION ( 'NONE',  ( -1.000000000000000000, -0.000000000000000000, -0.000000000000000000 ) ) ;
#1969 = AXIS2_PLACEMENT_3D ( 'NONE', #215, #716, #1599 ) ;
#1970 = VECTOR ( 'NONE', #1838, 1000.000000000000000 ) ;
#1971 = VERTEX_POINT ( 'NONE', #1419 ) ;
#1972 = PLANE ( 'NONE',  #133 ) ;
#1973 = DIRECTION ( 'NONE',  ( -1.000000000000000000, -0.000000000000000000, -0.000000000000000000 ) ) ;
#1974 = CIRCLE ( 'NONE', #720, 5.000000000000000888 ) ;
#1975 = DIRECTION ( 'NONE',  ( 1.000000000000000000, 0.000000000000000000, 0.000000000000000000 ) ) ;
#1976 = VERTEX_POINT ( 'NONE', #535 ) ;
#1977 = LINE ( 'NONE', #1631, #199 ) ;
#1978 = VERTEX_POINT ( 'NONE', #485 ) ;
#1979 = VECTOR ( 'NONE', #1712, 1000.000000000000000 ) ;
#1980 = DIRECTION ( 'NONE',  ( 0.000000000000000000, -1.000000000000000000, 0.000000000000000000 ) ) ;
#1981 = ORIENTED_EDGE ( 'NONE', *, *, #1062, .T. ) ;
#1982 = CARTESIAN_POINT ( 'NONE',  ( 41.60000000000000142, 9.000000000000000000, 0.000000000000000000 ) ) ;
#1983 = EDGE_CURVE ( 'NONE', #1927, #2225, #1612, .T. ) ;
#1984 = EDGE_CURVE ( 'NONE', #1971, #1338, #1950, .T. ) ;
#1985 = DIRECTION ( 'NONE',  ( 1.000000000000000000, 0.000000000000000000, 0.000000000000000000 ) ) ;
#1986 = VERTEX_POINT ( 'NONE', #1075 ) ;
#1987 = PLANE ( 'NONE',  #944 ) ;
#1988 = ORIENTED_EDGE ( 'NONE', *, *, #1426, .F. ) ;
#1989 = LINE ( 'NONE', #1476, #2042 ) ;
#1990 = EDGE_LOOP ( 'NONE', ( #1395, #1445, #898, #1236, #369 ) ) ;
#1991 = DIRECTION ( 'NONE',  ( -1.000000000000000000, -0.000000000000000000, -0.000000000000000000 ) ) ;
#1992 = DIRECTION ( 'NONE',  ( 1.000000000000000000, 0.000000000000000000, 0.000000000000000000 ) ) ;
#1993 = ADVANCED_FACE ( 'NONE', ( #2070 ), #706, .F. ) ;
#1994 = VERTEX_POINT ( 'NONE', #2109 ) ;
#1995 = CARTESIAN_POINT ( 'NONE',  ( 35.60000000000000142, -4.365952903884278591, -5.321604448520052877 ) ) ;
#1996 = DIRECTION ( 'NONE',  ( 0.000000000000000000, -1.000000000000000000, 0.000000000000000000 ) ) ;
#1997 = VERTEX_POINT ( 'NONE', #892 ) ;
#1998 = DIRECTION ( 'NONE',  ( -1.000000000000000000, -0.000000000000000000, -0.000000000000000000 ) ) ;
#1999 = DIRECTION ( 'NONE',  ( 1.000000000000000000, 0.000000000000000000, 0.000000000000000000 ) ) ;
#2000 = CIRCLE ( 'NONE', #303, 9.000000000000000000 ) ;
#2001 = ORIENTED_EDGE ( 'NONE', *, *, #955, .T. ) ;
#2002 = AXIS2_PLACEMENT_3D ( 'NONE', #1559, #125, #1394 ) ;
#2003 = CARTESIAN_POINT ( 'NONE',  ( 20.59999999999999787, 0.000000000000000000, 0.1499999999999999944 ) ) ;
#2004 = DIRECTION ( 'NONE',  ( 1.000000000000000000, 0.000000000000000000, 0.000000000000000000 ) ) ;
#2005 = VECTOR ( 'NONE', #2247, 1000.000000000000000 ) ;
#2006 = VECTOR ( 'NONE', #1110, 1000.000000000000000 ) ;
#2007 = VERTEX_POINT ( 'NONE', #346 ) ;
#2008 = DIRECTION ( 'NONE',  ( 1.000000000000000000, 0.000000000000000000, 0.000000000000000000 ) ) ;
#2009 = VECTOR ( 'NONE', #1377, 1000.000000000000000 ) ;
#2010 = CIRCLE ( 'NONE', #539, 7.000000000000000888 ) ;
#2011 = EDGE_CURVE ( 'NONE', #1118, #1630, #1024, .T. ) ;
#2012 = CARTESIAN_POINT ( 'NONE',  ( 26.59999999999999787, -10.60302848086181804, -13.13818223212012626 ) ) ;
#2013 = ORIENTED_EDGE ( 'NONE', *, *, #1283, .T. ) ;
#2014 = EDGE_CURVE ( 'NONE', #296, #1211, #1974, .T. ) ;
#2015 = DIRECTION ( 'NONE',  ( 0.000000000000000000, -1.000000000000000000, 0.000000000000000000 ) ) ;
#2016 = DIRECTION ( 'NONE',  ( -1.000000000000000000, -0.000000000000000000, -0.000000000000000000 ) ) ;
#2017 = ORIENTED_EDGE ( 'NONE', *, *, #1506, .F. ) ;
#2018 = DIRECTION ( 'NONE',  ( -1.000000000000000000, -0.000000000000000000, -0.000000000000000000 ) ) ;
#2019 = CARTESIAN_POINT ( 'NONE',  ( 22.59999999999999432, 9.000000000000000000, 0.000000000000000000 ) ) ;
#2020 = ORIENTED_EDGE ( 'NONE', *, *, #1202, .T. ) ;
#2021 = CARTESIAN_POINT ( 'NONE',  ( 0.000000000000000000, 0.000000000000000000, 0.000000000000000000 ) ) ;
#2022 = DIRECTION ( 'NONE',  ( 0.000000000000000000, -1.000000000000000000, 0.000000000000000000 ) ) ;
#2023 = ORIENTED_EDGE ( 'NONE', *, *, #298, .T. ) ;
#2024 = CARTESIAN_POINT ( 'NONE',  ( 37.59999999999999432, 2.606424087848269178, -8.614322577793585012 ) ) ;
#2025 = EDGE_CURVE ( 'NONE', #1986, #1106, #2010, .T. ) ;
#2026 = EDGE_CURVE ( 'NONE', #255, #1567, #22, .T. ) ;
#2027 = DIRECTION ( 'NONE',  ( 0.000000000000000000, 0.000000000000000000, 1.000000000000000000 ) ) ;
#2028 = VERTEX_POINT ( 'NONE', #13 ) ;
#2029 = DIRECTION ( 'NONE',  ( 1.000000000000000000, 0.000000000000000000, 0.000000000000000000 ) ) ;
#2030 = CARTESIAN_POINT ( 'NONE',  ( 21.59999999999999787, -10.60302848086181804, -13.13818223212012626 ) ) ;
#2031 = VERTEX_POINT ( 'NONE', #1900 ) ;
#2032 = FACE_OUTER_BOUND ( 'NONE', #1887, .T. ) ;
#2033 = ORIENTED_EDGE ( 'NONE', *, *, #1125, .F. ) ;
#2034 = DIRECTION ( 'NONE',  ( 1.000000000000000000, 0.000000000000000000, 0.000000000000000000 ) ) ;
#2035 = CARTESIAN_POINT ( 'NONE',  ( 28.59999999999999787, -4.365952903884279479, -5.321604448520053765 ) ) ;
#2036 = EDGE_CURVE ( 'NONE', #1986, #1481, #1027, .T. ) ;
#2037 = APPLICATION_CONTEXT ( 'automotive_design' ) ;
#2038 = ORIENTED_EDGE ( 'NONE', *, *, #796, .T. ) ;
#2039 = DIRECTION ( 'NONE',  ( -1.000000000000000000, -0.000000000000000000, -0.000000000000000000 ) ) ;
#2040 = CARTESIAN_POINT ( 'NONE',  ( 23.59999999999999432, 9.000000000000000000, 0.000000000000000000 ) ) ;
#2041 = AXIS2_PLACEMENT_3D ( 'NONE', #152, #1054, #479 ) ;
#2042 = VECTOR ( 'NONE', #400, 1000.000000000000000 ) ;
#2043 = ORIENTED_EDGE ( 'NONE', *, *, #874, .F. ) ;
#2044 = CIRCLE ( 'NONE', #1938, 7.000000000000000000 ) ;
#2045 = CARTESIAN_POINT ( 'NONE',  ( 26.59999999999999787, 1.158410705710341659, -3.828587812352703956 ) ) ;
#2046 = AXIS2_PLACEMENT_3D ( 'NONE', #506, #1221, #1229 ) ;
#2047 = ORIENTED_EDGE ( 'NONE', *, *, #1030, .F. ) ;
#2048 = CARTESIAN_POINT ( 'NONE',  ( 20.59999999999999787, 0.000000000000000000, 0.000000000000000000 ) ) ;
#2049 = CIRCLE ( 'NONE', #1094, 7.000000000000000888 ) ;
#2050 = CARTESIAN_POINT ( 'NONE',  ( 39.59999999999999432, 0.000000000000000000, 0.000000000000000000 ) ) ;
#2051 = ORIENTED_EDGE ( 'NONE', *, *, #941, .T. ) ;
#2052 = DIRECTION ( 'NONE',  ( 1.000000000000000000, 0.000000000000000000, 0.000000000000000000 ) ) ;
#2053 = CARTESIAN_POINT ( 'NONE',  ( 1.500000000000000000, 6.998392672607046450, 0.000000000000000000 ) ) ;
#2054 = CIRCLE ( 'NONE', #2233, 7.000000000000000000 ) ;
#2055 = EDGE_CURVE ( 'NONE', #1737, #1099, #149, .T. ) ;
#2056 = EDGE_CURVE ( 'NONE', #2031, #296, #2150, .T. ) ;
#2057 = ORIENTED_EDGE ( 'NONE', *, *, #1593, .T. ) ;
#2058 = CARTESIAN_POINT ( 'NONE',  ( 21.59999999999999787, 0.000000000000000000, 0.1499999999999999944 ) ) ;
#2059 = ORIENTED_EDGE ( 'NONE', *, *, #154, .F. ) ;
#2060 = FACE_OUTER_BOUND ( 'NONE', #1990, .T. ) ;
#2061 = DIRECTION ( 'NONE',  ( 1.000000000000000000, 0.000000000000000000, 0.000000000000000000 ) ) ;
#2062 = DIRECTION ( 'NONE',  ( -1.000000000000000000, -0.000000000000000000, -0.000000000000000000 ) ) ;
#2063 = VERTEX_POINT ( 'NONE', #2249 ) ;
#2064 = DIRECTION ( 'NONE',  ( 1.000000000000000000, 0.000000000000000000, 0.000000000000000000 ) ) ;
#2065 = CARTESIAN_POINT ( 'NONE',  ( 29.59999999999999787, -10.60302848086181804, -13.13818223212012626 ) ) ;
#2066 = ORIENTED_EDGE ( 'NONE', *, *, #941, .F. ) ;
#2067 = EDGE_CURVE ( 'NONE', #700, #1978, #674, .T. ) ;
#2068 = CARTESIAN_POINT ( 'NONE',  ( 36.59999999999999432, 2.606424087848269178, -8.614322577793585012 ) ) ;
#2069 = ORIENTED_EDGE ( 'NONE', *, *, #2036, .T. ) ;
#2070 = FACE_OUTER_BOUND ( 'NONE', #1176, .T. ) ;
#2071 = CARTESIAN_POINT ( 'NONE',  ( 18.59999999999999787, 0.000000000000000000, 0.000000000000000000 ) ) ;
#2072 = ORIENTED_EDGE ( 'NONE', *, *, #699, .F. ) ;
#2073 = CARTESIAN_POINT ( 'NONE',  ( 23.59999999999999432, 2.606424087848269178, -8.614322577793585012 ) ) ;
#2074 = DIRECTION ( 'NONE',  ( 0.000000000000000000, 7.112366251504907509E-15, -1.000000000000000000 ) ) ;
#2075 = ORIENTED_EDGE ( 'NONE', *, *, #874, .T. ) ;
#2076 = CARTESIAN_POINT ( 'NONE',  ( 32.59999999999999432, -2.762069023147042390, -6.931785952275175688 ) ) ;
#2077 = CIRCLE ( 'NONE', #1087, 10.00000000000000178 ) ;
#2078 = DIRECTION ( 'NONE',  ( 0.000000000000000000, 0.000000000000000000, -1.000000000000000000 ) ) ;
#2079 = VERTEX_POINT ( 'NONE', #1039 ) ;
#2080 = CARTESIAN_POINT ( 'NONE',  ( 24.59999999999999787, 0.000000000000000000, 0.000000000000000000 ) ) ;
#2081 = AXIS2_PLACEMENT_3D ( 'NONE', #784, #259, #973 ) ;
#2082 = EDGE_CURVE ( 'NONE', #1550, #183, #25, .T. ) ;
#2083 = CIRCLE ( 'NONE', #1167, 10.00000000000000178 ) ;
#2084 = EDGE_CURVE ( 'NONE', #609, #160, #684, .T. ) ;
#2085 = PLANE ( 'NONE',  #412 ) ;
#2086 = VERTEX_POINT ( 'NONE', #698 ) ;
#2087 = DIRECTION ( 'NONE',  ( 0.000000000000000000, 0.000000000000000000, -1.000000000000000000 ) ) ;
#2088 = EDGE_LOOP ( 'NONE', ( #2196, #553, #633, #2098 ) ) ;
#2089 = VECTOR ( 'NONE', #1159, 1000.000000000000000 ) ;
#2090 = CARTESIAN_POINT ( 'NONE',  ( 20.59999999999999787, 6.998392672607047338, 0.000000000000000000 ) ) ;
#2091 = EDGE_LOOP ( 'NONE', ( #929, #1289, #737, #2258 ) ) ;
#2092 = FACE_OUTER_BOUND ( 'NONE', #1262, .T. ) ;
#2093 = EDGE_CURVE ( 'NONE', #1338, #717, #1411, .T. ) ;
#2094 = EDGE_CURVE ( 'NONE', #547, #160, #937, .T. ) ;
#2095 = ORIENTED_EDGE ( 'NONE', *, *, #438, .T. ) ;
#2096 = DIRECTION ( 'NONE',  ( 1.000000000000000000, 0.000000000000000000, 0.000000000000000000 ) ) ;
#2097 = CARTESIAN_POINT ( 'NONE',  ( 32.59999999999999432, 1.158410705710341659, -3.828587812352703956 ) ) ;
#2098 = ORIENTED_EDGE ( 'NONE', *, *, #1096, .T. ) ;
#2099 = CARTESIAN_POINT ( 'NONE',  ( 35.60000000000000142, 9.000000000000000000, 0.000000000000000000 ) ) ;
#2100 = CARTESIAN_POINT ( 'NONE',  ( 28.59999999999999787, 6.998392672607047338, 0.000000000000000000 ) ) ;
#2101 = EDGE_LOOP ( 'NONE', ( #111, #35, #1053, #1931, #1636 ) ) ;
#2102 = CARTESIAN_POINT ( 'NONE',  ( 1.500000000000000000, 6.998392672607046450, 0.000000000000000000 ) ) ;
#2103 = VERTEX_POINT ( 'NONE', #738 ) ;
#2104 = EDGE_CURVE ( 'NONE', #1971, #2103, #731, .T. ) ;
#2105 = ORIENTED_EDGE ( 'NONE', *, *, #486, .F. ) ;
#2106 = DIRECTION ( 'NONE',  ( 0.000000000000000000, 0.000000000000000000, 1.000000000000000000 ) ) ;
#2107 = DIRECTION ( 'NONE',  ( 1.000000000000000000, 0.000000000000000000, 0.000000000000000000 ) ) ;
#2108 = EDGE_LOOP ( 'NONE', ( #900, #1222, #60, #1513 ) ) ;
#2109 = CARTESIAN_POINT ( 'NONE',  ( 38.59999999999999432, -4.365952903884279479, -5.321604448520053765 ) ) ;
#2110 = AXIS2_PLACEMENT_3D ( 'NONE', #1228, #1523, #330 ) ;
#2111 = VECTOR ( 'NONE', #1651, 1000.000000000000000 ) ;
#2112 = AXIS2_PLACEMENT_3D ( 'NONE', #637, #460, #84 ) ;
#2113 = ORIENTED_EDGE ( 'NONE', *, *, #1012, .F. ) ;
#2114 = DIRECTION ( 'NONE',  ( 0.000000000000000000, 0.000000000000000000, -1.000000000000000000 ) ) ;
#2115 = AXIS2_PLACEMENT_3D ( 'NONE', #2125, #1108, #378 ) ;
#2116 = DIRECTION ( 'NONE',  ( 0.000000000000000000, 0.000000000000000000, -1.000000000000000000 ) ) ;
#2117 = VECTOR ( 'NONE', #2008, 1000.000000000000000 ) ;
#2118 = DIRECTION ( 'NONE',  ( 1.000000000000000000, 0.000000000000000000, 0.000000000000000000 ) ) ;
#2119 = CARTESIAN_POINT ( 'NONE',  ( 32.59999999999999432, 6.998392672607047338, 0.000000000000000000 ) ) ;
#2120 = EDGE_CURVE ( 'NONE', #717, #1359, #2049, .T. ) ;
#2121 = EDGE_CURVE ( 'NONE', #663, #1265, #1684, .T. ) ;
#2122 = DIRECTION ( 'NONE',  ( 0.000000000000000000, 0.000000000000000000, -1.000000000000000000 ) ) ;
#2123 = ORIENTED_EDGE ( 'NONE', *, *, #81, .T. ) ;
#2124 = DIRECTION ( 'NONE',  ( 0.000000000000000000, 0.000000000000000000, -1.000000000000000000 ) ) ;
#2125 = CARTESIAN_POINT ( 'NONE',  ( 29.59999999999999787, 0.000000000000000000, 0.000000000000000000 ) ) ;
#2126 = ORIENTED_EDGE ( 'NONE', *, *, #1480, .F. ) ;
#2127 = DIRECTION ( 'NONE',  ( -1.000000000000000000, -0.000000000000000000, -0.000000000000000000 ) ) ;
#2128 = DIRECTION ( 'NONE',  ( 1.000000000000000000, 0.000000000000000000, 0.000000000000000000 ) ) ;
#2129 = ORIENTED_EDGE ( 'NONE', *, *, #2025, .F. ) ;
#2130 = PLANE ( 'NONE',  #62 ) ;
#2131 = ADVANCED_FACE ( 'NONE', ( #2138 ), #1123, .T. ) ;
#2132 = CARTESIAN_POINT ( 'NONE',  ( 30.59999999999999432, 1.158410705710341659, -3.828587812352703956 ) ) ;
#2133 = EDGE_LOOP ( 'NONE', ( #385, #9, #1434, #498 ) ) ;
#2134 = ORIENTED_EDGE ( 'NONE', *, *, #1259, .T. ) ;
#2135 = CARTESIAN_POINT ( 'NONE',  ( 1.500000000000000000, -4.365952903884278591, -5.321604448520052877 ) ) ;
#2136 = PLANE ( 'NONE',  #939 ) ;
#2137 = ORIENTED_EDGE ( 'NONE', *, *, #555, .T. ) ;
#2138 = FACE_OUTER_BOUND ( 'NONE', #1730, .T. ) ;
#2139 = ADVANCED_FACE ( 'NONE', ( #926 ), #2130, .T. ) ;
#2140 = EDGE_CURVE ( 'NONE', #1737, #221, #1977, .T. ) ;
#2141 = EDGE_CURVE ( 'NONE', #1806, #105, #1279, .T. ) ;
#2142 = CARTESIAN_POINT ( 'NONE',  ( 38.59999999999999432, 6.998392672607047338, 0.000000000000000000 ) ) ;
#2143 = DIRECTION ( 'NONE',  ( 0.000000000000000000, 0.000000000000000000, 1.000000000000000000 ) ) ;
#2144 = VECTOR ( 'NONE', #1985, 1000.000000000000000 ) ;
#2145 = CIRCLE ( 'NONE', #415, 10.00000000000000178 ) ;
#2146 = AXIS2_PLACEMENT_3D ( 'NONE', #2132, #391, #2143 ) ;
#2147 = ORIENTED_EDGE ( 'NONE', *, *, #1604, .T. ) ;
#2148 = DIRECTION ( 'NONE',  ( 0.000000000000000000, 0.000000000000000000, -1.000000000000000000 ) ) ;
#2149 = CARTESIAN_POINT ( 'NONE',  ( 34.60000000000000142, 1.158410705710341659, -3.828587812352703956 ) ) ;
#2150 = CIRCLE ( 'NONE', #651, 10.00000000000000178 ) ;
#2151 = DIRECTION ( 'NONE',  ( 0.000000000000000000, 7.112366251504907509E-15, -1.000000000000000000 ) ) ;
#2152 = EDGE_LOOP ( 'NONE', ( #452, #1128, #2017, #2161 ) ) ;
#2153 = CARTESIAN_POINT ( 'NONE',  ( -0.002000000000002000178, 6.049999999999998934, 0.000000000000000000 ) ) ;
#2154 = ORIENTED_EDGE ( 'NONE', *, *, #1815, .F. ) ;
#2155 = VECTOR ( 'NONE', #1839, 1000.000000000000000 ) ;
#2156 = CARTESIAN_POINT ( 'NONE',  ( 33.60000000000000142, 9.000000000000000000, 0.000000000000000000 ) ) ;
#2157 = EDGE_CURVE ( 'NONE', #1368, #1074, #226, .T. ) ;
#2158 = ORIENTED_EDGE ( 'NONE', *, *, #923, .F. ) ;
#2159 = CARTESIAN_POINT ( 'NONE',  ( 39.59999999999999432, -10.60302848086181804, -13.13818223212012626 ) ) ;
#2160 = CARTESIAN_POINT ( 'NONE',  ( 26.59999999999999787, -2.762069023147044167, -6.931785952275177465 ) ) ;
#2161 = ORIENTED_EDGE ( 'NONE', *, *, #1621, .T. ) ;
#2162 = DIRECTION ( 'NONE',  ( 1.000000000000000000, 0.000000000000000000, 0.000000000000000000 ) ) ;
#2163 = VERTEX_POINT ( 'NONE', #1644 ) ;
#2164 = CARTESIAN_POINT ( 'NONE',  ( 13.59999999999999787, 6.998392672607046450, 0.000000000000000000 ) ) ;
#2165 = VERTEX_POINT ( 'NONE', #1995 ) ;
#2166 = ADVANCED_FACE ( 'NONE', ( #1615 ), #1624, .F. ) ;
#2167 = DIRECTION ( 'NONE',  ( 0.000000000000000000, 7.112366251504907509E-15, -1.000000000000000000 ) ) ;
#2168 = CYLINDRICAL_SURFACE ( 'NONE', #143, 5.000000000000000000 ) ;
#2169 = VERTEX_POINT ( 'NONE', #195 ) ;
#2170 = CARTESIAN_POINT ( 'NONE',  ( 13.59999999999999787, -0.000000000000000000, 0.000000000000000000 ) ) ;
#2171 = ORIENTED_EDGE ( 'NONE', *, *, #406, .F. ) ;
#2172 = LINE ( 'NONE', #580, #527 ) ;
#2173 = DIRECTION ( 'NONE',  ( 1.000000000000000000, 0.000000000000000000, 0.000000000000000000 ) ) ;
#2174 = DIRECTION ( 'NONE',  ( 0.000000000000000000, 0.000000000000000000, 1.000000000000000000 ) ) ;
#2175 = AXIS2_PLACEMENT_3D ( 'NONE', #2071, #2212, #488 ) ;
#2176 = VERTEX_POINT ( 'NONE', #239 ) ;
#2177 = CIRCLE ( 'NONE', #787, 9.000000000000000000 ) ;
#2178 = DIRECTION ( 'NONE',  ( 0.000000000000000000, -1.000000000000000000, 0.000000000000000000 ) ) ;
#2179 = FACE_OUTER_BOUND ( 'NONE', #126, .T. ) ;
#2180 = AXIS2_PLACEMENT_3D ( 'NONE', #497, #1367, #473 ) ;
#2181 = ORIENTED_EDGE ( 'NONE', *, *, #2243, .T. ) ;
#2182 = CARTESIAN_POINT ( 'NONE',  ( 1.500000000000000000, 6.998392672607046450, 0.000000000000000000 ) ) ;
#2183 = AXIS2_PLACEMENT_3D ( 'NONE', #1050, #1752, #1568 ) ;
#2184 = ADVANCED_FACE ( 'NONE', ( #1277 ), #217, .T. ) ;
#2185 = EDGE_CURVE ( 'NONE', #105, #694, #1460, .T. ) ;
#2186 = CARTESIAN_POINT ( 'NONE',  ( 28.59999999999999787, -2.762069023147042390, -6.931785952275175688 ) ) ;
#2187 = EDGE_LOOP ( 'NONE', ( #115, #2051, #757, #1365, #1716 ) ) ;
#2188 = DIRECTION ( 'NONE',  ( 1.000000000000000000, 0.000000000000000000, 0.000000000000000000 ) ) ;
#2189 = CARTESIAN_POINT ( 'NONE',  ( 18.59999999999999787, 9.000000000000000000, 0.000000000000000000 ) ) ;
#2190 = CARTESIAN_POINT ( 'NONE',  ( 40.59999999999999432, 2.606424087848269178, -8.614322577793585012 ) ) ;
#2191 = AXIS2_PLACEMENT_3D ( 'NONE', #2245, #670, #1386 ) ;
#2192 = EDGE_LOOP ( 'NONE', ( #2210, #95, #691, #1633, #1591 ) ) ;
#2193 = CIRCLE ( 'NONE', #990, 9.000000000000000000 ) ;
#2194 = LINE ( 'NONE', #417, #1970 ) ;
#2195 = DIRECTION ( 'NONE',  ( 0.000000000000000000, -1.000000000000000000, 0.000000000000000000 ) ) ;
#2196 = ORIENTED_EDGE ( 'NONE', *, *, #271, .T. ) ;
#2197 = APPLICATION_PROTOCOL_DEFINITION ( 'draft international standard', 'automotive_design', 1998, #2037 ) ;
#2198 = CARTESIAN_POINT ( 'NONE',  ( 34.60000000000000142, 1.158410705710341659, -3.828587812352703956 ) ) ;
#2199 = ORIENTED_EDGE ( 'NONE', *, *, #1200, .T. ) ;
#2200 = CARTESIAN_POINT ( 'NONE',  ( 18.59999999999999787, 0.000000000000000000, 0.000000000000000000 ) ) ;
#2201 = EDGE_CURVE ( 'NONE', #1265, #1647, #1944, .T. ) ;
#2202 = PLANE ( 'NONE',  #1451 ) ;
#2203 = CARTESIAN_POINT ( 'NONE',  ( 1.500000000000000000, -4.365952903884278591, -5.321604448520052877 ) ) ;
#2204 = ORIENTED_EDGE ( 'NONE', *, *, #1156, .F. ) ;
#2205 = CARTESIAN_POINT ( 'NONE',  ( 20.59999999999999787, 1.158410705710341659, -3.828587812352703956 ) ) ;
#2206 = DIRECTION ( 'NONE',  ( 1.000000000000000000, 0.000000000000000000, 0.000000000000000000 ) ) ;
#2207 = EDGE_LOOP ( 'NONE', ( #1586, #71, #2220, #2147, #1405 ) ) ;
#2208 = CARTESIAN_POINT ( 'NONE',  ( 18.59999999999999787, 1.158410705710341659, -3.828587812352703956 ) ) ;
#2209 = DIRECTION ( 'NONE',  ( 1.000000000000000000, 0.000000000000000000, 0.000000000000000000 ) ) ;
#2210 = ORIENTED_EDGE ( 'NONE', *, *, #778, .T. ) ;
#2211 = PLANE ( 'NONE',  #1821 ) ;
#2212 = DIRECTION ( 'NONE',  ( 1.000000000000000000, 0.000000000000000000, 0.000000000000000000 ) ) ;
#2213 = ADVANCED_FACE ( 'NONE', ( #1473 ), #1987, .T. ) ;
#2214 = EDGE_CURVE ( 'NONE', #1925, #1618, #2227, .T. ) ;
#2215 = ORIENTED_EDGE ( 'NONE', *, *, #569, .T. ) ;
#2216 = PLANE ( 'NONE',  #1758 ) ;
#2217 = DIRECTION ( 'NONE',  ( -1.000000000000000000, -0.000000000000000000, -0.000000000000000000 ) ) ;
#2218 = AXIS2_PLACEMENT_3D ( 'NONE', #1423, #549, #200 ) ;
#2219 = VECTOR ( 'NONE', #978, 1000.000000000000000 ) ;
#2220 = ORIENTED_EDGE ( 'NONE', *, *, #1112, .T. ) ;
#2221 = AXIS2_PLACEMENT_3D ( 'NONE', #546, #1812, #1081 ) ;
#2222 = VECTOR ( 'NONE', #1241, 1000.000000000000000 ) ;
#2223 = DIRECTION ( 'NONE',  ( 1.000000000000000000, 0.000000000000000000, 0.000000000000000000 ) ) ;
#2224 = CIRCLE ( 'NONE', #50, 6.049999999999999822 ) ;
#2225 = VERTEX_POINT ( 'NONE', #554 ) ;
#2226 = CYLINDRICAL_SURFACE ( 'NONE', #1906, 5.000000000000000000 ) ;
#2227 = CIRCLE ( 'NONE', #1249, 9.000000000000000000 ) ;
#2228 = FACE_OUTER_BOUND ( 'NONE', #1705, .T. ) ;
#2229 = COLOUR_RGB ( '',0.7921568627450980005, 0.8196078431372548767, 0.9333333333333333481 ) ;
#2230 = VERTEX_POINT ( 'NONE', #1266 ) ;
#2231 = DIRECTION ( 'NONE',  ( 0.000000000000000000, 0.000000000000000000, -1.000000000000000000 ) ) ;
#2232 = DIRECTION ( 'NONE',  ( 1.000000000000000000, 0.000000000000000000, 0.000000000000000000 ) ) ;
#2233 = AXIS2_PLACEMENT_3D ( 'NONE', #681, #1072, #1196 ) ;
#2234 = ADVANCED_FACE ( 'NONE', ( #83 ), #431, .T. ) ;
#2235 = AXIS2_PLACEMENT_3D ( 'NONE', #302, #1541, #1184 ) ;
#2236 = ORIENTED_EDGE ( 'NONE', *, *, #1984, .F. ) ;
#2237 = CARTESIAN_POINT ( 'NONE',  ( 35.60000000000000142, 0.000000000000000000, 0.1499999999999999944 ) ) ;
#2238 = ORIENTED_EDGE ( 'NONE', *, *, #254, .T. ) ;
#2239 = CARTESIAN_POINT ( 'NONE',  ( 30.59999999999999432, 0.000000000000000000, 0.000000000000000000 ) ) ;
#2240 = VERTEX_POINT ( 'NONE', #783 ) ;
#2241 = CARTESIAN_POINT ( 'NONE',  ( 40.59999999999999432, 0.000000000000000000, 0.000000000000000000 ) ) ;
#2242 = CARTESIAN_POINT ( 'NONE',  ( 21.59999999999999787, 6.998392672607047338, 0.000000000000000000 ) ) ;
#2243 = EDGE_CURVE ( 'NONE', #609, #2176, #274, .T. ) ;
#2244 = VERTEX_POINT ( 'NONE', #1161 ) ;
#2245 = CARTESIAN_POINT ( 'NONE',  ( 31.59999999999999787, 1.158410705710341659, -3.828587812352703956 ) ) ;
#2246 = EDGE_CURVE ( 'NONE', #683, #1550, #1137, .T. ) ;
#2247 = DIRECTION ( 'NONE',  ( -1.000000000000000000, -0.000000000000000000, -0.000000000000000000 ) ) ;
#2248 = ORIENTED_EDGE ( 'NONE', *, *, #1748, .T. ) ;
#2249 = CARTESIAN_POINT ( 'NONE',  ( 30.59999999999999432, -4.365952903884279479, -5.321604448520053765 ) ) ;
#2250 = CARTESIAN_POINT ( 'NONE',  ( 29.59999999999999787, 1.158410705710341659, -3.828587812352703956 ) ) ;
#2251 = ORIENTED_EDGE ( 'NONE', *, *, #16, .F. ) ;
#2252 = CARTESIAN_POINT ( 'NONE',  ( 38.59999999999999432, 0.000000000000000000, 0.000000000000000000 ) ) ;
#2253 = CYLINDRICAL_SURFACE ( 'NONE', #2046, 10.00000000000000000 ) ;
#2254 = ORIENTED_EDGE ( 'NONE', *, *, #1661, .T. ) ;
#2255 = CARTESIAN_POINT ( 'NONE',  ( 22.59999999999999432, -2.762069023147042390, -6.931785952275175688 ) ) ;
#2256 = AXIS2_PLACEMENT_3D ( 'NONE', #572, #1953, #359 ) ;
#2257 = DIRECTION ( 'NONE',  ( 0.000000000000000000, 0.000000000000000000, 1.000000000000000000 ) ) ;
#2258 = ORIENTED_EDGE ( 'NONE', *, *, #342, .F. ) ;
#2259 = DIRECTION ( 'NONE',  ( -1.000000000000000000, -0.000000000000000000, -0.000000000000000000 ) ) ;
#2260 = AXIS2_PLACEMENT_3D ( 'NONE', #1793, #396, #355 ) ;
#2261 = EDGE_CURVE ( 'NONE', #183, #1783, #1831, .T. ) ;
#2262 = EDGE_CURVE ( 'NONE', #636, #700, #1841, .T. ) ;
#2263 = VECTOR ( 'NONE', #958, 1000.000000000000000 ) ;
#2264 = DIRECTION ( 'NONE',  ( 0.000000000000000000, 0.000000000000000000, -1.000000000000000000 ) ) ;
#2265 = VECTOR ( 'NONE', #1805, 1000.000000000000000 ) ;
#2266 = ORIENTED_EDGE ( 'NONE', *, *, #1800, .F. ) ;
#2267 = CARTESIAN_POINT ( 'NONE',  ( 21.59999999999999787, 9.000000000000000000, 0.000000000000000000 ) ) ;
#2268 = CYLINDRICAL_SURFACE ( 'NONE', #1820, 5.000000000000000000 ) ;
ENDSEC;
END-ISO-10303-21;
