ISO-10303-21;
HEADER;
FILE_DESCRIPTION (( 'STEP AP214' ),
    '1' );
FILE_NAME ('MP-05971.STEP',
    '2026-03-08T13:10:10',
    ( '' ),
    ( '' ),
    'SwSTEP 2.0',
    'SolidWorks 2023',
    '' );
FILE_SCHEMA (( 'AUTOMOTIVE_DESIGN' ));
ENDSEC;

DATA;
#1 = CARTESIAN_POINT ( 'NONE',  ( 19.59999999999999787, 0.000000000000000000, 0.000000000000000000 ) ) ;
#2 = FACE_OUTER_BOUND ( 'NONE', #1295, .T. ) ;
#3 = ORIENTED_EDGE ( 'NONE', *, *, #797, .F. ) ;
#4 = DIRECTION ( 'NONE',  ( 1.000000000000000000, 0.000000000000000000, 0.000000000000000000 ) ) ;
#5 = EDGE_LOOP ( 'NONE', ( #1968, #335, #405, #2115 ) ) ;
#6 = DIRECTION ( 'NONE',  ( 0.000000000000000000, 1.000000000000000000, 0.000000000000000000 ) ) ;
#7 = ORIENTED_EDGE ( 'NONE', *, *, #2174, .T. ) ;
#8 = FACE_OUTER_BOUND ( 'NONE', #1648, .T. ) ;
#9 = AXIS2_PLACEMENT_3D ( 'NONE', #1445, #585, #1468 ) ;
#10 = AXIS2_PLACEMENT_3D ( 'NONE', #502, #816, #333 ) ;
#11 = DIRECTION ( 'NONE',  ( 0.000000000000000000, 0.000000000000000000, 1.000000000000000000 ) ) ;
#12 = CIRCLE ( 'NONE', #1274, 7.000000000000000888 ) ;
#13 = DIRECTION ( 'NONE',  ( 1.000000000000000000, 0.000000000000000000, 0.000000000000000000 ) ) ;
#14 = CARTESIAN_POINT ( 'NONE',  ( 26.59999999999999787, -2.762069023147044167, -6.931785952275177465 ) ) ;
#15 = ORIENTED_EDGE ( 'NONE', *, *, #867, .F. ) ;
#16 = AXIS2_PLACEMENT_3D ( 'NONE', #836, #131, #294 ) ;
#17 = LINE ( 'NONE', #1868, #951 ) ;
#18 = ORIENTED_EDGE ( 'NONE', *, *, #1790, .F. ) ;
#19 = CARTESIAN_POINT ( 'NONE',  ( 38.59999999999999432, 9.000000000000000000, 0.000000000000000000 ) ) ;
#20 = AXIS2_PLACEMENT_3D ( 'NONE', #1864, #1724, #181 ) ;
#21 = ORIENTED_EDGE ( 'NONE', *, *, #1782, .F. ) ;
#22 = AXIS2_PLACEMENT_3D ( 'NONE', #1807, #1656, #277 ) ;
#23 = EDGE_CURVE ( 'NONE', #1464, #1411, #589, .T. ) ;
#24 = AXIS2_PLACEMENT_3D ( 'NONE', #1561, #569, #1745 ) ;
#25 = DIRECTION ( 'NONE',  ( 0.000000000000000000, 0.000000000000000000, 1.000000000000000000 ) ) ;
#26 = VERTEX_POINT ( 'NONE', #639 ) ;
#27 = DIRECTION ( 'NONE',  ( 0.000000000000000000, 0.000000000000000000, -1.000000000000000000 ) ) ;
#28 = EDGE_CURVE ( 'NONE', #570, #538, #1137, .T. ) ;
#29 = DIRECTION ( 'NONE',  ( 0.000000000000000000, -1.000000000000000000, 0.000000000000000000 ) ) ;
#30 = CARTESIAN_POINT ( 'NONE',  ( 37.59999999999999432, 0.000000000000000000, 0.1499999999999999944 ) ) ;
#31 = DIRECTION ( 'NONE',  ( -0.000000000000000000, 0.000000000000000000, 1.000000000000000000 ) ) ;
#32 = ORIENTED_EDGE ( 'NONE', *, *, #420, .F. ) ;
#33 = VERTEX_POINT ( 'NONE', #667 ) ;
#34 = DIRECTION ( 'NONE',  ( 0.000000000000000000, 0.000000000000000000, -1.000000000000000000 ) ) ;
#35 = ORIENTED_EDGE ( 'NONE', *, *, #2038, .T. ) ;
#36 = FACE_OUTER_BOUND ( 'NONE', #1719, .T. ) ;
#37 = ORIENTED_EDGE ( 'NONE', *, *, #863, .F. ) ;
#38 = LINE ( 'NONE', #728, #752 ) ;
#39 = CARTESIAN_POINT ( 'NONE',  ( 1.500000000000000000, -4.365952903884278591, -5.321604448520052877 ) ) ;
#40 = FACE_OUTER_BOUND ( 'NONE', #1360, .T. ) ;
#41 = EDGE_LOOP ( 'NONE', ( #1949, #933, #681, #262 ) ) ;
#42 = CARTESIAN_POINT ( 'NONE',  ( 33.60000000000000142, -10.60302848086181804, -13.13818223212012626 ) ) ;
#43 = ORIENTED_EDGE ( 'NONE', *, *, #257, .T. ) ;
#44 = EDGE_CURVE ( 'NONE', #1771, #1384, #1238, .T. ) ;
#45 = DIRECTION ( 'NONE',  ( 1.000000000000000000, 0.000000000000000000, 0.000000000000000000 ) ) ;
#46 = ORIENTED_EDGE ( 'NONE', *, *, #1255, .T. ) ;
#47 = EDGE_CURVE ( 'NONE', #1559, #208, #2002, .T. ) ;
#48 = DIRECTION ( 'NONE',  ( 0.000000000000000000, 7.112366251504907509E-15, -1.000000000000000000 ) ) ;
#49 = ORIENTED_EDGE ( 'NONE', *, *, #1947, .T. ) ;
#50 = DIRECTION ( 'NONE',  ( 0.000000000000000000, 0.000000000000000000, -1.000000000000000000 ) ) ;
#51 = ORIENTED_EDGE ( 'NONE', *, *, #813, .F. ) ;
#52 = VECTOR ( 'NONE', #2037, 1000.000000000000000 ) ;
#53 = CIRCLE ( 'NONE', #483, 9.000000000000000000 ) ;
#54 = CARTESIAN_POINT ( 'NONE',  ( 39.59999999999999432, 0.000000000000000000, 0.000000000000000000 ) ) ;
#55 = VERTEX_POINT ( 'NONE', #1828 ) ;
#56 = CARTESIAN_POINT ( 'NONE',  ( 33.60000000000000142, -2.762069023147044167, -6.931785952275177465 ) ) ;
#57 = VECTOR ( 'NONE', #1516, 1000.000000000000000 ) ;
#58 = ADVANCED_FACE ( 'NONE', ( #140 ), #825, .F. ) ;
#59 = VERTEX_POINT ( 'NONE', #977 ) ;
#60 = VECTOR ( 'NONE', #2221, 1000.000000000000000 ) ;
#61 = CARTESIAN_POINT ( 'NONE',  ( 21.59999999999999787, -10.60302848086181804, -13.13818223212012626 ) ) ;
#62 = ORIENTED_EDGE ( 'NONE', *, *, #837, .F. ) ;
#63 = CIRCLE ( 'NONE', #426, 9.000000000000000000 ) ;
#64 = AXIS2_PLACEMENT_3D ( 'NONE', #1262, #397, #1910 ) ;
#65 = AXIS2_PLACEMENT_3D ( 'NONE', #154, #1883, #2070 ) ;
#66 = LINE ( 'NONE', #1959, #156 ) ;
#67 = ORIENTED_EDGE ( 'NONE', *, *, #495, .T. ) ;
#68 = CARTESIAN_POINT ( 'NONE',  ( 24.59999999999999787, -10.60302848086181804, -13.13818223212012626 ) ) ;
#69 = ORIENTED_EDGE ( 'NONE', *, *, #539, .F. ) ;
#70 = CARTESIAN_POINT ( 'NONE',  ( 29.59999999999999787, -2.762069023147044167, -6.931785952275177465 ) ) ;
#71 = ORIENTED_EDGE ( 'NONE', *, *, #1108, .F. ) ;
#72 = CARTESIAN_POINT ( 'NONE',  ( 40.59999999999999432, 2.606424087848269178, -8.614322577793585012 ) ) ;
#73 = EDGE_LOOP ( 'NONE', ( #492, #1980, #1306, #768 ) ) ;
#74 = EDGE_CURVE ( 'NONE', #1093, #1204, #1632, .T. ) ;
#75 = DIRECTION ( 'NONE',  ( 0.000000000000000000, 0.000000000000000000, -1.000000000000000000 ) ) ;
#76 = VERTEX_POINT ( 'NONE', #1515 ) ;
#77 = DIRECTION ( 'NONE',  ( 1.000000000000000000, 0.000000000000000000, 0.000000000000000000 ) ) ;
#78 = EDGE_CURVE ( 'NONE', #2034, #1442, #1083, .T. ) ;
#79 = VERTEX_POINT ( 'NONE', #1678 ) ;
#80 = CARTESIAN_POINT ( 'NONE',  ( 35.60000000000000142, 6.998392672607048226, -2.710505431213761085E-17 ) ) ;
#81 = ORIENTED_EDGE ( 'NONE', *, *, #1135, .F. ) ;
#82 = EDGE_CURVE ( 'NONE', #1955, #1417, #1342, .T. ) ;
#83 = LINE ( 'NONE', #2128, #889 ) ;
#84 = EDGE_CURVE ( 'NONE', #1955, #1259, #697, .T. ) ;
#85 = CARTESIAN_POINT ( 'NONE',  ( 41.60000000000000142, 6.050000000000000711, 0.000000000000000000 ) ) ;
#86 = ORIENTED_EDGE ( 'NONE', *, *, #1319, .F. ) ;
#87 = LINE ( 'NONE', #1638, #1315 ) ;
#88 = VERTEX_POINT ( 'NONE', #1667 ) ;
#89 = DIRECTION ( 'NONE',  ( 1.000000000000000000, 0.000000000000000000, 0.000000000000000000 ) ) ;
#90 = CIRCLE ( 'NONE', #1841, 5.000000000000000888 ) ;
#91 = CIRCLE ( 'NONE', #806, 7.000000000000000888 ) ;
#92 = CIRCLE ( 'NONE', #159, 7.000000000000000888 ) ;
#93 = ORIENTED_EDGE ( 'NONE', *, *, #2198, .T. ) ;
#94 = FACE_OUTER_BOUND ( 'NONE', #1336, .T. ) ;
#95 = CIRCLE ( 'NONE', #489, 9.000000000000000000 ) ;
#96 = CARTESIAN_POINT ( 'NONE',  ( 32.59999999999999432, 0.000000000000000000, 0.000000000000000000 ) ) ;
#97 = ORIENTED_EDGE ( 'NONE', *, *, #1191, .T. ) ;
#98 = AXIS2_PLACEMENT_3D ( 'NONE', #1426, #2095, #180 ) ;
#99 = EDGE_CURVE ( 'NONE', #588, #691, #2137, .T. ) ;
#100 = CARTESIAN_POINT ( 'NONE',  ( 28.59999999999999787, 0.000000000000000000, 0.000000000000000000 ) ) ;
#101 = ORIENTED_EDGE ( 'NONE', *, *, #1790, .T. ) ;
#102 = DIRECTION ( 'NONE',  ( -1.000000000000000000, -0.000000000000000000, -0.000000000000000000 ) ) ;
#103 = EDGE_CURVE ( 'NONE', #1041, #315, #116, .T. ) ;
#104 = ORIENTED_EDGE ( 'NONE', *, *, #2121, .T. ) ;
#105 = FACE_OUTER_BOUND ( 'NONE', #994, .T. ) ;
#106 = VERTEX_POINT ( 'NONE', #1657 ) ;
#107 = CYLINDRICAL_SURFACE ( 'NONE', #348, 5.000000000000000000 ) ;
#108 = VERTEX_POINT ( 'NONE', #465 ) ;
#109 = DIRECTION ( 'NONE',  ( -1.000000000000000000, -0.000000000000000000, -0.000000000000000000 ) ) ;
#110 = EDGE_CURVE ( 'NONE', #1116, #924, #1144, .T. ) ;
#111 = EDGE_LOOP ( 'NONE', ( #548, #1924, #1042, #1710 ) ) ;
#112 = FILL_AREA_STYLE ('',( #1316 ) ) ;
#113 = ORIENTED_EDGE ( 'NONE', *, *, #1121, .F. ) ;
#114 = CARTESIAN_POINT ( 'NONE',  ( 28.59999999999999787, 6.998392672607048226, -2.710505431213761085E-17 ) ) ;
#115 = LINE ( 'NONE', #854, #456 ) ;
#116 = LINE ( 'NONE', #2179, #157 ) ;
#117 = CARTESIAN_POINT ( 'NONE',  ( 18.59999999999999787, 9.000000000000000000, 0.000000000000000000 ) ) ;
#118 = VECTOR ( 'NONE', #1138, 1000.000000000000000 ) ;
#119 = ORIENTED_EDGE ( 'NONE', *, *, #1686, .F. ) ;
#120 = PLANE ( 'NONE',  #1345 ) ;
#121 = EDGE_CURVE ( 'NONE', #1783, #215, #1952, .T. ) ;
#122 = AXIS2_PLACEMENT_3D ( 'NONE', #1397, #1369, #536 ) ;
#123 = AXIS2_PLACEMENT_3D ( 'NONE', #480, #659, #1671 ) ;
#124 = FACE_OUTER_BOUND ( 'NONE', #870, .T. ) ;
#125 = VERTEX_POINT ( 'NONE', #322 ) ;
#126 = CIRCLE ( 'NONE', #1772, 7.000000000000000000 ) ;
#127 = DIRECTION ( 'NONE',  ( 0.000000000000000000, 0.000000000000000000, -1.000000000000000000 ) ) ;
#128 = CIRCLE ( 'NONE', #1391, 9.000000000000000000 ) ;
#129 = DIRECTION ( 'NONE',  ( 1.000000000000000000, 0.000000000000000000, 0.000000000000000000 ) ) ;
#130 = AXIS2_PLACEMENT_3D ( 'NONE', #1755, #1899, #48 ) ;
#131 = DIRECTION ( 'NONE',  ( -1.000000000000000000, -0.000000000000000000, -0.000000000000000000 ) ) ;
#132 = ORIENTED_EDGE ( 'NONE', *, *, #539, .T. ) ;
#133 = DIRECTION ( 'NONE',  ( 1.000000000000000000, 0.000000000000000000, 0.000000000000000000 ) ) ;
#134 = PLANE ( 'NONE',  #1460 ) ;
#135 = DIRECTION ( 'NONE',  ( 0.000000000000000000, 0.000000000000000000, 1.000000000000000000 ) ) ;
#136 = CARTESIAN_POINT ( 'NONE',  ( 22.59999999999999432, -2.762069023147042390, -6.931785952275175688 ) ) ;
#137 = ORIENTED_EDGE ( 'NONE', *, *, #1189, .T. ) ;
#138 = EDGE_CURVE ( 'NONE', #644, #164, #1421, .T. ) ;
#139 = CARTESIAN_POINT ( 'NONE',  ( 25.59999999999999787, 0.000000000000000000, 0.000000000000000000 ) ) ;
#140 = FACE_OUTER_BOUND ( 'NONE', #1046, .T. ) ;
#141 = CARTESIAN_POINT ( 'NONE',  ( 36.59999999999999432, 1.158410705710341659, -3.828587812352703956 ) ) ;
#142 = CYLINDRICAL_SURFACE ( 'NONE', #1086, 10.00000000000000000 ) ;
#143 = CARTESIAN_POINT ( 'NONE',  ( 20.59999999999999787, 9.000000000000000000, 0.000000000000000000 ) ) ;
#144 = DIRECTION ( 'NONE',  ( 1.000000000000000000, 0.000000000000000000, 0.000000000000000000 ) ) ;
#145 = DIRECTION ( 'NONE',  ( 0.000000000000000000, -1.000000000000000000, 0.000000000000000000 ) ) ;
#146 = EDGE_LOOP ( 'NONE', ( #1419, #407, #67, #205, #1933 ) ) ;
#147 = DIRECTION ( 'NONE',  ( 1.000000000000000000, 0.000000000000000000, 0.000000000000000000 ) ) ;
#148 = EDGE_CURVE ( 'NONE', #354, #618, #1983, .T. ) ;
#149 = DIRECTION ( 'NONE',  ( -1.000000000000000000, -0.000000000000000000, -0.000000000000000000 ) ) ;
#150 = DIRECTION ( 'NONE',  ( 0.000000000000000000, 0.000000000000000000, -1.000000000000000000 ) ) ;
#151 = ORIENTED_EDGE ( 'NONE', *, *, #1422, .T. ) ;
#152 = CARTESIAN_POINT ( 'NONE',  ( 23.59999999999999432, -10.60302848086181804, -13.13818223212012626 ) ) ;
#153 = CARTESIAN_POINT ( 'NONE',  ( 28.59999999999999787, 0.000000000000000000, 0.000000000000000000 ) ) ;
#154 = CARTESIAN_POINT ( 'NONE',  ( 27.59999999999999787, 0.000000000000000000, 0.000000000000000000 ) ) ;
#155 = VERTEX_POINT ( 'NONE', #2212 ) ;
#156 = VECTOR ( 'NONE', #755, 1000.000000000000000 ) ;
#157 = VECTOR ( 'NONE', #285, 1000.000000000000000 ) ;
#158 = CARTESIAN_POINT ( 'NONE',  ( 21.59999999999999787, 2.606424087848269178, -8.614322577793585012 ) ) ;
#159 = AXIS2_PLACEMENT_3D ( 'NONE', #996, #1031, #1175 ) ;
#160 = CYLINDRICAL_SURFACE ( 'NONE', #746, 10.00000000000000000 ) ;
#161 = CARTESIAN_POINT ( 'NONE',  ( 19.59999999999999787, 9.000000000000000000, 0.000000000000000000 ) ) ;
#162 = EDGE_CURVE ( 'NONE', #899, #1630, #1155, .T. ) ;
#163 = MECHANICAL_DESIGN_GEOMETRIC_PRESENTATION_REPRESENTATION (  '', ( #1061 ), #239 ) ;
#164 = VERTEX_POINT ( 'NONE', #1504 ) ;
#165 = EDGE_CURVE ( 'NONE', #88, #922, #2190, .T. ) ;
#166 = PLANE ( 'NONE',  #1490 ) ;
#167 = FACE_OUTER_BOUND ( 'NONE', #1743, .T. ) ;
#168 = AXIS2_PLACEMENT_3D ( 'NONE', #757, #1948, #1452 ) ;
#169 = VERTEX_POINT ( 'NONE', #718 ) ;
#170 = EDGE_CURVE ( 'NONE', #55, #922, #1120, .T. ) ;
#171 = FACE_OUTER_BOUND ( 'NONE', #544, .T. ) ;
#172 = DIRECTION ( 'NONE',  ( 0.000000000000000000, -1.000000000000000000, 0.000000000000000000 ) ) ;
#173 = FACE_OUTER_BOUND ( 'NONE', #1117, .T. ) ;
#174 = FACE_OUTER_BOUND ( 'NONE', #394, .T. ) ;
#175 = ORIENTED_EDGE ( 'NONE', *, *, #1502, .F. ) ;
#176 = CARTESIAN_POINT ( 'NONE',  ( 18.59999999999999787, 0.000000000000000000, -6.049999999999999822 ) ) ;
#177 = DIRECTION ( 'NONE',  ( 1.000000000000000000, 0.000000000000000000, 0.000000000000000000 ) ) ;
#178 = EDGE_CURVE ( 'NONE', #562, #749, #1457, .T. ) ;
#179 = ORIENTED_EDGE ( 'NONE', *, *, #1465, .F. ) ;
#180 = DIRECTION ( 'NONE',  ( 0.000000000000000000, 0.000000000000000000, -1.000000000000000000 ) ) ;
#181 = DIRECTION ( 'NONE',  ( 0.000000000000000000, 0.000000000000000000, -1.000000000000000000 ) ) ;
#182 = CARTESIAN_POINT ( 'NONE',  ( 1.500000000000000000, 6.998392672607046450, 0.000000000000000000 ) ) ;
#183 = CARTESIAN_POINT ( 'NONE',  ( 41.60000000000000142, -6.998392672607046450, 0.000000000000000000 ) ) ;
#184 = ORIENTED_EDGE ( 'NONE', *, *, #635, .T. ) ;
#185 = ORIENTED_EDGE ( 'NONE', *, *, #1696, .T. ) ;
#186 = DIRECTION ( 'NONE',  ( 1.000000000000000000, 0.000000000000000000, 0.000000000000000000 ) ) ;
#187 = ADVANCED_FACE ( 'NONE', ( #866 ), #212, .T. ) ;
#188 = ORIENTED_EDGE ( 'NONE', *, *, #1922, .T. ) ;
#189 = CARTESIAN_POINT ( 'NONE',  ( 26.59999999999999787, -10.60302848086181804, -13.13818223212012626 ) ) ;
#190 = ORIENTED_EDGE ( 'NONE', *, *, #610, .T. ) ;
#191 = CIRCLE ( 'NONE', #478, 7.000000000000000888 ) ;
#192 = AXIS2_PLACEMENT_3D ( 'NONE', #30, #1405, #1734 ) ;
#193 = CARTESIAN_POINT ( 'NONE',  ( 18.59999999999999787, 0.000000000000000000, 0.000000000000000000 ) ) ;
#194 = VECTOR ( 'NONE', #1827, 1000.000000000000000 ) ;
#195 = VECTOR ( 'NONE', #1174, 1000.000000000000000 ) ;
#196 = LINE ( 'NONE', #39, #1385 ) ;
#197 = DIRECTION ( 'NONE',  ( 0.000000000000000000, 0.000000000000000000, -1.000000000000000000 ) ) ;
#198 = ORIENTED_EDGE ( 'NONE', *, *, #571, .F. ) ;
#199 = VECTOR ( 'NONE', #439, 1000.000000000000000 ) ;
#200 = CARTESIAN_POINT ( 'NONE',  ( 40.59999999999999432, -2.762069023147044167, -6.931785952275177465 ) ) ;
#201 = ORIENTED_EDGE ( 'NONE', *, *, #2158, .T. ) ;
#202 = DIRECTION ( 'NONE',  ( 1.000000000000000000, 0.000000000000000000, 0.000000000000000000 ) ) ;
#203 = CIRCLE ( 'NONE', #1990, 9.000000000000000000 ) ;
#204 = ADVANCED_FACE ( 'NONE', ( #359 ), #856, .F. ) ;
#205 = ORIENTED_EDGE ( 'NONE', *, *, #1802, .T. ) ;
#206 = VECTOR ( 'NONE', #1125, 1000.000000000000000 ) ;
#207 = FACE_OUTER_BOUND ( 'NONE', #2072, .T. ) ;
#208 = VERTEX_POINT ( 'NONE', #1036 ) ;
#209 = AXIS2_PLACEMENT_3D ( 'NONE', #352, #1509, #1032 ) ;
#210 = EDGE_CURVE ( 'NONE', #1531, #554, #196, .T. ) ;
#211 = DIRECTION ( 'NONE',  ( 0.000000000000000000, 0.000000000000000000, -1.000000000000000000 ) ) ;
#212 = CYLINDRICAL_SURFACE ( 'NONE', #341, 9.000000000000000000 ) ;
#213 = FACE_OUTER_BOUND ( 'NONE', #1808, .T. ) ;
#214 = ORIENTED_EDGE ( 'NONE', *, *, #170, .T. ) ;
#215 = VERTEX_POINT ( 'NONE', #706 ) ;
#216 = LINE ( 'NONE', #723, #880 ) ;
#217 = ORIENTED_EDGE ( 'NONE', *, *, #1660, .T. ) ;
#218 = CYLINDRICAL_SURFACE ( 'NONE', #24, 5.000000000000000000 ) ;
#219 = ORIENTED_EDGE ( 'NONE', *, *, #1192, .F. ) ;
#220 = DIRECTION ( 'NONE',  ( 0.000000000000000000, 0.000000000000000000, -1.000000000000000000 ) ) ;
#221 = ORIENTED_EDGE ( 'NONE', *, *, #1895, .F. ) ;
#222 = ADVANCED_FACE ( 'NONE', ( #173 ), #2078, .F. ) ;
#223 = CARTESIAN_POINT ( 'NONE',  ( 29.59999999999999787, 0.000000000000000000, 0.000000000000000000 ) ) ;
#224 = ORIENTED_EDGE ( 'NONE', *, *, #1108, .T. ) ;
#225 = DIRECTION ( 'NONE',  ( 1.000000000000000000, 0.000000000000000000, 0.000000000000000000 ) ) ;
#226 = ORIENTED_EDGE ( 'NONE', *, *, #1804, .F. ) ;
#227 = DIRECTION ( 'NONE',  ( -1.000000000000000000, -0.000000000000000000, -0.000000000000000000 ) ) ;
#228 = ORIENTED_EDGE ( 'NONE', *, *, #1676, .T. ) ;
#229 = EDGE_CURVE ( 'NONE', #2053, #950, #1244, .T. ) ;
#230 = CARTESIAN_POINT ( 'NONE',  ( 38.59999999999999432, 6.998392672607048226, -2.710505431213761085E-17 ) ) ;
#231 = ORIENTED_EDGE ( 'NONE', *, *, #44, .F. ) ;
#232 = AXIS2_PLACEMENT_3D ( 'NONE', #2006, #851, #2228 ) ;
#233 = CARTESIAN_POINT ( 'NONE',  ( 23.59999999999999432, 9.000000000000000000, 0.000000000000000000 ) ) ;
#234 = ORIENTED_EDGE ( 'NONE', *, *, #495, .F. ) ;
#235 = DIRECTION ( 'NONE',  ( 1.000000000000000000, 0.000000000000000000, 0.000000000000000000 ) ) ;
#236 = AXIS2_PLACEMENT_3D ( 'NONE', #669, #655, #978 ) ;
#237 = ADVANCED_FACE ( 'NONE', ( #1368 ), #881, .F. ) ;
#238 = ORIENTED_EDGE ( 'NONE', *, *, #1735, .T. ) ;
#239 =( GEOMETRIC_REPRESENTATION_CONTEXT ( 3 ) GLOBAL_UNCERTAINTY_ASSIGNED_CONTEXT ( ( #1057 ) ) GLOBAL_UNIT_ASSIGNED_CONTEXT ( ( #798, #1824, #1177 ) ) REPRESENTATION_CONTEXT ( 'NONE', 'WORKASPACE' ) );
#240 = ORIENTED_EDGE ( 'NONE', *, *, #1898, .T. ) ;
#241 = VECTOR ( 'NONE', #2133, 1000.000000000000000 ) ;
#242 = DIRECTION ( 'NONE',  ( -1.000000000000000000, -0.000000000000000000, -0.000000000000000000 ) ) ;
#243 = ORIENTED_EDGE ( 'NONE', *, *, #1331, .F. ) ;
#244 = DIRECTION ( 'NONE',  ( -1.000000000000000000, -0.000000000000000000, -0.000000000000000000 ) ) ;
#245 = VERTEX_POINT ( 'NONE', #513 ) ;
#246 = DIRECTION ( 'NONE',  ( 0.000000000000000000, 0.000000000000000000, -1.000000000000000000 ) ) ;
#247 = ORIENTED_EDGE ( 'NONE', *, *, #2188, .T. ) ;
#248 = EDGE_CURVE ( 'NONE', #588, #1732, #1595, .T. ) ;
#249 = DIRECTION ( 'NONE',  ( -1.000000000000000000, -0.000000000000000000, -0.000000000000000000 ) ) ;
#250 = PRODUCT_DEFINITION_CONTEXT ( 'detailed design', #1523, 'design' ) ;
#251 = CYLINDRICAL_SURFACE ( 'NONE', #1837, 6.049999999999999822 ) ;
#252 = ORIENTED_EDGE ( 'NONE', *, *, #858, .F. ) ;
#253 = DIRECTION ( 'NONE',  ( -1.000000000000000000, -0.000000000000000000, -0.000000000000000000 ) ) ;
#254 = ORIENTED_EDGE ( 'NONE', *, *, #1660, .F. ) ;
#255 = CARTESIAN_POINT ( 'NONE',  ( 30.59999999999999432, -2.762069023147044167, -6.931785952275177465 ) ) ;
#256 = ORIENTED_EDGE ( 'NONE', *, *, #627, .T. ) ;
#257 = EDGE_CURVE ( 'NONE', #562, #164, #2097, .T. ) ;
#258 = LINE ( 'NONE', #799, #1852 ) ;
#259 = ORIENTED_EDGE ( 'NONE', *, *, #2064, .F. ) ;
#260 = EDGE_CURVE ( 'NONE', #554, #1856, #1124, .T. ) ;
#261 = CARTESIAN_POINT ( 'NONE',  ( 22.59999999999999432, -10.60302848086181804, -13.13818223212012626 ) ) ;
#262 = ORIENTED_EDGE ( 'NONE', *, *, #229, .T. ) ;
#263 = LINE ( 'NONE', #765, #953 ) ;
#264 = VERTEX_POINT ( 'NONE', #1232 ) ;
#265 = DIRECTION ( 'NONE',  ( 0.000000000000000000, 0.000000000000000000, -1.000000000000000000 ) ) ;
#266 = CIRCLE ( 'NONE', #910, 5.000000000000000888 ) ;
#267 = CIRCLE ( 'NONE', #303, 5.000000000000000888 ) ;
#268 = ORIENTED_EDGE ( 'NONE', *, *, #23, .T. ) ;
#269 = CIRCLE ( 'NONE', #597, 10.00000000000000178 ) ;
#270 = FACE_OUTER_BOUND ( 'NONE', #1885, .T. ) ;
#271 = VERTEX_POINT ( 'NONE', #382 ) ;
#272 = VECTOR ( 'NONE', #1714, 1000.000000000000000 ) ;
#273 = CARTESIAN_POINT ( 'NONE',  ( 26.59999999999999787, 2.606424087848269178, -8.614322577793585012 ) ) ;
#274 = VERTEX_POINT ( 'NONE', #1578 ) ;
#275 = AXIS2_PLACEMENT_3D ( 'NONE', #1991, #457, #678 ) ;
#276 = EDGE_CURVE ( 'NONE', #315, #771, #1058, .T. ) ;
#277 = DIRECTION ( 'NONE',  ( 0.000000000000000000, 0.000000000000000000, -1.000000000000000000 ) ) ;
#278 = ORIENTED_EDGE ( 'NONE', *, *, #44, .T. ) ;
#279 = DIRECTION ( 'NONE',  ( 0.000000000000000000, 0.000000000000000000, -1.000000000000000000 ) ) ;
#280 = ORIENTED_EDGE ( 'NONE', *, *, #1446, .F. ) ;
#281 = EDGE_CURVE ( 'NONE', #1401, #1646, #267, .T. ) ;
#282 = CYLINDRICAL_SURFACE ( 'NONE', #1643, 5.000000000000000000 ) ;
#283 = CARTESIAN_POINT ( 'NONE',  ( 36.59999999999999432, 2.606424087848269178, -8.614322577793585012 ) ) ;
#284 = LINE ( 'NONE', #1817, #1886 ) ;
#285 = DIRECTION ( 'NONE',  ( 0.000000000000000000, -1.000000000000000000, 0.000000000000000000 ) ) ;
#286 = EDGE_CURVE ( 'NONE', #1506, #1522, #875, .T. ) ;
#287 = LINE ( 'NONE', #1157, #872 ) ;
#288 = ORIENTED_EDGE ( 'NONE', *, *, #2056, .F. ) ;
#289 = LINE ( 'NONE', #850, #195 ) ;
#290 = CARTESIAN_POINT ( 'NONE',  ( 1.500000000000000000, -4.365952903884278591, -5.321604448520052877 ) ) ;
#291 = CARTESIAN_POINT ( 'NONE',  ( 1.500000000000000000, -4.365952903884278591, -5.321604448520052877 ) ) ;
#292 = EDGE_CURVE ( 'NONE', #2053, #924, #1017, .T. ) ;
#293 = CARTESIAN_POINT ( 'NONE',  ( 37.59999999999999432, 0.000000000000000000, 0.000000000000000000 ) ) ;
#294 = DIRECTION ( 'NONE',  ( 0.000000000000000000, 0.000000000000000000, -1.000000000000000000 ) ) ;
#295 = EDGE_CURVE ( 'NONE', #1302, #1473, #1741, .T. ) ;
#296 = AXIS2_PLACEMENT_3D ( 'NONE', #449, #1095, #1127 ) ;
#297 = VERTEX_POINT ( 'NONE', #2184 ) ;
#298 = AXIS2_PLACEMENT_3D ( 'NONE', #459, #992, #2011 ) ;
#299 = FACE_OUTER_BOUND ( 'NONE', #41, .T. ) ;
#300 = CARTESIAN_POINT ( 'NONE',  ( 21.59999999999999787, 0.000000000000000000, 0.000000000000000000 ) ) ;
#301 =( LENGTH_UNIT ( ) NAMED_UNIT ( * ) SI_UNIT ( .MILLI., .METRE. ) );
#302 = AXIS2_PLACEMENT_3D ( 'NONE', #1764, #1937, #1299 ) ;
#303 = AXIS2_PLACEMENT_3D ( 'NONE', #1749, #780, #2170 ) ;
#304 = EDGE_CURVE ( 'NONE', #1662, #88, #92, .T. ) ;
#305 = DIRECTION ( 'NONE',  ( -1.000000000000000000, -0.000000000000000000, -0.000000000000000000 ) ) ;
#306 = VERTEX_POINT ( 'NONE', #143 ) ;
#307 = VECTOR ( 'NONE', #186, 1000.000000000000000 ) ;
#308 = LINE ( 'NONE', #1181, #52 ) ;
#309 = VECTOR ( 'NONE', #172, 1000.000000000000000 ) ;
#310 = DIRECTION ( 'NONE',  ( 1.000000000000000000, 0.000000000000000000, 0.000000000000000000 ) ) ;
#311 = AXIS2_PLACEMENT_3D ( 'NONE', #68, #775, #1938 ) ;
#312 = CARTESIAN_POINT ( 'NONE',  ( 33.60000000000000142, 0.000000000000000000, 0.000000000000000000 ) ) ;
#313 = ADVANCED_FACE ( 'NONE', ( #481 ), #2205, .F. ) ;
#314 = AXIS2_PLACEMENT_3D ( 'NONE', #61, #714, #753 ) ;
#315 = VERTEX_POINT ( 'NONE', #1202 ) ;
#316 = CARTESIAN_POINT ( 'NONE',  ( 32.59999999999999432, -10.60302848086181804, -13.13818223212012626 ) ) ;
#317 = CARTESIAN_POINT ( 'NONE',  ( 1.500000000000000000, 6.998392672607046450, 0.000000000000000000 ) ) ;
#318 = CARTESIAN_POINT ( 'NONE',  ( 27.59999999999999787, -2.762069023147044167, -6.931785952275177465 ) ) ;
#319 = ORIENTED_EDGE ( 'NONE', *, *, #1926, .F. ) ;
#320 = ADVANCED_FACE ( 'NONE', ( #2218 ), #1508, .T. ) ;
#321 = DIRECTION ( 'NONE',  ( 1.000000000000000000, 0.000000000000000000, 0.000000000000000000 ) ) ;
#322 = CARTESIAN_POINT ( 'NONE',  ( 18.59999999999999787, -6.998392672607046450, 0.000000000000000000 ) ) ;
#323 = LINE ( 'NONE', #623, #1878 ) ;
#324 = EDGE_LOOP ( 'NONE', ( #632, #184, #1475, #1975 ) ) ;
#325 = DIRECTION ( 'NONE',  ( -1.000000000000000000, -0.000000000000000000, -0.000000000000000000 ) ) ;
#326 = LINE ( 'NONE', #1334, #773 ) ;
#327 = DIRECTION ( 'NONE',  ( 1.000000000000000000, 0.000000000000000000, 0.000000000000000000 ) ) ;
#328 = ORIENTED_EDGE ( 'NONE', *, *, #1092, .F. ) ;
#329 = DIRECTION ( 'NONE',  ( 1.000000000000000000, 0.000000000000000000, 0.000000000000000000 ) ) ;
#330 = FACE_OUTER_BOUND ( 'NONE', #438, .T. ) ;
#331 = ADVANCED_FACE ( 'NONE', ( #829 ), #660, .T. ) ;
#332 = CARTESIAN_POINT ( 'NONE',  ( 38.59999999999999432, 0.000000000000000000, 0.000000000000000000 ) ) ;
#333 = DIRECTION ( 'NONE',  ( 0.000000000000000000, 0.000000000000000000, -1.000000000000000000 ) ) ;
#334 = CARTESIAN_POINT ( 'NONE',  ( 39.59999999999999432, 9.000000000000000000, 0.000000000000000000 ) ) ;
#335 = ORIENTED_EDGE ( 'NONE', *, *, #646, .F. ) ;
#336 = CARTESIAN_POINT ( 'NONE',  ( 30.59999999999999432, 9.000000000000000000, 0.000000000000000000 ) ) ;
#337 = FACE_OUTER_BOUND ( 'NONE', #2197, .T. ) ;
#338 = CARTESIAN_POINT ( 'NONE',  ( 23.59999999999999432, 0.000000000000000000, 0.000000000000000000 ) ) ;
#339 = ORIENTED_EDGE ( 'NONE', *, *, #1004, .T. ) ;
#340 = AXIS2_PLACEMENT_3D ( 'NONE', #1635, #613, #1794 ) ;
#341 = AXIS2_PLACEMENT_3D ( 'NONE', #1395, #895, #2088 ) ;
#342 = DIRECTION ( 'NONE',  ( 1.000000000000000000, 0.000000000000000000, 0.000000000000000000 ) ) ;
#343 = CARTESIAN_POINT ( 'NONE',  ( 25.59999999999999787, 0.000000000000000000, 0.000000000000000000 ) ) ;
#344 = VECTOR ( 'NONE', #225, 1000.000000000000000 ) ;
#345 = CARTESIAN_POINT ( 'NONE',  ( 29.59999999999999787, 0.000000000000000000, 0.000000000000000000 ) ) ;
#346 = AXIS2_PLACEMENT_3D ( 'NONE', #1645, #789, #127 ) ;
#347 = ADVANCED_FACE ( 'NONE', ( #470 ), #134, .F. ) ;
#348 = AXIS2_PLACEMENT_3D ( 'NONE', #1022, #2234, #1366 ) ;
#349 = ORIENTED_EDGE ( 'NONE', *, *, #1587, .T. ) ;
#350 = DIRECTION ( 'NONE',  ( -1.000000000000000000, -0.000000000000000000, -0.000000000000000000 ) ) ;
#351 = DIRECTION ( 'NONE',  ( 1.000000000000000000, 0.000000000000000000, 0.000000000000000000 ) ) ;
#352 = CARTESIAN_POINT ( 'NONE',  ( 0.000000000000000000, 0.000000000000000000, 0.000000000000000000 ) ) ;
#353 = AXIS2_PLACEMENT_3D ( 'NONE', #2229, #1176, #2219 ) ;
#354 = VERTEX_POINT ( 'NONE', #819 ) ;
#355 = CARTESIAN_POINT ( 'NONE',  ( -0.002000000000002000178, -6.049999999999998934, 0.000000000000000000 ) ) ;
#356 = EDGE_CURVE ( 'NONE', #2117, #208, #1858, .T. ) ;
#357 = CARTESIAN_POINT ( 'NONE',  ( 41.60000000000000142, 0.000000000000000000, 0.000000000000000000 ) ) ;
#358 = DIRECTION ( 'NONE',  ( 1.000000000000000000, 0.000000000000000000, 0.000000000000000000 ) ) ;
#359 = FACE_OUTER_BOUND ( 'NONE', #146, .T. ) ;
#360 = CARTESIAN_POINT ( 'NONE',  ( 25.59999999999999787, -4.365952903884278591, -5.321604448520052877 ) ) ;
#361 = ORIENTED_EDGE ( 'NONE', *, *, #1337, .T. ) ;
#362 = DIRECTION ( 'NONE',  ( -1.000000000000000000, -0.000000000000000000, -0.000000000000000000 ) ) ;
#363 = EDGE_CURVE ( 'NONE', #1844, #106, #53, .T. ) ;
#364 = ORIENTED_EDGE ( 'NONE', *, *, #178, .T. ) ;
#365 = CARTESIAN_POINT ( 'NONE',  ( 23.59999999999999432, 6.998392672607048226, -2.710505431213761085E-17 ) ) ;
#366 = ORIENTED_EDGE ( 'NONE', *, *, #1440, .F. ) ;
#367 = DIRECTION ( 'NONE',  ( 1.000000000000000000, 0.000000000000000000, 0.000000000000000000 ) ) ;
#368 = ORIENTED_EDGE ( 'NONE', *, *, #1804, .T. ) ;
#369 = CARTESIAN_POINT ( 'NONE',  ( 20.59999999999999787, 0.000000000000000000, 0.000000000000000000 ) ) ;
#370 = CARTESIAN_POINT ( 'NONE',  ( 31.59999999999999787, -10.60302848086181804, -13.13818223212012626 ) ) ;
#371 = PLANE ( 'NONE',  #772 ) ;
#372 = VERTEX_POINT ( 'NONE', #841 ) ;
#373 = VERTEX_POINT ( 'NONE', #1721 ) ;
#374 = DIRECTION ( 'NONE',  ( 0.000000000000000000, 0.000000000000000000, -1.000000000000000000 ) ) ;
#375 = ORIENTED_EDGE ( 'NONE', *, *, #23, .F. ) ;
#376 = EDGE_CURVE ( 'NONE', #1190, #372, #326, .T. ) ;
#377 = PLANE ( 'NONE',  #98 ) ;
#378 = ORIENTED_EDGE ( 'NONE', *, *, #1241, .F. ) ;
#379 = AXIS2_PLACEMENT_3D ( 'NONE', #1867, #1358, #503 ) ;
#380 = AXIS2_PLACEMENT_3D ( 'NONE', #2167, #835, #2039 ) ;
#381 = DIRECTION ( 'NONE',  ( 0.000000000000000000, 0.000000000000000000, -1.000000000000000000 ) ) ;
#382 = CARTESIAN_POINT ( 'NONE',  ( 35.60000000000000142, -2.762069023147044167, -6.931785952275177465 ) ) ;
#383 = DIRECTION ( 'NONE',  ( 1.000000000000000000, 0.000000000000000000, 0.000000000000000000 ) ) ;
#384 = ORIENTED_EDGE ( 'NONE', *, *, #2198, .F. ) ;
#385 = ORIENTED_EDGE ( 'NONE', *, *, #138, .F. ) ;
#386 = CARTESIAN_POINT ( 'NONE',  ( 26.59999999999999787, 0.000000000000000000, 0.000000000000000000 ) ) ;
#387 = CIRCLE ( 'NONE', #1495, 9.000000000000000000 ) ;
#388 = ORIENTED_EDGE ( 'NONE', *, *, #1902, .T. ) ;
#389 = DIRECTION ( 'NONE',  ( 0.000000000000000000, 7.112366251504907509E-15, -1.000000000000000000 ) ) ;
#390 = ORIENTED_EDGE ( 'NONE', *, *, #592, .F. ) ;
#391 = DIRECTION ( 'NONE',  ( 1.000000000000000000, 0.000000000000000000, 0.000000000000000000 ) ) ;
#392 = EDGE_LOOP ( 'NONE', ( #1323, #827, #2192, #35, #1597 ) ) ;
#393 = DIRECTION ( 'NONE',  ( -1.000000000000000000, -0.000000000000000000, -0.000000000000000000 ) ) ;
#394 = EDGE_LOOP ( 'NONE', ( #822, #1695, #1831, #434, #2154 ) ) ;
#395 = LINE ( 'NONE', #1583, #1957 ) ;
#396 = VERTEX_POINT ( 'NONE', #1692 ) ;
#397 = DIRECTION ( 'NONE',  ( -1.000000000000000000, -0.000000000000000000, -0.000000000000000000 ) ) ;
#398 = ORIENTED_EDGE ( 'NONE', *, *, #2090, .T. ) ;
#399 = ADVANCED_FACE ( 'NONE', ( #337 ), #1529, .F. ) ;
#400 = ADVANCED_FACE ( 'NONE', ( #167 ), #1019, .T. ) ;
#401 = CARTESIAN_POINT ( 'NONE',  ( 27.59999999999999787, 1.158410705710341659, -3.828587812352703956 ) ) ;
#402 = ORIENTED_EDGE ( 'NONE', *, *, #210, .T. ) ;
#403 = ADVANCED_FACE ( 'NONE', ( #1871 ), #1709, .T. ) ;
#404 = DIRECTION ( 'NONE',  ( 1.000000000000000000, 0.000000000000000000, 0.000000000000000000 ) ) ;
#405 = ORIENTED_EDGE ( 'NONE', *, *, #1863, .F. ) ;
#406 = DIRECTION ( 'NONE',  ( 0.000000000000000000, -1.000000000000000000, 0.000000000000000000 ) ) ;
#407 = ORIENTED_EDGE ( 'NONE', *, *, #1165, .F. ) ;
#408 = CARTESIAN_POINT ( 'NONE',  ( 36.59999999999999432, -10.60302848086181804, -13.13818223212012626 ) ) ;
#409 = ORIENTED_EDGE ( 'NONE', *, *, #1527, .F. ) ;
#410 = EDGE_CURVE ( 'NONE', #1060, #1582, #2139, .T. ) ;
#411 = CIRCLE ( 'NONE', #1456, 9.000000000000000000 ) ;
#412 = VECTOR ( 'NONE', #1492, 1000.000000000000000 ) ;
#413 = FACE_OUTER_BOUND ( 'NONE', #2029, .T. ) ;
#414 = ORIENTED_EDGE ( 'NONE', *, *, #121, .F. ) ;
#415 = AXIS2_PLACEMENT_3D ( 'NONE', #2067, #2051, #1223 ) ;
#416 = CIRCLE ( 'NONE', #1665, 9.000000000000000000 ) ;
#417 = DIRECTION ( 'NONE',  ( 0.000000000000000000, 0.000000000000000000, -1.000000000000000000 ) ) ;
#418 = ORIENTED_EDGE ( 'NONE', *, *, #727, .F. ) ;
#419 = AXIS2_PLACEMENT_3D ( 'NONE', #2030, #1538, #2227 ) ;
#420 = EDGE_CURVE ( 'NONE', #1844, #1381, #1149, .T. ) ;
#421 = FACE_OUTER_BOUND ( 'NONE', #2226, .T. ) ;
#422 = AXIS2_PLACEMENT_3D ( 'NONE', #1268, #1798, #265 ) ;
#423 = ORIENTED_EDGE ( 'NONE', *, *, #162, .T. ) ;
#424 = AXIS2_PLACEMENT_3D ( 'NONE', #688, #2076, #1551 ) ;
#425 = VERTEX_POINT ( 'NONE', #1823 ) ;
#426 = AXIS2_PLACEMENT_3D ( 'NONE', #1219, #2107, #1054 ) ;
#427 = CARTESIAN_POINT ( 'NONE',  ( 20.59999999999999787, 1.158410705710341659, -3.828587812352703956 ) ) ;
#428 = VERTEX_POINT ( 'NONE', #1857 ) ;
#429 = ORIENTED_EDGE ( 'NONE', *, *, #721, .T. ) ;
#430 = CARTESIAN_POINT ( 'NONE',  ( 36.59999999999999432, 0.000000000000000000, 0.000000000000000000 ) ) ;
#431 = ADVANCED_FACE ( 'NONE', ( #299 ), #682, .T. ) ;
#432 = ORIENTED_EDGE ( 'NONE', *, *, #2001, .F. ) ;
#433 = FACE_OUTER_BOUND ( 'NONE', #1580, .T. ) ;
#434 = ORIENTED_EDGE ( 'NONE', *, *, #260, .T. ) ;
#435 = FACE_OUTER_BOUND ( 'NONE', #711, .T. ) ;
#436 = ORIENTED_EDGE ( 'NONE', *, *, #794, .T. ) ;
#437 = LINE ( 'NONE', #914, #1499 ) ;
#438 = EDGE_LOOP ( 'NONE', ( #2014, #49, #596, #987, #21, #982, #2086, #1230, #890, #948, #1634, #2096, #811, #783, #1791, #1081, #1126, #1905, #1097, #1722, #2004, #1946, #1562, #378, #119, #2127, #1915, #418, #2019, #909, #402, #1352, #1541, #268, #190, #1615, #1326, #1216, #722, #1285, #1978, #1570, #2232, #1280, #2057, #843, #201, #1751 ) ) ;
#439 = DIRECTION ( 'NONE',  ( -1.000000000000000000, -0.000000000000000000, -0.000000000000000000 ) ) ;
#440 = EDGE_CURVE ( 'NONE', #1732, #1411, #1700, .T. ) ;
#441 = VERTEX_POINT ( 'NONE', #1361 ) ;
#442 = DIRECTION ( 'NONE',  ( 0.000000000000000000, 0.000000000000000000, -1.000000000000000000 ) ) ;
#443 = ORIENTED_EDGE ( 'NONE', *, *, #2100, .F. ) ;
#444 = EDGE_CURVE ( 'NONE', #155, #2120, #557, .T. ) ;
#445 = DIRECTION ( 'NONE',  ( -1.000000000000000000, -0.000000000000000000, -0.000000000000000000 ) ) ;
#446 = ORIENTED_EDGE ( 'NONE', *, *, #410, .T. ) ;
#447 = LINE ( 'NONE', #355, #206 ) ;
#448 = ORIENTED_EDGE ( 'NONE', *, *, #1902, .F. ) ;
#449 = CARTESIAN_POINT ( 'NONE',  ( 33.60000000000000142, 0.000000000000000000, 0.1499999999999999944 ) ) ;
#450 = AXIS2_PLACEMENT_3D ( 'NONE', #1677, #1001, #1503 ) ;
#451 = AXIS2_PLACEMENT_3D ( 'NONE', #1324, #673, #2194 ) ;
#452 = VECTOR ( 'NONE', #535, 1000.000000000000000 ) ;
#453 = ORIENTED_EDGE ( 'NONE', *, *, #1195, .F. ) ;
#454 = CARTESIAN_POINT ( 'NONE',  ( 39.59999999999999432, 0.000000000000000000, 0.1499999999999999944 ) ) ;
#455 = FACE_OUTER_BOUND ( 'NONE', #1470, .T. ) ;
#456 = VECTOR ( 'NONE', #803, 1000.000000000000000 ) ;
#457 = DIRECTION ( 'NONE',  ( 1.000000000000000000, 0.000000000000000000, 0.000000000000000000 ) ) ;
#458 = AXIS2_PLACEMENT_3D ( 'NONE', #501, #1012, #1701 ) ;
#459 = CARTESIAN_POINT ( 'NONE',  ( 18.59999999999999787, -10.60302848086181804, -13.13818223212012626 ) ) ;
#460 = CARTESIAN_POINT ( 'NONE',  ( 1.500000000000000000, 6.998392672607046450, 0.000000000000000000 ) ) ;
#461 = LINE ( 'NONE', #1652, #1809 ) ;
#462 = ORIENTED_EDGE ( 'NONE', *, *, #2090, .F. ) ;
#463 = EDGE_CURVE ( 'NONE', #1106, #169, #1200, .T. ) ;
#464 = DIRECTION ( 'NONE',  ( 0.000000000000000000, 0.000000000000000000, -1.000000000000000000 ) ) ;
#465 = CARTESIAN_POINT ( 'NONE',  ( 26.59999999999999787, 6.998392672607048226, -2.710505431213761085E-17 ) ) ;
#466 = CARTESIAN_POINT ( 'NONE',  ( 0.000000000000000000, 0.000000000000000000, 0.000000000000000000 ) ) ;
#467 = EDGE_CURVE ( 'NONE', #920, #1727, #289, .T. ) ;
#468 = ORIENTED_EDGE ( 'NONE', *, *, #363, .F. ) ;
#469 = DIRECTION ( 'NONE',  ( 0.000000000000000000, 0.000000000000000000, 1.000000000000000000 ) ) ;
#470 = FACE_OUTER_BOUND ( 'NONE', #1257, .T. ) ;
#471 = SURFACE_STYLE_FILL_AREA ( #112 ) ;
#472 = ORIENTED_EDGE ( 'NONE', *, *, #1655, .F. ) ;
#473 = EDGE_CURVE ( 'NONE', #59, #1259, #2183, .T. ) ;
#474 = DIRECTION ( 'NONE',  ( 1.000000000000000000, 0.000000000000000000, 0.000000000000000000 ) ) ;
#475 = DIRECTION ( 'NONE',  ( -1.000000000000000000, -0.000000000000000000, -0.000000000000000000 ) ) ;
#476 = DIRECTION ( 'NONE',  ( 0.000000000000000000, -1.000000000000000000, 0.000000000000000000 ) ) ;
#477 = ADVANCED_FACE ( 'NONE', ( #1528 ), #142, .F. ) ;
#478 = AXIS2_PLACEMENT_3D ( 'NONE', #1303, #102, #598 ) ;
#479 = AXIS2_PLACEMENT_3D ( 'NONE', #1552, #1890, #1716 ) ;
#480 = CARTESIAN_POINT ( 'NONE',  ( 34.60000000000000142, 1.158410705710341659, -3.828587812352703956 ) ) ;
#481 = FACE_OUTER_BOUND ( 'NONE', #1439, .T. ) ;
#482 = DIRECTION ( 'NONE',  ( 1.000000000000000000, 0.000000000000000000, 0.000000000000000000 ) ) ;
#483 = AXIS2_PLACEMENT_3D ( 'NONE', #300, #650, #1882 ) ;
#484 = CARTESIAN_POINT ( 'NONE',  ( 41.60000000000000142, 0.000000000000000000, 0.000000000000000000 ) ) ;
#485 = ORIENTED_EDGE ( 'NONE', *, *, #82, .F. ) ;
#486 = AXIS2_PLACEMENT_3D ( 'NONE', #386, #1896, #1760 ) ;
#487 = AXIS2_PLACEMENT_3D ( 'NONE', #2069, #540, #374 ) ;
#488 = PLANE ( 'NONE',  #346 ) ;
#489 = AXIS2_PLACEMENT_3D ( 'NONE', #369, #679, #381 ) ;
#490 = CARTESIAN_POINT ( 'NONE',  ( 24.59999999999999787, -10.60302848086181804, -13.13818223212012626 ) ) ;
#491 = CARTESIAN_POINT ( 'NONE',  ( 32.59999999999999432, 1.158410705710341659, -3.828587812352703956 ) ) ;
#492 = ORIENTED_EDGE ( 'NONE', *, *, #2233, .F. ) ;
#493 = CARTESIAN_POINT ( 'NONE',  ( 21.59999999999999787, 1.158410705710341659, -3.828587812352703956 ) ) ;
#494 = DIRECTION ( 'NONE',  ( 0.000000000000000000, 0.000000000000000000, -1.000000000000000000 ) ) ;
#495 = EDGE_CURVE ( 'NONE', #1417, #76, #2063, .T. ) ;
#496 = ORIENTED_EDGE ( 'NONE', *, *, #292, .T. ) ;
#497 = PRODUCT ( 'MP-05971', 'MP-05971', '', ( #852 ) ) ;
#498 = EDGE_CURVE ( 'NONE', #1348, #1753, #416, .T. ) ;
#499 = DIRECTION ( 'NONE',  ( 0.000000000000000000, -1.000000000000000000, 0.000000000000000000 ) ) ;
#500 = DIRECTION ( 'NONE',  ( -1.000000000000000000, -0.000000000000000000, -0.000000000000000000 ) ) ;
#501 = CARTESIAN_POINT ( 'NONE',  ( 25.59999999999999787, -10.60302848086181804, -13.13818223212012626 ) ) ;
#502 = CARTESIAN_POINT ( 'NONE',  ( 41.60000000000000142, 0.000000000000000000, 0.000000000000000000 ) ) ;
#503 = DIRECTION ( 'NONE',  ( 0.000000000000000000, 7.112366251504907509E-15, -1.000000000000000000 ) ) ;
#504 = ORIENTED_EDGE ( 'NONE', *, *, #1029, .T. ) ;
#505 = EDGE_CURVE ( 'NONE', #537, #1844, #701, .T. ) ;
#506 = CARTESIAN_POINT ( 'NONE',  ( 19.59999999999999787, 6.998392672607047338, 0.000000000000000000 ) ) ;
#507 = DIRECTION ( 'NONE',  ( -1.000000000000000000, -0.000000000000000000, -0.000000000000000000 ) ) ;
#508 = CYLINDRICAL_SURFACE ( 'NONE', #1353, 6.049999999999999822 ) ;
#509 = ORIENTED_EDGE ( 'NONE', *, *, #1793, .F. ) ;
#510 = DIRECTION ( 'NONE',  ( 1.000000000000000000, 0.000000000000000000, 0.000000000000000000 ) ) ;
#511 = EDGE_CURVE ( 'NONE', #215, #1455, #1870, .T. ) ;
#512 = DIRECTION ( 'NONE',  ( 1.000000000000000000, 0.000000000000000000, 0.000000000000000000 ) ) ;
#513 = CARTESIAN_POINT ( 'NONE',  ( 27.59999999999999787, -4.365952903884278591, -5.321604448520052877 ) ) ;
#514 = PLANE ( 'NONE',  #1383 ) ;
#515 = ORIENTED_EDGE ( 'NONE', *, *, #2152, .T. ) ;
#516 = FACE_OUTER_BOUND ( 'NONE', #1761, .T. ) ;
#517 = DIRECTION ( 'NONE',  ( -1.000000000000000000, -0.000000000000000000, -0.000000000000000000 ) ) ;
#518 = DIRECTION ( 'NONE',  ( 0.000000000000000000, 0.000000000000000000, -1.000000000000000000 ) ) ;
#519 = EDGE_LOOP ( 'NONE', ( #657, #1292, #468, #1670 ) ) ;
#520 = AXIS2_PLACEMENT_3D ( 'NONE', #1416, #31, #1214 ) ;
#521 = AXIS2_PLACEMENT_3D ( 'NONE', #1196, #1222, #1544 ) ;
#522 = DIRECTION ( 'NONE',  ( 0.000000000000000000, 0.000000000000000000, -1.000000000000000000 ) ) ;
#523 = CYLINDRICAL_SURFACE ( 'NONE', #884, 7.000000000000000000 ) ;
#524 = CIRCLE ( 'NONE', #379, 10.00000000000000178 ) ;
#525 = EDGE_CURVE ( 'NONE', #372, #554, #12, .T. ) ;
#526 = DIRECTION ( 'NONE',  ( 0.000000000000000000, 0.000000000000000000, -1.000000000000000000 ) ) ;
#527 = CARTESIAN_POINT ( 'NONE',  ( 37.59999999999999432, 0.000000000000000000, 0.000000000000000000 ) ) ;
#528 = VECTOR ( 'NONE', #653, 1000.000000000000000 ) ;
#529 = ORIENTED_EDGE ( 'NONE', *, *, #1637, .F. ) ;
#530 = DIRECTION ( 'NONE',  ( -1.000000000000000000, -0.000000000000000000, -0.000000000000000000 ) ) ;
#531 = ORIENTED_EDGE ( 'NONE', *, *, #813, .T. ) ;
#532 = DIRECTION ( 'NONE',  ( 0.000000000000000000, 0.000000000000000000, 1.000000000000000000 ) ) ;
#533 = EDGE_LOOP ( 'NONE', ( #1243, #760, #915, #97, #1332 ) ) ;
#534 = FACE_OUTER_BOUND ( 'NONE', #677, .T. ) ;
#535 = DIRECTION ( 'NONE',  ( -1.000000000000000000, -0.000000000000000000, -0.000000000000000000 ) ) ;
#536 = DIRECTION ( 'NONE',  ( 0.000000000000000000, 0.000000000000000000, 1.000000000000000000 ) ) ;
#537 = VERTEX_POINT ( 'NONE', #971 ) ;
#538 = VERTEX_POINT ( 'NONE', #506 ) ;
#539 = EDGE_CURVE ( 'NONE', #1041, #1190, #1186, .T. ) ;
#540 = DIRECTION ( 'NONE',  ( 1.000000000000000000, 0.000000000000000000, 0.000000000000000000 ) ) ;
#541 = EDGE_LOOP ( 'NONE', ( #1261, #1996, #509, #1050 ) ) ;
#542 = ADVANCED_FACE ( 'NONE', ( #1708 ), #166, .F. ) ;
#543 = DIRECTION ( 'NONE',  ( -1.000000000000000000, -0.000000000000000000, -0.000000000000000000 ) ) ;
#544 = EDGE_LOOP ( 'NONE', ( #1228, #1549, #254, #86 ) ) ;
#545 = DIRECTION ( 'NONE',  ( 1.000000000000000000, 0.000000000000000000, 0.000000000000000000 ) ) ;
#546 = DIRECTION ( 'NONE',  ( 1.000000000000000000, 0.000000000000000000, 0.000000000000000000 ) ) ;
#547 = PLANE ( 'NONE',  #520 ) ;
#548 = ORIENTED_EDGE ( 'NONE', *, *, #1206, .F. ) ;
#549 = EDGE_CURVE ( 'NONE', #1478, #396, #1203, .T. ) ;
#550 = ORIENTED_EDGE ( 'NONE', *, *, #1581, .T. ) ;
#551 = DIRECTION ( 'NONE',  ( 1.000000000000000000, 0.000000000000000000, 0.000000000000000000 ) ) ;
#552 = ADVANCED_FACE ( 'NONE', ( #516 ), #120, .T. ) ;
#553 = ORIENTED_EDGE ( 'NONE', *, *, #2203, .F. ) ;
#554 = VERTEX_POINT ( 'NONE', #1039 ) ;
#555 = VECTOR ( 'NONE', #445, 1000.000000000000000 ) ;
#556 = AXIS2_PLACEMENT_3D ( 'NONE', #1689, #475, #1818 ) ;
#557 = CIRCLE ( 'NONE', #742, 10.00000000000000178 ) ;
#558 = CARTESIAN_POINT ( 'NONE',  ( 26.59999999999999787, -10.60302848086181804, -13.13818223212012626 ) ) ;
#559 = DIRECTION ( 'NONE',  ( 0.000000000000000000, 0.000000000000000000, -1.000000000000000000 ) ) ;
#560 = ORIENTED_EDGE ( 'NONE', *, *, #1294, .F. ) ;
#561 = LINE ( 'NONE', #947, #241 ) ;
#562 = VERTEX_POINT ( 'NONE', #176 ) ;
#563 = LINE ( 'NONE', #1217, #2175 ) ;
#564 = CIRCLE ( 'NONE', #1601, 7.000000000000000888 ) ;
#565 = ORIENTED_EDGE ( 'NONE', *, *, #103, .T. ) ;
#566 = CIRCLE ( 'NONE', #1132, 7.000000000000000888 ) ;
#567 = EDGE_CURVE ( 'NONE', #582, #79, #269, .T. ) ;
#568 = VECTOR ( 'NONE', #940, 1000.000000000000000 ) ;
#569 = DIRECTION ( 'NONE',  ( -1.000000000000000000, -0.000000000000000000, -0.000000000000000000 ) ) ;
#570 = VERTEX_POINT ( 'NONE', #898 ) ;
#571 = EDGE_CURVE ( 'NONE', #663, #2053, #1461, .T. ) ;
#572 = DIRECTION ( 'NONE',  ( 0.000000000000000000, 7.112366251504907509E-15, -1.000000000000000000 ) ) ;
#573 = ORIENTED_EDGE ( 'NONE', *, *, #2093, .T. ) ;
#574 = CARTESIAN_POINT ( 'NONE',  ( 18.59999999999999787, -2.762069023147044167, -6.931785952275177465 ) ) ;
#575 = ORIENTED_EDGE ( 'NONE', *, *, #1649, .T. ) ;
#576 = LINE ( 'NONE', #1640, #1560 ) ;
#577 = ORIENTED_EDGE ( 'NONE', *, *, #165, .F. ) ;
#578 = FACE_OUTER_BOUND ( 'NONE', #73, .T. ) ;
#579 = ORIENTED_EDGE ( 'NONE', *, *, #1121, .T. ) ;
#580 = ADVANCED_FACE ( 'NONE', ( #871 ), #1030, .F. ) ;
#581 = LINE ( 'NONE', #1805, #1953 ) ;
#582 = VERTEX_POINT ( 'NONE', #1547 ) ;
#583 = CARTESIAN_POINT ( 'NONE',  ( 20.59999999999999787, 1.158410705710341659, -3.828587812352703956 ) ) ;
#584 = ORIENTED_EDGE ( 'NONE', *, *, #567, .T. ) ;
#585 = DIRECTION ( 'NONE',  ( 1.000000000000000000, 0.000000000000000000, 0.000000000000000000 ) ) ;
#586 = VERTEX_POINT ( 'NONE', #1907 ) ;
#587 = CARTESIAN_POINT ( 'NONE',  ( 38.59999999999999432, 1.158410705710341659, -3.828587812352703956 ) ) ;
#588 = VERTEX_POINT ( 'NONE', #1420 ) ;
#589 = CIRCLE ( 'NONE', #2209, 7.000000000000000888 ) ;
#590 = LINE ( 'NONE', #1472, #555 ) ;
#591 = ORIENTED_EDGE ( 'NONE', *, *, #1688, .T. ) ;
#592 = EDGE_CURVE ( 'NONE', #169, #1252, #809, .T. ) ;
#593 = AXIS2_PLACEMENT_3D ( 'NONE', #427, #242, #1100 ) ;
#594 = VECTOR ( 'NONE', #1567, 1000.000000000000000 ) ;
#595 = CARTESIAN_POINT ( 'NONE',  ( 1.500000000000000000, 6.998392672607046450, 0.000000000000000000 ) ) ;
#596 = ORIENTED_EDGE ( 'NONE', *, *, #1365, .T. ) ;
#597 = AXIS2_PLACEMENT_3D ( 'NONE', #1250, #202, #1932 ) ;
#598 = DIRECTION ( 'NONE',  ( 0.000000000000000000, 0.000000000000000000, -1.000000000000000000 ) ) ;
#599 = CIRCLE ( 'NONE', #296, 7.000000000000000888 ) ;
#600 = ORIENTED_EDGE ( 'NONE', *, *, #1611, .T. ) ;
#601 = CIRCLE ( 'NONE', #1246, 9.000000000000000000 ) ;
#602 = DIRECTION ( 'NONE',  ( -1.000000000000000000, -0.000000000000000000, -0.000000000000000000 ) ) ;
#603 = VECTOR ( 'NONE', #499, 1000.000000000000000 ) ;
#604 = EDGE_CURVE ( 'NONE', #950, #428, #2143, .T. ) ;
#605 = DIRECTION ( 'NONE',  ( 0.000000000000000000, 0.000000000000000000, -1.000000000000000000 ) ) ;
#606 = ORIENTED_EDGE ( 'NONE', *, *, #612, .F. ) ;
#607 = CARTESIAN_POINT ( 'NONE',  ( 28.59999999999999787, -2.762069023147044167, -6.931785952275177465 ) ) ;
#608 = VERTEX_POINT ( 'NONE', #365 ) ;
#609 = FACE_OUTER_BOUND ( 'NONE', #1897, .T. ) ;
#610 = EDGE_CURVE ( 'NONE', #1411, #1806, #395, .T. ) ;
#611 = ORIENTED_EDGE ( 'NONE', *, *, #1099, .F. ) ;
#612 = EDGE_CURVE ( 'NONE', #749, #869, #563, .T. ) ;
#613 = DIRECTION ( 'NONE',  ( 1.000000000000000000, 0.000000000000000000, 0.000000000000000000 ) ) ;
#614 = VERTEX_POINT ( 'NONE', #1073 ) ;
#615 = CYLINDRICAL_SURFACE ( 'NONE', #1284, 5.000000000000000000 ) ;
#616 = ORIENTED_EDGE ( 'NONE', *, *, #1943, .F. ) ;
#617 = LINE ( 'NONE', #1789, #199 ) ;
#618 = VERTEX_POINT ( 'NONE', #19 ) ;
#619 = EDGE_CURVE ( 'NONE', #1076, #1106, #126, .T. ) ;
#620 = CARTESIAN_POINT ( 'NONE',  ( 1.500000000000000000, -4.365952903884278591, -5.321604448520052877 ) ) ;
#621 = DIRECTION ( 'NONE',  ( 0.000000000000000000, 0.000000000000000000, 1.000000000000000000 ) ) ;
#622 = DIRECTION ( 'NONE',  ( 0.000000000000000000, -1.000000000000000000, 0.000000000000000000 ) ) ;
#623 = CARTESIAN_POINT ( 'NONE',  ( 28.59999999999999787, -2.762069023147042390, -6.931785952275175688 ) ) ;
#624 = VECTOR ( 'NONE', #1945, 1000.000000000000000 ) ;
#625 = VECTOR ( 'NONE', #1362, 1000.000000000000000 ) ;
#626 = ORIENTED_EDGE ( 'NONE', *, *, #928, .F. ) ;
#627 = EDGE_CURVE ( 'NONE', #1753, #920, #216, .T. ) ;
#628 = CARTESIAN_POINT ( 'NONE',  ( 25.59999999999999787, 0.000000000000000000, 0.000000000000000000 ) ) ;
#629 = VECTOR ( 'NONE', #406, 1000.000000000000000 ) ;
#630 = CARTESIAN_POINT ( 'NONE',  ( 36.59999999999999432, 9.000000000000000000, 0.000000000000000000 ) ) ;
#631 = LINE ( 'NONE', #921, #568 ) ;
#632 = ORIENTED_EDGE ( 'NONE', *, *, #802, .F. ) ;
#633 = VECTOR ( 'NONE', #651, 1000.000000000000000 ) ;
#634 = CIRCLE ( 'NONE', #2110, 9.000000000000000000 ) ;
#635 = EDGE_CURVE ( 'NONE', #1646, #169, #1064, .T. ) ;
#636 = DIRECTION ( 'NONE',  ( 0.000000000000000000, 7.112366251504907509E-15, -1.000000000000000000 ) ) ;
#637 = CARTESIAN_POINT ( 'NONE',  ( 38.59999999999999432, 9.000000000000000000, 0.000000000000000000 ) ) ;
#638 = PRODUCT_DEFINITION_FORMATION_WITH_SPECIFIED_SOURCE ( 'ANY', '', #497, .NOT_KNOWN. ) ;
#639 = CARTESIAN_POINT ( 'NONE',  ( 40.59999999999999432, 6.998392672607048226, -2.710505431213761085E-17 ) ) ;
#640 = CARTESIAN_POINT ( 'NONE',  ( 31.59999999999999787, 0.000000000000000000, 0.000000000000000000 ) ) ;
#641 = DIRECTION ( 'NONE',  ( 1.000000000000000000, 0.000000000000000000, 0.000000000000000000 ) ) ;
#642 = DIRECTION ( 'NONE',  ( 0.000000000000000000, 0.000000000000000000, -1.000000000000000000 ) ) ;
#643 = LINE ( 'NONE', #630, #709 ) ;
#644 = VERTEX_POINT ( 'NONE', #1729 ) ;
#645 = FACE_OUTER_BOUND ( 'NONE', #1740, .T. ) ;
#646 = EDGE_CURVE ( 'NONE', #2160, #562, #2136, .T. ) ;
#647 = DIRECTION ( 'NONE',  ( 1.000000000000000000, 0.000000000000000000, 0.000000000000000000 ) ) ;
#648 = DIRECTION ( 'NONE',  ( 1.000000000000000000, 0.000000000000000000, 0.000000000000000000 ) ) ;
#649 = ORIENTED_EDGE ( 'NONE', *, *, #1195, .T. ) ;
#650 = DIRECTION ( 'NONE',  ( 1.000000000000000000, 0.000000000000000000, 0.000000000000000000 ) ) ;
#651 = DIRECTION ( 'NONE',  ( 1.000000000000000000, 0.000000000000000000, 0.000000000000000000 ) ) ;
#652 = ORIENTED_EDGE ( 'NONE', *, *, #82, .T. ) ;
#653 = DIRECTION ( 'NONE',  ( 0.000000000000000000, 1.000000000000000000, 0.000000000000000000 ) ) ;
#654 = DIRECTION ( 'NONE',  ( -1.000000000000000000, -0.000000000000000000, -0.000000000000000000 ) ) ;
#655 = DIRECTION ( 'NONE',  ( -1.000000000000000000, -0.000000000000000000, -0.000000000000000000 ) ) ;
#656 = AXIS2_PLACEMENT_3D ( 'NONE', #261, #1264, #605 ) ;
#657 = ORIENTED_EDGE ( 'NONE', *, *, #1446, .T. ) ;
#658 = EDGE_CURVE ( 'NONE', #903, #1067, #1592, .T. ) ;
#659 = DIRECTION ( 'NONE',  ( -1.000000000000000000, -0.000000000000000000, -0.000000000000000000 ) ) ;
#660 = CYLINDRICAL_SURFACE ( 'NONE', #2103, 5.000000000000000000 ) ;
#661 = AXIS2_PLACEMENT_3D ( 'NONE', #316, #1161, #1691 ) ;
#662 = LINE ( 'NONE', #484, #2145 ) ;
#663 = VERTEX_POINT ( 'NONE', #1400 ) ;
#664 = LINE ( 'NONE', #1524, #1158 ) ;
#665 = AXIS2_PLACEMENT_3D ( 'NONE', #1874, #1698, #703 ) ;
#666 = EDGE_CURVE ( 'NONE', #808, #1765, #1386, .T. ) ;
#667 = CARTESIAN_POINT ( 'NONE',  ( 28.59999999999999787, 2.606424087848269178, -8.614322577793585012 ) ) ;
#668 = VECTOR ( 'NONE', #77, 1000.000000000000000 ) ;
#669 = CARTESIAN_POINT ( 'NONE',  ( 30.59999999999999432, 0.000000000000000000, 0.1499999999999999944 ) ) ;
#670 = AXIS2_PLACEMENT_3D ( 'NONE', #2085, #543, #1575 ) ;
#671 = VERTEX_POINT ( 'NONE', #56 ) ;
#672 = DIRECTION ( 'NONE',  ( 0.000000000000000000, 0.000000000000000000, -1.000000000000000000 ) ) ;
#673 = DIRECTION ( 'NONE',  ( 1.000000000000000000, 0.000000000000000000, 0.000000000000000000 ) ) ;
#674 = CARTESIAN_POINT ( 'NONE',  ( 38.59999999999999432, -10.60302848086181804, -13.13818223212012626 ) ) ;
#675 = EDGE_CURVE ( 'NONE', #1783, #1478, #1573, .T. ) ;
#676 = DIRECTION ( 'NONE',  ( 0.000000000000000000, 0.000000000000000000, -1.000000000000000000 ) ) ;
#677 = EDGE_LOOP ( 'NONE', ( #1872, #388, #859, #853 ) ) ;
#678 = DIRECTION ( 'NONE',  ( 0.000000000000000000, 0.000000000000000000, -1.000000000000000000 ) ) ;
#679 = DIRECTION ( 'NONE',  ( 1.000000000000000000, 0.000000000000000000, 0.000000000000000000 ) ) ;
#680 = DIRECTION ( 'NONE',  ( 1.000000000000000000, 0.000000000000000000, 0.000000000000000000 ) ) ;
#681 = ORIENTED_EDGE ( 'NONE', *, *, #292, .F. ) ;
#682 = CYLINDRICAL_SURFACE ( 'NONE', #946, 9.000000000000000000 ) ;
#683 = CARTESIAN_POINT ( 'NONE',  ( 39.59999999999999432, 1.158410705710341659, -3.828587812352703956 ) ) ;
#684 =( NAMED_UNIT ( * ) SI_UNIT ( $, .STERADIAN. ) SOLID_ANGLE_UNIT ( ) );
#685 = ORIENTED_EDGE ( 'NONE', *, *, #1092, .T. ) ;
#686 = ADVANCED_FACE ( 'NONE', ( #2116 ), #1201, .T. ) ;
#687 = CARTESIAN_POINT ( 'NONE',  ( 21.59999999999999787, 0.000000000000000000, 0.1499999999999999944 ) ) ;
#688 = CARTESIAN_POINT ( 'NONE',  ( 38.59999999999999432, 0.000000000000000000, 0.000000000000000000 ) ) ;
#689 = CARTESIAN_POINT ( 'NONE',  ( 24.59999999999999787, 2.606424087848269178, -8.614322577793585012 ) ) ;
#690 = PLANE ( 'NONE',  #1664 ) ;
#691 = VERTEX_POINT ( 'NONE', #694 ) ;
#692 = DIRECTION ( 'NONE',  ( 0.000000000000000000, 0.000000000000000000, -1.000000000000000000 ) ) ;
#693 = EDGE_LOOP ( 'NONE', ( #1982, #776, #198, #1797 ) ) ;
#694 = CARTESIAN_POINT ( 'NONE',  ( 32.59999999999999432, 9.000000000000000000, 0.000000000000000000 ) ) ;
#695 = DIRECTION ( 'NONE',  ( 0.000000000000000000, 0.000000000000000000, -1.000000000000000000 ) ) ;
#696 = AXIS2_PLACEMENT_3D ( 'NONE', #1950, #1105, #949 ) ;
#697 = CIRCLE ( 'NONE', #1015, 9.000000000000000000 ) ;
#698 = ADVANCED_FACE ( 'NONE', ( #712 ), #1227, .T. ) ;
#699 = ORIENTED_EDGE ( 'NONE', *, *, #549, .F. ) ;
#700 = AXIS2_PLACEMENT_3D ( 'NONE', #1726, #1569, #719 ) ;
#701 = CIRCLE ( 'NONE', #1954, 5.000000000000000888 ) ;
#702 = DIRECTION ( 'NONE',  ( -1.000000000000000000, -0.000000000000000000, -0.000000000000000000 ) ) ;
#703 = DIRECTION ( 'NONE',  ( 0.000000000000000000, 0.000000000000000000, -1.000000000000000000 ) ) ;
#704 = VECTOR ( 'NONE', #89, 1000.000000000000000 ) ;
#705 = EDGE_CURVE ( 'NONE', #1582, #354, #617, .T. ) ;
#706 = CARTESIAN_POINT ( 'NONE',  ( 18.59999999999999787, -4.365952903884279479, -5.321604448520053765 ) ) ;
#707 = CARTESIAN_POINT ( 'NONE',  ( 20.59999999999999787, 9.000000000000000000, 0.000000000000000000 ) ) ;
#708 = ORIENTED_EDGE ( 'NONE', *, *, #2081, .T. ) ;
#709 = VECTOR ( 'NONE', #972, 1000.000000000000000 ) ;
#710 = VECTOR ( 'NONE', #367, 1000.000000000000000 ) ;
#711 = EDGE_LOOP ( 'NONE', ( #1398, #1033, #390, #1825 ) ) ;
#712 = FACE_OUTER_BOUND ( 'NONE', #392, .T. ) ;
#713 = ORIENTED_EDGE ( 'NONE', *, *, #646, .T. ) ;
#714 = DIRECTION ( 'NONE',  ( -1.000000000000000000, -0.000000000000000000, -0.000000000000000000 ) ) ;
#715 = VERTEX_POINT ( 'NONE', #80 ) ;
#716 = LINE ( 'NONE', #1, #309 ) ;
#717 = DIRECTION ( 'NONE',  ( 1.000000000000000000, 0.000000000000000000, 0.000000000000000000 ) ) ;
#718 = CARTESIAN_POINT ( 'NONE',  ( 41.60000000000000142, -2.762069023147044167, -6.931785952275177465 ) ) ;
#719 = DIRECTION ( 'NONE',  ( 0.000000000000000000, 0.000000000000000000, 1.000000000000000000 ) ) ;
#720 = ORIENTED_EDGE ( 'NONE', *, *, #74, .F. ) ;
#721 = EDGE_CURVE ( 'NONE', #1651, #297, #576, .T. ) ;
#722 = ORIENTED_EDGE ( 'NONE', *, *, #1319, .T. ) ;
#723 = CARTESIAN_POINT ( 'NONE',  ( 26.59999999999999787, 9.000000000000000000, 0.000000000000000000 ) ) ;
#724 = ORIENTED_EDGE ( 'NONE', *, *, #110, .F. ) ;
#725 = CYLINDRICAL_SURFACE ( 'NONE', #2182, 5.000000000000000000 ) ;
#726 = ORIENTED_EDGE ( 'NONE', *, *, #1078, .F. ) ;
#727 = EDGE_CURVE ( 'NONE', #771, #586, #191, .T. ) ;
#728 = CARTESIAN_POINT ( 'NONE',  ( 26.59999999999999787, 0.000000000000000000, 0.000000000000000000 ) ) ;
#729 = CARTESIAN_POINT ( 'NONE',  ( 34.60000000000000142, 0.000000000000000000, 0.000000000000000000 ) ) ;
#730 = DIRECTION ( 'NONE',  ( -0.000000000000000000, 0.000000000000000000, 1.000000000000000000 ) ) ;
#731 = ORIENTED_EDGE ( 'NONE', *, *, #463, .T. ) ;
#732 = CARTESIAN_POINT ( 'NONE',  ( 27.59999999999999787, 2.606424087848269178, -8.614322577793585012 ) ) ;
#733 = ADVANCED_FACE ( 'NONE', ( #1115 ), #1781, .F. ) ;
#734 = ORIENTED_EDGE ( 'NONE', *, *, #1621, .F. ) ;
#735 = DIRECTION ( 'NONE',  ( 0.000000000000000000, 0.000000000000000000, -1.000000000000000000 ) ) ;
#736 = ADVANCED_FACE ( 'NONE', ( #421 ), #937, .T. ) ;
#737 = VERTEX_POINT ( 'NONE', #1483 ) ;
#738 = AXIS2_PLACEMENT_3D ( 'NONE', #1013, #967, #1321 ) ;
#739 = FACE_OUTER_BOUND ( 'NONE', #892, .T. ) ;
#740 = ORIENTED_EDGE ( 'NONE', *, *, #1891, .F. ) ;
#741 = AXIS2_PLACEMENT_3D ( 'NONE', #1989, #1815, #2211 ) ;
#742 = AXIS2_PLACEMENT_3D ( 'NONE', #152, #840, #818 ) ;
#743 = DIRECTION ( 'NONE',  ( -1.000000000000000000, -0.000000000000000000, -0.000000000000000000 ) ) ;
#744 = DIRECTION ( 'NONE',  ( -1.000000000000000000, -0.000000000000000000, -0.000000000000000000 ) ) ;
#745 = VERTEX_POINT ( 'NONE', #255 ) ;
#746 = AXIS2_PLACEMENT_3D ( 'NONE', #855, #1035, #11 ) ;
#747 = CARTESIAN_POINT ( 'NONE',  ( 18.59999999999999787, -2.762069023147042390, -6.931785952275175688 ) ) ;
#748 = CIRCLE ( 'NONE', #1467, 10.00000000000000178 ) ;
#749 = VERTEX_POINT ( 'NONE', #917 ) ;
#750 = CIRCLE ( 'NONE', #22, 5.000000000000000888 ) ;
#751 = ADVANCED_FACE ( 'NONE', ( #1973 ), #786, .T. ) ;
#752 = VECTOR ( 'NONE', #1414, 1000.000000000000000 ) ;
#753 = DIRECTION ( 'NONE',  ( 0.000000000000000000, 7.112366251504907509E-15, -1.000000000000000000 ) ) ;
#754 = VERTEX_POINT ( 'NONE', #70 ) ;
#755 = DIRECTION ( 'NONE',  ( 0.000000000000000000, -1.000000000000000000, 0.000000000000000000 ) ) ;
#756 = ORIENTED_EDGE ( 'NONE', *, *, #1436, .F. ) ;
#757 = CARTESIAN_POINT ( 'NONE',  ( 33.60000000000000142, 1.158410705710341659, -3.828587812352703956 ) ) ;
#758 = ORIENTED_EDGE ( 'NONE', *, *, #604, .T. ) ;
#759 = DIRECTION ( 'NONE',  ( 0.000000000000000000, 0.000000000000000000, -1.000000000000000000 ) ) ;
#760 = ORIENTED_EDGE ( 'NONE', *, *, #1502, .T. ) ;
#761 = DIRECTION ( 'NONE',  ( -1.000000000000000000, -0.000000000000000000, -0.000000000000000000 ) ) ;
#762 = ORIENTED_EDGE ( 'NONE', *, *, #958, .T. ) ;
#763 = CARTESIAN_POINT ( 'NONE',  ( 40.59999999999999432, 1.158410705710341659, -3.828587812352703956 ) ) ;
#764 = ORIENTED_EDGE ( 'NONE', *, *, #248, .T. ) ;
#765 = CARTESIAN_POINT ( 'NONE',  ( 1.500000000000000000, 6.998392672607046450, 0.000000000000000000 ) ) ;
#766 = ORIENTED_EDGE ( 'NONE', *, *, #592, .T. ) ;
#767 = CARTESIAN_POINT ( 'NONE',  ( 26.59999999999999787, 1.158410705710341659, -3.828587812352703956 ) ) ;
#768 = ORIENTED_EDGE ( 'NONE', *, *, #210, .F. ) ;
#769 = DIRECTION ( 'NONE',  ( -1.000000000000000000, -0.000000000000000000, -0.000000000000000000 ) ) ;
#770 = DIRECTION ( 'NONE',  ( 0.000000000000000000, 0.000000000000000000, -1.000000000000000000 ) ) ;
#771 = VERTEX_POINT ( 'NONE', #961 ) ;
#772 = AXIS2_PLACEMENT_3D ( 'NONE', #2225, #2098, #559 ) ;
#773 = VECTOR ( 'NONE', #1006, 1000.000000000000000 ) ;
#774 = EDGE_CURVE ( 'NONE', #1348, #1084, #1951, .T. ) ;
#775 = DIRECTION ( 'NONE',  ( 1.000000000000000000, 0.000000000000000000, 0.000000000000000000 ) ) ;
#776 = ORIENTED_EDGE ( 'NONE', *, *, #229, .F. ) ;
#777 = DIRECTION ( 'NONE',  ( 0.000000000000000000, 0.000000000000000000, -1.000000000000000000 ) ) ;
#778 = AXIS2_PLACEMENT_3D ( 'NONE', #312, #2168, #150 ) ;
#779 = ORIENTED_EDGE ( 'NONE', *, *, #1621, .T. ) ;
#780 = DIRECTION ( 'NONE',  ( -1.000000000000000000, -0.000000000000000000, -0.000000000000000000 ) ) ;
#781 = CIRCLE ( 'NONE', #1248, 9.000000000000000000 ) ;
#782 = CARTESIAN_POINT ( 'NONE',  ( 24.59999999999999787, 9.000000000000000000, 0.000000000000000000 ) ) ;
#783 = ORIENTED_EDGE ( 'NONE', *, *, #78, .T. ) ;
#784 = DIRECTION ( 'NONE',  ( 1.000000000000000000, 0.000000000000000000, 0.000000000000000000 ) ) ;
#785 = CARTESIAN_POINT ( 'NONE',  ( 32.59999999999999432, 0.000000000000000000, 0.1499999999999999944 ) ) ;
#786 = CYLINDRICAL_SURFACE ( 'NONE', #1463, 9.000000000000000000 ) ;
#787 = ORIENTED_EDGE ( 'NONE', *, *, #1282, .T. ) ;
#788 = PLANE ( 'NONE',  #2150 ) ;
#789 = DIRECTION ( 'NONE',  ( 1.000000000000000000, 0.000000000000000000, 0.000000000000000000 ) ) ;
#790 = EDGE_CURVE ( 'NONE', #208, #1806, #599, .T. ) ;
#791 = CARTESIAN_POINT ( 'NONE',  ( 33.60000000000000142, -4.365952903884278591, -5.321604448520052877 ) ) ;
#792 = CARTESIAN_POINT ( 'NONE',  ( 24.59999999999999787, 9.000000000000000000, 0.000000000000000000 ) ) ;
#793 = CARTESIAN_POINT ( 'NONE',  ( 22.59999999999999432, 9.000000000000000000, 0.000000000000000000 ) ) ;
#794 = EDGE_CURVE ( 'NONE', #749, #1220, #1260, .T. ) ;
#795 = EDGE_CURVE ( 'NONE', #1464, #372, #1283, .T. ) ;
#796 = ORIENTED_EDGE ( 'NONE', *, *, #1735, .F. ) ;
#797 = EDGE_CURVE ( 'NONE', #1856, #1651, #90, .T. ) ;
#798 =( LENGTH_UNIT ( ) NAMED_UNIT ( * ) SI_UNIT ( .MILLI., .METRE. ) );
#799 = CARTESIAN_POINT ( 'NONE',  ( 39.59999999999999432, 0.000000000000000000, 0.000000000000000000 ) ) ;
#800 = ORIENTED_EDGE ( 'NONE', *, *, #1947, .F. ) ;
#801 = LINE ( 'NONE', #2199, #1984 ) ;
#802 = EDGE_CURVE ( 'NONE', #1646, #425, #1312, .T. ) ;
#803 = DIRECTION ( 'NONE',  ( 1.000000000000000000, 0.000000000000000000, 0.000000000000000000 ) ) ;
#804 = DIRECTION ( 'NONE',  ( 0.000000000000000000, 0.000000000000000000, -1.000000000000000000 ) ) ;
#805 = DIRECTION ( 'NONE',  ( 1.000000000000000000, 0.000000000000000000, 0.000000000000000000 ) ) ;
#806 = AXIS2_PLACEMENT_3D ( 'NONE', #2165, #974, #2189 ) ;
#807 = AXIS2_PLACEMENT_3D ( 'NONE', #683, #1373, #2055 ) ;
#808 = VERTEX_POINT ( 'NONE', #793 ) ;
#809 = CIRCLE ( 'NONE', #487, 5.000000000000000888 ) ;
#810 = DIRECTION ( 'NONE',  ( 0.000000000000000000, 0.000000000000000000, -1.000000000000000000 ) ) ;
#811 = ORIENTED_EDGE ( 'NONE', *, *, #931, .F. ) ;
#812 = VECTOR ( 'NONE', #244, 1000.000000000000000 ) ;
#813 = EDGE_CURVE ( 'NONE', #1517, #1662, #1940, .T. ) ;
#814 = AXIS2_PLACEMENT_3D ( 'NONE', #408, #702, #532 ) ;
#815 = CARTESIAN_POINT ( 'NONE',  ( 20.59999999999999787, 2.606424087848269178, -8.614322577793585012 ) ) ;
#816 = DIRECTION ( 'NONE',  ( 1.000000000000000000, 0.000000000000000000, 0.000000000000000000 ) ) ;
#817 = DIRECTION ( 'NONE',  ( 0.000000000000000000, 0.000000000000000000, -1.000000000000000000 ) ) ;
#818 = DIRECTION ( 'NONE',  ( 0.000000000000000000, 7.112366251504907509E-15, -1.000000000000000000 ) ) ;
#819 = CARTESIAN_POINT ( 'NONE',  ( 38.59999999999999432, 2.606424087848269178, -8.614322577793585012 ) ) ;
#820 = SHAPE_DEFINITION_REPRESENTATION ( #1010, #2200 ) ;
#821 = ADVANCED_FACE ( 'NONE', ( #1454 ), #1080, .T. ) ;
#822 = ORIENTED_EDGE ( 'NONE', *, *, #867, .T. ) ;
#823 = EDGE_CURVE ( 'NONE', #1317, #1302, #1618, .T. ) ;
#824 = CARTESIAN_POINT ( 'NONE',  ( 23.59999999999999432, 2.606424087848269178, -8.614322577793585012 ) ) ;
#825 = CYLINDRICAL_SURFACE ( 'NONE', #1593, 10.00000000000000000 ) ;
#826 = DIRECTION ( 'NONE',  ( -1.000000000000000000, -0.000000000000000000, -0.000000000000000000 ) ) ;
#827 = ORIENTED_EDGE ( 'NONE', *, *, #2230, .T. ) ;
#828 = CARTESIAN_POINT ( 'NONE',  ( 34.60000000000000142, 9.000000000000000000, 0.000000000000000000 ) ) ;
#829 = FACE_OUTER_BOUND ( 'NONE', #1616, .T. ) ;
#830 = CARTESIAN_POINT ( 'NONE',  ( 21.59999999999999787, 0.000000000000000000, 0.000000000000000000 ) ) ;
#831 = LINE ( 'NONE', #290, #633 ) ;
#832 = ORIENTED_EDGE ( 'NONE', *, *, #612, .T. ) ;
#833 = ADVANCED_FACE ( 'NONE', ( #609 ), #1855, .T. ) ;
#834 = CARTESIAN_POINT ( 'NONE',  ( 29.59999999999999787, -10.60302848086181804, -13.13818223212012626 ) ) ;
#835 = DIRECTION ( 'NONE',  ( 1.000000000000000000, 0.000000000000000000, 0.000000000000000000 ) ) ;
#836 = CARTESIAN_POINT ( 'NONE',  ( 24.59999999999999787, 0.000000000000000000, 0.1499999999999999944 ) ) ;
#837 = EDGE_CURVE ( 'NONE', #941, #903, #2020, .T. ) ;
#838 = AXIS2_PLACEMENT_3D ( 'NONE', #1553, #391, #220 ) ;
#839 = VECTOR ( 'NONE', #310, 1000.000000000000000 ) ;
#840 = DIRECTION ( 'NONE',  ( -1.000000000000000000, -0.000000000000000000, -0.000000000000000000 ) ) ;
#841 = CARTESIAN_POINT ( 'NONE',  ( 31.59999999999999787, 6.998392672607048226, -2.710505431213761085E-17 ) ) ;
#842 = CARTESIAN_POINT ( 'NONE',  ( 25.59999999999999787, 0.000000000000000000, 0.1499999999999999944 ) ) ;
#843 = ORIENTED_EDGE ( 'NONE', *, *, #74, .T. ) ;
#844 = FACE_OUTER_BOUND ( 'NONE', #693, .T. ) ;
#845 = CARTESIAN_POINT ( 'NONE',  ( 32.59999999999999432, -4.365952903884279479, -5.321604448520053765 ) ) ;
#846 = CYLINDRICAL_SURFACE ( 'NONE', #2059, 5.000000000000000000 ) ;
#847 = VECTOR ( 'NONE', #761, 1000.000000000000000 ) ;
#848 = ADVANCED_FACE ( 'NONE', ( #1146 ), #846, .T. ) ;
#849 = ORIENTED_EDGE ( 'NONE', *, *, #1587, .F. ) ;
#850 = CARTESIAN_POINT ( 'NONE',  ( 27.59999999999999787, 0.000000000000000000, 0.000000000000000000 ) ) ;
#851 = DIRECTION ( 'NONE',  ( 1.000000000000000000, 0.000000000000000000, 0.000000000000000000 ) ) ;
#852 = PRODUCT_CONTEXT ( 'NONE', #1296, 'mechanical' ) ;
#853 = ORIENTED_EDGE ( 'NONE', *, *, #705, .T. ) ;
#854 = CARTESIAN_POINT ( 'NONE',  ( 40.59999999999999432, 9.000000000000000000, 0.000000000000000000 ) ) ;
#855 = CARTESIAN_POINT ( 'NONE',  ( 28.59999999999999787, -10.60302848086181804, -13.13818223212012626 ) ) ;
#856 = PLANE ( 'NONE',  #1985 ) ;
#857 = CARTESIAN_POINT ( 'NONE',  ( 32.59999999999999432, 2.606424087848269178, -8.614322577793585012 ) ) ;
#858 = EDGE_CURVE ( 'NONE', #1630, #55, #993, .T. ) ;
#859 = ORIENTED_EDGE ( 'NONE', *, *, #1705, .F. ) ;
#860 = CARTESIAN_POINT ( 'NONE',  ( 25.59999999999999787, 1.158410705710341659, -3.828587812352703956 ) ) ;
#861 = CARTESIAN_POINT ( 'NONE',  ( 30.59999999999999432, -10.60302848086181804, -13.13818223212012626 ) ) ;
#862 = ORIENTED_EDGE ( 'NONE', *, *, #942, .F. ) ;
#863 = EDGE_CURVE ( 'NONE', #2151, #1234, #2027, .T. ) ;
#864 = CARTESIAN_POINT ( 'NONE',  ( 40.59999999999999432, 0.000000000000000000, 0.1499999999999999944 ) ) ;
#865 = DIRECTION ( 'NONE',  ( -1.000000000000000000, -0.000000000000000000, -0.000000000000000000 ) ) ;
#866 = FACE_OUTER_BOUND ( 'NONE', #1893, .T. ) ;
#867 = EDGE_CURVE ( 'NONE', #1651, #1190, #411, .T. ) ;
#868 = CARTESIAN_POINT ( 'NONE',  ( 29.59999999999999787, 1.158410705710341659, -3.828587812352703956 ) ) ;
#869 = VERTEX_POINT ( 'NONE', #117 ) ;
#870 = EDGE_LOOP ( 'NONE', ( #1894, #43, #151, #1402 ) ) ;
#871 = FACE_OUTER_BOUND ( 'NONE', #1861, .T. ) ;
#872 = VECTOR ( 'NONE', #648, 1000.000000000000000 ) ;
#873 = ORIENTED_EDGE ( 'NONE', *, *, #1754, .F. ) ;
#874 = CIRCLE ( 'NONE', #1594, 5.000000000000000888 ) ;
#875 = CIRCLE ( 'NONE', #2023, 7.000000000000000888 ) ;
#876 = DIRECTION ( 'NONE',  ( 0.000000000000000000, 0.000000000000000000, -1.000000000000000000 ) ) ;
#877 = EDGE_LOOP ( 'NONE', ( #51, #472, #1139, #247, #2164 ) ) ;
#878 = EDGE_CURVE ( 'NONE', #1674, #1060, #287, .T. ) ;
#879 = LINE ( 'NONE', #1209, #272 ) ;
#880 = VECTOR ( 'NONE', #1919, 1000.000000000000000 ) ;
#881 = CYLINDRICAL_SURFACE ( 'NONE', #1053, 10.00000000000000000 ) ;
#882 = FACE_OUTER_BOUND ( 'NONE', #324, .T. ) ;
#883 = EDGE_LOOP ( 'NONE', ( #756, #1636, #764, #1812, #375 ) ) ;
#884 = AXIS2_PLACEMENT_3D ( 'NONE', #2224, #865, #1888 ) ;
#885 = CARTESIAN_POINT ( 'NONE',  ( 31.59999999999999787, 2.606424087848269178, -8.614322577793585012 ) ) ;
#886 = AXIS2_PLACEMENT_3D ( 'NONE', #1713, #1542, #1862 ) ;
#887 = ORIENTED_EDGE ( 'NONE', *, *, #823, .F. ) ;
#888 = DIRECTION ( 'NONE',  ( 1.000000000000000000, 0.000000000000000000, 0.000000000000000000 ) ) ;
#889 = VECTOR ( 'NONE', #1814, 1000.000000000000000 ) ;
#890 = ORIENTED_EDGE ( 'NONE', *, *, #28, .F. ) ;
#891 = CARTESIAN_POINT ( 'NONE',  ( 26.59999999999999787, -2.762069023147042390, -6.931785952275175688 ) ) ;
#892 = EDGE_LOOP ( 'NONE', ( #234, #485, #1966, #616 ) ) ;
#893 = EDGE_CURVE ( 'NONE', #1771, #754, #323, .T. ) ;
#894 = LINE ( 'NONE', #1566, #1213 ) ;
#895 = DIRECTION ( 'NONE',  ( 1.000000000000000000, 0.000000000000000000, 0.000000000000000000 ) ) ;
#896 = LINE ( 'NONE', #707, #1273 ) ;
#897 = ORIENTED_EDGE ( 'NONE', *, *, #1165, .T. ) ;
#898 = CARTESIAN_POINT ( 'NONE',  ( 20.59999999999999787, 6.998392672607048226, -2.710505431213761085E-17 ) ) ;
#899 = VERTEX_POINT ( 'NONE', #1842 ) ;
#900 = CARTESIAN_POINT ( 'NONE',  ( 34.60000000000000142, -2.762069023147042390, -6.931785952275175688 ) ) ;
#901 = VERTEX_POINT ( 'NONE', #334 ) ;
#902 = DIRECTION ( 'NONE',  ( 1.000000000000000000, 0.000000000000000000, 0.000000000000000000 ) ) ;
#903 = VERTEX_POINT ( 'NONE', #1526 ) ;
#904 = ORIENTED_EDGE ( 'NONE', *, *, #823, .T. ) ;
#905 = EDGE_CURVE ( 'NONE', #108, #274, #1493, .T. ) ;
#906 = DIRECTION ( 'NONE',  ( 0.000000000000000000, 0.000000000000000000, 1.000000000000000000 ) ) ;
#907 = VERTEX_POINT ( 'NONE', #1994 ) ;
#908 = LINE ( 'NONE', #900, #1811 ) ;
#909 = ORIENTED_EDGE ( 'NONE', *, *, #942, .T. ) ;
#910 = AXIS2_PLACEMENT_3D ( 'NONE', #1914, #383, #50 ) ;
#911 = AXIS2_PLACEMENT_3D ( 'NONE', #2043, #507, #1187 ) ;
#912 = FACE_OUTER_BOUND ( 'NONE', #883, .T. ) ;
#913 = VECTOR ( 'NONE', #2202, 1000.000000000000000 ) ;
#914 = CARTESIAN_POINT ( 'NONE',  ( 1.500000000000000000, -4.365952903884278591, -5.321604448520052877 ) ) ;
#915 = ORIENTED_EDGE ( 'NONE', *, *, #1624, .T. ) ;
#916 = AXIS2_PLACEMENT_3D ( 'NONE', #338, #1860, #2196 ) ;
#917 = CARTESIAN_POINT ( 'NONE',  ( 18.59999999999999787, 6.050000000000000711, 0.000000000000000000 ) ) ;
#918 = AXIS2_PLACEMENT_3D ( 'NONE', #1887, #1180, #522 ) ;
#919 = ADVANCED_FACE ( 'NONE', ( #1690 ), #2013, .T. ) ;
#920 = VERTEX_POINT ( 'NONE', #1003 ) ;
#921 = CARTESIAN_POINT ( 'NONE',  ( 1.500000000000000000, 6.998392672607046450, 0.000000000000000000 ) ) ;
#922 = VERTEX_POINT ( 'NONE', #2003 ) ;
#923 = LINE ( 'NONE', #1122, #624 ) ;
#924 = VERTEX_POINT ( 'NONE', #2213 ) ;
#925 = DIRECTION ( 'NONE',  ( -1.000000000000000000, -0.000000000000000000, -0.000000000000000000 ) ) ;
#926 = ORIENTED_EDGE ( 'NONE', *, *, #802, .T. ) ;
#927 = CARTESIAN_POINT ( 'NONE',  ( 31.59999999999999787, 1.158410705710341659, -3.828587812352703956 ) ) ;
#928 = EDGE_CURVE ( 'NONE', #1239, #2151, #1663, .T. ) ;
#929 = EDGE_LOOP ( 'NONE', ( #897, #1173, #1620, #652 ) ) ;
#930 = VERTEX_POINT ( 'NONE', #161 ) ;
#931 = EDGE_CURVE ( 'NONE', #2034, #1788, #1184, .T. ) ;
#932 = CARTESIAN_POINT ( 'NONE',  ( -0.002000000000002000178, 0.000000000000000000, 0.000000000000000000 ) ) ;
#933 = ORIENTED_EDGE ( 'NONE', *, *, #110, .T. ) ;
#934 = CARTESIAN_POINT ( 'NONE',  ( 26.59999999999999787, 9.000000000000000000, 0.000000000000000000 ) ) ;
#935 = PRODUCT_DEFINITION ( 'UNKNOWN', '', #638, #250 ) ;
#936 = ORIENTED_EDGE ( 'NONE', *, *, #1078, .T. ) ;
#937 = CYLINDRICAL_SURFACE ( 'NONE', #696, 9.000000000000000000 ) ;
#938 = ORIENTED_EDGE ( 'NONE', *, *, #705, .F. ) ;
#939 = EDGE_CURVE ( 'NONE', #582, #537, #968, .T. ) ;
#940 = DIRECTION ( 'NONE',  ( -1.000000000000000000, -0.000000000000000000, -0.000000000000000000 ) ) ;
#941 = VERTEX_POINT ( 'NONE', #1819 ) ;
#942 = EDGE_CURVE ( 'NONE', #315, #1531, #1205, .T. ) ;
#943 = VECTOR ( 'NONE', #1233, 1000.000000000000000 ) ;
#944 = DIRECTION ( 'NONE',  ( 1.000000000000000000, 0.000000000000000000, 0.000000000000000000 ) ) ;
#945 = ORIENTED_EDGE ( 'NONE', *, *, #2100, .T. ) ;
#946 = AXIS2_PLACEMENT_3D ( 'NONE', #2015, #1518, #983 ) ;
#947 = CARTESIAN_POINT ( 'NONE',  ( 32.59999999999999432, 9.000000000000000000, 0.000000000000000000 ) ) ;
#948 = ORIENTED_EDGE ( 'NONE', *, *, #1843, .T. ) ;
#949 = DIRECTION ( 'NONE',  ( 0.000000000000000000, 0.000000000000000000, -1.000000000000000000 ) ) ;
#950 = VERTEX_POINT ( 'NONE', #1343 ) ;
#951 = VECTOR ( 'NONE', #2052, 1000.000000000000000 ) ;
#952 = EDGE_LOOP ( 'NONE', ( #1448, #887, #328, #1388 ) ) ;
#953 = VECTOR ( 'NONE', #1247, 1000.000000000000000 ) ;
#954 = VECTOR ( 'NONE', #29, 1000.000000000000000 ) ;
#955 =( GEOMETRIC_REPRESENTATION_CONTEXT ( 3 ) GLOBAL_UNCERTAINTY_ASSIGNED_CONTEXT ( ( #1865 ) ) GLOBAL_UNIT_ASSIGNED_CONTEXT ( ( #301, #1683, #684 ) ) REPRESENTATION_CONTEXT ( 'NONE', 'WORKASPACE' ) );
#956 = CARTESIAN_POINT ( 'NONE',  ( 37.59999999999999432, -2.762069023147044167, -6.931785952275177465 ) ) ;
#957 = ORIENTED_EDGE ( 'NONE', *, *, #2056, .T. ) ;
#958 = EDGE_CURVE ( 'NONE', #922, #1234, #524, .T. ) ;
#959 = CARTESIAN_POINT ( 'NONE',  ( 24.59999999999999787, 1.158410705710341659, -3.828587812352703956 ) ) ;
#960 = ORIENTED_EDGE ( 'NONE', *, *, #893, .F. ) ;
#961 = CARTESIAN_POINT ( 'NONE',  ( 29.59999999999999787, 6.998392672607048226, -2.710505431213761085E-17 ) ) ;
#962 = ADVANCED_FACE ( 'NONE', ( #2181 ), #1322, .T. ) ;
#963 = ORIENTED_EDGE ( 'NONE', *, *, #2163, .T. ) ;
#964 = LINE ( 'NONE', #1486, #1098 ) ;
#965 = CARTESIAN_POINT ( 'NONE',  ( 41.60000000000000142, 2.606424087848269178, -8.614322577793585012 ) ) ;
#966 = LINE ( 'NONE', #2036, #603 ) ;
#967 = DIRECTION ( 'NONE',  ( -1.000000000000000000, -0.000000000000000000, -0.000000000000000000 ) ) ;
#968 = LINE ( 'NONE', #1658, #913 ) ;
#969 = ADVANCED_FACE ( 'NONE', ( #2079 ), #1069, .F. ) ;
#970 = ORIENTED_EDGE ( 'NONE', *, *, #939, .T. ) ;
#971 = CARTESIAN_POINT ( 'NONE',  ( 21.59999999999999787, -2.762069023147044167, -6.931785952275177465 ) ) ;
#972 = DIRECTION ( 'NONE',  ( 1.000000000000000000, 0.000000000000000000, 0.000000000000000000 ) ) ;
#973 = ORIENTED_EDGE ( 'NONE', *, *, #356, .T. ) ;
#974 = DIRECTION ( 'NONE',  ( -1.000000000000000000, -0.000000000000000000, -0.000000000000000000 ) ) ;
#975 = VECTOR ( 'NONE', #476, 1000.000000000000000 ) ;
#976 = AXIS2_PLACEMENT_3D ( 'NONE', #1482, #1854, #804 ) ;
#977 = CARTESIAN_POINT ( 'NONE',  ( 34.60000000000000142, 9.000000000000000000, 0.000000000000000000 ) ) ;
#978 = DIRECTION ( 'NONE',  ( 0.000000000000000000, 0.000000000000000000, -1.000000000000000000 ) ) ;
#979 = AXIS2_PLACEMENT_3D ( 'NONE', #763, #743, #1450 ) ;
#980 = VECTOR ( 'NONE', #2042, 1000.000000000000000 ) ;
#981 = ADVANCED_FACE ( 'NONE', ( #1197 ), #1904, .T. ) ;
#982 = ORIENTED_EDGE ( 'NONE', *, *, #1282, .F. ) ;
#983 = DIRECTION ( 'NONE',  ( 0.000000000000000000, 0.000000000000000000, -1.000000000000000000 ) ) ;
#984 = CARTESIAN_POINT ( 'NONE',  ( 20.59999999999999787, 2.606424087848269178, -8.614322577793585012 ) ) ;
#985 = AXIS2_PLACEMENT_3D ( 'NONE', #767, #1769, #1964 ) ;
#986 = ADVANCED_FACE ( 'NONE', ( #213 ), #1717, .F. ) ;
#987 = ORIENTED_EDGE ( 'NONE', *, *, #619, .F. ) ;
#988 = AXIS2_PLACEMENT_3D ( 'NONE', #357, #545, #1535 ) ;
#989 = AXIS2_PLACEMENT_3D ( 'NONE', #2149, #784, #1979 ) ;
#990 = CARTESIAN_POINT ( 'NONE',  ( 18.59999999999999787, -0.000000000000000000, 0.000000000000000000 ) ) ;
#991 = CIRCLE ( 'NONE', #1997, 10.00000000000000178 ) ;
#992 = DIRECTION ( 'NONE',  ( 1.000000000000000000, 0.000000000000000000, 0.000000000000000000 ) ) ;
#993 = LINE ( 'NONE', #1172, #975 ) ;
#994 = EDGE_LOOP ( 'NONE', ( #231, #1407, #560, #2105 ) ) ;
#995 = DIRECTION ( 'NONE',  ( 1.000000000000000000, 0.000000000000000000, 0.000000000000000000 ) ) ;
#996 = CARTESIAN_POINT ( 'NONE',  ( 36.59999999999999432, 0.000000000000000000, 0.1499999999999999944 ) ) ;
#997 = DIRECTION ( 'NONE',  ( -1.000000000000000000, -0.000000000000000000, -0.000000000000000000 ) ) ;
#998 = SURFACE_STYLE_USAGE ( .BOTH. , #1151 ) ;
#999 = ORIENTED_EDGE ( 'NONE', *, *, #162, .F. ) ;
#1000 = EDGE_CURVE ( 'NONE', #306, #106, #896, .T. ) ;
#1001 = DIRECTION ( 'NONE',  ( -1.000000000000000000, 0.000000000000000000, 0.000000000000000000 ) ) ;
#1002 = DIRECTION ( 'NONE',  ( 0.000000000000000000, 0.000000000000000000, -1.000000000000000000 ) ) ;
#1003 = CARTESIAN_POINT ( 'NONE',  ( 27.59999999999999787, 9.000000000000000000, 0.000000000000000000 ) ) ;
#1004 = EDGE_CURVE ( 'NONE', #737, #588, #1579, .T. ) ;
#1005 = DIRECTION ( 'NONE',  ( 0.000000000000000000, 0.000000000000000000, -1.000000000000000000 ) ) ;
#1006 = DIRECTION ( 'NONE',  ( 0.000000000000000000, -1.000000000000000000, 0.000000000000000000 ) ) ;
#1007 = ORIENTED_EDGE ( 'NONE', *, *, #1987, .T. ) ;
#1008 = CARTESIAN_POINT ( 'NONE',  ( 20.59999999999999787, 0.000000000000000000, 0.1499999999999999944 ) ) ;
#1009 = CARTESIAN_POINT ( 'NONE',  ( 32.59999999999999432, 6.998392672607048226, -2.710505431213761085E-17 ) ) ;
#1010 = PRODUCT_DEFINITION_SHAPE ( 'NONE', 'NONE',  #935 ) ;
#1011 = ADVANCED_FACE ( 'NONE', ( #40 ), #514, .T. ) ;
#1012 = DIRECTION ( 'NONE',  ( -1.000000000000000000, -0.000000000000000000, -0.000000000000000000 ) ) ;
#1013 = CARTESIAN_POINT ( 'NONE',  ( 22.59999999999999432, 0.000000000000000000, 0.1499999999999999944 ) ) ;
#1014 = DIRECTION ( 'NONE',  ( 0.000000000000000000, 0.000000000000000000, -1.000000000000000000 ) ) ;
#1015 = AXIS2_PLACEMENT_3D ( 'NONE', #2026, #1171, #1992 ) ;
#1016 = CIRCLE ( 'NONE', #838, 9.000000000000000000 ) ;
#1017 = CIRCLE ( 'NONE', #1918, 9.000000000000000000 ) ;
#1018 = DIRECTION ( 'NONE',  ( 1.000000000000000000, 0.000000000000000000, 0.000000000000000000 ) ) ;
#1019 = CYLINDRICAL_SURFACE ( 'NONE', #1425, 9.000000000000000000 ) ;
#1020 = ORIENTED_EDGE ( 'NONE', *, *, #1099, .T. ) ;
#1021 = AXIS2_PLACEMENT_3D ( 'NONE', #1829, #1313, #1494 ) ;
#1022 = CARTESIAN_POINT ( 'NONE',  ( 30.59999999999999432, 1.158410705710341659, -3.828587812352703956 ) ) ;
#1023 = CIRCLE ( 'NONE', #1429, 7.000000000000000888 ) ;
#1024 = FACE_OUTER_BOUND ( 'NONE', #1235, .T. ) ;
#1025 = AXIS2_PLACEMENT_3D ( 'NONE', #1412, #1242, #389 ) ;
#1026 = CARTESIAN_POINT ( 'NONE',  ( 30.59999999999999432, 9.000000000000000000, 0.000000000000000000 ) ) ;
#1027 = CIRCLE ( 'NONE', #65, 9.000000000000000000 ) ;
#1028 = ORIENTED_EDGE ( 'NONE', *, *, #619, .T. ) ;
#1029 = EDGE_CURVE ( 'NONE', #754, #264, #1916, .T. ) ;
#1030 = PLANE ( 'NONE',  #486 ) ;
#1031 = DIRECTION ( 'NONE',  ( -1.000000000000000000, -0.000000000000000000, -0.000000000000000000 ) ) ;
#1032 = DIRECTION ( 'NONE',  ( 1.000000000000000000, 0.000000000000000000, 0.000000000000000000 ) ) ;
#1033 = ORIENTED_EDGE ( 'NONE', *, *, #2093, .F. ) ;
#1034 = CYLINDRICAL_SURFACE ( 'NONE', #2148, 9.000000000000000000 ) ;
#1035 = DIRECTION ( 'NONE',  ( -1.000000000000000000, -0.000000000000000000, -0.000000000000000000 ) ) ;
#1036 = CARTESIAN_POINT ( 'NONE',  ( 33.60000000000000142, 6.998392672607048226, -2.710505431213761085E-17 ) ) ;
#1037 = CYLINDRICAL_SURFACE ( 'NONE', #700, 10.00000000000000000 ) ;
#1038 = ORIENTED_EDGE ( 'NONE', *, *, #1206, .T. ) ;
#1039 = CARTESIAN_POINT ( 'NONE',  ( 31.59999999999999787, -4.365952903884278591, -5.321604448520052877 ) ) ;
#1040 = ADVANCED_FACE ( 'NONE', ( #2 ), #547, .T. ) ;
#1041 = VERTEX_POINT ( 'NONE', #1026 ) ;
#1042 = ORIENTED_EDGE ( 'NONE', *, *, #444, .F. ) ;
#1043 = DIRECTION ( 'NONE',  ( 0.000000000000000000, -1.000000000000000000, 0.000000000000000000 ) ) ;
#1044 = DIRECTION ( 'NONE',  ( -1.000000000000000000, -0.000000000000000000, -0.000000000000000000 ) ) ;
#1045 = DIRECTION ( 'NONE',  ( 1.000000000000000000, 0.000000000000000000, 0.000000000000000000 ) ) ;
#1046 = EDGE_LOOP ( 'NONE', ( #18, #515, #1900, #1737 ) ) ;
#1047 = DIRECTION ( 'NONE',  ( 0.000000000000000000, 0.000000000000000000, -1.000000000000000000 ) ) ;
#1048 = ORIENTED_EDGE ( 'NONE', *, *, #376, .F. ) ;
#1049 = CARTESIAN_POINT ( 'NONE',  ( 40.59999999999999432, -2.762069023147042390, -6.931785952275175688 ) ) ;
#1050 = ORIENTED_EDGE ( 'NONE', *, *, #1337, .F. ) ;
#1051 = ADVANCED_FACE ( 'NONE', ( #174 ), #371, .T. ) ;
#1052 = CIRCLE ( 'NONE', #1237, 9.000000000000000000 ) ;
#1053 = AXIS2_PLACEMENT_3D ( 'NONE', #558, #2050, #1725 ) ;
#1054 = DIRECTION ( 'NONE',  ( 0.000000000000000000, 0.000000000000000000, -1.000000000000000000 ) ) ;
#1055 = ORIENTED_EDGE ( 'NONE', *, *, #121, .T. ) ;
#1056 = ADVANCED_FACE ( 'NONE', ( #1929 ), #690, .T. ) ;
#1057 = UNCERTAINTY_MEASURE_WITH_UNIT (LENGTH_MEASURE( 1.000000000000000082E-05 ), #798, 'distance_accuracy_value', 'NONE');
#1058 = LINE ( 'NONE', #182, #594 ) ;
#1059 = DIRECTION ( 'NONE',  ( 0.000000000000000000, 0.000000000000000000, -1.000000000000000000 ) ) ;
#1060 = VERTEX_POINT ( 'NONE', #1892 ) ;
#1061 = STYLED_ITEM ( 'NONE', ( #1998 ), #1619 ) ;
#1062 = AXIS2_PLACEMENT_3D ( 'NONE', #1376, #510, #1873 ) ;
#1063 = EDGE_LOOP ( 'NONE', ( #384, #1269, #1869, #2080 ) ) ;
#1064 = LINE ( 'NONE', #1049, #344 ) ;
#1065 = ORIENTED_EDGE ( 'NONE', *, *, #1926, .T. ) ;
#1066 = CARTESIAN_POINT ( 'NONE',  ( 35.60000000000000142, 0.000000000000000000, 0.1499999999999999944 ) ) ;
#1067 = VERTEX_POINT ( 'NONE', #360 ) ;
#1068 = ADVANCED_FACE ( 'NONE', ( #882 ), #1037, .F. ) ;
#1069 = CYLINDRICAL_SURFACE ( 'NONE', #122, 10.00000000000000000 ) ;
#1070 = ORIENTED_EDGE ( 'NONE', *, *, #1394, .F. ) ;
#1071 = DIRECTION ( 'NONE',  ( 1.000000000000000000, 0.000000000000000000, 0.000000000000000000 ) ) ;
#1072 = ORIENTED_EDGE ( 'NONE', *, *, #286, .T. ) ;
#1073 = CARTESIAN_POINT ( 'NONE',  ( 28.59999999999999787, 9.000000000000000000, 0.000000000000000000 ) ) ;
#1074 = ORIENTED_EDGE ( 'NONE', *, *, #295, .T. ) ;
#1075 = CYLINDRICAL_SURFACE ( 'NONE', #1133, 5.000000000000000000 ) ;
#1076 = VERTEX_POINT ( 'NONE', #183 ) ;
#1077 = DIRECTION ( 'NONE',  ( 1.000000000000000000, 0.000000000000000000, 0.000000000000000000 ) ) ;
#1078 = EDGE_CURVE ( 'NONE', #1252, #907, #1016, .T. ) ;
#1079 = ORIENTED_EDGE ( 'NONE', *, *, #1898, .F. ) ;
#1080 = PLANE ( 'NONE',  #9 ) ;
#1081 = ORIENTED_EDGE ( 'NONE', *, *, #2041, .F. ) ;
#1082 = AXIS2_PLACEMENT_3D ( 'NONE', #1608, #2126, #279 ) ;
#1083 = CIRCLE ( 'NONE', #738, 7.000000000000000888 ) ;
#1084 = VERTEX_POINT ( 'NONE', #14 ) ;
#1085 = CIRCLE ( 'NONE', #340, 9.000000000000000000 ) ;
#1086 = AXIS2_PLACEMENT_3D ( 'NONE', #1659, #2204, #469 ) ;
#1087 = EDGE_CURVE ( 'NONE', #1931, #26, #1406, .T. ) ;
#1088 = DIRECTION ( 'NONE',  ( 0.000000000000000000, -1.000000000000000000, 0.000000000000000000 ) ) ;
#1089 = AXIS2_PLACEMENT_3D ( 'NONE', #1410, #1236, #906 ) ;
#1090 = ORIENTED_EDGE ( 'NONE', *, *, #1118, .F. ) ;
#1091 = LINE ( 'NONE', #1113, #668 ) ;
#1092 = EDGE_CURVE ( 'NONE', #2120, #1317, #266, .T. ) ;
#1093 = VERTEX_POINT ( 'NONE', #230 ) ;
#1094 = AXIS2_PLACEMENT_3D ( 'NONE', #1363, #1188, #1047 ) ;
#1095 = DIRECTION ( 'NONE',  ( -1.000000000000000000, -0.000000000000000000, -0.000000000000000000 ) ) ;
#1096 = CIRCLE ( 'NONE', #130, 10.00000000000000178 ) ;
#1097 = ORIENTED_EDGE ( 'NONE', *, *, #658, .T. ) ;
#1098 = VECTOR ( 'NONE', #1986, 1000.000000000000000 ) ;
#1099 = EDGE_CURVE ( 'NONE', #354, #1674, #1875, .T. ) ;
#1100 = DIRECTION ( 'NONE',  ( 0.000000000000000000, 0.000000000000000000, 1.000000000000000000 ) ) ;
#1101 = ORIENTED_EDGE ( 'NONE', *, *, #148, .F. ) ;
#1102 = ADVANCED_FACE ( 'NONE', ( #912 ), #1111, .F. ) ;
#1103 = LINE ( 'NONE', #1930, #1130 ) ;
#1104 = ORIENTED_EDGE ( 'NONE', *, *, #2188, .F. ) ;
#1105 = DIRECTION ( 'NONE',  ( 1.000000000000000000, 0.000000000000000000, 0.000000000000000000 ) ) ;
#1106 = VERTEX_POINT ( 'NONE', #1977 ) ;
#1107 = DIRECTION ( 'NONE',  ( -1.000000000000000000, -0.000000000000000000, -0.000000000000000000 ) ) ;
#1108 = EDGE_CURVE ( 'NONE', #899, #1239, #590, .T. ) ;
#1109 = LINE ( 'NONE', #1967, #1928 ) ;
#1110 = ORIENTED_EDGE ( 'NONE', *, *, #1192, .T. ) ;
#1111 = PLANE ( 'NONE',  #2208 ) ;
#1112 = ORIENTED_EDGE ( 'NONE', *, *, #1527, .T. ) ;
#1113 = CARTESIAN_POINT ( 'NONE',  ( 1.500000000000000000, -6.998392672607046450, 0.000000000000000000 ) ) ;
#1114 = ORIENTED_EDGE ( 'NONE', *, *, #511, .F. ) ;
#1115 = FACE_OUTER_BOUND ( 'NONE', #1609, .T. ) ;
#1116 = VERTEX_POINT ( 'NONE', #782 ) ;
#1117 = EDGE_LOOP ( 'NONE', ( #1603, #319, #1960, #926, #800 ) ) ;
#1118 = EDGE_CURVE ( 'NONE', #1116, #941, #923, .T. ) ;
#1119 = AXIS2_PLACEMENT_3D ( 'NONE', #1276, #1256, #572 ) ;
#1120 = CIRCLE ( 'NONE', #192, 7.000000000000000888 ) ;
#1121 = EDGE_CURVE ( 'NONE', #373, #771, #581, .T. ) ;
#1122 = CARTESIAN_POINT ( 'NONE',  ( 24.59999999999999787, 0.000000000000000000, 0.000000000000000000 ) ) ;
#1123 = ORIENTED_EDGE ( 'NONE', *, *, #1816, .T. ) ;
#1124 = CIRCLE ( 'NONE', #1240, 10.00000000000000178 ) ;
#1125 = DIRECTION ( 'NONE',  ( -1.000000000000000000, -0.000000000000000000, -0.000000000000000000 ) ) ;
#1126 = ORIENTED_EDGE ( 'NONE', *, *, #1747, .F. ) ;
#1127 = DIRECTION ( 'NONE',  ( 0.000000000000000000, 0.000000000000000000, -1.000000000000000000 ) ) ;
#1128 = ORIENTED_EDGE ( 'NONE', *, *, #567, .F. ) ;
#1129 = DIRECTION ( 'NONE',  ( 0.000000000000000000, 0.000000000000000000, -1.000000000000000000 ) ) ;
#1130 = VECTOR ( 'NONE', #1279, 1000.000000000000000 ) ;
#1131 = LINE ( 'NONE', #72, #847 ) ;
#1132 = AXIS2_PLACEMENT_3D ( 'NONE', #864, #1550, #1389 ) ;
#1133 = AXIS2_PLACEMENT_3D ( 'NONE', #1762, #1923, #25 ) ;
#1134 = DIRECTION ( 'NONE',  ( 0.000000000000000000, 0.000000000000000000, -1.000000000000000000 ) ) ;
#1135 = EDGE_CURVE ( 'NONE', #737, #1559, #1052, .T. ) ;
#1136 = DIRECTION ( 'NONE',  ( 0.000000000000000000, 0.000000000000000000, -1.000000000000000000 ) ) ;
#1137 = LINE ( 'NONE', #1183, #1270 ) ;
#1138 = DIRECTION ( 'NONE',  ( 1.000000000000000000, 0.000000000000000000, 0.000000000000000000 ) ) ;
#1139 = ORIENTED_EDGE ( 'NONE', *, *, #928, .T. ) ;
#1140 = DIRECTION ( 'NONE',  ( 1.000000000000000000, 0.000000000000000000, 0.000000000000000000 ) ) ;
#1141 = CARTESIAN_POINT ( 'NONE',  ( 36.59999999999999432, 9.000000000000000000, 0.000000000000000000 ) ) ;
#1142 = EDGE_LOOP ( 'NONE', ( #240, #228, #1613, #1780 ) ) ;
#1143 = LINE ( 'NONE', #291, #1532 ) ;
#1144 = LINE ( 'NONE', #792, #1801 ) ;
#1145 = EDGE_CURVE ( 'NONE', #1607, #1784, #1800, .T. ) ;
#1146 = FACE_OUTER_BOUND ( 'NONE', #541, .T. ) ;
#1147 = ORIENTED_EDGE ( 'NONE', *, *, #2163, .F. ) ;
#1148 = CARTESIAN_POINT ( 'NONE',  ( 31.59999999999999787, 0.000000000000000000, 0.1499999999999999944 ) ) ;
#1149 = LINE ( 'NONE', #984, #1159 ) ;
#1150 = CYLINDRICAL_SURFACE ( 'NONE', #2077, 10.00000000000000000 ) ;
#1151 = SURFACE_SIDE_STYLE ('',( #471 ) ) ;
#1152 = EDGE_LOOP ( 'NONE', ( #188, #1110, #1626, #1424, #685 ) ) ;
#1153 = CARTESIAN_POINT ( 'NONE',  ( 28.59999999999999787, -4.365952903884279479, -5.321604448520053765 ) ) ;
#1154 = AXIS2_PLACEMENT_3D ( 'NONE', #1881, #350, #1558 ) ;
#1155 = CIRCLE ( 'NONE', #2021, 9.000000000000000000 ) ;
#1156 = CARTESIAN_POINT ( 'NONE',  ( 34.60000000000000142, 2.606424087848269178, -8.614322577793585012 ) ) ;
#1157 = CARTESIAN_POINT ( 'NONE',  ( 38.59999999999999432, -2.762069023147042390, -6.931785952275175688 ) ) ;
#1158 = VECTOR ( 'NONE', #1513, 1000.000000000000000 ) ;
#1159 = VECTOR ( 'NONE', #517, 1000.000000000000000 ) ;
#1160 = ORIENTED_EDGE ( 'NONE', *, *, #2064, .T. ) ;
#1161 = DIRECTION ( 'NONE',  ( 1.000000000000000000, 0.000000000000000000, 0.000000000000000000 ) ) ;
#1162 = CARTESIAN_POINT ( 'NONE',  ( 22.59999999999999432, 1.158410705710341659, -3.828587812352703956 ) ) ;
#1163 = CYLINDRICAL_SURFACE ( 'NONE', #353, 9.000000000000000000 ) ;
#1164 = VECTOR ( 'NONE', #1742, 1000.000000000000000 ) ;
#1165 = EDGE_CURVE ( 'NONE', #1417, #59, #1085, .T. ) ;
#1166 = CARTESIAN_POINT ( 'NONE',  ( 20.59999999999999787, -10.60302848086181804, -13.13818223212012626 ) ) ;
#1167 = ORIENTED_EDGE ( 'NONE', *, *, #276, .T. ) ;
#1168 = CIRCLE ( 'NONE', #168, 5.000000000000000888 ) ;
#1169 = CARTESIAN_POINT ( 'NONE',  ( 35.60000000000000142, -4.365952903884278591, -5.321604448520052877 ) ) ;
#1170 = AXIS2_PLACEMENT_3D ( 'NONE', #861, #327, #695 ) ;
#1171 = DIRECTION ( 'NONE',  ( 1.000000000000000000, 0.000000000000000000, 0.000000000000000000 ) ) ;
#1172 = CARTESIAN_POINT ( 'NONE',  ( 37.59999999999999432, 0.000000000000000000, 0.000000000000000000 ) ) ;
#1173 = ORIENTED_EDGE ( 'NONE', *, *, #473, .T. ) ;
#1174 = DIRECTION ( 'NONE',  ( 0.000000000000000000, -1.000000000000000000, 0.000000000000000000 ) ) ;
#1175 = DIRECTION ( 'NONE',  ( 0.000000000000000000, 0.000000000000000000, -1.000000000000000000 ) ) ;
#1176 = DIRECTION ( 'NONE',  ( 1.000000000000000000, 0.000000000000000000, 0.000000000000000000 ) ) ;
#1177 =( NAMED_UNIT ( * ) SI_UNIT ( $, .STERADIAN. ) SOLID_ANGLE_UNIT ( ) );
#1178 = ORIENTED_EDGE ( 'NONE', *, *, #1331, .T. ) ;
#1179 = ADVANCED_FACE ( 'NONE', ( #435 ), #1588, .T. ) ;
#1180 = DIRECTION ( 'NONE',  ( -1.000000000000000000, -0.000000000000000000, -0.000000000000000000 ) ) ;
#1181 = CARTESIAN_POINT ( 'NONE',  ( 22.59999999999999432, 0.000000000000000000, 0.000000000000000000 ) ) ;
#1182 = CARTESIAN_POINT ( 'NONE',  ( 21.59999999999999787, -4.365952903884278591, -5.321604448520052877 ) ) ;
#1183 = CARTESIAN_POINT ( 'NONE',  ( 1.500000000000000000, 6.998392672607046450, 0.000000000000000000 ) ) ;
#1184 = LINE ( 'NONE', #460, #57 ) ;
#1185 = EDGE_LOOP ( 'NONE', ( #1972, #575, #1576, #217, #137 ) ) ;
#1186 = LINE ( 'NONE', #336, #2025 ) ;
#1187 = DIRECTION ( 'NONE',  ( 0.000000000000000000, 0.000000000000000000, 1.000000000000000000 ) ) ;
#1188 = DIRECTION ( 'NONE',  ( -1.000000000000000000, -0.000000000000000000, -0.000000000000000000 ) ) ;
#1189 = EDGE_CURVE ( 'NONE', #271, #1955, #874, .T. ) ;
#1190 = VERTEX_POINT ( 'NONE', #2156 ) ;
#1191 = EDGE_CURVE ( 'NONE', #1455, #1478, #1556, .T. ) ;
#1192 = EDGE_CURVE ( 'NONE', #1765, #608, #66, .T. ) ;
#1193 = DIRECTION ( 'NONE',  ( 0.000000000000000000, 0.000000000000000000, -1.000000000000000000 ) ) ;
#1194 = LINE ( 'NONE', #343, #2214 ) ;
#1195 = EDGE_CURVE ( 'NONE', #297, #745, #1198, .T. ) ;
#1196 = CARTESIAN_POINT ( 'NONE',  ( 40.59999999999999432, 0.000000000000000000, 0.000000000000000000 ) ) ;
#1197 = FACE_OUTER_BOUND ( 'NONE', #1185, .T. ) ;
#1198 = CIRCLE ( 'NONE', #1487, 5.000000000000000888 ) ;
#1199 = ORIENTED_EDGE ( 'NONE', *, *, #1826, .F. ) ;
#1200 = CIRCLE ( 'NONE', #1488, 10.00000000000000178 ) ;
#1201 = CYLINDRICAL_SURFACE ( 'NONE', #1154, 5.000000000000000000 ) ;
#1202 = CARTESIAN_POINT ( 'NONE',  ( 30.59999999999999432, 6.998392672607048226, -2.710505431213761085E-17 ) ) ;
#1203 = CIRCLE ( 'NONE', #419, 5.000000000000000888 ) ;
#1204 = VERTEX_POINT ( 'NONE', #2122 ) ;
#1205 = CIRCLE ( 'NONE', #236, 7.000000000000000888 ) ;
#1206 = EDGE_CURVE ( 'NONE', #1473, #1442, #1423, .T. ) ;
#1207 = CARTESIAN_POINT ( 'NONE',  ( 28.59999999999999787, 0.000000000000000000, 0.000000000000000000 ) ) ;
#1208 = PRESENTATION_LAYER_ASSIGNMENT (  '', '', ( #1061 ) ) ;
#1209 = CARTESIAN_POINT ( 'NONE',  ( 32.59999999999999432, 0.000000000000000000, 0.000000000000000000 ) ) ;
#1210 = CIRCLE ( 'NONE', #1062, 9.000000000000000000 ) ;
#1211 = LINE ( 'NONE', #1889, #1813 ) ;
#1212 = DIRECTION ( 'NONE',  ( 0.000000000000000000, 7.112366251504907509E-15, -1.000000000000000000 ) ) ;
#1213 = VECTOR ( 'NONE', #717, 1000.000000000000000 ) ;
#1214 = DIRECTION ( 'NONE',  ( 1.000000000000000000, 0.000000000000000000, 0.000000000000000000 ) ) ;
#1215 = ADVANCED_FACE ( 'NONE', ( #413 ), #1776, .T. ) ;
#1216 = ORIENTED_EDGE ( 'NONE', *, *, #1346, .T. ) ;
#1217 = CARTESIAN_POINT ( 'NONE',  ( 18.59999999999999787, -0.000000000000000000, 0.000000000000000000 ) ) ;
#1218 = ORIENTED_EDGE ( 'NONE', *, *, #1843, .F. ) ;
#1219 = CARTESIAN_POINT ( 'NONE',  ( 19.59999999999999787, 0.000000000000000000, 0.000000000000000000 ) ) ;
#1220 = VERTEX_POINT ( 'NONE', #85 ) ;
#1221 = FACE_OUTER_BOUND ( 'NONE', #1746, .T. ) ;
#1222 = DIRECTION ( 'NONE',  ( 1.000000000000000000, 0.000000000000000000, 0.000000000000000000 ) ) ;
#1223 = DIRECTION ( 'NONE',  ( 0.000000000000000000, 0.000000000000000000, -1.000000000000000000 ) ) ;
#1224 = ORIENTED_EDGE ( 'NONE', *, *, #1029, .F. ) ;
#1225 = ADVANCED_FACE ( 'NONE', ( #1289 ), #251, .F. ) ;
#1226 = VERTEX_POINT ( 'NONE', #1462 ) ;
#1227 = PLANE ( 'NONE',  #1082 ) ;
#1228 = ORIENTED_EDGE ( 'NONE', *, *, #1802, .F. ) ;
#1229 = CARTESIAN_POINT ( 'NONE',  ( 35.60000000000000142, 2.606424087848269178, -8.614322577793585012 ) ) ;
#1230 = ORIENTED_EDGE ( 'NONE', *, *, #1624, .F. ) ;
#1231 = CYLINDRICAL_SURFACE ( 'NONE', #20, 9.000000000000000000 ) ;
#1232 = CARTESIAN_POINT ( 'NONE',  ( 29.59999999999999787, 2.606424087848269178, -8.614322577793585012 ) ) ;
#1233 = DIRECTION ( 'NONE',  ( 0.000000000000000000, -1.000000000000000000, 0.000000000000000000 ) ) ;
#1234 = VERTEX_POINT ( 'NONE', #956 ) ;
#1235 = EDGE_LOOP ( 'NONE', ( #2068, #1112, #999, #224 ) ) ;
#1236 = DIRECTION ( 'NONE',  ( 1.000000000000000000, -0.000000000000000000, -0.000000000000000000 ) ) ;
#1237 = AXIS2_PLACEMENT_3D ( 'NONE', #2146, #944, #1625 ) ;
#1238 = CIRCLE ( 'NONE', #380, 10.00000000000000178 ) ;
#1239 = VERTEX_POINT ( 'NONE', #283 ) ;
#1240 = AXIS2_PLACEMENT_3D ( 'NONE', #370, #1044, #1212 ) ;
#1241 = EDGE_CURVE ( 'NONE', #1727, #245, #91, .T. ) ;
#1242 = DIRECTION ( 'NONE',  ( -1.000000000000000000, -0.000000000000000000, -0.000000000000000000 ) ) ;
#1243 = ORIENTED_EDGE ( 'NONE', *, *, #1988, .T. ) ;
#1244 = LINE ( 'NONE', #689, #452 ) ;
#1245 = DIRECTION ( 'NONE',  ( 0.000000000000000000, 0.000000000000000000, -1.000000000000000000 ) ) ;
#1246 = AXIS2_PLACEMENT_3D ( 'NONE', #1392, #512, #1367 ) ;
#1247 = DIRECTION ( 'NONE',  ( -1.000000000000000000, -0.000000000000000000, -0.000000000000000000 ) ) ;
#1248 = AXIS2_PLACEMENT_3D ( 'NONE', #1207, #1474, #1491 ) ;
#1249 = ORIENTED_EDGE ( 'NONE', *, *, #1747, .T. ) ;
#1250 = CARTESIAN_POINT ( 'NONE',  ( 20.59999999999999787, -10.60302848086181804, -13.13818223212012626 ) ) ;
#1251 = AXIS2_PLACEMENT_3D ( 'NONE', #1347, #1821, #211 ) ;
#1252 = VERTEX_POINT ( 'NONE', #965 ) ;
#1253 = CYLINDRICAL_SURFACE ( 'NONE', #814, 10.00000000000000000 ) ;
#1254 = ORIENTED_EDGE ( 'NONE', *, *, #939, .F. ) ;
#1255 = EDGE_CURVE ( 'NONE', #869, #930, #2176, .T. ) ;
#1256 = DIRECTION ( 'NONE',  ( -1.000000000000000000, -0.000000000000000000, -0.000000000000000000 ) ) ;
#1257 = EDGE_LOOP ( 'NONE', ( #1939, #1935, #649, #1756, #862 ) ) ;
#1258 = CARTESIAN_POINT ( 'NONE',  ( 21.59999999999999787, 6.998392672607048226, -2.710505431213761085E-17 ) ) ;
#1259 = VERTEX_POINT ( 'NONE', #1654 ) ;
#1260 = LINE ( 'NONE', #1629, #704 ) ;
#1261 = ORIENTED_EDGE ( 'NONE', *, *, #248, .F. ) ;
#1262 = CARTESIAN_POINT ( 'NONE',  ( 30.59999999999999432, -10.60302848086181804, -13.13818223212012626 ) ) ;
#1263 = ORIENTED_EDGE ( 'NONE', *, *, #1145, .F. ) ;
#1264 = DIRECTION ( 'NONE',  ( 1.000000000000000000, 0.000000000000000000, 0.000000000000000000 ) ) ;
#1265 = ORIENTED_EDGE ( 'NONE', *, *, #790, .T. ) ;
#1266 = DIRECTION ( 'NONE',  ( 0.000000000000000000, 0.000000000000000000, -1.000000000000000000 ) ) ;
#1267 = ORIENTED_EDGE ( 'NONE', *, *, #1782, .T. ) ;
#1268 = CARTESIAN_POINT ( 'NONE',  ( 38.59999999999999432, 0.000000000000000000, 0.000000000000000000 ) ) ;
#1269 = ORIENTED_EDGE ( 'NONE', *, *, #878, .T. ) ;
#1270 = VECTOR ( 'NONE', #654, 1000.000000000000000 ) ;
#1271 = DIRECTION ( 'NONE',  ( 0.000000000000000000, 0.000000000000000000, 1.000000000000000000 ) ) ;
#1272 = ORIENTED_EDGE ( 'NONE', *, *, #1775, .F. ) ;
#1273 = VECTOR ( 'NONE', #680, 1000.000000000000000 ) ;
#1274 = AXIS2_PLACEMENT_3D ( 'NONE', #1148, #325, #1005 ) ;
#1275 = ADVANCED_FACE ( 'NONE', ( #455 ), #1480, .T. ) ;
#1276 = CARTESIAN_POINT ( 'NONE',  ( 19.59999999999999787, -10.60302848086181804, -13.13818223212012626 ) ) ;
#1277 = AXIS2_PLACEMENT_3D ( 'NONE', #141, #826, #1014 ) ;
#1278 = ORIENTED_EDGE ( 'NONE', *, *, #1514, .F. ) ;
#1279 = DIRECTION ( 'NONE',  ( -1.000000000000000000, -0.000000000000000000, -0.000000000000000000 ) ) ;
#1280 = ORIENTED_EDGE ( 'NONE', *, *, #170, .F. ) ;
#1281 = CIRCLE ( 'NONE', #1094, 7.000000000000000888 ) ;
#1282 = EDGE_CURVE ( 'NONE', #215, #125, #1770, .T. ) ;
#1283 = LINE ( 'NONE', #1476, #1555 ) ;
#1284 = AXIS2_PLACEMENT_3D ( 'NONE', #959, #1534, #621 ) ;
#1285 = ORIENTED_EDGE ( 'NONE', *, *, #1941, .F. ) ;
#1286 = CIRCLE ( 'NONE', #314, 10.00000000000000178 ) ;
#1287 = DIRECTION ( 'NONE',  ( 0.000000000000000000, 0.000000000000000000, 1.000000000000000000 ) ) ;
#1288 = ORIENTED_EDGE ( 'NONE', *, *, #666, .T. ) ;
#1289 = FACE_OUTER_BOUND ( 'NONE', #5, .T. ) ;
#1290 = ORIENTED_EDGE ( 'NONE', *, *, #666, .F. ) ;
#1291 = LINE ( 'NONE', #2124, #1774 ) ;
#1292 = ORIENTED_EDGE ( 'NONE', *, *, #1000, .T. ) ;
#1293 = DIRECTION ( 'NONE',  ( 1.000000000000000000, 0.000000000000000000, 0.000000000000000000 ) ) ;
#1294 = EDGE_CURVE ( 'NONE', #586, #754, #2062, .T. ) ;
#1295 = EDGE_LOOP ( 'NONE', ( #849, #1786, #1070, #1267 ) ) ;
#1296 = APPLICATION_CONTEXT ( 'automotive_design' ) ;
#1297 = ADVANCED_FACE ( 'NONE', ( #645 ), #1489, .T. ) ;
#1298 = ORIENTED_EDGE ( 'NONE', *, *, #467, .F. ) ;
#1299 = DIRECTION ( 'NONE',  ( 0.000000000000000000, 0.000000000000000000, -1.000000000000000000 ) ) ;
#1300 = ORIENTED_EDGE ( 'NONE', *, *, #2012, .F. ) ;
#1301 = DIRECTION ( 'NONE',  ( -1.000000000000000000, -0.000000000000000000, -0.000000000000000000 ) ) ;
#1302 = VERTEX_POINT ( 'NONE', #2000 ) ;
#1303 = CARTESIAN_POINT ( 'NONE',  ( 29.59999999999999787, 0.000000000000000000, 0.1499999999999999944 ) ) ;
#1304 = ORIENTED_EDGE ( 'NONE', *, *, #795, .T. ) ;
#1305 = CARTESIAN_POINT ( 'NONE',  ( 36.59999999999999432, 1.158410705710341659, -3.828587812352703956 ) ) ;
#1306 = ORIENTED_EDGE ( 'NONE', *, *, #260, .F. ) ;
#1307 = AXIS2_PLACEMENT_3D ( 'NONE', #834, #2024, #636 ) ;
#1308 = VECTOR ( 'NONE', #546, 1000.000000000000000 ) ;
#1309 = CARTESIAN_POINT ( 'NONE',  ( 18.59999999999999787, 9.000000000000000000, 0.000000000000000000 ) ) ;
#1310 = CARTESIAN_POINT ( 'NONE',  ( 31.59999999999999787, -2.762069023147044167, -6.931785952275177465 ) ) ;
#1311 = CARTESIAN_POINT ( 'NONE',  ( 38.59999999999999432, 0.000000000000000000, 0.000000000000000000 ) ) ;
#1312 = CIRCLE ( 'NONE', #1738, 10.00000000000000178 ) ;
#1313 = DIRECTION ( 'NONE',  ( 1.000000000000000000, 0.000000000000000000, 0.000000000000000000 ) ) ;
#1314 = VERTEX_POINT ( 'NONE', #114 ) ;
#1315 = VECTOR ( 'NONE', #925, 1000.000000000000000 ) ;
#1316 = FILL_AREA_STYLE_COLOUR ( '', #1563 ) ;
#1317 = VERTEX_POINT ( 'NONE', #824 ) ;
#1318 = VECTOR ( 'NONE', #1548, 1000.000000000000000 ) ;
#1319 = EDGE_CURVE ( 'NONE', #441, #1399, #664, .T. ) ;
#1320 = LINE ( 'NONE', #2010, #194 ) ;
#1321 = DIRECTION ( 'NONE',  ( 0.000000000000000000, 0.000000000000000000, -1.000000000000000000 ) ) ;
#1322 = PLANE ( 'NONE',  #2171 ) ;
#1323 = ORIENTED_EDGE ( 'NONE', *, *, #363, .T. ) ;
#1324 = CARTESIAN_POINT ( 'NONE',  ( 19.59999999999999787, 0.000000000000000000, 0.000000000000000000 ) ) ;
#1325 = DIRECTION ( 'NONE',  ( -1.000000000000000000, -0.000000000000000000, -0.000000000000000000 ) ) ;
#1326 = ORIENTED_EDGE ( 'NONE', *, *, #356, .F. ) ;
#1327 = EDGE_CURVE ( 'NONE', #1384, #586, #801, .T. ) ;
#1328 = DIRECTION ( 'NONE',  ( 1.000000000000000000, 0.000000000000000000, 0.000000000000000000 ) ) ;
#1329 = DIRECTION ( 'NONE',  ( 1.000000000000000000, 0.000000000000000000, 0.000000000000000000 ) ) ;
#1330 = DIRECTION ( 'NONE',  ( -1.000000000000000000, -0.000000000000000000, -0.000000000000000000 ) ) ;
#1331 = EDGE_CURVE ( 'NONE', #808, #2034, #308, .T. ) ;
#1332 = ORIENTED_EDGE ( 'NONE', *, *, #549, .T. ) ;
#1333 = DIRECTION ( 'NONE',  ( 0.000000000000000000, 0.000000000000000000, -1.000000000000000000 ) ) ;
#1334 = CARTESIAN_POINT ( 'NONE',  ( 31.59999999999999787, 0.000000000000000000, 0.000000000000000000 ) ) ;
#1335 = DIRECTION ( 'NONE',  ( 1.000000000000000000, 0.000000000000000000, 0.000000000000000000 ) ) ;
#1336 = EDGE_LOOP ( 'NONE', ( #443, #280, #1484, #584, #1218 ) ) ;
#1337 = EDGE_CURVE ( 'NONE', #1732, #671, #1320, .T. ) ;
#1338 = CARTESIAN_POINT ( 'NONE',  ( 40.59999999999999432, 2.606424087848269178, -8.614322577793585012 ) ) ;
#1339 = VECTOR ( 'NONE', #321, 1000.000000000000000 ) ;
#1340 = CLOSED_SHELL ( 'NONE', ( #1540, #1215, #919, #1920, #431, #331, #1908, #848, #736, #2047, #1449, #1179, #187, #2106, #1433, #2033, #2186, #1830, #403, #2009, #751, #686, #400, #1377, #2231, #733, #1056, #1976, #542, #981, #1839, #204, #833, #399, #1102, #1051, #1974, #347, #1011, #1409, #313, #552, #237, #580, #1297, #58, #1936, #1510, #969, #986, #698, #1596, #2132, #821, #1068, #222, #477, #1437, #2118, #320, #1275, #1485, #1225, #1040, #962 ) ) ;
#1341 = EDGE_CURVE ( 'NONE', #1442, #155, #1687, .T. ) ;
#1342 = LINE ( 'NONE', #1156, #412 ) ;
#1343 = CARTESIAN_POINT ( 'NONE',  ( 24.59999999999999787, 2.606424087848269178, -8.614322577793585012 ) ) ;
#1344 = AXIS2_PLACEMENT_3D ( 'NONE', #153, #351, #642 ) ;
#1345 = AXIS2_PLACEMENT_3D ( 'NONE', #1497, #641, #1333 ) ;
#1346 = EDGE_CURVE ( 'NONE', #2117, #441, #1023, .T. ) ;
#1347 = CARTESIAN_POINT ( 'NONE',  ( 37.59999999999999432, 1.158410705710341659, -3.828587812352703956 ) ) ;
#1348 = VERTEX_POINT ( 'NONE', #273 ) ;
#1349 = DIRECTION ( 'NONE',  ( 1.000000000000000000, 0.000000000000000000, 0.000000000000000000 ) ) ;
#1350 = CARTESIAN_POINT ( 'NONE',  ( 30.59999999999999432, 0.000000000000000000, 0.000000000000000000 ) ) ;
#1351 = DIRECTION ( 'NONE',  ( 0.000000000000000000, 0.000000000000000000, 1.000000000000000000 ) ) ;
#1352 = ORIENTED_EDGE ( 'NONE', *, *, #525, .F. ) ;
#1353 = AXIS2_PLACEMENT_3D ( 'NONE', #1835, #1335, #810 ) ;
#1354 = AXIS2_PLACEMENT_3D ( 'NONE', #583, #744, #1266 ) ;
#1355 = CARTESIAN_POINT ( 'NONE',  ( 30.59999999999999432, 0.000000000000000000, 0.000000000000000000 ) ) ;
#1356 = DIRECTION ( 'NONE',  ( 1.000000000000000000, 0.000000000000000000, 0.000000000000000000 ) ) ;
#1357 = DIRECTION ( 'NONE',  ( -1.000000000000000000, -0.000000000000000000, -0.000000000000000000 ) ) ;
#1358 = DIRECTION ( 'NONE',  ( -1.000000000000000000, -0.000000000000000000, -0.000000000000000000 ) ) ;
#1359 = DIRECTION ( 'NONE',  ( 0.000000000000000000, 7.112366251504907509E-15, -1.000000000000000000 ) ) ;
#1360 = EDGE_LOOP ( 'NONE', ( #1970, #579, #1728, #2008, #504 ) ) ;
#1361 = CARTESIAN_POINT ( 'NONE',  ( 34.60000000000000142, -4.365952903884279479, -5.321604448520053765 ) ) ;
#1362 = DIRECTION ( 'NONE',  ( -1.000000000000000000, -0.000000000000000000, -0.000000000000000000 ) ) ;
#1363 = CARTESIAN_POINT ( 'NONE',  ( 19.59999999999999787, 0.000000000000000000, 0.1499999999999999944 ) ) ;
#1364 = ORIENTED_EDGE ( 'NONE', *, *, #721, .F. ) ;
#1365 = EDGE_CURVE ( 'NONE', #425, #1106, #1143, .T. ) ;
#1366 = DIRECTION ( 'NONE',  ( 0.000000000000000000, 0.000000000000000000, 1.000000000000000000 ) ) ;
#1367 = DIRECTION ( 'NONE',  ( 0.000000000000000000, 0.000000000000000000, -1.000000000000000000 ) ) ;
#1368 = FACE_OUTER_BOUND ( 'NONE', #1958, .T. ) ;
#1369 = DIRECTION ( 'NONE',  ( -1.000000000000000000, -0.000000000000000000, -0.000000000000000000 ) ) ;
#1370 = CARTESIAN_POINT ( 'NONE',  ( 37.59999999999999432, 9.000000000000000000, 0.000000000000000000 ) ) ;
#1371 = ORIENTED_EDGE ( 'NONE', *, *, #2141, .T. ) ;
#1372 = DIRECTION ( 'NONE',  ( -1.000000000000000000, -0.000000000000000000, -0.000000000000000000 ) ) ;
#1373 = DIRECTION ( 'NONE',  ( 1.000000000000000000, 0.000000000000000000, 0.000000000000000000 ) ) ;
#1374 = CARTESIAN_POINT ( 'NONE',  ( 36.59999999999999432, -10.60302848086181804, -13.13818223212012626 ) ) ;
#1375 = ORIENTED_EDGE ( 'NONE', *, *, #1768, .F. ) ;
#1376 = CARTESIAN_POINT ( 'NONE',  ( 40.59999999999999432, 0.000000000000000000, 0.000000000000000000 ) ) ;
#1377 = ADVANCED_FACE ( 'NONE', ( #1666 ), #488, .T. ) ;
#1378 = CARTESIAN_POINT ( 'NONE',  ( 34.60000000000000142, 2.606424087848269178, -8.614322577793585012 ) ) ;
#1379 = DIRECTION ( 'NONE',  ( -1.000000000000000000, -0.000000000000000000, -0.000000000000000000 ) ) ;
#1380 = DIRECTION ( 'NONE',  ( 1.000000000000000000, 0.000000000000000000, 0.000000000000000000 ) ) ;
#1381 = VERTEX_POINT ( 'NONE', #815 ) ;
#1382 = AXIS2_PLACEMENT_3D ( 'NONE', #2191, #1330, #817 ) ;
#1383 = AXIS2_PLACEMENT_3D ( 'NONE', #345, #1545, #1245 ) ;
#1384 = VERTEX_POINT ( 'NONE', #1153 ) ;
#1385 = VECTOR ( 'NONE', #13, 1000.000000000000000 ) ;
#1386 = LINE ( 'NONE', #2083, #1668 ) ;
#1387 = DIRECTION ( 'NONE',  ( 0.000000000000000000, 0.000000000000000000, -1.000000000000000000 ) ) ;
#1388 = ORIENTED_EDGE ( 'NONE', *, *, #1590, .F. ) ;
#1389 = DIRECTION ( 'NONE',  ( 0.000000000000000000, 0.000000000000000000, -1.000000000000000000 ) ) ;
#1390 = ORIENTED_EDGE ( 'NONE', *, *, #1676, .F. ) ;
#1391 = AXIS2_PLACEMENT_3D ( 'NONE', #54, #1071, #1758 ) ;
#1392 = CARTESIAN_POINT ( 'NONE',  ( 22.59999999999999432, 0.000000000000000000, 0.000000000000000000 ) ) ;
#1393 = CIRCLE ( 'NONE', #1354, 5.000000000000000888 ) ;
#1394 = EDGE_CURVE ( 'NONE', #125, #2160, #1838, .T. ) ;
#1395 = CARTESIAN_POINT ( 'NONE',  ( 40.59999999999999432, 0.000000000000000000, 0.000000000000000000 ) ) ;
#1396 = AXIS2_PLACEMENT_3D ( 'NONE', #1612, #2155, #442 ) ;
#1397 = CARTESIAN_POINT ( 'NONE',  ( 22.59999999999999432, -10.60302848086181804, -13.13818223212012626 ) ) ;
#1398 = ORIENTED_EDGE ( 'NONE', *, *, #281, .F. ) ;
#1399 = VERTEX_POINT ( 'NONE', #1169 ) ;
#1400 = CARTESIAN_POINT ( 'NONE',  ( 25.59999999999999787, -2.762069023147044167, -6.931785952275177465 ) ) ;
#1401 = VERTEX_POINT ( 'NONE', #1338 ) ;
#1402 = ORIENTED_EDGE ( 'NONE', *, *, #794, .F. ) ;
#1403 = CARTESIAN_POINT ( 'NONE',  ( 39.59999999999999432, 6.998392672607048226, -2.710505431213761085E-17 ) ) ;
#1404 = CARTESIAN_POINT ( 'NONE',  ( 18.59999999999999787, -6.050000000000000711, 0.000000000000000000 ) ) ;
#1405 = DIRECTION ( 'NONE',  ( -1.000000000000000000, -0.000000000000000000, -0.000000000000000000 ) ) ;
#1406 = LINE ( 'NONE', #2089, #943 ) ;
#1407 = ORIENTED_EDGE ( 'NONE', *, *, #893, .T. ) ;
#1408 = ORIENTED_EDGE ( 'NONE', *, *, #473, .F. ) ;
#1409 = ADVANCED_FACE ( 'NONE', ( #105 ), #160, .F. ) ;
#1410 = CARTESIAN_POINT ( 'NONE',  ( 18.59999999999999787, 0.000000000000000000, 0.000000000000000000 ) ) ;
#1411 = VERTEX_POINT ( 'NONE', #845 ) ;
#1412 = CARTESIAN_POINT ( 'NONE',  ( 39.59999999999999432, -10.60302848086181804, -13.13818223212012626 ) ) ;
#1413 = ORIENTED_EDGE ( 'NONE', *, *, #410, .F. ) ;
#1414 = DIRECTION ( 'NONE',  ( 0.000000000000000000, -1.000000000000000000, 0.000000000000000000 ) ) ;
#1415 = CARTESIAN_POINT ( 'NONE',  ( -0.002000000000002000178, 0.000000000000000000, -6.049999999999999822 ) ) ;
#1416 = CARTESIAN_POINT ( 'NONE',  ( 0.000000000000000000, 0.000000000000000000, 0.000000000000000000 ) ) ;
#1417 = VERTEX_POINT ( 'NONE', #1378 ) ;
#1418 = CARTESIAN_POINT ( 'NONE',  ( 36.59999999999999432, 6.998392672607048226, -2.710505431213761085E-17 ) ) ;
#1419 = ORIENTED_EDGE ( 'NONE', *, *, #1617, .F. ) ;
#1420 = CARTESIAN_POINT ( 'NONE',  ( 32.59999999999999432, 2.606424087848269178, -8.614322577793585012 ) ) ;
#1421 = CIRCLE ( 'NONE', #10, 6.049999999999999822 ) ;
#1422 = EDGE_CURVE ( 'NONE', #164, #1220, #1711, .T. ) ;
#1423 = CIRCLE ( 'NONE', #656, 10.00000000000000178 ) ;
#1424 = ORIENTED_EDGE ( 'NONE', *, *, #444, .T. ) ;
#1425 = AXIS2_PLACEMENT_3D ( 'NONE', #2016, #177, #1498 ) ;
#1426 = CARTESIAN_POINT ( 'NONE',  ( 24.59999999999999787, 0.000000000000000000, 0.000000000000000000 ) ) ;
#1427 = ORIENTED_EDGE ( 'NONE', *, *, #498, .T. ) ;
#1428 = DIRECTION ( 'NONE',  ( 1.000000000000000000, 0.000000000000000000, 0.000000000000000000 ) ) ;
#1429 = AXIS2_PLACEMENT_3D ( 'NONE', #1853, #500, #464 ) ;
#1430 = AXIS2_PLACEMENT_3D ( 'NONE', #189, #2119, #876 ) ;
#1431 = EDGE_LOOP ( 'NONE', ( #606, #436, #226, #221, #1763, #1501, #288, #448, #1759, #104, #252, #409, #531, #708, #2113, #1408, #1623, #973, #1591, #796, #2125, #1304, #1048, #69, #565, #1167, #113, #1390, #1160, #2134, #1298, #1921, #963, #591, #1600, #724, #2084, #1249, #219, #1290, #1178, #1730, #1586, #1537, #945, #1453, #175, #1799 ) ) ;
#1432 = DIRECTION ( 'NONE',  ( 0.000000000000000000, 0.000000000000000000, -1.000000000000000000 ) ) ;
#1433 = ADVANCED_FACE ( 'NONE', ( #534 ), #2061, .T. ) ;
#1434 = CIRCLE ( 'NONE', #458, 10.00000000000000178 ) ;
#1435 = ORIENTED_EDGE ( 'NONE', *, *, #905, .F. ) ;
#1436 = EDGE_CURVE ( 'NONE', #691, #1464, #879, .T. ) ;
#1437 = ADVANCED_FACE ( 'NONE', ( #330 ), #523, .T. ) ;
#1438 = DIRECTION ( 'NONE',  ( 0.000000000000000000, 0.000000000000000000, -1.000000000000000000 ) ) ;
#1439 = EDGE_LOOP ( 'NONE', ( #259, #1079, #398, #278, #1199 ) ) ;
#1440 = EDGE_CURVE ( 'NONE', #1302, #808, #601, .T. ) ;
#1441 = CARTESIAN_POINT ( 'NONE',  ( 30.59999999999999432, 1.158410705710341659, -3.828587812352703956 ) ) ;
#1442 = VERTEX_POINT ( 'NONE', #1912 ) ;
#1443 = DIRECTION ( 'NONE',  ( 1.000000000000000000, 0.000000000000000000, 0.000000000000000000 ) ) ;
#1444 = ORIENTED_EDGE ( 'NONE', *, *, #1965, .T. ) ;
#1445 = CARTESIAN_POINT ( 'NONE',  ( 41.60000000000000142, 0.000000000000000000, 0.1499999999999999944 ) ) ;
#1446 = EDGE_CURVE ( 'NONE', #1381, #306, #95, .T. ) ;
#1447 = ORIENTED_EDGE ( 'NONE', *, *, #774, .T. ) ;
#1448 = ORIENTED_EDGE ( 'NONE', *, *, #295, .F. ) ;
#1449 = ADVANCED_FACE ( 'NONE', ( #1024 ), #1231, .T. ) ;
#1450 = DIRECTION ( 'NONE',  ( 0.000000000000000000, 0.000000000000000000, 1.000000000000000000 ) ) ;
#1451 = ORIENTED_EDGE ( 'NONE', *, *, #99, .T. ) ;
#1452 = DIRECTION ( 'NONE',  ( 0.000000000000000000, 0.000000000000000000, -1.000000000000000000 ) ) ;
#1453 = ORIENTED_EDGE ( 'NONE', *, *, #28, .T. ) ;
#1454 = FACE_OUTER_BOUND ( 'NONE', #1572, .T. ) ;
#1455 = VERTEX_POINT ( 'NONE', #2049 ) ;
#1456 = AXIS2_PLACEMENT_3D ( 'NONE', #640, #805, #1505 ) ;
#1457 = CIRCLE ( 'NONE', #479, 6.049999999999999822 ) ;
#1458 = CYLINDRICAL_SURFACE ( 'NONE', #1606, 5.000000000000000000 ) ;
#1459 = VECTOR ( 'NONE', #147, 1000.000000000000000 ) ;
#1460 = AXIS2_PLACEMENT_3D ( 'NONE', #1350, #2031, #494 ) ;
#1461 = CIRCLE ( 'NONE', #1706, 5.000000000000000888 ) ;
#1462 = CARTESIAN_POINT ( 'NONE',  ( 18.59999999999999787, 2.606424087848269178, -8.614322577793585012 ) ) ;
#1463 = AXIS2_PLACEMENT_3D ( 'NONE', #1981, #1293, #246 ) ;
#1464 = VERTEX_POINT ( 'NONE', #1009 ) ;
#1465 = EDGE_CURVE ( 'NONE', #950, #1116, #1884, .T. ) ;
#1466 = EDGE_LOOP ( 'NONE', ( #453, #1364, #3, #553 ) ) ;
#1467 = AXIS2_PLACEMENT_3D ( 'NONE', #42, #362, #1359 ) ;
#1468 = DIRECTION ( 'NONE',  ( 0.000000000000000000, 0.000000000000000000, -1.000000000000000000 ) ) ;
#1469 = CIRCLE ( 'NONE', #1927, 7.000000000000000888 ) ;
#1470 = EDGE_LOOP ( 'NONE', ( #787, #1767, #713, #364, #832, #734, #1851, #1055 ) ) ;
#1471 = ORIENTED_EDGE ( 'NONE', *, *, #2215, .F. ) ;
#1472 = CARTESIAN_POINT ( 'NONE',  ( 36.59999999999999432, 2.606424087848269178, -8.614322577793585012 ) ) ;
#1473 = VERTEX_POINT ( 'NONE', #1543 ) ;
#1474 = DIRECTION ( 'NONE',  ( 1.000000000000000000, 0.000000000000000000, 0.000000000000000000 ) ) ;
#1475 = ORIENTED_EDGE ( 'NONE', *, *, #463, .F. ) ;
#1476 = CARTESIAN_POINT ( 'NONE',  ( 1.500000000000000000, 6.998392672607046450, 0.000000000000000000 ) ) ;
#1477 = EDGE_CURVE ( 'NONE', #924, #1628, #1194, .T. ) ;
#1478 = VERTEX_POINT ( 'NONE', #1733 ) ;
#1479 = CARTESIAN_POINT ( 'NONE',  ( 20.59999999999999787, 0.000000000000000000, 0.000000000000000000 ) ) ;
#1480 = PLANE ( 'NONE',  #450 ) ;
#1481 = DIRECTION ( 'NONE',  ( -1.000000000000000000, -0.000000000000000000, -0.000000000000000000 ) ) ;
#1482 = CARTESIAN_POINT ( 'NONE',  ( 32.59999999999999432, 0.000000000000000000, 0.000000000000000000 ) ) ;
#1483 = CARTESIAN_POINT ( 'NONE',  ( 33.60000000000000142, 2.606424087848269178, -8.614322577793585012 ) ) ;
#1484 = ORIENTED_EDGE ( 'NONE', *, *, #1754, .T. ) ;
#1485 = ADVANCED_FACE ( 'NONE', ( #1221 ), #1901, .T. ) ;
#1486 = CARTESIAN_POINT ( 'NONE',  ( 28.59999999999999787, 0.000000000000000000, 0.000000000000000000 ) ) ;
#1487 = AXIS2_PLACEMENT_3D ( 'NONE', #1441, #1785, #75 ) ;
#1488 = AXIS2_PLACEMENT_3D ( 'NONE', #1845, #1372, #1681 ) ;
#1489 = PLANE ( 'NONE',  #2138 ) ;
#1490 = AXIS2_PLACEMENT_3D ( 'NONE', #1507, #2054, #2193 ) ;
#1491 = DIRECTION ( 'NONE',  ( 0.000000000000000000, 0.000000000000000000, -1.000000000000000000 ) ) ;
#1492 = DIRECTION ( 'NONE',  ( -1.000000000000000000, -0.000000000000000000, -0.000000000000000000 ) ) ;
#1493 = CIRCLE ( 'NONE', #1382, 7.000000000000000888 ) ;
#1494 = DIRECTION ( 'NONE',  ( 0.000000000000000000, 0.000000000000000000, -1.000000000000000000 ) ) ;
#1495 = AXIS2_PLACEMENT_3D ( 'NONE', #1879, #4, #692 ) ;
#1496 = ORIENTED_EDGE ( 'NONE', *, *, #2012, .T. ) ;
#1497 = CARTESIAN_POINT ( 'NONE',  ( 27.59999999999999787, 0.000000000000000000, 0.000000000000000000 ) ) ;
#1498 = DIRECTION ( 'NONE',  ( 0.000000000000000000, 0.000000000000000000, -1.000000000000000000 ) ) ;
#1499 = VECTOR ( 'NONE', #1605, 1000.000000000000000 ) ;
#1500 = PLANE ( 'NONE',  #916 ) ;
#1501 = ORIENTED_EDGE ( 'NONE', *, *, #1820, .T. ) ;
#1502 = EDGE_CURVE ( 'NONE', #930, #538, #716, .T. ) ;
#1503 = DIRECTION ( 'NONE',  ( 0.000000000000000000, 0.000000000000000000, 1.000000000000000000 ) ) ;
#1504 = CARTESIAN_POINT ( 'NONE',  ( 41.60000000000000142, 0.000000000000000000, -6.049999999999999822 ) ) ;
#1505 = DIRECTION ( 'NONE',  ( 0.000000000000000000, 0.000000000000000000, -1.000000000000000000 ) ) ;
#1506 = VERTEX_POINT ( 'NONE', #1403 ) ;
#1507 = CARTESIAN_POINT ( 'NONE',  ( 36.59999999999999432, 0.000000000000000000, 0.000000000000000000 ) ) ;
#1508 = PLANE ( 'NONE',  #451 ) ;
#1509 = DIRECTION ( 'NONE',  ( 0.000000000000000000, 0.000000000000000000, 1.000000000000000000 ) ) ;
#1510 = ADVANCED_FACE ( 'NONE', ( #2087 ), #1500, .T. ) ;
#1511 = DIRECTION ( 'NONE',  ( 0.000000000000000000, -1.000000000000000000, 0.000000000000000000 ) ) ;
#1512 = ORIENTED_EDGE ( 'NONE', *, *, #505, .F. ) ;
#1513 = DIRECTION ( 'NONE',  ( 1.000000000000000000, 0.000000000000000000, 0.000000000000000000 ) ) ;
#1514 = EDGE_CURVE ( 'NONE', #274, #245, #831, .T. ) ;
#1515 = CARTESIAN_POINT ( 'NONE',  ( 34.60000000000000142, -2.762069023147044167, -6.931785952275177465 ) ) ;
#1516 = DIRECTION ( 'NONE',  ( -1.000000000000000000, -0.000000000000000000, -0.000000000000000000 ) ) ;
#1517 = VERTEX_POINT ( 'NONE', #1141 ) ;
#1518 = DIRECTION ( 'NONE',  ( 1.000000000000000000, 0.000000000000000000, 0.000000000000000000 ) ) ;
#1519 = CARTESIAN_POINT ( 'NONE',  ( 28.59999999999999787, 1.158410705710341659, -3.828587812352703956 ) ) ;
#1520 = APPLICATION_PROTOCOL_DEFINITION ( 'draft international standard', 'automotive_design', 1998, #1523 ) ;
#1521 = LINE ( 'NONE', #136, #60 ) ;
#1522 = VERTEX_POINT ( 'NONE', #2045 ) ;
#1523 = APPLICATION_CONTEXT ( 'automotive_design' ) ;
#1524 = CARTESIAN_POINT ( 'NONE',  ( 1.500000000000000000, -4.365952903884278591, -5.321604448520052877 ) ) ;
#1525 = DIRECTION ( 'NONE',  ( 0.000000000000000000, 0.000000000000000000, 1.000000000000000000 ) ) ;
#1526 = CARTESIAN_POINT ( 'NONE',  ( 24.59999999999999787, -4.365952903884279479, -5.321604448520053765 ) ) ;
#1527 = EDGE_CURVE ( 'NONE', #1517, #1630, #643, .T. ) ;
#1528 = FACE_OUTER_BOUND ( 'NONE', #1944, .T. ) ;
#1529 = CYLINDRICAL_SURFACE ( 'NONE', #911, 10.00000000000000000 ) ;
#1530 = CARTESIAN_POINT ( 'NONE',  ( 18.59999999999999787, 0.000000000000000000, 0.000000000000000000 ) ) ;
#1531 = VERTEX_POINT ( 'NONE', #1684 ) ;
#1532 = VECTOR ( 'NONE', #474, 1000.000000000000000 ) ;
#1533 = CIRCLE ( 'NONE', #311, 10.00000000000000178 ) ;
#1534 = DIRECTION ( 'NONE',  ( -1.000000000000000000, -0.000000000000000000, -0.000000000000000000 ) ) ;
#1535 = DIRECTION ( 'NONE',  ( 0.000000000000000000, 0.000000000000000000, -1.000000000000000000 ) ) ;
#1536 = CARTESIAN_POINT ( 'NONE',  ( 35.60000000000000142, 0.000000000000000000, 0.000000000000000000 ) ) ;
#1537 = ORIENTED_EDGE ( 'NONE', *, *, #1000, .F. ) ;
#1538 = DIRECTION ( 'NONE',  ( 1.000000000000000000, 0.000000000000000000, 0.000000000000000000 ) ) ;
#1539 = DIRECTION ( 'NONE',  ( -1.000000000000000000, -0.000000000000000000, -0.000000000000000000 ) ) ;
#1540 = ADVANCED_FACE ( 'NONE', ( #124 ), #508, .F. ) ;
#1541 = ORIENTED_EDGE ( 'NONE', *, *, #795, .F. ) ;
#1542 = DIRECTION ( 'NONE',  ( -1.000000000000000000, -0.000000000000000000, -0.000000000000000000 ) ) ;
#1543 = CARTESIAN_POINT ( 'NONE',  ( 22.59999999999999432, -2.762069023147044167, -6.931785952275177465 ) ) ;
#1544 = DIRECTION ( 'NONE',  ( 0.000000000000000000, 0.000000000000000000, -1.000000000000000000 ) ) ;
#1545 = DIRECTION ( 'NONE',  ( 1.000000000000000000, 0.000000000000000000, 0.000000000000000000 ) ) ;
#1546 = ORIENTED_EDGE ( 'NONE', *, *, #1135, .T. ) ;
#1547 = CARTESIAN_POINT ( 'NONE',  ( 20.59999999999999787, -2.762069023147044167, -6.931785952275177465 ) ) ;
#1548 = DIRECTION ( 'NONE',  ( 0.000000000000000000, -1.000000000000000000, 0.000000000000000000 ) ) ;
#1549 = ORIENTED_EDGE ( 'NONE', *, *, #1943, .T. ) ;
#1550 = DIRECTION ( 'NONE',  ( -1.000000000000000000, -0.000000000000000000, -0.000000000000000000 ) ) ;
#1551 = DIRECTION ( 'NONE',  ( 0.000000000000000000, 0.000000000000000000, -1.000000000000000000 ) ) ;
#1552 = CARTESIAN_POINT ( 'NONE',  ( 18.59999999999999787, 0.000000000000000000, 0.000000000000000000 ) ) ;
#1553 = CARTESIAN_POINT ( 'NONE',  ( 41.60000000000000142, 0.000000000000000000, 0.000000000000000000 ) ) ;
#1554 = EDGE_LOOP ( 'NONE', ( #423, #2207, #214, #762, #1371 ) ) ;
#1555 = VECTOR ( 'NONE', #109, 1000.000000000000000 ) ;
#1556 = CIRCLE ( 'NONE', #1119, 10.00000000000000178 ) ;
#1557 = ORIENTED_EDGE ( 'NONE', *, *, #1637, .T. ) ;
#1558 = DIRECTION ( 'NONE',  ( 0.000000000000000000, 0.000000000000000000, 1.000000000000000000 ) ) ;
#1559 = VERTEX_POINT ( 'NONE', #1661 ) ;
#1560 = VECTOR ( 'NONE', #1650, 1000.000000000000000 ) ;
#1561 = CARTESIAN_POINT ( 'NONE',  ( 26.59999999999999787, 1.158410705710341659, -3.828587812352703956 ) ) ;
#1562 = ORIENTED_EDGE ( 'NONE', *, *, #1514, .T. ) ;
#1563 = COLOUR_RGB ( '',0.7921568627450980005, 0.8196078431372548767, 0.9333333333333333481 ) ;
#1564 = DIRECTION ( 'NONE',  ( 1.000000000000000000, 0.000000000000000000, 0.000000000000000000 ) ) ;
#1565 = CIRCLE ( 'NONE', #989, 10.00000000000000178 ) ;
#1566 = CARTESIAN_POINT ( 'NONE',  ( 1.500000000000000000, -4.365952903884278591, -5.321604448520052877 ) ) ;
#1567 = DIRECTION ( 'NONE',  ( -1.000000000000000000, -0.000000000000000000, -0.000000000000000000 ) ) ;
#1568 = VECTOR ( 'NONE', #144, 1000.000000000000000 ) ;
#1569 = DIRECTION ( 'NONE',  ( -1.000000000000000000, -0.000000000000000000, -0.000000000000000000 ) ) ;
#1570 = ORIENTED_EDGE ( 'NONE', *, *, #304, .T. ) ;
#1571 = CARTESIAN_POINT ( 'NONE',  ( 25.59999999999999787, 6.998392672607048226, -2.710505431213761085E-17 ) ) ;
#1572 = EDGE_LOOP ( 'NONE', ( #936, #368, #2075, #385, #349, #1028, #731, #766 ) ) ;
#1573 = LINE ( 'NONE', #747, #307 ) ;
#1574 = ORIENTED_EDGE ( 'NONE', *, *, #675, .F. ) ;
#1575 = DIRECTION ( 'NONE',  ( 0.000000000000000000, 0.000000000000000000, -1.000000000000000000 ) ) ;
#1576 = ORIENTED_EDGE ( 'NONE', *, *, #1941, .T. ) ;
#1577 = FACE_OUTER_BOUND ( 'NONE', #929, .T. ) ;
#1578 = CARTESIAN_POINT ( 'NONE',  ( 26.59999999999999787, -4.365952903884279479, -5.321604448520053765 ) ) ;
#1579 = LINE ( 'NONE', #857, #1631 ) ;
#1580 = EDGE_LOOP ( 'NONE', ( #740, #1639, #699, #1574 ) ) ;
#1581 = EDGE_CURVE ( 'NONE', #1628, #1067, #564, .T. ) ;
#1582 = VERTEX_POINT ( 'NONE', #1694 ) ;
#1583 = CARTESIAN_POINT ( 'NONE',  ( 1.500000000000000000, -4.365952903884278591, -5.321604448520052877 ) ) ;
#1584 = ORIENTED_EDGE ( 'NONE', *, *, #467, .T. ) ;
#1585 = CARTESIAN_POINT ( 'NONE',  ( 22.59999999999999432, 6.998392672607048226, -2.710505431213761085E-17 ) ) ;
#1586 = ORIENTED_EDGE ( 'NONE', *, *, #2230, .F. ) ;
#1587 = EDGE_CURVE ( 'NONE', #644, #1076, #662, .T. ) ;
#1588 = CYLINDRICAL_SURFACE ( 'NONE', #979, 5.000000000000000000 ) ;
#1589 = ORIENTED_EDGE ( 'NONE', *, *, #1477, .T. ) ;
#1590 = EDGE_CURVE ( 'NONE', #1473, #2120, #1521, .T. ) ;
#1591 = ORIENTED_EDGE ( 'NONE', *, *, #47, .F. ) ;
#1592 = LINE ( 'NONE', #2092, #1164 ) ;
#1593 = AXIS2_PLACEMENT_3D ( 'NONE', #490, #1357, #1525 ) ;
#1594 = AXIS2_PLACEMENT_3D ( 'NONE', #2112, #1077, #1614 ) ;
#1595 = CIRCLE ( 'NONE', #1704, 5.000000000000000888 ) ;
#1596 = ADVANCED_FACE ( 'NONE', ( #2018 ), #1850, .F. ) ;
#1597 = ORIENTED_EDGE ( 'NONE', *, *, #505, .T. ) ;
#1598 = CYLINDRICAL_SURFACE ( 'NONE', #64, 10.00000000000000000 ) ;
#1599 = AXIS2_PLACEMENT_3D ( 'NONE', #2104, #530, #1432 ) ;
#1600 = ORIENTED_EDGE ( 'NONE', *, *, #1477, .F. ) ;
#1601 = AXIS2_PLACEMENT_3D ( 'NONE', #842, #2172, #2185 ) ;
#1602 = DIRECTION ( 'NONE',  ( 0.000000000000000000, 0.000000000000000000, -1.000000000000000000 ) ) ;
#1603 = ORIENTED_EDGE ( 'NONE', *, *, #1087, .F. ) ;
#1604 = VECTOR ( 'NONE', #2223, 1000.000000000000000 ) ;
#1605 = DIRECTION ( 'NONE',  ( 1.000000000000000000, 0.000000000000000000, 0.000000000000000000 ) ) ;
#1606 = AXIS2_PLACEMENT_3D ( 'NONE', #2142, #602, #1287 ) ;
#1607 = VERTEX_POINT ( 'NONE', #318 ) ;
#1608 = CARTESIAN_POINT ( 'NONE',  ( 21.59999999999999787, 0.000000000000000000, 0.000000000000000000 ) ) ;
#1609 = EDGE_LOOP ( 'NONE', ( #2131, #1101, #1020, #93, #720 ) ) ;
#1610 = CIRCLE ( 'NONE', #1170, 10.00000000000000178 ) ;
#1611 = EDGE_CURVE ( 'NONE', #1784, #1348, #461, .T. ) ;
#1612 = CARTESIAN_POINT ( 'NONE',  ( 28.59999999999999787, 1.158410705710341659, -3.828587812352703956 ) ) ;
#1613 = ORIENTED_EDGE ( 'NONE', *, *, #1718, .F. ) ;
#1614 = DIRECTION ( 'NONE',  ( 0.000000000000000000, 0.000000000000000000, -1.000000000000000000 ) ) ;
#1615 = ORIENTED_EDGE ( 'NONE', *, *, #790, .F. ) ;
#1616 = EDGE_LOOP ( 'NONE', ( #462, #1272, #1224, #960 ) ) ;
#1617 = EDGE_CURVE ( 'NONE', #59, #2117, #1673, .T. ) ;
#1618 = LINE ( 'NONE', #2135, #1744 ) ;
#1619 = MANIFOLD_SOLID_BREP ( 'Split3[2]', #1340 ) ;
#1620 = ORIENTED_EDGE ( 'NONE', *, *, #84, .F. ) ;
#1621 = EDGE_CURVE ( 'NONE', #1226, #869, #203, .T. ) ;
#1622 = DIRECTION ( 'NONE',  ( 0.000000000000000000, -1.000000000000000000, 0.000000000000000000 ) ) ;
#1623 = ORIENTED_EDGE ( 'NONE', *, *, #1617, .T. ) ;
#1624 = EDGE_CURVE ( 'NONE', #538, #1455, #1281, .T. ) ;
#1625 = DIRECTION ( 'NONE',  ( 0.000000000000000000, 0.000000000000000000, -1.000000000000000000 ) ) ;
#1626 = ORIENTED_EDGE ( 'NONE', *, *, #2041, .T. ) ;
#1627 = LINE ( 'NONE', #595, #812 ) ;
#1628 = VERTEX_POINT ( 'NONE', #1571 ) ;
#1629 = CARTESIAN_POINT ( 'NONE',  ( -0.002000000000002000178, 6.049999999999998934, 0.000000000000000000 ) ) ;
#1630 = VERTEX_POINT ( 'NONE', #1370 ) ;
#1631 = VECTOR ( 'NONE', #1757, 1000.000000000000000 ) ;
#1632 = CIRCLE ( 'NONE', #556, 7.000000000000000888 ) ;
#1633 = DIRECTION ( 'NONE',  ( -1.000000000000000000, -0.000000000000000000, -0.000000000000000000 ) ) ;
#1634 = ORIENTED_EDGE ( 'NONE', *, *, #1768, .T. ) ;
#1635 = CARTESIAN_POINT ( 'NONE',  ( 34.60000000000000142, 0.000000000000000000, 0.000000000000000000 ) ) ;
#1636 = ORIENTED_EDGE ( 'NONE', *, *, #99, .F. ) ;
#1637 = EDGE_CURVE ( 'NONE', #1806, #671, #748, .T. ) ;
#1638 = CARTESIAN_POINT ( 'NONE',  ( 28.59999999999999787, 2.606424087848269178, -8.614322577793585012 ) ) ;
#1639 = ORIENTED_EDGE ( 'NONE', *, *, #1696, .F. ) ;
#1640 = CARTESIAN_POINT ( 'NONE',  ( 30.59999999999999432, 2.606424087848269178, -8.614322577793585012 ) ) ;
#1641 = CIRCLE ( 'NONE', #1848, 7.000000000000000888 ) ;
#1642 = ORIENTED_EDGE ( 'NONE', *, *, #571, .T. ) ;
#1643 = AXIS2_PLACEMENT_3D ( 'NONE', #587, #769, #1271 ) ;
#1644 = CARTESIAN_POINT ( 'NONE',  ( 23.59999999999999432, -2.762069023147044167, -6.931785952275177465 ) ) ;
#1645 = CARTESIAN_POINT ( 'NONE',  ( 39.59999999999999432, 0.000000000000000000, 0.000000000000000000 ) ) ;
#1646 = VERTEX_POINT ( 'NONE', #200 ) ;
#1647 = DIRECTION ( 'NONE',  ( 0.000000000000000000, 0.000000000000000000, -1.000000000000000000 ) ) ;
#1648 = EDGE_LOOP ( 'NONE', ( #1104, #2082, #2147, #577 ) ) ;
#1649 = EDGE_CURVE ( 'NONE', #1259, #715, #17, .T. ) ;
#1650 = DIRECTION ( 'NONE',  ( -1.000000000000000000, -0.000000000000000000, -0.000000000000000000 ) ) ;
#1651 = VERTEX_POINT ( 'NONE', #885 ) ;
#1652 = CARTESIAN_POINT ( 'NONE',  ( 26.59999999999999787, 2.606424087848269178, -8.614322577793585012 ) ) ;
#1653 = DIRECTION ( 'NONE',  ( 1.000000000000000000, 0.000000000000000000, 0.000000000000000000 ) ) ;
#1654 = CARTESIAN_POINT ( 'NONE',  ( 35.60000000000000142, 9.000000000000000000, 0.000000000000000000 ) ) ;
#1655 = EDGE_CURVE ( 'NONE', #1239, #1517, #387, .T. ) ;
#1656 = DIRECTION ( 'NONE',  ( -1.000000000000000000, -0.000000000000000000, -0.000000000000000000 ) ) ;
#1657 = CARTESIAN_POINT ( 'NONE',  ( 21.59999999999999787, 9.000000000000000000, 0.000000000000000000 ) ) ;
#1658 = CARTESIAN_POINT ( 'NONE',  ( 20.59999999999999787, -2.762069023147042390, -6.931785952275175688 ) ) ;
#1659 = CARTESIAN_POINT ( 'NONE',  ( 18.59999999999999787, -10.60302848086181804, -13.13818223212012626 ) ) ;
#1660 = EDGE_CURVE ( 'NONE', #1399, #271, #2109, .T. ) ;
#1661 = CARTESIAN_POINT ( 'NONE',  ( 33.60000000000000142, 9.000000000000000000, 0.000000000000000000 ) ) ;
#1662 = VERTEX_POINT ( 'NONE', #1418 ) ;
#1663 = CIRCLE ( 'NONE', #1277, 5.000000000000000888 ) ;
#1664 = AXIS2_PLACEMENT_3D ( 'NONE', #527, #1380, #197 ) ;
#1665 = AXIS2_PLACEMENT_3D ( 'NONE', #2005, #1349, #1832 ) ;
#1666 = FACE_OUTER_BOUND ( 'NONE', #1880, .T. ) ;
#1667 = CARTESIAN_POINT ( 'NONE',  ( 36.59999999999999432, -4.365952903884279479, -5.321604448520053765 ) ) ;
#1668 = VECTOR ( 'NONE', #1752, 1000.000000000000000 ) ;
#1669 = DIRECTION ( 'NONE',  ( -1.000000000000000000, -0.000000000000000000, -0.000000000000000000 ) ) ;
#1670 = ORIENTED_EDGE ( 'NONE', *, *, #420, .T. ) ;
#1671 = DIRECTION ( 'NONE',  ( 0.000000000000000000, 0.000000000000000000, -1.000000000000000000 ) ) ;
#1672 = DIRECTION ( 'NONE',  ( -1.000000000000000000, -0.000000000000000000, -0.000000000000000000 ) ) ;
#1673 = LINE ( 'NONE', #2007, #2028 ) ;
#1674 = VERTEX_POINT ( 'NONE', #2101 ) ;
#1675 = CIRCLE ( 'NONE', #1396, 5.000000000000000888 ) ;
#1676 = EDGE_CURVE ( 'NONE', #614, #373, #1291, .T. ) ;
#1677 = CARTESIAN_POINT ( 'NONE',  ( 18.59999999999999787, 0.000000000000000000, 0.000000000000000000 ) ) ;
#1678 = CARTESIAN_POINT ( 'NONE',  ( 20.59999999999999787, -4.365952903884279479, -5.321604448520053765 ) ) ;
#1679 = DIRECTION ( 'NONE',  ( 1.000000000000000000, 0.000000000000000000, 0.000000000000000000 ) ) ;
#1680 = ORIENTED_EDGE ( 'NONE', *, *, #1440, .T. ) ;
#1681 = DIRECTION ( 'NONE',  ( 0.000000000000000000, 7.112366251504907509E-15, -1.000000000000000000 ) ) ;
#1682 = DIRECTION ( 'NONE',  ( 0.000000000000000000, 0.000000000000000000, -1.000000000000000000 ) ) ;
#1683 =( NAMED_UNIT ( * ) PLANE_ANGLE_UNIT ( ) SI_UNIT ( $, .RADIAN. ) );
#1684 = CARTESIAN_POINT ( 'NONE',  ( 30.59999999999999432, -4.365952903884279479, -5.321604448520053765 ) ) ;
#1685 = ORIENTED_EDGE ( 'NONE', *, *, #1705, .T. ) ;
#1686 = EDGE_CURVE ( 'NONE', #1314, #1727, #1627, .T. ) ;
#1687 = LINE ( 'NONE', #620, #1459 ) ;
#1688 = EDGE_CURVE ( 'NONE', #108, #1628, #1787, .T. ) ;
#1689 = CARTESIAN_POINT ( 'NONE',  ( 38.59999999999999432, 0.000000000000000000, 0.1499999999999999944 ) ) ;
#1690 = FACE_OUTER_BOUND ( 'NONE', #519, .T. ) ;
#1691 = DIRECTION ( 'NONE',  ( 0.000000000000000000, 0.000000000000000000, -1.000000000000000000 ) ) ;
#1692 = CARTESIAN_POINT ( 'NONE',  ( 19.59999999999999787, 2.606424087848269178, -8.614322577793585012 ) ) ;
#1693 = DIRECTION ( 'NONE',  ( 1.000000000000000000, 0.000000000000000000, 0.000000000000000000 ) ) ;
#1694 = CARTESIAN_POINT ( 'NONE',  ( 39.59999999999999432, 2.606424087848269178, -8.614322577793585012 ) ) ;
#1695 = ORIENTED_EDGE ( 'NONE', *, *, #376, .T. ) ;
#1696 = EDGE_CURVE ( 'NONE', #396, #1226, #1103, .T. ) ;
#1697 = FACE_OUTER_BOUND ( 'NONE', #1466, .T. ) ;
#1698 = DIRECTION ( 'NONE',  ( 1.000000000000000000, 0.000000000000000000, 0.000000000000000000 ) ) ;
#1699 = AXIS2_PLACEMENT_3D ( 'NONE', #401, #902, #2130 ) ;
#1700 = CIRCLE ( 'NONE', #661, 10.00000000000000178 ) ;
#1701 = DIRECTION ( 'NONE',  ( 0.000000000000000000, 7.112366251504907509E-15, -1.000000000000000000 ) ) ;
#1702 = DIRECTION ( 'NONE',  ( 0.000000000000000000, 0.000000000000000000, -1.000000000000000000 ) ) ;
#1703 = DIRECTION ( 'NONE',  ( 0.000000000000000000, 0.000000000000000000, 1.000000000000000000 ) ) ;
#1704 = AXIS2_PLACEMENT_3D ( 'NONE', #1903, #1379, #526 ) ;
#1705 = EDGE_CURVE ( 'NONE', #1582, #901, #128, .T. ) ;
#1706 = AXIS2_PLACEMENT_3D ( 'NONE', #860, #551, #735 ) ;
#1707 = DIRECTION ( 'NONE',  ( 0.000000000000000000, 0.000000000000000000, -1.000000000000000000 ) ) ;
#1708 = FACE_OUTER_BOUND ( 'NONE', #877, .T. ) ;
#1709 = CYLINDRICAL_SURFACE ( 'NONE', #232, 9.000000000000000000 ) ;
#1710 = ORIENTED_EDGE ( 'NONE', *, *, #1341, .F. ) ;
#1711 = CIRCLE ( 'NONE', #988, 6.049999999999999822 ) ;
#1712 = CIRCLE ( 'NONE', #1748, 9.000000000000000000 ) ;
#1713 = CARTESIAN_POINT ( 'NONE',  ( 34.60000000000000142, -10.60302848086181804, -13.13818223212012626 ) ) ;
#1714 = DIRECTION ( 'NONE',  ( 0.000000000000000000, -1.000000000000000000, 0.000000000000000000 ) ) ;
#1715 = CIRCLE ( 'NONE', #1962, 10.00000000000000178 ) ;
#1716 = DIRECTION ( 'NONE',  ( 0.000000000000000000, 0.000000000000000000, 1.000000000000000000 ) ) ;
#1717 = PLANE ( 'NONE',  #415 ) ;
#1718 = EDGE_CURVE ( 'NONE', #264, #373, #1712, .T. ) ;
#1719 = EDGE_LOOP ( 'NONE', ( #626, #71, #1911, #37 ) ) ;
#1720 = CARTESIAN_POINT ( 'NONE',  ( 41.60000000000000142, 0.000000000000000000, 0.1499999999999999944 ) ) ;
#1721 = CARTESIAN_POINT ( 'NONE',  ( 29.59999999999999787, 9.000000000000000000, 0.000000000000000000 ) ) ;
#1722 = ORIENTED_EDGE ( 'NONE', *, *, #1581, .F. ) ;
#1723 = FACE_OUTER_BOUND ( 'NONE', #2162, .T. ) ;
#1724 = DIRECTION ( 'NONE',  ( 1.000000000000000000, 0.000000000000000000, 0.000000000000000000 ) ) ;
#1725 = DIRECTION ( 'NONE',  ( 0.000000000000000000, 0.000000000000000000, 1.000000000000000000 ) ) ;
#1726 = CARTESIAN_POINT ( 'NONE',  ( 40.59999999999999432, -10.60302848086181804, -13.13818223212012626 ) ) ;
#1727 = VERTEX_POINT ( 'NONE', #2114 ) ;
#1728 = ORIENTED_EDGE ( 'NONE', *, *, #727, .T. ) ;
#1729 = CARTESIAN_POINT ( 'NONE',  ( 41.60000000000000142, -6.050000000000000711, 0.000000000000000000 ) ) ;
#1730 = ORIENTED_EDGE ( 'NONE', *, *, #931, .T. ) ;
#1731 = CARTESIAN_POINT ( 'NONE',  ( 40.59999999999999432, 9.000000000000000000, 0.000000000000000000 ) ) ;
#1732 = VERTEX_POINT ( 'NONE', #1766 ) ;
#1733 = CARTESIAN_POINT ( 'NONE',  ( 19.59999999999999787, -2.762069023147044167, -6.931785952275177465 ) ) ;
#1734 = DIRECTION ( 'NONE',  ( 0.000000000000000000, 0.000000000000000000, -1.000000000000000000 ) ) ;
#1735 = EDGE_CURVE ( 'NONE', #691, #1559, #561, .T. ) ;
#1736 = DIRECTION ( 'NONE',  ( 0.000000000000000000, 0.000000000000000000, -1.000000000000000000 ) ) ;
#1737 = ORIENTED_EDGE ( 'NONE', *, *, #658, .F. ) ;
#1738 = AXIS2_PLACEMENT_3D ( 'NONE', #2161, #1810, #759 ) ;
#1739 = AXIS2_PLACEMENT_3D ( 'NONE', #1536, #1750, #1059 ) ;
#1740 = EDGE_LOOP ( 'NONE', ( #496, #1589, #550, #7, #1642 ) ) ;
#1741 = CIRCLE ( 'NONE', #2210, 5.000000000000000888 ) ;
#1742 = DIRECTION ( 'NONE',  ( 1.000000000000000000, 0.000000000000000000, 0.000000000000000000 ) ) ;
#1743 = EDGE_LOOP ( 'NONE', ( #1680, #1288, #2108, #904 ) ) ;
#1744 = VECTOR ( 'NONE', #2153, 1000.000000000000000 ) ;
#1745 = DIRECTION ( 'NONE',  ( 0.000000000000000000, 0.000000000000000000, 1.000000000000000000 ) ) ;
#1746 = EDGE_LOOP ( 'NONE', ( #779, #46, #1942, #185 ) ) ;
#1747 = EDGE_CURVE ( 'NONE', #941, #608, #263, .T. ) ;
#1748 = AXIS2_PLACEMENT_3D ( 'NONE', #223, #1443, #417 ) ;
#1749 = CARTESIAN_POINT ( 'NONE',  ( 40.59999999999999432, 1.158410705710341659, -3.828587812352703956 ) ) ;
#1750 = DIRECTION ( 'NONE',  ( 1.000000000000000000, 0.000000000000000000, 0.000000000000000000 ) ) ;
#1751 = ORIENTED_EDGE ( 'NONE', *, *, #286, .F. ) ;
#1752 = DIRECTION ( 'NONE',  ( 1.000000000000000000, 0.000000000000000000, 0.000000000000000000 ) ) ;
#1753 = VERTEX_POINT ( 'NONE', #934 ) ;
#1754 = EDGE_CURVE ( 'NONE', #1381, #582, #1393, .T. ) ;
#1755 = CARTESIAN_POINT ( 'NONE',  ( 27.59999999999999787, -10.60302848086181804, -13.13818223212012626 ) ) ;
#1756 = ORIENTED_EDGE ( 'NONE', *, *, #2233, .T. ) ;
#1757 = DIRECTION ( 'NONE',  ( -1.000000000000000000, -0.000000000000000000, -0.000000000000000000 ) ) ;
#1758 = DIRECTION ( 'NONE',  ( 0.000000000000000000, 0.000000000000000000, -1.000000000000000000 ) ) ;
#1759 = ORIENTED_EDGE ( 'NONE', *, *, #2144, .T. ) ;
#1760 = DIRECTION ( 'NONE',  ( 0.000000000000000000, 0.000000000000000000, -1.000000000000000000 ) ) ;
#1761 = EDGE_LOOP ( 'NONE', ( #2222, #1584, #1822, #2129, #1906 ) ) ;
#1762 = CARTESIAN_POINT ( 'NONE',  ( 34.60000000000000142, 1.158410705710341659, -3.828587812352703956 ) ) ;
#1763 = ORIENTED_EDGE ( 'NONE', *, *, #1087, .T. ) ;
#1764 = CARTESIAN_POINT ( 'NONE',  ( 38.59999999999999432, 1.158410705710341659, -3.828587812352703956 ) ) ;
#1765 = VERTEX_POINT ( 'NONE', #233 ) ;
#1766 = CARTESIAN_POINT ( 'NONE',  ( 32.59999999999999432, -2.762069023147044167, -6.931785952275177465 ) ) ;
#1767 = ORIENTED_EDGE ( 'NONE', *, *, #1394, .T. ) ;
#1768 = EDGE_CURVE ( 'NONE', #79, #2169, #437, .T. ) ;
#1769 = DIRECTION ( 'NONE',  ( -1.000000000000000000, -0.000000000000000000, -0.000000000000000000 ) ) ;
#1770 = CIRCLE ( 'NONE', #741, 7.000000000000000000 ) ;
#1771 = VERTEX_POINT ( 'NONE', #607 ) ;
#1772 = AXIS2_PLACEMENT_3D ( 'NONE', #1720, #888, #34 ) ;
#1773 = ORIENTED_EDGE ( 'NONE', *, *, #1191, .F. ) ;
#1774 = VECTOR ( 'NONE', #404, 1000.000000000000000 ) ;
#1775 = EDGE_CURVE ( 'NONE', #264, #33, #87, .T. ) ;
#1776 = CYLINDRICAL_SURFACE ( 'NONE', #593, 5.000000000000000000 ) ;
#1777 = ORIENTED_EDGE ( 'NONE', *, *, #1965, .F. ) ;
#1778 = AXIS2_PLACEMENT_3D ( 'NONE', #1066, #227, #1438 ) ;
#1779 = DIRECTION ( 'NONE',  ( 0.000000000000000000, 7.112366251504907509E-15, -1.000000000000000000 ) ) ;
#1780 = ORIENTED_EDGE ( 'NONE', *, *, #1775, .T. ) ;
#1781 = PLANE ( 'NONE',  #422 ) ;
#1782 = EDGE_CURVE ( 'NONE', #125, #1076, #1091, .T. ) ;
#1783 = VERTEX_POINT ( 'NONE', #574 ) ;
#1784 = VERTEX_POINT ( 'NONE', #732 ) ;
#1785 = DIRECTION ( 'NONE',  ( -1.000000000000000000, -0.000000000000000000, -0.000000000000000000 ) ) ;
#1786 = ORIENTED_EDGE ( 'NONE', *, *, #1863, .T. ) ;
#1787 = LINE ( 'NONE', #1796, #2071 ) ;
#1788 = VERTEX_POINT ( 'NONE', #1258 ) ;
#1789 = CARTESIAN_POINT ( 'NONE',  ( 38.59999999999999432, 2.606424087848269178, -8.614322577793585012 ) ) ;
#1790 = EDGE_CURVE ( 'NONE', #428, #903, #1533, .T. ) ;
#1791 = ORIENTED_EDGE ( 'NONE', *, *, #1341, .T. ) ;
#1792 = CARTESIAN_POINT ( 'NONE',  ( 25.59999999999999787, 2.606424087848269178, -8.614322577793585012 ) ) ;
#1793 = EDGE_CURVE ( 'NONE', #671, #737, #1168, .T. ) ;
#1794 = DIRECTION ( 'NONE',  ( 0.000000000000000000, 0.000000000000000000, -1.000000000000000000 ) ) ;
#1795 = ORIENTED_EDGE ( 'NONE', *, *, #1611, .F. ) ;
#1796 = CARTESIAN_POINT ( 'NONE',  ( 1.500000000000000000, 6.998392672607046450, 0.000000000000000000 ) ) ;
#1797 = ORIENTED_EDGE ( 'NONE', *, *, #2152, .F. ) ;
#1798 = DIRECTION ( 'NONE',  ( 1.000000000000000000, 0.000000000000000000, 0.000000000000000000 ) ) ;
#1799 = ORIENTED_EDGE ( 'NONE', *, *, #1255, .F. ) ;
#1800 = CIRCLE ( 'NONE', #1699, 5.000000000000000888 ) ;
#1801 = VECTOR ( 'NONE', #129, 1000.000000000000000 ) ;
#1802 = EDGE_CURVE ( 'NONE', #76, #441, #1565, .T. ) ;
#1803 = VECTOR ( 'NONE', #995, 1000.000000000000000 ) ;
#1804 = EDGE_CURVE ( 'NONE', #907, #1220, #966, .T. ) ;
#1805 = CARTESIAN_POINT ( 'NONE',  ( 29.59999999999999787, 0.000000000000000000, 0.000000000000000000 ) ) ;
#1806 = VERTEX_POINT ( 'NONE', #791 ) ;
#1807 = CARTESIAN_POINT ( 'NONE',  ( 18.59999999999999787, 1.158410705710341659, -3.828587812352703956 ) ) ;
#1808 = EDGE_LOOP ( 'NONE', ( #243, #366, #1074, #1038, #2173 ) ) ;
#1809 = VECTOR ( 'NONE', #1325, 1000.000000000000000 ) ;
#1810 = DIRECTION ( 'NONE',  ( 1.000000000000000000, 0.000000000000000000, 0.000000000000000000 ) ) ;
#1811 = VECTOR ( 'NONE', #2074, 1000.000000000000000 ) ;
#1812 = ORIENTED_EDGE ( 'NONE', *, *, #440, .T. ) ;
#1813 = VECTOR ( 'NONE', #358, 1000.000000000000000 ) ;
#1814 = DIRECTION ( 'NONE',  ( 0.000000000000000000, -1.000000000000000000, 0.000000000000000000 ) ) ;
#1815 = DIRECTION ( 'NONE',  ( -1.000000000000000000, 0.000000000000000000, 0.000000000000000000 ) ) ;
#1816 = EDGE_CURVE ( 'NONE', #297, #1041, #634, .T. ) ;
#1817 = CARTESIAN_POINT ( 'NONE',  ( 1.500000000000000000, 6.998392672607046450, 0.000000000000000000 ) ) ;
#1818 = DIRECTION ( 'NONE',  ( 0.000000000000000000, 0.000000000000000000, -1.000000000000000000 ) ) ;
#1819 = CARTESIAN_POINT ( 'NONE',  ( 24.59999999999999787, 6.998392672607048226, -2.710505431213761085E-17 ) ) ;
#1820 = EDGE_CURVE ( 'NONE', #26, #1506, #284, .T. ) ;
#1821 = DIRECTION ( 'NONE',  ( 1.000000000000000000, 0.000000000000000000, 0.000000000000000000 ) ) ;
#1822 = ORIENTED_EDGE ( 'NONE', *, *, #1241, .T. ) ;
#1823 = CARTESIAN_POINT ( 'NONE',  ( 40.59999999999999432, -4.365952903884279479, -5.321604448520053765 ) ) ;
#1824 =( NAMED_UNIT ( * ) PLANE_ANGLE_UNIT ( ) SI_UNIT ( $, .RADIAN. ) );
#1825 = ORIENTED_EDGE ( 'NONE', *, *, #635, .F. ) ;
#1826 = EDGE_CURVE ( 'NONE', #1314, #1384, #1961, .T. ) ;
#1827 = DIRECTION ( 'NONE',  ( 1.000000000000000000, 0.000000000000000000, 0.000000000000000000 ) ) ;
#1828 = CARTESIAN_POINT ( 'NONE',  ( 37.59999999999999432, 6.998392672607048226, -2.710505431213761085E-17 ) ) ;
#1829 = CARTESIAN_POINT ( 'NONE',  ( 20.59999999999999787, 0.000000000000000000, 0.000000000000000000 ) ) ;
#1830 = ADVANCED_FACE ( 'NONE', ( #1697 ), #107, .T. ) ;
#1831 = ORIENTED_EDGE ( 'NONE', *, *, #525, .T. ) ;
#1832 = DIRECTION ( 'NONE',  ( 0.000000000000000000, 0.000000000000000000, -1.000000000000000000 ) ) ;
#1833 = DIRECTION ( 'NONE',  ( 0.000000000000000000, 0.000000000000000000, -1.000000000000000000 ) ) ;
#1834 = CARTESIAN_POINT ( 'NONE',  ( 38.59999999999999432, -10.60302848086181804, -13.13818223212012626 ) ) ;
#1835 = CARTESIAN_POINT ( 'NONE',  ( -0.002000000000002000178, 0.000000000000000000, 0.000000000000000000 ) ) ;
#1836 = AXIS2_PLACEMENT_3D ( 'NONE', #1311, #647, #1002 ) ;
#1837 = AXIS2_PLACEMENT_3D ( 'NONE', #932, #1969, #770 ) ;
#1838 = LINE ( 'NONE', #990, #528 ) ;
#1839 = ADVANCED_FACE ( 'NONE', ( #171 ), #2048, .F. ) ;
#1840 = CARTESIAN_POINT ( 'NONE',  ( 1.500000000000000000, -4.365952903884278591, -5.321604448520052877 ) ) ;
#1841 = AXIS2_PLACEMENT_3D ( 'NONE', #927, #235, #777 ) ;
#1842 = CARTESIAN_POINT ( 'NONE',  ( 37.59999999999999432, 2.606424087848269178, -8.614322577793585012 ) ) ;
#1843 = EDGE_CURVE ( 'NONE', #570, #79, #1469, .T. ) ;
#1844 = VERTEX_POINT ( 'NONE', #158 ) ;
#1845 = CARTESIAN_POINT ( 'NONE',  ( 41.60000000000000142, -10.60302848086181804, -13.13818223212012626 ) ) ;
#1846 = DIRECTION ( 'NONE',  ( 0.000000000000000000, 0.000000000000000000, 1.000000000000000000 ) ) ;
#1847 = CARTESIAN_POINT ( 'NONE',  ( 30.59999999999999432, -2.762069023147042390, -6.931785952275175688 ) ) ;
#1848 = AXIS2_PLACEMENT_3D ( 'NONE', #687, #1301, #1136 ) ;
#1849 = EDGE_CURVE ( 'NONE', #1788, #2169, #1641, .T. ) ;
#1850 = CYLINDRICAL_SURFACE ( 'NONE', #2177, 10.00000000000000000 ) ;
#1851 = ORIENTED_EDGE ( 'NONE', *, *, #1891, .T. ) ;
#1852 = VECTOR ( 'NONE', #1622, 1000.000000000000000 ) ;
#1853 = CARTESIAN_POINT ( 'NONE',  ( 34.60000000000000142, 0.000000000000000000, 0.1499999999999999944 ) ) ;
#1854 = DIRECTION ( 'NONE',  ( 1.000000000000000000, 0.000000000000000000, 0.000000000000000000 ) ) ;
#1855 = PLANE ( 'NONE',  #778 ) ;
#1856 = VERTEX_POINT ( 'NONE', #1310 ) ;
#1857 = CARTESIAN_POINT ( 'NONE',  ( 24.59999999999999787, -2.762069023147044167, -6.931785952275177465 ) ) ;
#1858 = LINE ( 'NONE', #317, #625 ) ;
#1859 = LINE ( 'NONE', #1847, #1568 ) ;
#1860 = DIRECTION ( 'NONE',  ( 1.000000000000000000, 0.000000000000000000, 0.000000000000000000 ) ) ;
#1861 = EDGE_LOOP ( 'NONE', ( #1147, #2099, #1447, #1444, #1435 ) ) ;
#1862 = DIRECTION ( 'NONE',  ( 0.000000000000000000, 0.000000000000000000, 1.000000000000000000 ) ) ;
#1863 = EDGE_CURVE ( 'NONE', #644, #2160, #447, .T. ) ;
#1864 = CARTESIAN_POINT ( 'NONE',  ( 36.59999999999999432, 0.000000000000000000, 0.000000000000000000 ) ) ;
#1865 = UNCERTAINTY_MEASURE_WITH_UNIT (LENGTH_MEASURE( 1.000000000000000082E-05 ), #301, 'distance_accuracy_value', 'NONE');
#1866 = DIRECTION ( 'NONE',  ( 0.000000000000000000, 0.000000000000000000, -1.000000000000000000 ) ) ;
#1867 = CARTESIAN_POINT ( 'NONE',  ( 37.59999999999999432, -10.60302848086181804, -13.13818223212012626 ) ) ;
#1868 = CARTESIAN_POINT ( 'NONE',  ( 35.60000000000000142, 0.000000000000000000, 0.000000000000000000 ) ) ;
#1869 = ORIENTED_EDGE ( 'NONE', *, *, #1987, .F. ) ;
#1870 = LINE ( 'NONE', #2217, #980 ) ;
#1871 = FACE_OUTER_BOUND ( 'NONE', #2157, .T. ) ;
#1872 = ORIENTED_EDGE ( 'NONE', *, *, #148, .T. ) ;
#1873 = DIRECTION ( 'NONE',  ( 0.000000000000000000, 0.000000000000000000, -1.000000000000000000 ) ) ;
#1874 = CARTESIAN_POINT ( 'NONE',  ( 24.59999999999999787, 0.000000000000000000, 0.000000000000000000 ) ) ;
#1875 = CIRCLE ( 'NONE', #302, 5.000000000000000888 ) ;
#1876 = LINE ( 'NONE', #332, #954 ) ;
#1877 = DIRECTION ( 'NONE',  ( 1.000000000000000000, 0.000000000000000000, 0.000000000000000000 ) ) ;
#1878 = VECTOR ( 'NONE', #1679, 1000.000000000000000 ) ;
#1879 = CARTESIAN_POINT ( 'NONE',  ( 36.59999999999999432, 0.000000000000000000, 0.000000000000000000 ) ) ;
#1880 = EDGE_LOOP ( 'NONE', ( #1685, #957, #1072, #1007, #446 ) ) ;
#1881 = CARTESIAN_POINT ( 'NONE',  ( 22.59999999999999432, 1.158410705710341659, -3.828587812352703956 ) ) ;
#1882 = DIRECTION ( 'NONE',  ( 0.000000000000000000, 0.000000000000000000, -1.000000000000000000 ) ) ;
#1883 = DIRECTION ( 'NONE',  ( 1.000000000000000000, 0.000000000000000000, 0.000000000000000000 ) ) ;
#1884 = CIRCLE ( 'NONE', #665, 9.000000000000000000 ) ;
#1885 = EDGE_LOOP ( 'NONE', ( #611, #938, #1413, #1963 ) ) ;
#1886 = VECTOR ( 'NONE', #2058, 1000.000000000000000 ) ;
#1887 = CARTESIAN_POINT ( 'NONE',  ( 28.59999999999999787, 0.000000000000000000, 0.1499999999999999944 ) ) ;
#1888 = DIRECTION ( 'NONE',  ( 0.000000000000000000, 0.000000000000000000, 1.000000000000000000 ) ) ;
#1889 = CARTESIAN_POINT ( 'NONE',  ( 24.59999999999999787, -2.762069023147042390, -6.931785952275175688 ) ) ;
#1890 = DIRECTION ( 'NONE',  ( 1.000000000000000000, -0.000000000000000000, -0.000000000000000000 ) ) ;
#1891 = EDGE_CURVE ( 'NONE', #1226, #1783, #750, .T. ) ;
#1892 = CARTESIAN_POINT ( 'NONE',  ( 39.59999999999999432, -2.762069023147044167, -6.931785952275177465 ) ) ;
#1893 = EDGE_LOOP ( 'NONE', ( #1065, #2091, #726, #573 ) ) ;
#1894 = ORIENTED_EDGE ( 'NONE', *, *, #178, .F. ) ;
#1895 = EDGE_CURVE ( 'NONE', #1931, #907, #115, .T. ) ;
#1896 = DIRECTION ( 'NONE',  ( 1.000000000000000000, 0.000000000000000000, 0.000000000000000000 ) ) ;
#1897 = EDGE_LOOP ( 'NONE', ( #1546, #1909, #1265, #1557, #1917 ) ) ;
#1898 = EDGE_CURVE ( 'NONE', #33, #614, #781, .T. ) ;
#1899 = DIRECTION ( 'NONE',  ( -1.000000000000000000, -0.000000000000000000, -0.000000000000000000 ) ) ;
#1900 = ORIENTED_EDGE ( 'NONE', *, *, #2174, .F. ) ;
#1901 = CYLINDRICAL_SURFACE ( 'NONE', #1925, 9.000000000000000000 ) ;
#1902 = EDGE_CURVE ( 'NONE', #618, #901, #2178, .T. ) ;
#1903 = CARTESIAN_POINT ( 'NONE',  ( 32.59999999999999432, 1.158410705710341659, -3.828587812352703956 ) ) ;
#1904 = PLANE ( 'NONE',  #1739 ) ;
#1905 = ORIENTED_EDGE ( 'NONE', *, *, #837, .T. ) ;
#1906 = ORIENTED_EDGE ( 'NONE', *, *, #1145, .T. ) ;
#1907 = CARTESIAN_POINT ( 'NONE',  ( 29.59999999999999787, -4.365952903884278591, -5.321604448520052877 ) ) ;
#1908 = ADVANCED_FACE ( 'NONE', ( #2166 ), #1034, .T. ) ;
#1909 = ORIENTED_EDGE ( 'NONE', *, *, #47, .T. ) ;
#1910 = DIRECTION ( 'NONE',  ( 0.000000000000000000, 0.000000000000000000, 1.000000000000000000 ) ) ;
#1911 = ORIENTED_EDGE ( 'NONE', *, *, #2141, .F. ) ;
#1912 = CARTESIAN_POINT ( 'NONE',  ( 22.59999999999999432, -4.365952903884279479, -5.321604448520053765 ) ) ;
#1913 = DIRECTION ( 'NONE',  ( 1.000000000000000000, 0.000000000000000000, 0.000000000000000000 ) ) ;
#1914 = CARTESIAN_POINT ( 'NONE',  ( 23.59999999999999432, 1.158410705710341659, -3.828587812352703956 ) ) ;
#1915 = ORIENTED_EDGE ( 'NONE', *, *, #1327, .T. ) ;
#1916 = CIRCLE ( 'NONE', #2022, 5.000000000000000888 ) ;
#1917 = ORIENTED_EDGE ( 'NONE', *, *, #1793, .T. ) ;
#1918 = AXIS2_PLACEMENT_3D ( 'NONE', #628, #1140, #1833 ) ;
#1919 = DIRECTION ( 'NONE',  ( 1.000000000000000000, 0.000000000000000000, 0.000000000000000000 ) ) ;
#1920 = ADVANCED_FACE ( 'NONE', ( #844 ), #615, .T. ) ;
#1921 = ORIENTED_EDGE ( 'NONE', *, *, #627, .F. ) ;
#1922 = EDGE_CURVE ( 'NONE', #1317, #1765, #2032, .T. ) ;
#1923 = DIRECTION ( 'NONE',  ( -1.000000000000000000, -0.000000000000000000, -0.000000000000000000 ) ) ;
#1924 = ORIENTED_EDGE ( 'NONE', *, *, #1590, .T. ) ;
#1925 = AXIS2_PLACEMENT_3D ( 'NONE', #193, #1564, #27 ) ;
#1926 = EDGE_CURVE ( 'NONE', #1401, #1931, #1210, .T. ) ;
#1927 = AXIS2_PLACEMENT_3D ( 'NONE', #1008, #1481, #1193 ) ;
#1928 = VECTOR ( 'NONE', #1633, 1000.000000000000000 ) ;
#1929 = FACE_OUTER_BOUND ( 'NONE', #1554, .T. ) ;
#1930 = CARTESIAN_POINT ( 'NONE',  ( 18.59999999999999787, 2.606424087848269178, -8.614322577793585012 ) ) ;
#1931 = VERTEX_POINT ( 'NONE', #1731 ) ;
#1932 = DIRECTION ( 'NONE',  ( 0.000000000000000000, 0.000000000000000000, -1.000000000000000000 ) ) ;
#1933 = ORIENTED_EDGE ( 'NONE', *, *, #1346, .F. ) ;
#1934 = LINE ( 'NONE', #891, #710 ) ;
#1935 = ORIENTED_EDGE ( 'NONE', *, *, #1816, .F. ) ;
#1936 = ADVANCED_FACE ( 'NONE', ( #1723 ), #377, .F. ) ;
#1937 = DIRECTION ( 'NONE',  ( -1.000000000000000000, -0.000000000000000000, -0.000000000000000000 ) ) ;
#1938 = DIRECTION ( 'NONE',  ( 0.000000000000000000, 0.000000000000000000, -1.000000000000000000 ) ) ;
#1939 = ORIENTED_EDGE ( 'NONE', *, *, #103, .F. ) ;
#1940 = LINE ( 'NONE', #430, #629 ) ;
#1941 = EDGE_CURVE ( 'NONE', #715, #1399, #2220, .T. ) ;
#1942 = ORIENTED_EDGE ( 'NONE', *, *, #1988, .F. ) ;
#1943 = EDGE_CURVE ( 'NONE', #76, #271, #908, .T. ) ;
#1944 = EDGE_LOOP ( 'NONE', ( #414, #2216, #1773, #1114 ) ) ;
#1945 = DIRECTION ( 'NONE',  ( 0.000000000000000000, -1.000000000000000000, 0.000000000000000000 ) ) ;
#1946 = ORIENTED_EDGE ( 'NONE', *, *, #905, .T. ) ;
#1947 = EDGE_CURVE ( 'NONE', #26, #425, #566, .T. ) ;
#1948 = DIRECTION ( 'NONE',  ( 1.000000000000000000, 0.000000000000000000, 0.000000000000000000 ) ) ;
#1949 = ORIENTED_EDGE ( 'NONE', *, *, #1465, .T. ) ;
#1950 = CARTESIAN_POINT ( 'NONE',  ( 32.59999999999999432, 0.000000000000000000, 0.000000000000000000 ) ) ;
#1951 = CIRCLE ( 'NONE', #985, 5.000000000000000888 ) ;
#1952 = CIRCLE ( 'NONE', #298, 10.00000000000000178 ) ;
#1953 = VECTOR ( 'NONE', #1088, 1000.000000000000000 ) ;
#1954 = AXIS2_PLACEMENT_3D ( 'NONE', #493, #133, #672 ) ;
#1955 = VERTEX_POINT ( 'NONE', #1229 ) ;
#1956 = CARTESIAN_POINT ( 'NONE',  ( 34.60000000000000142, 6.998392672607048226, -2.710505431213761085E-17 ) ) ;
#1957 = VECTOR ( 'NONE', #45, 1000.000000000000000 ) ;
#1958 = EDGE_LOOP ( 'NONE', ( #1777, #1496, #432, #1278 ) ) ;
#1959 = CARTESIAN_POINT ( 'NONE',  ( 23.59999999999999432, 0.000000000000000000, 0.000000000000000000 ) ) ;
#1960 = ORIENTED_EDGE ( 'NONE', *, *, #281, .T. ) ;
#1961 = CIRCLE ( 'NONE', #918, 7.000000000000000888 ) ;
#1962 = AXIS2_PLACEMENT_3D ( 'NONE', #1374, #482, #1387 ) ;
#1963 = ORIENTED_EDGE ( 'NONE', *, *, #878, .F. ) ;
#1964 = DIRECTION ( 'NONE',  ( 0.000000000000000000, 0.000000000000000000, -1.000000000000000000 ) ) ;
#1965 = EDGE_CURVE ( 'NONE', #1084, #274, #2180, .T. ) ;
#1966 = ORIENTED_EDGE ( 'NONE', *, *, #1189, .F. ) ;
#1967 = CARTESIAN_POINT ( 'NONE',  ( 1.500000000000000000, 6.998392672607046450, 0.000000000000000000 ) ) ;
#1968 = ORIENTED_EDGE ( 'NONE', *, *, #257, .F. ) ;
#1969 = DIRECTION ( 'NONE',  ( 1.000000000000000000, 0.000000000000000000, 0.000000000000000000 ) ) ;
#1970 = ORIENTED_EDGE ( 'NONE', *, *, #1718, .T. ) ;
#1971 = CARTESIAN_POINT ( 'NONE',  ( 35.60000000000000142, -10.60302848086181804, -13.13818223212012626 ) ) ;
#1972 = ORIENTED_EDGE ( 'NONE', *, *, #84, .T. ) ;
#1973 = FACE_OUTER_BOUND ( 'NONE', #2046, .T. ) ;
#1974 = ADVANCED_FACE ( 'NONE', ( #578 ), #1598, .F. ) ;
#1975 = ORIENTED_EDGE ( 'NONE', *, *, #1365, .F. ) ;
#1976 = ADVANCED_FACE ( 'NONE', ( #8 ), #1253, .F. ) ;
#1977 = CARTESIAN_POINT ( 'NONE',  ( 41.60000000000000142, -4.365952903884278591, -5.321604448520052877 ) ) ;
#1978 = ORIENTED_EDGE ( 'NONE', *, *, #2081, .F. ) ;
#1979 = DIRECTION ( 'NONE',  ( 0.000000000000000000, 0.000000000000000000, -1.000000000000000000 ) ) ;
#1980 = ORIENTED_EDGE ( 'NONE', *, *, #2203, .T. ) ;
#1981 = CARTESIAN_POINT ( 'NONE',  ( 26.59999999999999787, 0.000000000000000000, 0.000000000000000000 ) ) ;
#1982 = ORIENTED_EDGE ( 'NONE', *, *, #604, .F. ) ;
#1983 = CIRCLE ( 'NONE', #1836, 9.000000000000000000 ) ;
#1984 = VECTOR ( 'NONE', #1356, 1000.000000000000000 ) ;
#1985 = AXIS2_PLACEMENT_3D ( 'NONE', #729, #1913, #2066 ) ;
#1986 = DIRECTION ( 'NONE',  ( 0.000000000000000000, -1.000000000000000000, 0.000000000000000000 ) ) ;
#1987 = EDGE_CURVE ( 'NONE', #1522, #1060, #2073, .T. ) ;
#1988 = EDGE_CURVE ( 'NONE', #396, #930, #63, .T. ) ;
#1989 = CARTESIAN_POINT ( 'NONE',  ( 18.59999999999999787, 0.000000000000000000, 0.1499999999999999944 ) ) ;
#1990 = AXIS2_PLACEMENT_3D ( 'NONE', #1530, #2206, #676 ) ;
#1991 = CARTESIAN_POINT ( 'NONE',  ( 23.59999999999999432, 0.000000000000000000, 0.000000000000000000 ) ) ;
#1992 = DIRECTION ( 'NONE',  ( 0.000000000000000000, 0.000000000000000000, -1.000000000000000000 ) ) ;
#1993 = AXIS2_PLACEMENT_3D ( 'NONE', #1971, #393, #1779 ) ;
#1994 = CARTESIAN_POINT ( 'NONE',  ( 41.60000000000000142, 9.000000000000000000, 0.000000000000000000 ) ) ;
#1995 = PRODUCT_RELATED_PRODUCT_CATEGORY ( 'part', '', ( #497 ) ) ;
#1996 = ORIENTED_EDGE ( 'NONE', *, *, #1004, .F. ) ;
#1997 = AXIS2_PLACEMENT_3D ( 'NONE', #674, #1693, #518 ) ;
#1998 = PRESENTATION_STYLE_ASSIGNMENT (( #998 ) ) ;
#1999 = DIRECTION ( 'NONE',  ( 0.000000000000000000, 0.000000000000000000, 1.000000000000000000 ) ) ;
#2000 = CARTESIAN_POINT ( 'NONE',  ( 22.59999999999999432, 2.606424087848269178, -8.614322577793585012 ) ) ;
#2001 = EDGE_CURVE ( 'NONE', #245, #1607, #1096, .T. ) ;
#2002 = LINE ( 'NONE', #2201, #2060 ) ;
#2003 = CARTESIAN_POINT ( 'NONE',  ( 37.59999999999999432, -4.365952903884278591, -5.321604448520052877 ) ) ;
#2004 = ORIENTED_EDGE ( 'NONE', *, *, #1688, .F. ) ;
#2005 = CARTESIAN_POINT ( 'NONE',  ( 26.59999999999999787, 0.000000000000000000, 0.000000000000000000 ) ) ;
#2006 = CARTESIAN_POINT ( 'NONE',  ( 30.59999999999999432, 0.000000000000000000, 0.000000000000000000 ) ) ;
#2007 = CARTESIAN_POINT ( 'NONE',  ( 34.60000000000000142, 0.000000000000000000, 0.000000000000000000 ) ) ;
#2008 = ORIENTED_EDGE ( 'NONE', *, *, #1294, .T. ) ;
#2009 = ADVANCED_FACE ( 'NONE', ( #207 ), #218, .T. ) ;
#2010 = CARTESIAN_POINT ( 'NONE',  ( 32.59999999999999432, -2.762069023147042390, -6.931785952275175688 ) ) ;
#2011 = DIRECTION ( 'NONE',  ( 0.000000000000000000, 0.000000000000000000, -1.000000000000000000 ) ) ;
#2012 = EDGE_CURVE ( 'NONE', #1084, #1607, #1934, .T. ) ;
#2013 = CYLINDRICAL_SURFACE ( 'NONE', #1021, 9.000000000000000000 ) ;
#2014 = ORIENTED_EDGE ( 'NONE', *, *, #1820, .F. ) ;
#2015 = CARTESIAN_POINT ( 'NONE',  ( 24.59999999999999787, 0.000000000000000000, 0.000000000000000000 ) ) ;
#2016 = CARTESIAN_POINT ( 'NONE',  ( 22.59999999999999432, 0.000000000000000000, 0.000000000000000000 ) ) ;
#2017 = LINE ( 'NONE', #830, #1318 ) ;
#2018 = FACE_OUTER_BOUND ( 'NONE', #2140, .T. ) ;
#2019 = ORIENTED_EDGE ( 'NONE', *, *, #276, .F. ) ;
#2020 = CIRCLE ( 'NONE', #16, 7.000000000000000888 ) ;
#2021 = AXIS2_PLACEMENT_3D ( 'NONE', #293, #1329, #1866 ) ;
#2022 = AXIS2_PLACEMENT_3D ( 'NONE', #868, #1877, #1736 ) ;
#2023 = AXIS2_PLACEMENT_3D ( 'NONE', #454, #1107, #1129 ) ;
#2024 = DIRECTION ( 'NONE',  ( -1.000000000000000000, -0.000000000000000000, -0.000000000000000000 ) ) ;
#2025 = VECTOR ( 'NONE', #1018, 1000.000000000000000 ) ;
#2026 = CARTESIAN_POINT ( 'NONE',  ( 35.60000000000000142, 0.000000000000000000, 0.000000000000000000 ) ) ;
#2027 = LINE ( 'NONE', #2040, #118 ) ;
#2028 = VECTOR ( 'NONE', #1511, 1000.000000000000000 ) ;
#2029 = EDGE_LOOP ( 'NONE', ( #873, #32, #1512, #1254 ) ) ;
#2030 = CARTESIAN_POINT ( 'NONE',  ( 19.59999999999999787, 1.158410705710341659, -3.828587812352703956 ) ) ;
#2031 = DIRECTION ( 'NONE',  ( 1.000000000000000000, 0.000000000000000000, 0.000000000000000000 ) ) ;
#2032 = CIRCLE ( 'NONE', #275, 9.000000000000000000 ) ;
#2033 = ADVANCED_FACE ( 'NONE', ( #739 ), #1075, .T. ) ;
#2034 = VERTEX_POINT ( 'NONE', #1585 ) ;
#2035 = CIRCLE ( 'NONE', #670, 7.000000000000000888 ) ;
#2036 = CARTESIAN_POINT ( 'NONE',  ( 41.60000000000000142, 0.000000000000000000, 0.000000000000000000 ) ) ;
#2037 = DIRECTION ( 'NONE',  ( 0.000000000000000000, -1.000000000000000000, 0.000000000000000000 ) ) ;
#2038 = EDGE_CURVE ( 'NONE', #2169, #537, #1286, .T. ) ;
#2039 = DIRECTION ( 'NONE',  ( 0.000000000000000000, 0.000000000000000000, -1.000000000000000000 ) ) ;
#2040 = CARTESIAN_POINT ( 'NONE',  ( 36.59999999999999432, -2.762069023147042390, -6.931785952275175688 ) ) ;
#2041 = EDGE_CURVE ( 'NONE', #608, #155, #2035, .T. ) ;
#2042 = DIRECTION ( 'NONE',  ( 1.000000000000000000, 0.000000000000000000, 0.000000000000000000 ) ) ;
#2043 = CARTESIAN_POINT ( 'NONE',  ( 32.59999999999999432, -10.60302848086181804, -13.13818223212012626 ) ) ;
#2044 = FACE_OUTER_BOUND ( 'NONE', #1063, .T. ) ;
#2045 = CARTESIAN_POINT ( 'NONE',  ( 39.59999999999999432, -4.365952903884278591, -5.321604448520052877 ) ) ;
#2046 = EDGE_LOOP ( 'NONE', ( #1427, #256, #1471, #600 ) ) ;
#2047 = ADVANCED_FACE ( 'NONE', ( #36 ), #725, .T. ) ;
#2048 = CYLINDRICAL_SURFACE ( 'NONE', #886, 10.00000000000000000 ) ;
#2049 = CARTESIAN_POINT ( 'NONE',  ( 19.59999999999999787, -4.365952903884278591, -5.321604448520052877 ) ) ;
#2050 = DIRECTION ( 'NONE',  ( -1.000000000000000000, -0.000000000000000000, -0.000000000000000000 ) ) ;
#2051 = DIRECTION ( 'NONE',  ( 1.000000000000000000, 0.000000000000000000, 0.000000000000000000 ) ) ;
#2052 = DIRECTION ( 'NONE',  ( 0.000000000000000000, -1.000000000000000000, 0.000000000000000000 ) ) ;
#2053 = VERTEX_POINT ( 'NONE', #1792 ) ;
#2054 = DIRECTION ( 'NONE',  ( 1.000000000000000000, 0.000000000000000000, 0.000000000000000000 ) ) ;
#2055 = DIRECTION ( 'NONE',  ( 0.000000000000000000, 0.000000000000000000, -1.000000000000000000 ) ) ;
#2056 = EDGE_CURVE ( 'NONE', #901, #1506, #258, .T. ) ;
#2057 = ORIENTED_EDGE ( 'NONE', *, *, #2121, .F. ) ;
#2058 = DIRECTION ( 'NONE',  ( -1.000000000000000000, -0.000000000000000000, -0.000000000000000000 ) ) ;
#2059 = AXIS2_PLACEMENT_3D ( 'NONE', #491, #1669, #1703 ) ;
#2060 = VECTOR ( 'NONE', #622, 1000.000000000000000 ) ;
#2061 = CYLINDRICAL_SURFACE ( 'NONE', #424, 9.000000000000000000 ) ;
#2062 = CIRCLE ( 'NONE', #1307, 10.00000000000000178 ) ;
#2063 = CIRCLE ( 'NONE', #123, 5.000000000000000888 ) ;
#2064 = EDGE_CURVE ( 'NONE', #614, #1314, #964, .T. ) ;
#2065 = CARTESIAN_POINT ( 'NONE',  ( 36.59999999999999432, -2.762069023147044167, -6.931785952275177465 ) ) ;
#2066 = DIRECTION ( 'NONE',  ( 0.000000000000000000, 0.000000000000000000, -1.000000000000000000 ) ) ;
#2067 = CARTESIAN_POINT ( 'NONE',  ( 22.59999999999999432, 0.000000000000000000, 0.000000000000000000 ) ) ;
#2068 = ORIENTED_EDGE ( 'NONE', *, *, #1655, .T. ) ;
#2069 = CARTESIAN_POINT ( 'NONE',  ( 41.60000000000000142, 1.158410705710341659, -3.828587812352703956 ) ) ;
#2070 = DIRECTION ( 'NONE',  ( 0.000000000000000000, 0.000000000000000000, -1.000000000000000000 ) ) ;
#2071 = VECTOR ( 'NONE', #253, 1000.000000000000000 ) ;
#2072 = EDGE_LOOP ( 'NONE', ( #2094, #1795, #1263, #1300 ) ) ;
#2073 = CIRCLE ( 'NONE', #1025, 10.00000000000000178 ) ;
#2074 = DIRECTION ( 'NONE',  ( 1.000000000000000000, 0.000000000000000000, 0.000000000000000000 ) ) ;
#2075 = ORIENTED_EDGE ( 'NONE', *, *, #1422, .F. ) ;
#2076 = DIRECTION ( 'NONE',  ( 1.000000000000000000, 0.000000000000000000, 0.000000000000000000 ) ) ;
#2077 = AXIS2_PLACEMENT_3D ( 'NONE', #1834, #997, #135 ) ;
#2078 = PLANE ( 'NONE',  #521 ) ;
#2079 = FACE_OUTER_BOUND ( 'NONE', #111, .T. ) ;
#2080 = ORIENTED_EDGE ( 'NONE', *, *, #2158, .F. ) ;
#2081 = EDGE_CURVE ( 'NONE', #1662, #715, #631, .T. ) ;
#2082 = ORIENTED_EDGE ( 'NONE', *, *, #863, .T. ) ;
#2083 = CARTESIAN_POINT ( 'NONE',  ( 22.59999999999999432, 9.000000000000000000, 0.000000000000000000 ) ) ;
#2084 = ORIENTED_EDGE ( 'NONE', *, *, #1118, .T. ) ;
#2085 = CARTESIAN_POINT ( 'NONE',  ( 23.59999999999999432, 0.000000000000000000, 0.1499999999999999944 ) ) ;
#2086 = ORIENTED_EDGE ( 'NONE', *, *, #511, .T. ) ;
#2087 = FACE_OUTER_BOUND ( 'NONE', #1152, .T. ) ;
#2088 = DIRECTION ( 'NONE',  ( 0.000000000000000000, 0.000000000000000000, -1.000000000000000000 ) ) ;
#2089 = CARTESIAN_POINT ( 'NONE',  ( 40.59999999999999432, 0.000000000000000000, 0.000000000000000000 ) ) ;
#2090 = EDGE_CURVE ( 'NONE', #33, #1771, #1675, .T. ) ;
#2091 = ORIENTED_EDGE ( 'NONE', *, *, #1895, .T. ) ;
#2092 = CARTESIAN_POINT ( 'NONE',  ( 1.500000000000000000, -4.365952903884278591, -5.321604448520052877 ) ) ;
#2093 = EDGE_CURVE ( 'NONE', #1252, #1401, #1131, .T. ) ;
#2094 = ORIENTED_EDGE ( 'NONE', *, *, #774, .F. ) ;
#2095 = DIRECTION ( 'NONE',  ( 1.000000000000000000, 0.000000000000000000, 0.000000000000000000 ) ) ;
#2096 = ORIENTED_EDGE ( 'NONE', *, *, #1849, .F. ) ;
#2097 = LINE ( 'NONE', #1415, #1308 ) ;
#2098 = DIRECTION ( 'NONE',  ( 1.000000000000000000, 0.000000000000000000, 0.000000000000000000 ) ) ;
#2099 = ORIENTED_EDGE ( 'NONE', *, *, #498, .F. ) ;
#2100 = EDGE_CURVE ( 'NONE', #306, #570, #83, .T. ) ;
#2101 = CARTESIAN_POINT ( 'NONE',  ( 38.59999999999999432, -2.762069023147044167, -6.931785952275177465 ) ) ;
#2102 = ORIENTED_EDGE ( 'NONE', *, *, #610, .F. ) ;
#2103 = AXIS2_PLACEMENT_3D ( 'NONE', #1519, #1672, #1846 ) ;
#2104 = CARTESIAN_POINT ( 'NONE',  ( 24.59999999999999787, 1.158410705710341659, -3.828587812352703956 ) ) ;
#2105 = ORIENTED_EDGE ( 'NONE', *, *, #1327, .F. ) ;
#2106 = ADVANCED_FACE ( 'NONE', ( #270 ), #282, .T. ) ;
#2107 = DIRECTION ( 'NONE',  ( 1.000000000000000000, 0.000000000000000000, 0.000000000000000000 ) ) ;
#2108 = ORIENTED_EDGE ( 'NONE', *, *, #1922, .F. ) ;
#2109 = CIRCLE ( 'NONE', #1993, 10.00000000000000178 ) ;
#2110 = AXIS2_PLACEMENT_3D ( 'NONE', #1355, #342, #1647 ) ;
#2111 = CIRCLE ( 'NONE', #1251, 5.000000000000000888 ) ;
#2112 = CARTESIAN_POINT ( 'NONE',  ( 35.60000000000000142, 1.158410705710341659, -3.828587812352703956 ) ) ;
#2113 = ORIENTED_EDGE ( 'NONE', *, *, #1649, .F. ) ;
#2114 = CARTESIAN_POINT ( 'NONE',  ( 27.59999999999999787, 6.998392672607048226, -2.710505431213761085E-17 ) ) ;
#2115 = ORIENTED_EDGE ( 'NONE', *, *, #138, .T. ) ;
#2116 = FACE_OUTER_BOUND ( 'NONE', #952, .T. ) ;
#2117 = VERTEX_POINT ( 'NONE', #1956 ) ;
#2118 = ADVANCED_FACE ( 'NONE', ( #433 ), #1458, .T. ) ;
#2119 = DIRECTION ( 'NONE',  ( 1.000000000000000000, 0.000000000000000000, 0.000000000000000000 ) ) ;
#2120 = VERTEX_POINT ( 'NONE', #1644 ) ;
#2121 = EDGE_CURVE ( 'NONE', #1093, #55, #1109, .T. ) ;
#2122 = CARTESIAN_POINT ( 'NONE',  ( 38.59999999999999432, -4.365952903884279479, -5.321604448520053765 ) ) ;
#2123 = ORIENTED_EDGE ( 'NONE', *, *, #2038, .F. ) ;
#2124 = CARTESIAN_POINT ( 'NONE',  ( 28.59999999999999787, 9.000000000000000000, 0.000000000000000000 ) ) ;
#2125 = ORIENTED_EDGE ( 'NONE', *, *, #1436, .T. ) ;
#2126 = DIRECTION ( 'NONE',  ( 1.000000000000000000, 0.000000000000000000, 0.000000000000000000 ) ) ;
#2127 = ORIENTED_EDGE ( 'NONE', *, *, #1826, .T. ) ;
#2128 = CARTESIAN_POINT ( 'NONE',  ( 20.59999999999999787, 0.000000000000000000, 0.000000000000000000 ) ) ;
#2129 = ORIENTED_EDGE ( 'NONE', *, *, #2001, .T. ) ;
#2130 = DIRECTION ( 'NONE',  ( 0.000000000000000000, 0.000000000000000000, -1.000000000000000000 ) ) ;
#2131 = ORIENTED_EDGE ( 'NONE', *, *, #2144, .F. ) ;
#2132 = ADVANCED_FACE ( 'NONE', ( #94 ), #788, .F. ) ;
#2133 = DIRECTION ( 'NONE',  ( 1.000000000000000000, 0.000000000000000000, 0.000000000000000000 ) ) ;
#2134 = ORIENTED_EDGE ( 'NONE', *, *, #1686, .T. ) ;
#2135 = CARTESIAN_POINT ( 'NONE',  ( 22.59999999999999432, 2.606424087848269178, -8.614322577793585012 ) ) ;
#2136 = CIRCLE ( 'NONE', #1089, 6.049999999999999822 ) ;
#2137 = CIRCLE ( 'NONE', #976, 9.000000000000000000 ) ;
#2138 = AXIS2_PLACEMENT_3D ( 'NONE', #139, #1328, #1134 ) ;
#2139 = CIRCLE ( 'NONE', #807, 5.000000000000000888 ) ;
#2140 = EDGE_LOOP ( 'NONE', ( #1128, #970, #2123, #1375 ) ) ;
#2141 = EDGE_CURVE ( 'NONE', #1234, #899, #2111, .T. ) ;
#2142 = CARTESIAN_POINT ( 'NONE',  ( 18.59999999999999787, 1.158410705710341659, -3.828587812352703956 ) ) ;
#2143 = CIRCLE ( 'NONE', #1599, 5.000000000000000888 ) ;
#2144 = EDGE_CURVE ( 'NONE', #618, #1093, #1876, .T. ) ;
#2145 = VECTOR ( 'NONE', #145, 1000.000000000000000 ) ;
#2146 = CARTESIAN_POINT ( 'NONE',  ( 33.60000000000000142, 0.000000000000000000, 0.000000000000000000 ) ) ;
#2147 = ORIENTED_EDGE ( 'NONE', *, *, #958, .F. ) ;
#2148 = AXIS2_PLACEMENT_3D ( 'NONE', #100, #329, #2159 ) ;
#2149 = CARTESIAN_POINT ( 'NONE',  ( 34.60000000000000142, -10.60302848086181804, -13.13818223212012626 ) ) ;
#2150 = AXIS2_PLACEMENT_3D ( 'NONE', #1479, #1653, #1707 ) ;
#2151 = VERTEX_POINT ( 'NONE', #2065 ) ;
#2152 = EDGE_CURVE ( 'NONE', #428, #663, #1211, .T. ) ;
#2153 = DIRECTION ( 'NONE',  ( -1.000000000000000000, -0.000000000000000000, -0.000000000000000000 ) ) ;
#2154 = ORIENTED_EDGE ( 'NONE', *, *, #797, .T. ) ;
#2155 = DIRECTION ( 'NONE',  ( -1.000000000000000000, -0.000000000000000000, -0.000000000000000000 ) ) ;
#2156 = CARTESIAN_POINT ( 'NONE',  ( 31.59999999999999787, 9.000000000000000000, 0.000000000000000000 ) ) ;
#2157 = EDGE_LOOP ( 'NONE', ( #1123, #132, #15, #429 ) ) ;
#2158 = EDGE_CURVE ( 'NONE', #1204, #1522, #894, .T. ) ;
#2159 = DIRECTION ( 'NONE',  ( 0.000000000000000000, 0.000000000000000000, -1.000000000000000000 ) ) ;
#2160 = VERTEX_POINT ( 'NONE', #1404 ) ;
#2161 = CARTESIAN_POINT ( 'NONE',  ( 40.59999999999999432, -10.60302848086181804, -13.13818223212012626 ) ) ;
#2162 = EDGE_LOOP ( 'NONE', ( #1090, #179, #758, #101, #62 ) ) ;
#2163 = EDGE_CURVE ( 'NONE', #1753, #108, #38, .T. ) ;
#2164 = ORIENTED_EDGE ( 'NONE', *, *, #304, .F. ) ;
#2165 = CARTESIAN_POINT ( 'NONE',  ( 27.59999999999999787, 0.000000000000000000, 0.1499999999999999944 ) ) ;
#2166 = FACE_OUTER_BOUND ( 'NONE', #1142, .T. ) ;
#2167 = CARTESIAN_POINT ( 'NONE',  ( 28.59999999999999787, -10.60302848086181804, -13.13818223212012626 ) ) ;
#2168 = DIRECTION ( 'NONE',  ( 1.000000000000000000, 0.000000000000000000, 0.000000000000000000 ) ) ;
#2169 = VERTEX_POINT ( 'NONE', #1182 ) ;
#2170 = DIRECTION ( 'NONE',  ( 0.000000000000000000, 0.000000000000000000, -1.000000000000000000 ) ) ;
#2171 = AXIS2_PLACEMENT_3D ( 'NONE', #466, #730, #1045 ) ;
#2172 = DIRECTION ( 'NONE',  ( -1.000000000000000000, -0.000000000000000000, -0.000000000000000000 ) ) ;
#2173 = ORIENTED_EDGE ( 'NONE', *, *, #78, .F. ) ;
#2174 = EDGE_CURVE ( 'NONE', #1067, #663, #1434, .T. ) ;
#2175 = VECTOR ( 'NONE', #6, 1000.000000000000000 ) ;
#2176 = LINE ( 'NONE', #1309, #1339 ) ;
#2177 = AXIS2_PLACEMENT_3D ( 'NONE', #1166, #305, #1351 ) ;
#2178 = LINE ( 'NONE', #637, #1604 ) ;
#2179 = CARTESIAN_POINT ( 'NONE',  ( 30.59999999999999432, 0.000000000000000000, 0.000000000000000000 ) ) ;
#2180 = CIRCLE ( 'NONE', #1430, 10.00000000000000178 ) ;
#2181 = FACE_OUTER_BOUND ( 'NONE', #1431, .T. ) ;
#2182 = AXIS2_PLACEMENT_3D ( 'NONE', #1305, #249, #1999 ) ;
#2183 = LINE ( 'NONE', #828, #1803 ) ;
#2184 = CARTESIAN_POINT ( 'NONE',  ( 30.59999999999999432, 2.606424087848269178, -8.614322577793585012 ) ) ;
#2185 = DIRECTION ( 'NONE',  ( 0.000000000000000000, 0.000000000000000000, -1.000000000000000000 ) ) ;
#2186 = ADVANCED_FACE ( 'NONE', ( #1577 ), #1163, .T. ) ;
#2187 = ORIENTED_EDGE ( 'NONE', *, *, #440, .F. ) ;
#2188 = EDGE_CURVE ( 'NONE', #2151, #88, #1715, .T. ) ;
#2189 = DIRECTION ( 'NONE',  ( 0.000000000000000000, 0.000000000000000000, -1.000000000000000000 ) ) ;
#2190 = LINE ( 'NONE', #1840, #839 ) ;
#2191 = CARTESIAN_POINT ( 'NONE',  ( 26.59999999999999787, 0.000000000000000000, 0.1499999999999999944 ) ) ;
#2192 = ORIENTED_EDGE ( 'NONE', *, *, #1849, .T. ) ;
#2193 = DIRECTION ( 'NONE',  ( 0.000000000000000000, 0.000000000000000000, -1.000000000000000000 ) ) ;
#2194 = DIRECTION ( 'NONE',  ( 0.000000000000000000, 0.000000000000000000, -1.000000000000000000 ) ) ;
#2195 = APPLICATION_PROTOCOL_DEFINITION ( 'draft international standard', 'automotive_design', 1998, #1296 ) ;
#2196 = DIRECTION ( 'NONE',  ( 0.000000000000000000, 0.000000000000000000, -1.000000000000000000 ) ) ;
#2197 = EDGE_LOOP ( 'NONE', ( #2187, #361, #529, #2102 ) ) ;
#2198 = EDGE_CURVE ( 'NONE', #1674, #1204, #991, .T. ) ;
#2199 = CARTESIAN_POINT ( 'NONE',  ( 1.500000000000000000, -4.365952903884278591, -5.321604448520052877 ) ) ;
#2200 = ADVANCED_BREP_SHAPE_REPRESENTATION ( 'MP-05971', ( #1619, #209 ), #955 ) ;
#2201 = CARTESIAN_POINT ( 'NONE',  ( 33.60000000000000142, 0.000000000000000000, 0.000000000000000000 ) ) ;
#2202 = DIRECTION ( 'NONE',  ( 1.000000000000000000, 0.000000000000000000, 0.000000000000000000 ) ) ;
#2203 = EDGE_CURVE ( 'NONE', #745, #1856, #1859, .T. ) ;
#2204 = DIRECTION ( 'NONE',  ( -1.000000000000000000, -0.000000000000000000, -0.000000000000000000 ) ) ;
#2205 = PLANE ( 'NONE',  #1344 ) ;
#2206 = DIRECTION ( 'NONE',  ( 1.000000000000000000, 0.000000000000000000, 0.000000000000000000 ) ) ;
#2207 = ORIENTED_EDGE ( 'NONE', *, *, #858, .T. ) ;
#2208 = AXIS2_PLACEMENT_3D ( 'NONE', #96, #1428, #1602 ) ;
#2209 = AXIS2_PLACEMENT_3D ( 'NONE', #785, #149, #1702 ) ;
#2210 = AXIS2_PLACEMENT_3D ( 'NONE', #1162, #1539, #1682 ) ;
#2211 = DIRECTION ( 'NONE',  ( 0.000000000000000000, 0.000000000000000000, 1.000000000000000000 ) ) ;
#2212 = CARTESIAN_POINT ( 'NONE',  ( 23.59999999999999432, -4.365952903884278591, -5.321604448520052877 ) ) ;
#2213 = CARTESIAN_POINT ( 'NONE',  ( 25.59999999999999787, 9.000000000000000000, 0.000000000000000000 ) ) ;
#2214 = VECTOR ( 'NONE', #1043, 1000.000000000000000 ) ;
#2215 = EDGE_CURVE ( 'NONE', #1784, #920, #1027, .T. ) ;
#2216 = ORIENTED_EDGE ( 'NONE', *, *, #675, .T. ) ;
#2217 = CARTESIAN_POINT ( 'NONE',  ( 1.500000000000000000, -4.365952903884278591, -5.321604448520052877 ) ) ;
#2218 = FACE_OUTER_BOUND ( 'NONE', #533, .T. ) ;
#2219 = DIRECTION ( 'NONE',  ( 0.000000000000000000, 0.000000000000000000, -1.000000000000000000 ) ) ;
#2220 = CIRCLE ( 'NONE', #1778, 7.000000000000000888 ) ;
#2221 = DIRECTION ( 'NONE',  ( 1.000000000000000000, 0.000000000000000000, 0.000000000000000000 ) ) ;
#2222 = ORIENTED_EDGE ( 'NONE', *, *, #2215, .T. ) ;
#2223 = DIRECTION ( 'NONE',  ( 1.000000000000000000, 0.000000000000000000, 0.000000000000000000 ) ) ;
#2224 = CARTESIAN_POINT ( 'NONE',  ( 1.500000000000000000, 0.000000000000000000, 0.1499999999999999944 ) ) ;
#2225 = CARTESIAN_POINT ( 'NONE',  ( 31.59999999999999787, 0.000000000000000000, 0.000000000000000000 ) ) ;
#2226 = EDGE_LOOP ( 'NONE', ( #1451, #238, #81, #339 ) ) ;
#2227 = DIRECTION ( 'NONE',  ( 0.000000000000000000, 0.000000000000000000, -1.000000000000000000 ) ) ;
#2228 = DIRECTION ( 'NONE',  ( 0.000000000000000000, 0.000000000000000000, -1.000000000000000000 ) ) ;
#2229 = CARTESIAN_POINT ( 'NONE',  ( 34.60000000000000142, 0.000000000000000000, 0.000000000000000000 ) ) ;
#2230 = EDGE_CURVE ( 'NONE', #106, #1788, #2017, .T. ) ;
#2231 = ADVANCED_FACE ( 'NONE', ( #2044 ), #1150, .F. ) ;
#2232 = ORIENTED_EDGE ( 'NONE', *, *, #165, .T. ) ;
#2233 = EDGE_CURVE ( 'NONE', #745, #1531, #1610, .T. ) ;
#2234 = DIRECTION ( 'NONE',  ( -1.000000000000000000, -0.000000000000000000, -0.000000000000000000 ) ) ;
ENDSEC;
END-ISO-10303-21;
